instance,method,seed_per_agent,feasible,objective_ratio,proposed_objective_ratio,max_violation,disclosed_constraints,rounds
0,static_1,1,False,,1.1456468321182312,0.1884771981750185,5,1
0,adaptive_1,1,True,1.0000000000000004,1.0000000000000004,3.3306690738754696e-16,20,4
0,static_2,2,False,,1.374919869124766,0.34607239109766774,10,1
0,adaptive_2,2,True,0.9999999999999992,0.9999999999999992,5.551115123125783e-16,24,5
0,static_4,4,False,,1.2432103155963428,0.4671291371074945,20,1
0,adaptive_4,4,True,0.9999999999999999,0.9999999999999999,-1.1102230246251565e-16,34,4
0,static_8,8,False,,1.0552115325094176,0.11282498728011159,40,1
0,adaptive_8,8,True,0.9999999999999992,0.9999999999999992,5.551115123125783e-16,46,3
0,full_disclosure,18,True,1.0,1.0,5.551115123125783e-16,90,1
1,static_1,1,False,,1.7227975302135667,0.7078474723425972,5,1
1,adaptive_1,1,True,0.9999999999999994,0.9999999999999994,0.0,19,4
1,static_2,2,False,,1.2273385118260043,0.3715555422589947,10,1
1,adaptive_2,2,True,0.9999999999999997,0.9999999999999997,2.7755575615628914e-16,19,4
1,static_4,4,False,,1.2563710838282123,0.37581401715713214,20,1
1,adaptive_4,4,True,0.9999999999999994,0.9999999999999994,2.220446049250313e-16,34,4
1,static_8,8,False,,1.0823763848801558,0.13071839562961907,40,1
1,adaptive_8,8,True,0.9999999999999994,0.9999999999999994,2.220446049250313e-16,43,3
1,full_disclosure,18,True,1.0,1.0,6.661338147750939e-16,90,1
2,static_1,1,False,,1.600631683005898,0.8693129916795898,5,1
2,adaptive_1,1,True,1.0000000000000007,1.0000000000000007,6.661338147750939e-16,26,6
2,static_2,2,False,,1.2020001815125303,0.5700023455445874,10,1
2,adaptive_2,2,True,1.0000000000000002,1.0000000000000002,4.440892098500626e-16,26,6
2,static_4,4,False,,1.1077639305141898,0.21308174649006295,20,1
2,adaptive_4,4,True,1.0,1.0,3.3306690738754696e-16,32,6
2,static_8,8,False,,1.0193290282661125,0.03879924860687989,40,1
2,adaptive_8,8,True,1.0,1.0,2.220446049250313e-16,44,3
2,full_disclosure,18,True,1.0,1.0,6.661338147750939e-16,90,1
3,static_1,1,False,,1.6761094766615918,0.7885172049530426,5,1
3,adaptive_1,1,True,1.0000000000000007,1.0000000000000007,4.996003610813204e-16,25,6
3,static_2,2,False,,1.2054018816942325,0.3000458789268121,10,1
3,adaptive_2,2,True,1.0000000000000004,1.0000000000000004,3.3306690738754696e-16,30,6
3,static_4,4,False,,1.136398858763,0.18704504425943314,20,1
3,adaptive_4,4,True,1.0000000000000007,1.0000000000000007,7.771561172376096e-16,35,5
3,static_8,8,False,,1.0146006839799504,0.06696160700007658,40,1
3,adaptive_8,8,True,1.0000000000000007,1.0000000000000007,1.7763568394002505e-15,43,2
3,full_disclosure,18,True,1.0,1.0,2.7755575615628914e-16,90,1
4,static_1,1,False,,1.2678326086600888,0.40893826706613146,5,1
4,adaptive_1,1,True,0.9999999999999998,0.9999999999999998,2.220446049250313e-16,23,6
4,static_2,2,False,,1.249913493921564,0.2797395952667572,10,1
4,adaptive_2,2,True,0.9999999999999997,0.9999999999999997,1.1102230246251565e-16,26,5
4,static_4,4,False,,1.0235802007477506,0.03335619219748065,20,1
4,adaptive_4,4,True,0.9999999999999997,0.9999999999999997,3.3306690738754696e-16,27,3
4,static_8,8,False,,1.0339260268888295,0.06650060149362158,40,1
4,adaptive_8,8,True,1.0000000000000004,1.0000000000000004,1.1102230246251565e-15,49,4
4,full_disclosure,18,True,1.0,1.0,3.552713678800501e-15,90,1
5,static_1,1,False,,1.6526336075201384,0.8654764969597046,5,1
5,adaptive_1,1,True,0.9999999999999998,0.9999999999999998,1.1102230246251565e-16,27,6
5,static_2,2,False,,1.2927959895119425,0.42805781105705887,10,1
5,adaptive_2,2,True,0.9999999999999996,0.9999999999999996,-1.1102230246251565e-16,21,4
5,static_4,4,False,,1.2749313139682763,0.4148869228747526,20,1
5,adaptive_4,4,True,0.9999999999999994,0.9999999999999994,2.220446049250313e-16,32,4
5,static_8,8,False,,1.070196015628593,0.13427229490473946,40,1
5,adaptive_8,8,True,1.0000000000000002,1.0000000000000002,2.220446049250313e-16,45,3
5,full_disclosure,18,True,1.0,1.0,8.881784197001252e-16,90,1
6,static_1,1,False,,1.511447558611056,0.4952330258018779,5,1
6,adaptive_1,1,True,0.9999999999999998,0.9999999999999998,2.220446049250313e-16,16,4
6,static_2,2,False,,1.2159565864556114,0.4403713938729952,10,1
6,adaptive_2,2,True,0.9999999999999997,0.9999999999999997,1.887379141862766e-15,28,6
6,static_4,4,False,,1.1739542186316465,0.4796534413826721,20,1
6,adaptive_4,4,True,0.9999999999999997,0.9999999999999997,4.996003610813204e-16,34,5
6,static_8,8,False,,1.0387632678502534,0.08308198689296853,40,1
6,adaptive_8,8,True,0.9999999999999998,0.9999999999999998,2.220446049250313e-16,43,3
6,full_disclosure,18,True,1.0,1.0,3.3306690738754696e-16,90,1
7,static_1,1,False,,1.246182546813283,0.5278865676666163,5,1
7,adaptive_1,1,True,1.0000000000000004,1.0000000000000004,2.220446049250313e-16,20,5
7,static_2,2,False,,1.684326466494112,0.5419402714877715,10,1
7,adaptive_2,2,True,0.9999999999999994,0.9999999999999994,4.440892098500626e-16,30,7
7,static_4,4,False,,1.0451150867659742,0.23353724152958966,20,1
7,adaptive_4,4,True,1.0000000000000002,1.0000000000000002,4.440892098500626e-16,32,4
7,static_8,8,False,,1.1389573726882334,0.14372253698282156,40,1
7,adaptive_8,8,True,1.0,1.0,2.220446049250313e-16,44,3
7,full_disclosure,18,True,1.0,1.0,2.7755575615628914e-16,90,1
8,static_1,1,False,,1.446719880022996,0.6797303832088261,5,1
8,adaptive_1,1,True,1.0000000000000004,1.0000000000000004,6.661338147750939e-16,22,5
8,static_2,2,False,,1.04781773965056,0.2112785535099786,10,1
8,adaptive_2,2,True,1.0000000000000002,1.0000000000000002,5.551115123125783e-16,20,5
8,static_4,4,False,,1.2762015433990468,0.5296194424511037,20,1
8,adaptive_4,4,True,1.0,1.0,1.1102230246251565e-16,33,5
8,static_8,8,False,,1.010986155684955,0.08473929338741171,40,1
8,adaptive_8,8,True,1.0000000000000002,1.0000000000000002,1.1102230246251565e-16,43,2
8,full_disclosure,18,True,1.0,1.0,1.1102230246251565e-16,90,1
9,static_1,1,False,,1.851507643044309,0.7450223319015137,5,1
9,adaptive_1,1,True,1.000000000000001,1.000000000000001,1.1102230246251565e-16,25,6
9,static_2,2,False,,1.4257327409088445,0.5890363967494304,10,1
9,adaptive_2,2,True,1.0000000000000002,1.0000000000000002,1.1102230246251565e-16,27,6
9,static_4,4,False,,1.201567225095123,0.18716694871859463,20,1
9,adaptive_4,4,True,1.0000000000000018,1.0000000000000018,9.992007221626409e-16,34,5
9,static_8,8,False,,1.1362111992689379,0.15567937810306076,40,1
9,adaptive_8,8,True,1.0000000000000013,1.0000000000000013,3.3306690738754696e-16,46,4
9,full_disclosure,18,True,1.0,1.0,0.0,90,1
10,static_1,1,False,,1.4849725833232696,0.8345872947085371,5,1
10,adaptive_1,1,True,0.9999999999999992,0.9999999999999992,3.3306690738754696e-16,20,4
10,static_2,2,False,,1.4474008658410185,0.8216253296035807,10,1
10,adaptive_2,2,True,0.9999999999999994,0.9999999999999994,3.3306690738754696e-16,29,6
10,static_4,4,False,,1.123610626576098,0.3663676274609938,20,1
10,adaptive_4,4,True,0.9999999999999984,0.9999999999999984,3.3306690738754696e-16,35,5
10,static_8,8,False,,1.0720669604325135,0.1463264747468601,40,1
10,adaptive_8,8,True,0.9999999999999988,0.9999999999999988,1.1102230246251565e-16,46,3
10,full_disclosure,18,True,1.0,1.0,1.021405182655144e-14,90,1
11,static_1,1,False,,1.7695938204629966,0.6135902165200838,5,1
11,adaptive_1,1,True,1.0000000000000007,1.0000000000000007,1.6653345369377348e-16,17,4
11,static_2,2,False,,1.3813571523199664,0.32169354985364007,10,1
11,adaptive_2,2,True,1.0000000000000009,1.0000000000000009,7.771561172376096e-16,20,3
11,static_4,4,False,,1.3148669662105725,0.32706514623974403,20,1
11,adaptive_4,4,True,0.9999999999999993,0.9999999999999993,0.0,28,3
11,static_8,8,False,,1.0267271087926988,0.05204422328005598,40,1
11,adaptive_8,8,True,1.0000000000000004,1.0000000000000004,5.551115123125783e-17,43,2
11,full_disclosure,18,True,1.0,1.0,1.1102230246251565e-16,90,1
12,static_1,1,False,,1.578572088951742,1.0894211723107232,5,1
12,adaptive_1,1,True,1.0000000000000002,1.0000000000000002,2.220446049250313e-16,21,5
12,static_2,2,False,,1.3881701958468862,0.5127664050792085,10,1
12,adaptive_2,2,True,0.9999999999999999,0.9999999999999999,2.220446049250313e-16,26,5
12,static_4,4,False,,1.2415188885940194,0.29640676155062173,20,1
12,adaptive_4,4,True,1.0000000000000002,1.0000000000000002,4.440892098500626e-16,37,5
12,static_8,8,False,,1.0388153516592447,0.09330027164237314,40,1
12,adaptive_8,8,True,1.0,1.0,6.661338147750939e-16,48,3
12,full_disclosure,18,True,1.0,1.0,3.3306690738754696e-16,90,1
13,static_1,1,False,,1.1777748405837396,0.6781529370416645,5,1
13,adaptive_1,1,True,1.0,1.0,2.220446049250313e-16,19,6
13,static_2,2,False,,1.3036193987745517,0.3307901977153175,10,1
13,adaptive_2,2,True,0.9999999999999996,0.9999999999999996,0.0,21,5
13,static_4,4,False,,1.161567658772322,0.23916460584685573,20,1
13,adaptive_4,4,True,0.9999999999999997,0.9999999999999997,0.0,30,4
13,static_8,8,False,,1.0616101996218794,0.18598773190456486,40,1
13,adaptive_8,8,True,0.9999999999999999,0.9999999999999999,5.551115123125783e-16,46,4
13,full_disclosure,18,True,1.0,1.0,9.992007221626409e-16,90,1
14,static_1,1,False,,1.5536639042449993,0.6363690512446643,5,1
14,adaptive_1,1,True,1.0,1.0,3.885780586188048e-15,30,7
14,static_2,2,False,,1.3921603159341076,0.4902661101671347,10,1
14,adaptive_2,2,True,0.9999999999999993,0.9999999999999993,7.549516567451064e-15,32,7
14,static_4,4,False,,1.1572054153425868,0.22014721940656545,20,1
14,adaptive_4,4,True,0.9999999999999997,0.9999999999999997,4.440892098500626e-16,35,5
14,static_8,8,False,,1.0373739197744007,0.15009531710802926,40,1
14,adaptive_8,8,True,0.9999999999999999,0.9999999999999999,5.551115123125783e-16,51,5
14,full_disclosure,18,True,1.0,1.0,1.7763568394002505e-15,90,1
15,static_1,1,False,,1.6778336417457715,1.048536360484217,5,1
15,adaptive_1,1,True,1.0,1.0,3.3306690738754696e-16,31,8
15,static_2,2,False,,1.1484376678487023,0.3059469030500499,10,1
15,adaptive_2,2,True,1.0,1.0,1.1102230246251565e-16,21,4
15,static_4,4,False,,1.2292613119093982,0.21430072637164,20,1
15,adaptive_4,4,True,1.0000000000000004,1.0000000000000004,3.3306690738754696e-16,29,4
15,static_8,8,False,,1.1204429594120737,0.14812536903821938,40,1
15,adaptive_8,8,True,1.0,1.0,3.3306690738754696e-16,47,4
15,full_disclosure,18,True,1.0,1.0,5.551115123125783e-16,90,1
16,static_1,1,False,,1.5929434875011876,0.7072626947244024,5,1
16,adaptive_1,1,True,1.0,1.0,1.1102230246251565e-16,23,6
16,static_2,2,False,,1.3394632698484354,0.5674264821625076,10,1
16,adaptive_2,2,True,0.9999999999999993,0.9999999999999993,-1.1102230246251565e-16,25,5
16,static_4,4,False,,1.111014468420392,0.18350188109096244,20,1
16,adaptive_4,4,True,1.0000000000000002,1.0000000000000002,1.1102230246251565e-16,31,4
16,static_8,8,False,,1.0815658819571103,0.17222051482513756,40,1
16,adaptive_8,8,True,1.0,1.0,1.2212453270876722e-15,42,2
16,full_disclosure,18,True,1.0,1.0,6.661338147750939e-16,90,1
17,static_1,1,False,,1.3676245210541187,0.5587099836702745,5,1
17,adaptive_1,1,True,1.0,1.0,4.996003610813204e-16,16,4
17,static_2,2,False,,1.2096701877255451,0.3901963382481416,10,1
17,adaptive_2,2,True,1.0000000000000004,1.0000000000000004,4.440892098500626e-16,21,4
17,static_4,4,False,,1.2100571344721212,0.31334315859674655,20,1
17,adaptive_4,4,True,1.0000000000000004,1.0000000000000004,3.3306690738754696e-16,33,5
17,static_8,8,False,,1.0182881174707448,0.029845504913538212,40,1
17,adaptive_8,8,True,1.0000000000000013,1.0000000000000013,1.1102230246251565e-15,43,3
17,full_disclosure,18,True,1.0,1.0,0.0,90,1
18,static_1,1,False,,2.0093692386105286,0.9474712591044785,5,1
18,adaptive_1,1,True,0.9999999999999997,0.9999999999999997,2.220446049250313e-16,23,6
18,static_2,2,False,,1.1238533717582992,0.396041472340417,10,1
18,adaptive_2,2,True,0.9999999999999997,0.9999999999999997,2.220446049250313e-16,24,5
18,static_4,4,False,,1.1983618869432562,0.3226648901032958,20,1
18,adaptive_4,4,True,0.9999999999999999,0.9999999999999999,6.661338147750939e-16,30,3
18,static_8,8,False,,1.0279447127016146,0.04671011818933801,40,1
18,adaptive_8,8,True,0.9999999999999996,0.9999999999999996,0.0,43,2
18,full_disclosure,18,True,1.0,1.0,9.992007221626409e-16,90,1
19,static_1,1,False,,1.7638636065040652,0.6610683495623144,5,1
19,adaptive_1,1,True,1.0000000000000009,1.0000000000000009,4.440892098500626e-16,25,6
19,static_2,2,False,,1.3088278214847766,0.4471858737161545,10,1
19,adaptive_2,2,True,1.0000000000000004,1.0000000000000004,0.0,29,7
19,static_4,4,False,,1.0820093530123012,0.19662807632625268,20,1
19,adaptive_4,4,True,1.0000000000000009,1.0000000000000009,4.440892098500626e-16,27,3
19,static_8,8,False,,1.0591771017831815,0.07686191901255446,40,1
19,adaptive_8,8,True,1.0000000000000007,1.0000000000000007,6.106226635438361e-16,44,2
19,full_disclosure,18,True,1.0,1.0,4.440892098500626e-16,90,1
20,static_1,1,False,,1.46734860189576,0.734223407164332,5,1
20,adaptive_1,1,True,1.0000000000000002,1.0000000000000002,6.661338147750939e-16,30,8
20,static_2,2,False,,1.0624059126097467,0.16467878375205414,10,1
20,adaptive_2,2,True,1.0000000000000002,1.0000000000000002,1.1102230246251565e-16,27,6
20,static_4,4,False,,1.1278086888569923,0.21253387014446168,20,1
20,adaptive_4,4,True,0.9999999999999999,0.9999999999999999,2.220446049250313e-16,36,5
20,static_8,8,False,,1.0335325016017745,0.11433751300482431,40,1
20,adaptive_8,8,True,1.0,1.0,1.1102230246251565e-16,45,3
20,full_disclosure,18,True,1.0,1.0,7.771561172376096e-16,90,1
21,static_1,1,False,,1.505282146552132,0.662420336795124,5,1
21,adaptive_1,1,True,1.0,1.0,3.3306690738754696e-16,23,7
21,static_2,2,False,,1.3909162592395556,0.4192265050166524,10,1
21,adaptive_2,2,True,1.0000000000000002,1.0000000000000002,3.3306690738754696e-16,28,7
21,static_4,4,False,,1.224519096564119,0.30281892091837204,20,1
21,adaptive_4,4,True,1.0000000000000002,1.0000000000000002,4.440892098500626e-16,35,6
21,static_8,8,False,,1.0837154121575283,0.15677110908069808,40,1
21,adaptive_8,8,True,1.0,1.0,3.3306690738754696e-16,49,5
21,full_disclosure,18,True,1.0,1.0,2.220446049250313e-16,90,1
22,static_1,1,False,,1.42128600972958,0.7099370147582231,5,1
22,adaptive_1,1,True,1.0000000000000002,1.0000000000000002,2.220446049250313e-16,23,6
22,static_2,2,False,,1.202872172826454,0.39060878274865374,10,1
22,adaptive_2,2,True,1.0,1.0,3.885780586188048e-15,20,4
22,static_4,4,False,,1.0642483519698067,0.13154702493785153,20,1
22,adaptive_4,4,True,1.0,1.0,1.1102230246251565e-16,29,4
22,static_8,8,False,,1.0380781193005288,0.14398755088367032,40,1
22,adaptive_8,8,True,1.0000000000000002,1.0000000000000002,3.3306690738754696e-16,44,3
22,full_disclosure,18,True,1.0,1.0,2.220446049250313e-16,90,1
23,static_1,1,False,,1.6562252406349525,0.6378886223238753,5,1
23,adaptive_1,1,True,1.0000000000000004,1.0000000000000004,6.661338147750939e-16,22,5
23,static_2,2,False,,1.2283139069287428,0.29103987643167095,10,1
23,adaptive_2,2,True,1.0000000000000002,1.0000000000000002,3.3306690738754696e-16,24,4
23,static_4,4,False,,1.05127451812601,0.14960330930341914,20,1
23,adaptive_4,4,True,1.0000000000000002,1.0000000000000002,4.440892098500626e-16,30,3
23,static_8,8,False,,1.0392454941118945,0.11974664547570546,40,1
23,adaptive_8,8,True,1.0000000000000004,1.0000000000000004,1.5543122344752192e-15,43,2
23,full_disclosure,18,True,1.0,1.0,3.3306690738754696e-16,90,1
24,static_1,1,False,,1.901112052158075,0.6821948957080612,5,1
24,adaptive_1,1,True,1.0000000000000002,1.0000000000000002,1.1102230246251565e-16,21,5
24,static_2,2,False,,1.6505530125526409,0.6861011694727872,10,1
24,adaptive_2,2,True,1.0000000000000002,1.0000000000000002,1.1102230246251565e-16,27,5
24,static_4,4,False,,1.4348702978179615,0.4655317060535551,20,1
24,adaptive_4,4,True,1.0000000000000002,1.0000000000000002,1.1102230246251565e-16,29,3
24,static_8,8,False,,1.0608630256582205,0.07757361610591063,40,1
24,adaptive_8,8,True,1.0,1.0,2.220446049250313e-16,50,4
24,full_disclosure,18,True,1.0,1.0,2.220446049250313e-16,90,1
25,static_1,1,False,,1.3987004975372994,0.6879325900849441,5,1
25,adaptive_1,1,True,1.0,1.0,1.1102230246251565e-16,24,6
25,static_2,2,False,,1.3482023424036595,0.7090208961261807,10,1
25,adaptive_2,2,True,1.0,1.0,4.440892098500626e-16,28,6
25,static_4,4,False,,1.1512653944581608,0.2367919467178844,20,1
25,adaptive_4,4,True,0.9999999999999999,0.9999999999999999,2.220446049250313e-16,34,5
25,static_8,8,False,,1.0485360979736618,0.09995352847393624,40,1
25,adaptive_8,8,True,1.0,1.0,1.1102230246251565e-16,46,3
25,full_disclosure,18,True,1.0,1.0,1.1102230246251565e-16,90,1
26,static_1,1,False,,1.8323247878335007,0.7840770104567204,5,1
26,adaptive_1,1,True,1.0000000000000004,1.0000000000000004,3.3306690738754696e-16,26,6
26,static_2,2,False,,1.4170591800845385,0.5441200966351758,10,1
26,adaptive_2,2,True,1.0000000000000004,1.0000000000000004,2.7755575615628914e-16,27,5
26,static_4,4,False,,1.0966954947574243,0.14688386175311263,20,1
26,adaptive_4,4,True,1.0000000000000004,1.0000000000000004,3.3306690738754696e-16,27,4
26,static_8,8,False,,1.0529090768054359,0.0891258352697008,40,1
26,adaptive_8,8,True,1.0000000000000004,1.0000000000000004,1.6653345369377348e-16,44,2
26,full_disclosure,18,True,1.0,1.0,2.220446049250313e-16,90,1
27,static_1,1,False,,1.7528153760248084,0.677117294018026,5,1
27,adaptive_1,1,True,1.0000000000000004,1.0000000000000004,2.220446049250313e-16,23,5
27,static_2,2,False,,1.5217881775625022,0.483943324566807,10,1
27,adaptive_2,2,True,1.000000000000002,1.000000000000002,8.326672684688674e-16,19,3
27,static_4,4,False,,1.5031223430601053,0.6011500256958907,20,1
27,adaptive_4,4,True,1.0000000000000004,1.0000000000000004,0.0,31,6
27,static_8,8,False,,1.0102703829088375,0.11560909283155252,40,1
27,adaptive_8,8,True,1.000000000000001,1.000000000000001,6.661338147750939e-16,44,2
27,full_disclosure,18,True,1.0,1.0,1.1102230246251565e-16,90,1
28,static_1,1,False,,1.7326809260420153,0.7628959779807368,5,1
28,adaptive_1,1,True,1.0,1.0,1.1102230246251565e-16,23,6
28,static_2,2,False,,1.5420013089129656,0.6842627953509042,10,1
28,adaptive_2,2,True,1.0,1.0,3.1086244689504383e-15,23,6
28,static_4,4,False,,1.0707180725631356,0.16931765080468342,20,1
28,adaptive_4,4,True,1.0000000000000004,1.0000000000000004,4.440892098500626e-16,30,4
28,static_8,8,False,,1.0089504375656078,0.037199490977756655,40,1
28,adaptive_8,8,True,1.0,1.0,5.551115123125783e-16,45,3
28,full_disclosure,18,True,1.0,1.0,1.6653345369377348e-16,90,1
29,static_1,1,False,,1.6066886657623627,0.717977763244023,5,1
29,adaptive_1,1,True,0.9999999999999997,0.9999999999999997,0.0,25,5
29,static_2,2,False,,1.3575204264197316,0.4382639558864644,10,1
29,adaptive_2,2,True,0.9999999999999998,0.9999999999999998,1.1102230246251565e-16,25,4
29,static_4,4,False,,1.1908869486067128,0.23138618722909488,20,1
29,adaptive_4,4,True,1.0,1.0,2.220446049250313e-16,34,5
29,static_8,8,False,,1.085720728082972,0.20428387049432006,40,1
29,adaptive_8,8,True,1.0,1.0,3.3306690738754696e-16,47,3
29,full_disclosure,18,True,1.0,1.0,4.440892098500626e-16,90,1
30,static_1,1,False,,1.70603265343925,0.7064627489528432,5,1
30,adaptive_1,1,True,1.000000000000001,1.000000000000001,1.5543122344752192e-15,21,6
30,static_2,2,False,,1.3429253644569588,0.6187751585506426,10,1
30,adaptive_2,2,True,0.9999999999999997,0.9999999999999997,0.0,21,4
30,static_4,4,False,,1.0631268213423677,0.06218300915753805,20,1
30,adaptive_4,4,True,1.0000000000000002,1.0000000000000002,2.220446049250313e-16,25,2
30,static_8,8,False,,1.2588495646061133,0.4049582892305309,40,1
30,adaptive_8,8,True,1.0000000000000002,1.0000000000000002,2.220446049250313e-16,47,3
30,full_disclosure,18,True,1.0,1.0,2.220446049250313e-16,90,1
31,static_1,1,False,,1.2609339549851821,0.6187125834217418,5,1
31,adaptive_1,1,True,0.9999999999999996,0.9999999999999996,2.220446049250313e-16,19,5
31,static_2,2,False,,1.2220302348102714,0.267419839104719,10,1
31,adaptive_2,2,True,0.9999999999999997,0.9999999999999997,1.1102230246251565e-16,26,6
31,static_4,4,False,,1.2935841881374783,0.2732498746179868,20,1
31,adaptive_4,4,True,0.9999999999999996,0.9999999999999996,1.1102230246251565e-16,29,4
31,static_8,8,False,,1.06158185816072,0.11437609517563785,40,1
31,adaptive_8,8,True,0.9999999999999997,0.9999999999999997,2.220446049250313e-16,46,3
31,full_disclosure,18,True,1.0,1.0,4.440892098500626e-16,90,1
32,static_1,1,False,,1.760626179987433,0.7197159079638975,5,1
32,adaptive_1,1,True,0.9999999999999997,0.9999999999999997,1.1102230246251565e-16,21,5
32,static_2,2,False,,1.2131307197829344,0.46152306210475436,10,1
32,adaptive_2,2,True,1.0000000000000002,1.0000000000000002,2.220446049250313e-16,22,4
32,static_4,4,False,,1.1157401991500455,0.38270857226551264,20,1
32,adaptive_4,4,True,1.0000000000000002,1.0000000000000002,3.3306690738754696e-16,32,4
32,static_8,8,False,,1.0547079746508874,0.07407327239279071,40,1
32,adaptive_8,8,True,1.0000000000000004,1.0000000000000004,7.216449660063518e-16,46,4
32,full_disclosure,18,True,1.0,1.0,1.1102230246251565e-16,90,1
33,static_1,1,False,,1.5362681586703526,0.5280571882136216,5,1
33,adaptive_1,1,True,1.0,1.0,1.6653345369377348e-16,24,6
33,static_2,2,False,,1.283764750979132,0.5802041094230919,10,1
33,adaptive_2,2,True,0.9999999999999998,0.9999999999999998,2.220446049250313e-16,27,5
33,static_4,4,False,,1.2709366829871247,0.32323093885369925,20,1
33,adaptive_4,4,True,1.0,1.0,2.220446049250313e-16,36,5
33,static_8,8,False,,1.0892492675874612,0.15312251341877975,40,1
33,adaptive_8,8,True,1.0000000000000002,1.0000000000000002,9.992007221626409e-16,49,4
33,full_disclosure,18,True,1.0,1.0,3.3306690738754696e-16,90,1
34,static_1,1,False,,2.0250487035394404,0.5836840586190275,5,1
34,adaptive_1,1,True,1.0000000000000013,1.0000000000000013,4.107825191113079e-15,21,5
34,static_2,2,False,,2.0262426060349563,0.7588721666156577,10,1
34,adaptive_2,2,True,0.9999999999999991,0.9999999999999991,1.6653345369377348e-16,27,5
34,static_4,4,False,,1.074981063328802,0.12573164004789716,20,1
34,adaptive_4,4,True,0.9999999999999979,0.9999999999999979,-1.6653345369377348e-16,23,2
34,static_8,8,False,,1.154589461578264,0.14230968554564016,40,1
34,adaptive_8,8,True,0.9999999999999991,0.9999999999999991,2.220446049250313e-16,48,3
34,full_disclosure,18,True,1.0,1.0,7.771561172376096e-16,90,1
35,static_1,1,False,,2.1559566334179006,0.9191250543677659,5,1
35,adaptive_1,1,True,1.0,1.0,1.0547118733938987e-15,28,6
35,static_2,2,False,,1.265015670827929,0.4049119794807188,10,1
35,adaptive_2,2,True,1.0000000000000002,1.0000000000000002,3.885780586188048e-16,25,5
35,static_4,4,False,,1.5969477408915045,0.4764728746457415,20,1
35,adaptive_4,4,True,0.9999999999999998,0.9999999999999998,5.551115123125783e-16,39,6
35,static_8,8,False,,1.051906846978081,0.1319679074629418,40,1
35,adaptive_8,8,True,1.0,1.0,4.440892098500626e-16,47,3
35,full_disclosure,18,True,1.0,1.0,3.3306690738754696e-16,90,1
36,static_1,1,False,,1.3296425219589947,0.5147301405867513,5,1
36,adaptive_1,1,True,0.9999999999999997,0.9999999999999997,-5.551115123125783e-17,18,4
36,static_2,2,False,,1.3926576069853138,0.4244564918198289,10,1
36,adaptive_2,2,True,0.9999999999999997,0.9999999999999997,1.1102230246251565e-16,22,4
36,static_4,4,False,,1.047749404102976,0.10557080272935893,20,1
36,adaptive_4,4,True,0.9999999999999999,0.9999999999999999,0.0,25,3
36,static_8,8,False,,1.0805225609825297,0.09841853102660758,40,1
36,adaptive_8,8,True,0.9999999999999997,0.9999999999999997,5.551115123125783e-16,48,4
36,full_disclosure,18,True,1.0,1.0,4.996003610813204e-16,90,1
37,static_1,1,False,,1.615143091918887,0.8871904412771761,5,1
37,adaptive_1,1,True,0.9999999999999829,0.9999999999999829,3.3306690738754696e-16,24,6
37,static_2,2,False,,1.3438950263080294,0.44297615118351086,10,1
37,adaptive_2,2,True,0.999999999999983,0.999999999999983,4.440892098500626e-16,27,5
37,static_4,4,False,,1.346633261375808,0.3222008687557939,20,1
37,adaptive_4,4,True,0.999999999999982,0.999999999999982,0.0,34,6
37,static_8,8,False,,1.0727945853927503,0.1574641835720857,40,1
37,adaptive_8,8,True,0.9999999999999826,0.9999999999999826,1.1102230246251565e-16,47,3
37,full_disclosure,18,True,1.0,1.0,3.83026943495679e-14,90,1
38,static_1,1,False,,1.3828503121191575,0.5227695293766926,5,1
38,adaptive_1,1,True,0.9999999999999996,0.9999999999999996,2.220446049250313e-16,22,6
38,static_2,2,False,,1.3942088805274608,0.45093921521859925,10,1
38,adaptive_2,2,True,1.0,1.0,4.440892098500626e-16,25,6
38,static_4,4,False,,1.1538297122416452,0.2594873688147935,20,1
38,adaptive_4,4,True,0.9999999999999999,0.9999999999999999,2.220446049250313e-16,30,4
38,static_8,8,False,,1.0223677095903756,0.055291380051800676,40,1
38,adaptive_8,8,True,0.999999999999999,0.999999999999999,1.1102230246251565e-15,46,4
38,full_disclosure,18,True,1.0,1.0,5.551115123125783e-16,90,1
39,static_1,1,False,,1.679168881484882,0.617965054368567,5,1
39,adaptive_1,1,True,1.0000000000000002,1.0000000000000002,8.326672684688674e-16,24,6
39,static_2,2,False,,1.5697889353861867,0.6063026484653137,10,1
39,adaptive_2,2,True,1.0000000000000002,1.0000000000000002,3.885780586188048e-16,26,5
39,static_4,4,False,,1.057482181286519,0.19391308340458036,20,1
39,adaptive_4,4,True,0.9999999999999999,0.9999999999999999,9.992007221626409e-16,30,4
39,static_8,8,False,,1.0796364648572154,0.1365242319485278,40,1
39,adaptive_8,8,True,1.0000000000000002,1.0000000000000002,3.3306690738754696e-16,46,4
39,full_disclosure,18,True,1.0,1.0,3.3306690738754696e-16,90,1
40,static_1,1,False,,1.388726223537463,0.548846325363178,5,1
40,adaptive_1,1,True,1.0000000000000002,1.0000000000000002,1.1102230246251565e-16,17,5
40,static_2,2,False,,1.4163314498202721,0.4732657226795063,10,1
40,adaptive_2,2,True,1.0000000000000002,1.0000000000000002,5.551115123125783e-16,24,4
40,static_4,4,False,,1.0956184512619174,0.18966525555316482,20,1
40,adaptive_4,4,True,1.0,1.0,1.1102230246251565e-16,29,3
40,static_8,8,False,,1.0432659204351156,0.08722821632615119,40,1
40,adaptive_8,8,True,0.9999999999999997,0.9999999999999997,2.220446049250313e-16,47,3
40,full_disclosure,18,True,1.0,1.0,5.551115123125783e-16,90,1
41,static_1,1,False,,1.7071241512944757,0.8063585493795125,5,1
41,adaptive_1,1,True,0.9999999999999994,0.9999999999999994,3.3306690738754696e-16,26,7
41,static_2,2,False,,1.309438572746863,0.4086568701669798,10,1
41,adaptive_2,2,True,1.0,1.0,4.440892098500626e-16,34,8
41,static_4,4,False,,1.2084339205480574,0.6556832322056811,20,1
41,adaptive_4,4,True,0.9999999999999996,0.9999999999999996,0.0,34,5
41,static_8,8,False,,1.0924953485071596,0.12688322888476228,40,1
41,adaptive_8,8,True,0.9999999999999998,0.9999999999999998,2.220446049250313e-16,52,5
41,full_disclosure,18,True,1.0,1.0,8.326672684688674e-16,90,1
42,static_1,1,False,,1.1130963561858696,0.21068991707655904,5,1
42,adaptive_1,1,True,0.9999999999999992,0.9999999999999992,1.1102230246251565e-16,15,3
42,static_2,2,False,,1.570728310042607,0.49218407312960705,10,1
42,adaptive_2,2,True,0.9999999999999997,0.9999999999999997,1.1102230246251565e-16,26,5
42,static_4,4,False,,1.2894737117967885,0.30787419121287196,20,1
42,adaptive_4,4,True,0.9999999999999994,0.9999999999999994,1.6653345369377348e-16,30,4
42,static_8,8,False,,1.2225967941726277,0.27516142968983553,40,1
42,adaptive_8,8,True,0.9999999999999997,0.9999999999999997,1.6653345369377348e-16,49,4
42,full_disclosure,18,True,1.0,1.0,8.326672684688674e-16,90,1
43,static_1,1,False,,1.6877978499838626,0.832112368456996,5,1
43,adaptive_1,1,True,1.0000000000000002,1.0000000000000002,4.440892098500626e-16,22,6
43,static_2,2,False,,1.263761478524193,0.39099400471678336,10,1
43,adaptive_2,2,True,1.0000000000000004,1.0000000000000004,1.1102230246251565e-16,21,4
43,static_4,4,False,,1.343038353715392,0.3849272292385747,20,1
43,adaptive_4,4,True,1.0000000000000002,1.0000000000000002,3.3306690738754696e-16,33,5
43,static_8,8,False,,1.1125640406053208,0.17450565897561687,40,1
43,adaptive_8,8,True,1.0000000000000004,1.0000000000000004,6.661338147750939e-16,48,4
43,full_disclosure,18,True,1.0,1.0,2.220446049250313e-16,90,1
44,static_1,1,False,,1.761370334446286,0.662050090150381,5,1
44,adaptive_1,1,True,1.0,1.0,2.220446049250313e-16,21,6
44,static_2,2,False,,1.3701452560001497,0.44516690908655354,10,1
44,adaptive_2,2,True,1.0000000000000002,1.0000000000000002,2.220446049250313e-16,25,5
44,static_4,4,False,,1.1616737936956876,0.20786147087228324,20,1
44,adaptive_4,4,True,1.0,1.0,0.0,29,3
44,static_8,8,False,,1.0183053494594216,0.17228362280084575,40,1
44,adaptive_8,8,True,1.0,1.0,1.1102230246251565e-16,50,5
44,full_disclosure,18,True,1.0,1.0,2.220446049250313e-16,90,1
45,static_1,1,False,,1.323863590264139,0.452545590269956,5,1
45,adaptive_1,1,True,1.0000000000000002,1.0000000000000002,1.6653345369377348e-16,21,5
45,static_2,2,False,,1.2261676112849844,0.4540553129768993,10,1
45,adaptive_2,2,True,1.0000000000000002,1.0000000000000002,2.220446049250313e-16,21,4
45,static_4,4,False,,1.1683550564843717,0.45317341449481907,20,1
45,adaptive_4,4,True,0.9999999999999997,0.9999999999999997,1.6653345369377348e-16,30,4
45,static_8,8,False,,1.0554152874352756,0.10196549747683392,40,1
45,adaptive_8,8,True,1.0,1.0,3.3306690738754696e-16,43,2
45,full_disclosure,18,True,1.0,1.0,1.6653345369377348e-16,90,1
46,static_1,1,False,,1.4202945869405903,0.4954971254195023,5,1
46,adaptive_1,1,True,1.0000000000000002,1.0000000000000002,1.1102230246251565e-16,20,4
46,static_2,2,False,,1.2238054361030362,0.3994288273885491,10,1
46,adaptive_2,2,True,1.0000000000000002,1.0000000000000002,2.220446049250313e-16,22,4
46,static_4,4,False,,1.1936365834514047,0.2324037258910986,20,1
46,adaptive_4,4,True,1.0000000000000004,1.0000000000000004,1.1102230246251565e-16,25,3
46,static_8,8,False,,1.1509890562437322,0.18614342083624413,40,1
46,adaptive_8,8,True,0.9999999999999997,0.9999999999999997,8.881784197001252e-16,45,4
46,full_disclosure,18,True,1.0,1.0,5.551115123125783e-16,90,1
47,static_1,1,False,,1.8018016313654548,0.7613031264084141,5,1
47,adaptive_1,1,True,1.0000000000000004,1.0000000000000004,2.220446049250313e-16,24,5
47,static_2,2,False,,1.4322271212986708,0.5498141256294524,10,1
47,adaptive_2,2,True,1.0000000000000004,1.0000000000000004,8.881784197001252e-16,28,6
47,static_4,4,False,,1.3749584004601854,0.5298712564468611,20,1
47,adaptive_4,4,True,1.0000000000000004,1.0000000000000004,2.220446049250313e-16,32,4
47,static_8,8,False,,1.1028851174376786,0.1623254405892426,40,1
47,adaptive_8,8,True,1.0000000000000004,1.0000000000000004,5.551115123125783e-16,46,3
47,full_disclosure,18,True,1.0,1.0,2.220446049250313e-16,90,1
48,static_1,1,False,,1.3799962621321444,0.5184528829469297,5,1
48,adaptive_1,1,True,0.9999999999999997,0.9999999999999997,3.3306690738754696e-16,14,3
48,static_2,2,False,,1.15868377356145,0.16530347735841427,10,1
48,adaptive_2,2,True,0.9999999999999987,0.9999999999999987,0.0,18,3
48,static_4,4,False,,1.0296962717671494,0.0738625127265442,20,1
48,adaptive_4,4,True,1.0,1.0,2.220446049250313e-16,24,3
48,static_8,8,False,,1.0505401377901704,0.12501366091161425,40,1
48,adaptive_8,8,True,0.9999999999999997,0.9999999999999997,5.551115123125783e-17,44,3
48,full_disclosure,18,True,1.0,1.0,6.661338147750939e-16,90,1
49,static_1,1,False,,1.6220215892469263,0.7085698854224212,5,1
49,adaptive_1,1,True,1.0,1.0,4.440892098500626e-16,23,5
49,static_2,2,False,,1.3751362370877118,0.455395782995474,10,1
49,adaptive_2,2,True,0.9999999999999999,0.9999999999999999,2.220446049250313e-16,29,5
49,static_4,4,False,,1.2267172982314554,0.3185510760347544,20,1
49,adaptive_4,4,True,0.9999999999999999,0.9999999999999999,4.440892098500626e-16,35,6
49,static_8,8,False,,1.0810819614114873,0.09328196545824219,40,1
49,adaptive_8,8,True,1.0000000000000002,1.0000000000000002,1.9984014443252818e-15,49,5
49,full_disclosure,18,True,1.0,1.0,4.440892098500626e-16,90,1
50,static_1,1,False,,1.4961660336513576,0.751882134518978,5,1
50,adaptive_1,1,True,1.0000000000000002,1.0000000000000002,2.220446049250313e-16,24,6
50,static_2,2,False,,1.2318639992838412,0.44975203781845485,10,1
50,adaptive_2,2,True,1.0,1.0,1.6653345369377348e-16,23,5
50,static_4,4,False,,1.413464205152638,0.3121974831421833,20,1
50,adaptive_4,4,True,1.0,1.0,2.7755575615628914e-16,34,5
50,static_8,8,False,,1.1326516630254508,0.1871812500864769,40,1
50,adaptive_8,8,True,1.0000000000000002,1.0000000000000002,2.220446049250313e-16,49,3
50,full_disclosure,18,True,1.0,1.0,1.1102230246251565e-16,90,1
51,static_1,1,False,,1.6938748240019736,0.6919367474980691,5,1
51,adaptive_1,1,True,1.0000000000000009,1.0000000000000009,1.2212453270876722e-15,22,5
51,static_2,2,False,,1.4597249267410166,0.40957166350855834,10,1
51,adaptive_2,2,True,1.0,1.0,0.0,23,5
51,static_4,4,False,,1.3604378425366221,0.43056505738083,20,1
51,adaptive_4,4,True,1.0,1.0,7.771561172376096e-16,34,5
51,static_8,8,False,,1.0285699318560737,0.147721137251266,40,1
51,adaptive_8,8,True,1.0000000000000002,1.0000000000000002,3.3306690738754696e-16,41,2
51,full_disclosure,18,True,1.0,1.0,3.3306690738754696e-16,90,1
52,static_1,1,False,,1.3518341020106723,0.4834163109240783,5,1
52,adaptive_1,1,True,1.0,1.0,2.220446049250313e-16,19,4
52,static_2,2,False,,1.3569544767191104,0.5988996457906695,10,1
52,adaptive_2,2,True,1.0000000000000009,1.0000000000000009,2.1649348980190553e-15,23,4
52,static_4,4,False,,1.120436442073341,0.1820647088068129,20,1
52,adaptive_4,4,True,1.0000000000000002,1.0000000000000002,4.440892098500626e-16,29,3
52,static_8,8,False,,1.0498501681028394,0.11525901208897843,40,1
52,adaptive_8,8,True,1.0,1.0,5.551115123125783e-16,48,4
52,full_disclosure,18,True,1.0,1.0,2.220446049250313e-16,90,1
53,static_1,1,False,,1.453983090289506,0.5188823429596204,5,1
53,adaptive_1,1,True,1.0,1.0,1.1102230246251565e-16,23,5
53,static_2,2,False,,1.5146427294750147,0.6946102213356652,10,1
53,adaptive_2,2,True,1.0,1.0,5.551115123125783e-17,22,5
53,static_4,4,False,,1.270151938850653,0.30385768889525544,20,1
53,adaptive_4,4,True,1.0,1.0,2.220446049250313e-16,35,6
53,static_8,8,False,,1.1042259711111757,0.1967418642623927,40,1
53,adaptive_8,8,True,0.9999999999999998,0.9999999999999998,2.220446049250313e-16,50,4
53,full_disclosure,18,True,1.0,1.0,2.7755575615628914e-16,90,1
54,static_1,1,False,,1.6022695636330717,0.7661259988014713,5,1
54,adaptive_1,1,True,0.9999999999999994,0.9999999999999994,1.1102230246251565e-16,22,5
54,static_2,2,False,,1.2209573289452302,0.3276429395897711,10,1
54,adaptive_2,2,True,0.9999999999999993,0.9999999999999993,8.881784197001252e-16,21,4
54,static_4,4,False,,1.1285779200179789,0.1564097717728612,20,1
54,adaptive_4,4,True,0.9999999999999993,0.9999999999999993,5.551115123125783e-16,30,5
54,static_8,8,False,,1.1477855193491133,0.21304128387357701,40,1
54,adaptive_8,8,True,0.9999999999999996,0.9999999999999996,2.220446049250313e-16,54,4
54,full_disclosure,18,True,1.0,1.0,3.552713678800501e-15,90,1
55,static_1,1,False,,1.7828171735971035,0.5535660403809034,5,1
55,adaptive_1,1,True,1.0,1.0,3.3306690738754696e-16,25,6
55,static_2,2,False,,1.6004884528059191,0.4826491545975726,10,1
55,adaptive_2,2,True,0.9999999999999998,0.9999999999999998,1.6653345369377348e-16,23,4
55,static_4,4,False,,1.171802988952503,0.26980360656302893,20,1
55,adaptive_4,4,True,0.9999999999999998,0.9999999999999998,3.3306690738754696e-16,31,4
55,static_8,8,False,,1.0257461881101235,0.1279328956912983,40,1
55,adaptive_8,8,True,1.0,1.0,4.440892098500626e-16,44,2
55,full_disclosure,18,True,1.0,1.0,4.440892098500626e-16,90,1
56,static_1,1,False,,1.8716966311174799,0.6129337184303959,5,1
56,adaptive_1,1,True,1.0000000000000002,1.0000000000000002,4.440892098500626e-16,21,5
56,static_2,2,False,,1.2789351165295866,0.3419824773969181,10,1
56,adaptive_2,2,True,0.9999999999999994,0.9999999999999994,2.220446049250313e-16,25,6
56,static_4,4,False,,1.2843239869319694,0.26926713326725604,20,1
56,adaptive_4,4,True,0.9999999999999997,0.9999999999999997,2.220446049250313e-16,32,4
56,static_8,8,False,,1.0711840915730788,0.12870835122054203,40,1
56,adaptive_8,8,True,0.9999999999999993,0.9999999999999993,-1.1102230246251565e-16,48,4
56,full_disclosure,18,True,1.0,1.0,6.661338147750939e-16,90,1
57,static_1,1,False,,1.6616541639686437,0.6395793061530741,5,1
57,adaptive_1,1,True,1.0000000000000004,1.0000000000000004,4.440892098500626e-16,22,5
57,static_2,2,False,,1.3687673264153486,0.6092605202046926,10,1
57,adaptive_2,2,True,1.0000000000000004,1.0000000000000004,3.3306690738754696e-16,25,5
57,static_4,4,False,,1.1319638906295744,0.16479913028709836,20,1
57,adaptive_4,4,True,1.0,1.0,0.0,38,6
57,static_8,8,False,,1.0085762556951092,0.040416425988693994,40,1
57,adaptive_8,8,True,1.0000000000000002,1.0000000000000002,1.6653345369377348e-16,45,3
57,full_disclosure,18,True,1.0,1.0,1.1102230246251565e-16,90,1
58,static_1,1,False,,1.7323002478330831,0.5913133246790395,5,1
58,adaptive_1,1,True,1.0000000000000004,1.0000000000000004,4.440892098500626e-16,18,4
58,static_2,2,False,,1.2706077194957632,0.3078072359327926,10,1
58,adaptive_2,2,True,1.0,1.0,5.551115123125783e-16,23,4
58,static_4,4,False,,1.2508867001940775,0.35547358212415703,20,1
58,adaptive_4,4,True,1.0,1.0,1.1102230246251565e-16,30,4
58,static_8,8,False,,1.2171814521469837,0.2666573139254892,40,1
58,adaptive_8,8,True,0.9999999999999998,0.9999999999999998,2.55351295663786e-15,46,3
58,full_disclosure,18,True,1.0,1.0,1.1102230246251565e-16,90,1
59,static_1,1,False,,1.4937134265651486,0.6272599739352331,5,1
59,adaptive_1,1,True,1.0,1.0,1.1102230246251565e-16,26,6
59,static_2,2,False,,1.3513416978218373,0.4952546664257924,10,1
59,adaptive_2,2,True,1.0,1.0,3.3306690738754696e-16,23,4
59,static_4,4,False,,1.0303941618634787,0.23369674424282022,20,1
59,adaptive_4,4,True,1.0000000000000002,1.0000000000000002,1.1102230246251565e-16,31,4
59,static_8,8,False,,1.07493180232805,0.11855144433434367,40,1
59,adaptive_8,8,True,0.9999999999999994,0.9999999999999994,9.43689570931383e-16,48,3
59,full_disclosure,18,True,1.0,1.0,4.440892098500626e-16,90,1
60,static_1,1,False,,1.927733343117725,1.0144544580582484,5,1
60,adaptive_1,1,True,1.0,1.0,1.1102230246251565e-16,28,8
60,static_2,2,False,,1.3247749796931796,0.5052842931186516,10,1
60,adaptive_2,2,True,0.9999999999999999,0.9999999999999999,1.1102230246251565e-16,26,5
60,static_4,4,False,,1.2896312047096126,0.2851417982419844,20,1
60,adaptive_4,4,True,1.0000000000000002,1.0000000000000002,3.3306690738754696e-16,33,4
60,static_8,8,False,,1.1035209379140651,0.24619790633159855,40,1
60,adaptive_8,8,True,0.9999999999999999,0.9999999999999999,0.0,47,3
60,full_disclosure,18,True,1.0,1.0,2.220446049250313e-16,90,1
61,static_1,1,False,,1.3631672333650178,0.6274004285676311,5,1
61,adaptive_1,1,True,0.9999999999999993,0.9999999999999993,2.220446049250313e-16,24,6
61,static_2,2,False,,1.4898550844127247,0.517715889713402,10,1
61,adaptive_2,2,True,0.9999999999999993,0.9999999999999993,2.220446049250313e-16,28,5
61,static_4,4,False,,1.0748459705886684,0.2540691958506492,20,1
61,adaptive_4,4,True,0.9999999999999989,0.9999999999999989,1.1102230246251565e-16,30,3
61,static_8,8,False,,1.0620515866869524,0.1399799734146766,40,1
61,adaptive_8,8,True,0.9999999999999993,0.9999999999999993,1.1102230246251565e-16,45,2
61,full_disclosure,18,True,1.0,1.0,1.5543122344752192e-15,90,1
62,static_1,1,False,,1.4603429555005731,0.7827734654223443,5,1
62,adaptive_1,1,True,0.9999999999999968,0.9999999999999968,0.0,21,5
62,static_2,2,False,,1.3550751158836447,0.4017067670362432,10,1
62,adaptive_2,2,True,0.999999999999997,0.999999999999997,2.220446049250313e-16,21,4
62,static_4,4,False,,1.2147206283000702,0.2463717864646796,20,1
62,adaptive_4,4,True,0.9999999999999961,0.9999999999999961,-1.1102230246251565e-16,26,3
62,static_8,8,False,,1.0423521870756631,0.08885838737338281,40,1
62,adaptive_8,8,True,0.9999999999999968,0.9999999999999968,2.220446049250313e-16,44,3
62,full_disclosure,18,True,1.0,1.0,9.325873406851315e-15,90,1
63,static_1,1,False,,1.5484420013837232,0.7696491484565878,5,1
63,adaptive_1,1,True,0.9999999999999999,0.9999999999999999,1.4432899320127035e-15,25,6
63,static_2,2,False,,1.3180068824838995,0.34729962992221297,10,1
63,adaptive_2,2,True,1.0,1.0,3.3306690738754696e-16,28,6
63,static_4,4,False,,1.125509354654098,0.288464537399004,20,1
63,adaptive_4,4,True,0.9999999999999999,0.9999999999999999,3.3306690738754696e-16,31,4
63,static_8,8,False,,1.0451931918227657,0.18385228668512554,40,1
63,adaptive_8,8,True,0.9999999999999999,0.9999999999999999,6.661338147750939e-16,44,3
63,full_disclosure,18,True,1.0,1.0,1.5543122344752192e-15,90,1
64,static_1,1,False,,1.5866295126649992,0.8318385084058287,5,1
64,adaptive_1,1,True,1.0000000000000002,1.0000000000000002,4.440892098500626e-16,22,5
64,static_2,2,False,,1.2155741601524184,0.2706590317474079,10,1
64,adaptive_2,2,True,0.9999999999999997,0.9999999999999997,5.329070518200751e-15,25,5
64,static_4,4,False,,1.2471689574031617,0.29144753741446006,20,1
64,adaptive_4,4,True,1.0,1.0,1.1102230246251565e-16,32,5
64,static_8,8,False,,1.1022991435259786,0.3836525328710857,40,1
64,adaptive_8,8,True,0.9999999999999999,0.9999999999999999,5.551115123125783e-17,49,4
64,full_disclosure,18,True,1.0,1.0,9.992007221626409e-16,90,1
65,static_1,1,False,,1.4875719127303302,0.5007986019449671,5,1
65,adaptive_1,1,True,1.0,1.0,2.220446049250313e-16,19,4
65,static_2,2,False,,1.4813128841029444,0.507209266208144,10,1
65,adaptive_2,2,True,0.9999999999999991,0.9999999999999991,-5.551115123125783e-17,24,4
65,static_4,4,False,,1.0294368622845886,0.06617391319305688,20,1
65,adaptive_4,4,True,1.0,1.0,2.220446049250313e-16,25,3
65,static_8,8,False,,1.030904605606277,0.09496728560821316,40,1
65,adaptive_8,8,True,1.0,1.0,2.220446049250313e-16,43,2
65,full_disclosure,18,True,1.0,1.0,2.220446049250313e-16,90,1
66,static_1,1,False,,1.2230204565867724,0.3230805212741713,5,1
66,adaptive_1,1,True,1.0000000000000002,1.0000000000000002,5.551115123125783e-16,16,4
66,static_2,2,False,,1.361315611071401,0.6264588546263482,10,1
66,adaptive_2,2,True,0.9999999999999998,0.9999999999999998,4.440892098500626e-16,28,6
66,static_4,4,False,,1.187889215864408,0.29278931785404805,20,1
66,adaptive_4,4,True,0.9999999999999997,0.9999999999999997,3.885780586188048e-16,33,5
66,static_8,8,False,,1.0050819949841732,0.02208155522685562,40,1
66,adaptive_8,8,True,1.000000000000001,1.000000000000001,9.992007221626409e-16,42,3
66,full_disclosure,18,True,1.0,1.0,6.106226635438361e-16,90,1
67,static_1,1,False,,1.3408193534552706,0.4845192241351338,5,1
67,adaptive_1,1,True,1.0,1.0,4.440892098500626e-16,19,5
67,static_2,2,False,,1.1506898506795322,0.4545384416959479,10,1
67,adaptive_2,2,True,1.0000000000000002,1.0000000000000002,2.220446049250313e-16,28,5
67,static_4,4,False,,1.0546966647952152,0.1888764171877948,20,1
67,adaptive_4,4,True,0.9999999999999999,0.9999999999999999,0.0,26,3
67,static_8,8,False,,1.1030386817648434,0.2972735638860248,40,1
67,adaptive_8,8,True,1.0,1.0,3.3306690738754696e-16,48,5
67,full_disclosure,18,True,1.0,1.0,4.440892098500626e-16,90,1
68,static_1,1,False,,1.5675070362301027,0.8674698736597923,5,1
68,adaptive_1,1,True,0.9999999999999997,0.9999999999999997,0.0,22,6
68,static_2,2,False,,1.4059435610898932,0.4322000314889257,10,1
68,adaptive_2,2,True,1.0,1.0,4.440892098500626e-16,25,4
68,static_4,4,False,,1.1171565775076122,0.15796601711965175,20,1
68,adaptive_4,4,True,0.9999999999999997,0.9999999999999997,1.1102230246251565e-16,30,3
68,static_8,8,False,,1.0166067241437153,0.06701524760761979,40,1
68,adaptive_8,8,True,0.9999999999999997,0.9999999999999997,0.0,42,2
68,full_disclosure,18,True,1.0,1.0,2.7755575615628914e-16,90,1
69,static_1,1,False,,2.0191696368975367,0.8566435553170955,5,1
69,adaptive_1,1,True,0.9999999999999998,0.9999999999999998,2.220446049250313e-16,22,6
69,static_2,2,False,,1.2460416985694702,0.3773805353968005,10,1
69,adaptive_2,2,True,1.0000000000000002,1.0000000000000002,3.3306690738754696e-16,27,6
69,static_4,4,False,,1.1723185113876917,0.3169136341325709,20,1
69,adaptive_4,4,True,1.0000000000000018,1.0000000000000018,2.4980018054066022e-15,31,4
69,static_8,8,False,,1.1061590707139977,0.17248039409498817,40,1
69,adaptive_8,8,True,1.0,1.0,3.3306690738754696e-16,47,4
69,full_disclosure,18,True,1.0,1.0,1.942890293094024e-15,90,1
70,static_1,1,False,,1.4473397523141718,0.45294908752699364,5,1
70,adaptive_1,1,True,0.9999999999999996,0.9999999999999996,1.1102230246251565e-16,28,7
70,static_2,2,False,,1.3106460079235447,0.28420289371146723,10,1
70,adaptive_2,2,True,0.9999999999999993,0.9999999999999993,0.0,21,4
70,static_4,4,False,,1.1702284930308908,0.20363473123371417,20,1
70,adaptive_4,4,True,0.9999999999999998,0.9999999999999998,2.220446049250313e-16,31,4
70,static_8,8,False,,1.1435925818627621,0.15643019629619603,40,1
70,adaptive_8,8,True,0.9999999999999998,0.9999999999999998,3.3306690738754696e-16,46,4
70,full_disclosure,18,True,1.0,1.0,4.440892098500626e-16,90,1
71,static_1,1,False,,1.2901371269583763,0.3417202005658597,5,1
71,adaptive_1,1,True,0.9999999999999989,0.9999999999999989,2.6645352591003757e-15,23,6
71,static_2,2,False,,1.719626458498645,0.8771986920104422,10,1
71,adaptive_2,2,True,1.0,1.0,1.1102230246251565e-16,28,5
71,static_4,4,False,,1.1137110481019377,0.19371455050905984,20,1
71,adaptive_4,4,True,1.0000000000000002,1.0000000000000002,9.43689570931383e-16,33,5
71,static_8,8,False,,1.1078713687409965,0.17491225590522286,40,1
71,adaptive_8,8,True,1.0,1.0,5.551115123125783e-17,51,5
71,full_disclosure,18,True,1.0,1.0,2.220446049250313e-16,90,1
72,static_1,1,False,,1.465918156545902,0.6142674430155817,5,1
72,adaptive_1,1,True,1.0000000000000002,1.0000000000000002,1.1102230246251565e-16,25,6
72,static_2,2,False,,1.3626378688624785,0.8702777535509757,10,1
72,adaptive_2,2,True,0.9999999999999997,0.9999999999999997,4.440892098500626e-16,26,5
72,static_4,4,False,,1.0630948110934406,0.21553098586796887,20,1
72,adaptive_4,4,True,1.0,1.0,1.1102230246251565e-16,30,4
72,static_8,8,False,,1.1199629273170089,0.19162507773464343,40,1
72,adaptive_8,8,True,1.0,1.0,2.220446049250313e-16,47,4
72,full_disclosure,18,True,1.0,1.0,2.220446049250313e-16,90,1
73,static_1,1,False,,1.5828242226193139,0.42448026164964436,5,1
73,adaptive_1,1,True,1.0000000000000007,1.0000000000000007,9.992007221626409e-16,22,5
73,static_2,2,False,,1.6274870485300048,0.43648513462935706,10,1
73,adaptive_2,2,True,1.0,1.0,1.1102230246251565e-16,27,5
73,static_4,4,False,,1.1268395704596808,0.14846187997836102,20,1
73,adaptive_4,4,True,1.0000000000000002,1.0000000000000002,3.885780586188048e-16,30,4
73,static_8,8,False,,1.0176749446074012,0.0746616918097226,40,1
73,adaptive_8,8,True,0.9999999999999998,0.9999999999999998,-5.551115123125783e-17,44,3
73,full_disclosure,18,True,1.0,1.0,2.220446049250313e-16,90,1
74,static_1,1,False,,1.8739778391538557,0.7762434363536728,5,1
74,adaptive_1,1,True,1.0,1.0,2.220446049250313e-16,21,5
74,static_2,2,False,,1.496500647901364,0.47676572619631663,10,1
74,adaptive_2,2,True,0.9999999999999998,0.9999999999999998,1.1102230246251565e-16,23,5
74,static_4,4,False,,1.0435749103698992,0.21437168313429888,20,1
74,adaptive_4,4,True,1.0,1.0,2.220446049250313e-16,28,4
74,static_8,8,False,,1.147864707590276,0.26145417268063087,40,1
74,adaptive_8,8,True,0.9999999999999997,0.9999999999999997,5.551115123125783e-17,47,4
74,full_disclosure,18,True,1.0,1.0,1.4988010832439613e-15,90,1
75,static_1,1,False,,1.4677751125288254,0.5847291870844151,5,1
75,adaptive_1,1,True,0.9999999999999999,0.9999999999999999,1.1102230246251565e-16,24,6
75,static_2,2,False,,1.1399601023553991,0.42789983515485464,10,1
75,adaptive_2,2,True,0.9999999999999999,0.9999999999999999,3.3306690738754696e-16,29,6
75,static_4,4,False,,1.0806513880461275,0.33554665751855794,20,1
75,adaptive_4,4,True,1.0000000000000002,1.0000000000000002,1.0547118733938987e-15,35,5
75,static_8,8,False,,1.006687784794652,0.016271493575159224,40,1
75,adaptive_8,8,True,1.0,1.0,5.551115123125783e-16,44,3
75,full_disclosure,18,True,1.0,1.0,3.3306690738754696e-16,90,1
76,static_1,1,False,,1.1958719435633272,0.5254967228794465,5,1
76,adaptive_1,1,True,0.9999999999999999,0.9999999999999999,2.220446049250313e-16,22,5
76,static_2,2,False,,1.4671100709271045,0.40518008784679727,10,1
76,adaptive_2,2,True,0.9999999999999999,0.9999999999999999,2.220446049250313e-16,28,6
76,static_4,4,False,,1.2204295521465804,0.45345856244996063,20,1
76,adaptive_4,4,True,0.9999999999999999,0.9999999999999999,2.220446049250313e-16,41,6
76,static_8,8,False,,1.0645259239823264,0.13906418441174928,40,1
76,adaptive_8,8,True,1.0,1.0,1.1102230246251565e-16,50,4
76,full_disclosure,18,True,1.0,1.0,4.440892098500626e-16,90,1
77,static_1,1,False,,2.0655810009435474,0.840922260627966,5,1
77,adaptive_1,1,True,1.0,1.0,3.3306690738754696e-16,24,5
77,static_2,2,False,,1.6769748559864717,0.6876038555690736,10,1
77,adaptive_2,2,True,1.0000000000000002,1.0000000000000002,3.3306690738754696e-16,30,6
77,static_4,4,False,,1.2443662910870306,0.26247251568958546,20,1
77,adaptive_4,4,True,0.9999999999999997,0.9999999999999997,3.3306690738754696e-16,30,4
77,static_8,8,False,,1.091708300220159,0.22246456423363276,40,1
77,adaptive_8,8,True,0.9999999999999998,0.9999999999999998,0.0,44,4
77,full_disclosure,18,True,1.0,1.0,2.220446049250313e-16,90,1
78,static_1,1,False,,1.204785213353867,0.2876834845364762,5,1
78,adaptive_1,1,True,0.9999999999999998,0.9999999999999998,1.1102230246251565e-16,21,5
78,static_2,2,False,,1.3884070228064083,0.3158718763866355,10,1
78,adaptive_2,2,True,1.0000000000000004,1.0000000000000004,2.220446049250313e-16,24,4
78,static_4,4,False,,1.1230265938607797,0.18138393512431905,20,1
78,adaptive_4,4,True,1.0000000000000002,1.0000000000000002,4.440892098500626e-16,26,4
78,static_8,8,False,,1.2088469125346744,0.24977490126738233,40,1
78,adaptive_8,8,True,1.0,1.0,2.220446049250313e-16,49,3
78,full_disclosure,18,True,1.0,1.0,3.3306690738754696e-16,90,1
79,static_1,1,False,,1.5911464519742153,0.5097825142744485,5,1
79,adaptive_1,1,True,0.9999999999999997,0.9999999999999997,0.0,25,6
79,static_2,2,False,,1.3270260332041404,0.49833601074627104,10,1
79,adaptive_2,2,True,0.9999999999999998,0.9999999999999998,3.3306690738754696e-16,21,4
79,static_4,4,False,,1.2880365436254855,0.29834365101377747,20,1
79,adaptive_4,4,True,1.0,1.0,2.220446049250313e-16,35,5
79,static_8,8,False,,1.0811751109253431,0.13103775342237817,40,1
79,adaptive_8,8,True,1.0000000000000002,1.0000000000000002,2.220446049250313e-16,47,4
79,full_disclosure,18,True,1.0,1.0,3.3306690738754696e-16,90,1
80,static_1,1,False,,1.3931539842050047,0.3466784772877244,5,1
80,adaptive_1,1,True,1.0000000000000004,1.0000000000000004,4.440892098500626e-16,21,5
80,static_2,2,False,,1.4711970521008382,0.5314553113450948,10,1
80,adaptive_2,2,True,1.0000000000000002,1.0000000000000002,1.1102230246251565e-16,26,5
80,static_4,4,False,,1.228237006461154,0.33129825422513004,20,1
80,adaptive_4,4,True,0.9999999999999996,0.9999999999999996,1.1102230246251565e-16,32,5
80,static_8,8,False,,1.0860731189049355,0.1337344774414697,40,1
80,adaptive_8,8,True,1.0000000000000002,1.0000000000000002,3.3306690738754696e-16,48,3
80,full_disclosure,18,True,1.0,1.0,1.1102230246251565e-16,90,1
81,static_1,1,False,,1.7790784357860603,0.6335874171004168,5,1
81,adaptive_1,1,True,0.999999999999999,0.999999999999999,3.885780586188048e-16,18,6
81,static_2,2,False,,1.3173013165570204,0.5623542804357999,10,1
81,adaptive_2,2,True,0.999999999999999,0.999999999999999,4.440892098500626e-16,26,5
81,static_4,4,False,,1.2401138096123527,0.2670573664115826,20,1
81,adaptive_4,4,True,0.9999999999999987,0.9999999999999987,2.220446049250313e-16,29,4
81,static_8,8,False,,1.0427120625794009,0.06335602112652217,40,1
81,adaptive_8,8,True,0.9999999999999987,0.9999999999999987,2.220446049250313e-16,44,3
81,full_disclosure,18,True,1.0,1.0,3.2751579226442118e-15,90,1
82,static_1,1,False,,1.205549291960864,0.4770009204680765,5,1
82,adaptive_1,1,True,0.9999999999999997,0.9999999999999997,0.0,13,3
82,static_2,2,False,,1.1416233092533068,0.4354948667397355,10,1
82,adaptive_2,2,True,1.0000000000000002,1.0000000000000002,1.1102230246251565e-15,22,4
82,static_4,4,False,,1.2688342132555421,0.2656769910364597,20,1
82,adaptive_4,4,True,0.9999999999999993,0.9999999999999993,4.440892098500626e-16,27,3
82,static_8,8,False,,1.0703836280857273,0.1593618500504248,40,1
82,adaptive_8,8,True,1.0,1.0,4.440892098500626e-16,46,3
82,full_disclosure,18,True,1.0,1.0,2.220446049250313e-16,90,1
83,static_1,1,False,,1.5692021965026863,0.650254311705665,5,1
83,adaptive_1,1,True,1.0000000000000004,1.0000000000000004,3.3306690738754696e-16,21,5
83,static_2,2,False,,1.4213742592732501,0.4333329736740177,10,1
83,adaptive_2,2,True,1.0000000000000009,1.0000000000000009,4.440892098500626e-16,26,6
83,static_4,4,False,,1.2352163106617866,0.24679338543122697,20,1
83,adaptive_4,4,True,1.0000000000000007,1.0000000000000007,3.885780586188048e-16,31,4
83,static_8,8,False,,1.1181456134141023,0.2797710992774081,40,1
83,adaptive_8,8,True,1.0000000000000004,1.0000000000000004,3.885780586188048e-16,52,4
83,full_disclosure,18,True,1.0,1.0,1.1102230246251565e-15,90,1
84,static_1,1,False,,1.5346733065023923,0.6126561668928806,5,1
84,adaptive_1,1,True,0.9999999999999999,0.9999999999999999,3.3306690738754696e-16,22,5
84,static_2,2,False,,1.2769081802389177,0.45371917762092084,10,1
84,adaptive_2,2,True,1.0000000000000002,1.0000000000000002,3.3306690738754696e-16,25,4
84,static_4,4,False,,1.1822589107379564,0.43991053905237176,20,1
84,adaptive_4,4,True,0.999999999999999,0.999999999999999,3.3306690738754696e-16,35,5
84,static_8,8,False,,1.0125145319171733,0.08524486760375305,40,1
84,adaptive_8,8,True,1.0000000000000002,1.0000000000000002,3.3306690738754696e-16,45,3
84,full_disclosure,18,True,1.0,1.0,2.220446049250313e-16,90,1
85,static_1,1,False,,1.6348798653875027,0.7773323312688833,5,1
85,adaptive_1,1,True,1.0000000000000002,1.0000000000000002,1.1102230246251565e-16,22,5
85,static_2,2,False,,1.123792914435072,0.20507778562403123,10,1
85,adaptive_2,2,True,1.0,1.0,1.1102230246251565e-16,22,5
85,static_4,4,False,,1.1693103278061412,0.2917099754626067,20,1
85,adaptive_4,4,True,0.9999999999999987,0.9999999999999987,-2.220446049250313e-16,36,5
85,static_8,8,False,,1.0509205604046494,0.17427998793918398,40,1
85,adaptive_8,8,True,0.9999999999999999,0.9999999999999999,2.220446049250313e-16,51,4
85,full_disclosure,18,True,1.0,1.0,4.440892098500626e-16,90,1
86,static_1,1,False,,1.372129102764835,0.5765996868699561,5,1
86,adaptive_1,1,True,1.0000000000000007,1.0000000000000007,0.0,15,4
86,static_2,2,False,,1.1428618863937074,0.3370354200172099,10,1
86,adaptive_2,2,True,1.0000000000000007,1.0000000000000007,1.1102230246251565e-16,19,4
86,static_4,4,False,,1.1230203980738467,0.35148239786772295,20,1
86,adaptive_4,4,True,1.0000000000000007,1.0000000000000007,1.1102230246251565e-16,29,4
86,static_8,8,False,,1.0711459207660812,0.14412717884368575,40,1
86,adaptive_8,8,True,1.000000000000001,1.000000000000001,4.440892098500626e-16,47,3
86,full_disclosure,18,True,1.0,1.0,8.326672684688674e-16,90,1
87,static_1,1,False,,1.6541964635086575,0.6351838809917599,5,1
87,adaptive_1,1,True,0.9999999999999992,0.9999999999999992,7.771561172376096e-16,27,6
87,static_2,2,False,,1.4447303696960059,0.4112202557404825,10,1
87,adaptive_2,2,True,0.9999999999999989,0.9999999999999989,1.1102230246251565e-16,28,5
87,static_4,4,False,,1.0854936131646116,0.08531492747236036,20,1
87,adaptive_4,4,True,0.9999999999999998,0.9999999999999998,6.661338147750939e-16,27,4
87,static_8,8,False,,1.035072400109775,0.09331713711807932,40,1
87,adaptive_8,8,True,0.9999999999999994,0.9999999999999994,4.440892098500626e-16,47,4
87,full_disclosure,18,True,1.0,1.0,5.551115123125783e-16,90,1
88,static_1,1,False,,1.5243829578644212,0.6054914406992058,5,1
88,adaptive_1,1,True,1.0,1.0,4.440892098500626e-16,28,6
88,static_2,2,False,,1.1578514045863524,0.513104567292687,10,1
88,adaptive_2,2,True,0.9999999999999999,0.9999999999999999,1.1102230246251565e-16,30,6
88,static_4,4,False,,1.172236284525875,0.22422085931955194,20,1
88,adaptive_4,4,True,0.9999999999999989,0.9999999999999989,0.0,35,5
88,static_8,8,False,,1.0777339157095696,0.12262733455896879,40,1
88,adaptive_8,8,True,0.9999999999999997,0.9999999999999997,4.440892098500626e-16,47,3
88,full_disclosure,18,True,1.0,1.0,1.5543122344752192e-15,90,1
89,static_1,1,False,,1.9914501162425762,0.874544649802372,5,1
89,adaptive_1,1,True,1.0000000000000004,1.0000000000000004,2.220446049250313e-16,21,6
89,static_2,2,False,,1.3913671169042576,0.3543855881186887,10,1
89,adaptive_2,2,True,1.0,1.0,3.3306690738754696e-16,29,7
89,static_4,4,False,,1.246186429323217,0.40334575853861443,20,1
89,adaptive_4,4,True,1.0,1.0,2.220446049250313e-16,36,7
89,static_8,8,False,,1.083444693101464,0.22971165757604084,40,1
89,adaptive_8,8,True,1.0000000000000002,1.0000000000000002,4.996003610813204e-16,47,4
89,full_disclosure,18,True,1.0,1.0,6.661338147750939e-16,90,1
90,static_1,1,False,,1.4885603358784567,0.7182334378025642,5,1
90,adaptive_1,1,True,1.0000000000000002,1.0000000000000002,2.220446049250313e-16,18,5
90,static_2,2,False,,1.3932109823996701,0.49041941147875,10,1
90,adaptive_2,2,True,1.0000000000000007,1.0000000000000007,6.661338147750939e-16,25,5
90,static_4,4,False,,1.3159228417152165,0.3591764237681023,20,1
90,adaptive_4,4,True,1.0000000000000002,1.0000000000000002,4.440892098500626e-16,31,4
90,static_8,8,False,,1.1191643692251374,0.20548831261936784,40,1
90,adaptive_8,8,True,0.9999999999999999,0.9999999999999999,3.6637359812630166e-15,46,4
90,full_disclosure,18,True,1.0,1.0,3.3306690738754696e-16,90,1
91,static_1,1,False,,1.4350083872997392,0.6700998528434585,5,1
91,adaptive_1,1,True,0.9999999999999998,0.9999999999999998,2.220446049250313e-16,21,6
91,static_2,2,False,,1.231702069602438,0.34668942390330393,10,1
91,adaptive_2,2,True,0.9999999999999998,0.9999999999999998,1.1102230246251565e-16,26,5
91,static_4,4,False,,1.3463305313260152,0.5287423912872962,20,1
91,adaptive_4,4,True,1.0,1.0,3.3306690738754696e-16,36,5
91,static_8,8,False,,1.051120342670491,0.08336033568896062,40,1
91,adaptive_8,8,True,0.9999999999999994,0.9999999999999994,4.440892098500626e-16,46,4
91,full_disclosure,18,True,1.0,1.0,3.3306690738754696e-16,90,1
92,static_1,1,False,,1.6156423748904083,0.5836892876131077,5,1
92,adaptive_1,1,True,1.0000000000000009,1.0000000000000009,3.3306690738754696e-16,23,5
92,static_2,2,False,,1.419112745286161,0.47705219072732596,10,1
92,adaptive_2,2,True,1.0000000000000007,1.0000000000000007,2.220446049250313e-16,27,6
92,static_4,4,False,,1.2170052850671453,0.20647706242153674,20,1
92,adaptive_4,4,True,1.000000000000001,1.000000000000001,3.3306690738754696e-16,26,3
92,static_8,8,False,,1.0596125280285593,0.15097082236729698,40,1
92,adaptive_8,8,True,1.0000000000000004,1.0000000000000004,0.0,42,2
92,full_disclosure,18,True,1.0,1.0,-1.1102230246251565e-16,90,1
93,static_1,1,False,,1.448219869330158,0.6490993230582727,5,1
93,adaptive_1,1,True,1.0000000000000013,1.0000000000000013,1.1102230246251565e-16,21,5
93,static_2,2,False,,1.4847862883552876,0.45504947620701874,10,1
93,adaptive_2,2,True,1.0000000000000013,1.0000000000000013,2.220446049250313e-16,27,5
93,static_4,4,False,,1.22121875369832,0.33475141259181196,20,1
93,adaptive_4,4,True,1.0000000000000022,1.0000000000000022,6.661338147750939e-16,33,5
93,static_8,8,False,,1.1181133744610143,0.15980842394920525,40,1
93,adaptive_8,8,True,1.0000000000000016,1.0000000000000016,1.3322676295501878e-15,45,3
93,full_disclosure,18,True,1.0,1.0,0.0,90,1
94,static_1,1,False,,1.4597356209760524,0.7161750117394932,5,1
94,adaptive_1,1,True,0.9999999999999997,0.9999999999999997,3.3306690738754696e-16,22,5
94,static_2,2,False,,1.569443566116729,0.6214443901773056,10,1
94,adaptive_2,2,True,0.9999999999999998,0.9999999999999998,4.440892098500626e-16,28,6
94,static_4,4,False,,1.161797315286504,0.17125474020077514,20,1
94,adaptive_4,4,True,1.0,1.0,3.3306690738754696e-16,30,4
94,static_8,8,False,,1.102063923317667,0.13541298216825381,40,1
94,adaptive_8,8,True,1.0000000000000002,1.0000000000000002,3.3306690738754696e-16,49,3
94,full_disclosure,18,True,1.0,1.0,5.551115123125783e-16,90,1
95,static_1,1,False,,1.4156562507650206,0.7216674594120297,5,1
95,adaptive_1,1,True,1.0,1.0,0.0,19,4
95,static_2,2,False,,1.3340493014677772,0.37407560148786445,10,1
95,adaptive_2,2,True,1.0000000000000002,1.0000000000000002,5.551115123125783e-16,25,5
95,static_4,4,False,,1.2634337335315138,0.33717991909278766,20,1
95,adaptive_4,4,True,1.0000000000000004,1.0000000000000004,1.2212453270876722e-15,29,3
95,static_8,8,False,,1.0440454462006803,0.14701635709889993,40,1
95,adaptive_8,8,True,1.0000000000000004,1.0000000000000004,5.551115123125783e-16,44,3
95,full_disclosure,18,True,1.0,1.0,1.1102230246251565e-16,90,1
96,static_1,1,False,,1.3622564414403953,0.7710821752468996,5,1
96,adaptive_1,1,True,1.0000000000000002,1.0000000000000002,1.1102230246251565e-16,23,6
96,static_2,2,False,,1.2612118857640473,0.3764814430585528,10,1
96,adaptive_2,2,True,1.0000000000000002,1.0000000000000002,4.996003610813204e-16,20,5
96,static_4,4,False,,1.0129764323830035,0.07605064589639243,20,1
96,adaptive_4,4,True,1.0000000000000002,1.0000000000000002,5.551115123125783e-17,24,3
96,static_8,8,False,,1.064850493628985,0.16722562453360723,40,1
96,adaptive_8,8,True,1.0000000000000002,1.0000000000000002,1.1102230246251565e-16,48,4
96,full_disclosure,18,True,1.0,1.0,1.1102230246251565e-16,90,1
97,static_1,1,False,,1.428030623159496,0.6529283979923448,5,1
97,adaptive_1,1,True,1.0000000000000002,1.0000000000000002,3.3306690738754696e-16,19,4
97,static_2,2,False,,1.1321840401370322,0.3068209473090422,10,1
97,adaptive_2,2,True,1.0000000000000002,1.0000000000000002,5.551115123125783e-16,24,5
97,static_4,4,False,,1.1224270477316742,0.17311214530600794,20,1
97,adaptive_4,4,True,1.0,1.0,1.1102230246251565e-16,32,4
97,static_8,8,False,,1.0541167978553287,0.09676847053570325,40,1
97,adaptive_8,8,True,1.0000000000000004,1.0000000000000004,5.551115123125783e-16,45,3
97,full_disclosure,18,True,1.0,1.0,6.661338147750939e-16,90,1
98,static_1,1,False,,1.5076641975671867,0.5312959099186172,5,1
98,adaptive_1,1,True,1.0000000000000002,1.0000000000000002,2.220446049250313e-16,19,4
98,static_2,2,False,,1.3783771854970075,0.3476028514764964,10,1
98,adaptive_2,2,True,0.9999999999999996,0.9999999999999996,-1.1102230246251565e-16,29,5
98,static_4,4,False,,1.2064929920613559,0.2961834557972106,20,1
98,adaptive_4,4,True,0.9999999999999976,0.9999999999999976,1.887379141862766e-15,33,6
98,static_8,8,False,,1.042329957085149,0.13275173400257056,40,1
98,adaptive_8,8,True,0.9999999999999999,0.9999999999999999,5.551115123125783e-16,42,2
98,full_disclosure,18,True,1.0,1.0,1.1102230246251565e-15,90,1
99,static_1,1,False,,1.9357420602844706,0.6822016647968723,5,1
99,adaptive_1,1,True,1.0,1.0,3.3306690738754696e-16,22,6
99,static_2,2,False,,1.3361174720406148,0.4883750871802528,10,1
99,adaptive_2,2,True,1.0000000000000002,1.0000000000000002,2.220446049250313e-16,27,5
99,static_4,4,False,,1.2328390116096684,0.2744990358089321,20,1
99,adaptive_4,4,True,0.9999999999999999,0.9999999999999999,1.1102230246251565e-16,29,4
99,static_8,8,False,,1.0724096343771343,0.2067741271598067,40,1
99,adaptive_8,8,True,1.0,1.0,2.220446049250313e-16,48,4
99,full_disclosure,18,True,1.0,1.0,2.220446049250313e-16,90,1
100,static_1,1,False,,1.7719184786927253,0.6767759449189157,5,1
100,adaptive_1,1,True,0.9999999999999997,0.9999999999999997,1.1102230246251565e-16,21,5
100,static_2,2,False,,1.22284471373806,0.6914483728991812,10,1
100,adaptive_2,2,True,0.9999999999999997,0.9999999999999997,1.1102230246251565e-16,23,5
100,static_4,4,False,,1.2663305260615454,0.24769609814967886,20,1
100,adaptive_4,4,True,0.9999999999999998,0.9999999999999998,2.220446049250313e-16,31,4
100,static_8,8,False,,1.0784832504447206,0.1319257334440178,40,1
100,adaptive_8,8,True,0.9999999999999994,0.9999999999999994,0.0,41,2
100,full_disclosure,18,True,1.0,1.0,1.1102230246251565e-16,90,1
101,static_1,1,False,,1.569524732765934,0.7074130497568052,5,1
101,adaptive_1,1,True,0.9999999999999994,0.9999999999999994,2.9976021664879227e-15,24,7
101,static_2,2,False,,1.6406794268232627,0.5687497313427312,10,1
101,adaptive_2,2,True,1.0,1.0,1.6653345369377348e-16,20,3
101,static_4,4,False,,1.116155642878436,0.2244203637028166,20,1
101,adaptive_4,4,True,1.0,1.0,2.220446049250313e-16,32,4
101,static_8,8,False,,1.028678732641338,0.17748915591623737,40,1
101,adaptive_8,8,True,0.9999999999999997,0.9999999999999997,7.771561172376096e-16,44,2
101,full_disclosure,18,True,1.0,1.0,5.551115123125783e-16,90,1
102,static_1,1,False,,1.7482064431923008,0.6510380863963809,5,1
102,adaptive_1,1,True,0.9999999999999998,0.9999999999999998,3.3306690738754696e-16,31,8
102,static_2,2,False,,1.2880506488732135,0.32599154847596545,10,1
102,adaptive_2,2,True,1.0000000000000002,1.0000000000000002,3.3306690738754696e-16,27,6
102,static_4,4,False,,1.3082869216081074,0.6269796932356653,20,1
102,adaptive_4,4,True,1.0000000000000002,1.0000000000000002,1.1102230246251565e-16,38,5
102,static_8,8,False,,1.1462770211346893,0.2029386403881569,40,1
102,adaptive_8,8,True,1.0000000000000004,1.0000000000000004,2.220446049250313e-16,47,3
102,full_disclosure,18,True,1.0,1.0,7.771561172376096e-16,90,1
103,static_1,1,False,,1.5987803342470852,0.6414316189157439,5,1
103,adaptive_1,1,True,0.9999999999999998,0.9999999999999998,2.7755575615628914e-16,24,5
103,static_2,2,False,,1.247812150139619,0.32165926102197817,10,1
103,adaptive_2,2,True,0.9999999999999998,0.9999999999999998,2.7755575615628914e-16,23,4
103,static_4,4,False,,1.0837759639157285,0.11690168410105523,20,1
103,adaptive_4,4,True,1.0,1.0,7.216449660063518e-16,31,5
103,static_8,8,False,,1.0997173355574577,0.09561433573537392,40,1
103,adaptive_8,8,True,0.9999999999999998,0.9999999999999998,2.220446049250313e-16,49,3
103,full_disclosure,18,True,1.0,1.0,8.881784197001252e-16,90,1
104,static_1,1,False,,1.451060664287028,0.6660712164831541,5,1
104,adaptive_1,1,True,1.0000000000000002,1.0000000000000002,5.551115123125783e-16,24,5
104,static_2,2,False,,1.3826404872488858,0.4739587855602361,10,1
104,adaptive_2,2,True,1.0000000000000004,1.0000000000000004,5.551115123125783e-16,25,5
104,static_4,4,False,,1.2255435190450594,0.19630357215798666,20,1
104,adaptive_4,4,True,0.9999999999999999,0.9999999999999999,2.220446049250313e-16,32,4
104,static_8,8,False,,1.017386898993704,0.10343977507633462,40,1
104,adaptive_8,8,True,1.0000000000000002,1.0000000000000002,2.220446049250313e-16,48,3
104,full_disclosure,18,True,1.0,1.0,7.771561172376096e-16,90,1
105,static_1,1,False,,1.3598939787867332,0.6949787113053626,5,1
105,adaptive_1,1,True,1.0,1.0,0.0,23,5
105,static_2,2,False,,1.8989259371952019,0.7662929032596063,10,1
105,adaptive_2,2,True,1.0000000000000002,1.0000000000000002,1.6653345369377348e-16,24,5
105,static_4,4,False,,1.3397409304384393,0.54052442400965,20,1
105,adaptive_4,4,True,1.0000000000000002,1.0000000000000002,1.1102230246251565e-16,34,5
105,static_8,8,False,,1.0241901124521258,0.053495504772058,40,1
105,adaptive_8,8,True,1.0000000000000002,1.0000000000000002,5.551115123125783e-16,48,4
105,full_disclosure,18,True,1.0,1.0,4.440892098500626e-16,90,1
106,static_1,1,False,,1.4318775569359437,0.5809063156386641,5,1
106,adaptive_1,1,True,1.0000000000000009,1.0000000000000009,1.1102230246251565e-16,20,5
106,static_2,2,False,,1.4075346695592543,0.4304587583693892,10,1
106,adaptive_2,2,True,1.0000000000000007,1.0000000000000007,2.7755575615628914e-16,24,4
106,static_4,4,False,,1.2292083140034813,0.32157299262505745,20,1
106,adaptive_4,4,True,1.0000000000000027,1.0000000000000027,3.4416913763379853e-15,29,3
106,static_8,8,False,,1.1726958107954097,0.16312583513936219,40,1
106,adaptive_8,8,True,1.0000000000000009,1.0000000000000009,4.440892098500626e-16,48,3
106,full_disclosure,18,True,1.0,1.0,3.3306690738754696e-16,90,1
107,static_1,1,False,,1.4701271561354181,0.7817182895961289,5,1
107,adaptive_1,1,True,0.9999999999999998,0.9999999999999998,2.220446049250313e-16,26,6
107,static_2,2,False,,1.264541272309571,0.3378284921570964,10,1
107,adaptive_2,2,True,1.0000000000000002,1.0000000000000002,6.661338147750939e-16,25,5
107,static_4,4,False,,1.050998482609726,0.10230138935761457,20,1
107,adaptive_4,4,True,1.000000000000001,1.000000000000001,7.438494264988549e-15,34,4
107,static_8,8,False,,1.0792158729992363,0.21048888468195592,40,1
107,adaptive_8,8,True,0.9999999999999998,0.9999999999999998,1.0547118733938987e-15,51,4
107,full_disclosure,18,True,1.0,1.0,3.3306690738754696e-16,90,1
108,static_1,1,False,,1.253410387533719,0.5966497491851476,5,1
108,adaptive_1,1,True,1.0000000000000002,1.0000000000000002,2.220446049250313e-16,13,4
108,static_2,2,False,,1.2060059145219162,0.2000192820973482,10,1
108,adaptive_2,2,True,1.0,1.0,0.0,16,3
108,static_4,4,False,,1.0946748472486814,0.2968083650062857,20,1
108,adaptive_4,4,True,0.9999999999999998,0.9999999999999998,1.1102230246251565e-16,28,3
108,static_8,8,False,,1.0984884563420922,0.21509053317113647,40,1
108,adaptive_8,8,True,1.0000000000000002,1.0000000000000002,1.1102230246251565e-16,46,3
108,full_disclosure,18,True,1.0,1.0,4.440892098500626e-16,90,1
109,static_1,1,False,,1.7560004322646623,0.6822175671784129,5,1
109,adaptive_1,1,True,0.9999999999999997,0.9999999999999997,3.3306690738754696e-16,19,5
109,static_2,2,False,,1.3411777760472698,0.5652579191435902,10,1
109,adaptive_2,2,True,1.0000000000000002,1.0000000000000002,1.1102230246251565e-16,25,4
109,static_4,4,False,,1.057658794069866,0.28118003635546795,20,1
109,adaptive_4,4,True,1.0,1.0,1.3322676295501878e-15,33,5
109,static_8,8,False,,1.041124353450005,0.1442744497249705,40,1
109,adaptive_8,8,True,1.0,1.0,2.220446049250313e-16,47,3
109,full_disclosure,18,True,1.0,1.0,5.551115123125783e-16,90,1
110,static_1,1,False,,1.6080369155155734,0.6661090953419317,5,1
110,adaptive_1,1,True,0.9999999999999983,0.9999999999999983,2.1094237467877974e-15,24,6
110,static_2,2,False,,1.1890570662018445,0.3302554938460772,10,1
110,adaptive_2,2,True,1.0000000000000002,1.0000000000000002,3.3306690738754696e-16,18,3
110,static_4,4,False,,1.1767489869309269,0.35298125832025407,20,1
110,adaptive_4,4,True,1.0,1.0,2.220446049250313e-16,32,5
110,static_8,8,False,,1.0076730289741258,0.10288608538108335,40,1
110,adaptive_8,8,True,1.0,1.0,7.771561172376096e-16,43,3
110,full_disclosure,18,True,1.0,1.0,5.551115123125783e-16,90,1
111,static_1,1,False,,1.645602038118253,0.8468085139618904,5,1
111,adaptive_1,1,True,1.0000000000000002,1.0000000000000002,4.440892098500626e-16,18,4
111,static_2,2,False,,1.283609540958694,0.47777806551267227,10,1
111,adaptive_2,2,True,1.0000000000000002,1.0000000000000002,1.1102230246251565e-16,25,4
111,static_4,4,False,,1.1048572919849367,0.14477823631235487,20,1
111,adaptive_4,4,True,1.0000000000000002,1.0000000000000002,4.440892098500626e-16,32,5
111,static_8,8,False,,1.0053228823344087,0.04450567810135497,40,1
111,adaptive_8,8,True,1.0000000000000002,1.0000000000000002,1.1102230246251565e-16,44,2
111,full_disclosure,18,True,1.0,1.0,1.1102230246251565e-16,90,1
112,static_1,1,False,,1.5158618853925534,0.5725037515980866,5,1
112,adaptive_1,1,True,1.0000000000000004,1.0000000000000004,4.440892098500626e-16,24,5
112,static_2,2,False,,1.2135799386681305,0.3558636901607998,10,1
112,adaptive_2,2,True,1.0,1.0,2.220446049250313e-16,25,5
112,static_4,4,False,,1.2272995806296327,0.23727996027799841,20,1
112,adaptive_4,4,True,0.9999999999999997,0.9999999999999997,0.0,33,4
112,static_8,8,False,,1.0843107059849246,0.24164775683925266,40,1
112,adaptive_8,8,True,1.0000000000000004,1.0000000000000004,1.1102230246251565e-15,45,2
112,full_disclosure,18,True,1.0,1.0,2.220446049250313e-16,90,1
113,static_1,1,False,,1.256912488043206,0.5207028652393042,5,1
113,adaptive_1,1,True,1.0,1.0,1.7763568394002505e-15,27,7
113,static_2,2,False,,1.3436645792341448,0.596705560837617,10,1
113,adaptive_2,2,True,0.9999999999999999,0.9999999999999999,6.661338147750939e-16,30,7
113,static_4,4,False,,1.2314621303368092,0.3464355506252773,20,1
113,adaptive_4,4,True,0.9999999999999994,0.9999999999999994,0.0,32,4
113,static_8,8,False,,1.069624916971509,0.1221067071086186,40,1
113,adaptive_8,8,True,1.0,1.0,1.1102230246251565e-16,44,3
113,full_disclosure,18,True,1.0,1.0,4.440892098500626e-16,90,1
114,static_1,1,False,,1.4962639656264103,0.44956026114020076,5,1
114,adaptive_1,1,True,1.0,1.0,0.0,19,4
114,static_2,2,False,,1.3821021411965186,0.6276308467714837,10,1
114,adaptive_2,2,True,1.0000000000000004,1.0000000000000004,5.551115123125783e-16,32,7
114,static_4,4,False,,1.1569698034836822,0.24863240438989453,20,1
114,adaptive_4,4,True,1.0000000000000004,1.0000000000000004,6.661338147750939e-16,33,5
114,static_8,8,False,,1.1442541654002305,0.2263275181994383,40,1
114,adaptive_8,8,True,1.0000000000000007,1.0000000000000007,7.771561172376096e-16,51,5
114,full_disclosure,18,True,1.0,1.0,5.88418203051333e-15,90,1
115,static_1,1,False,,1.7715072700509742,0.7476019480316398,5,1
115,adaptive_1,1,True,1.0000000000000007,1.0000000000000007,2.220446049250313e-16,19,5
115,static_2,2,False,,1.5639139472164327,0.3195983820402596,10,1
115,adaptive_2,2,True,1.000000000000001,1.000000000000001,1.1102230246251565e-15,27,5
115,static_4,4,False,,1.3148732588278906,0.3389613030503035,20,1
115,adaptive_4,4,True,1.0000000000000004,1.0000000000000004,1.1102230246251565e-16,31,4
115,static_8,8,False,,1.06498903261603,0.1579247578578062,40,1
115,adaptive_8,8,True,1.0000000000000009,1.0000000000000009,9.43689570931383e-16,46,3
115,full_disclosure,18,True,1.0,1.0,0.0,90,1
116,static_1,1,False,,1.4788577775333245,0.6491926668721317,5,1
116,adaptive_1,1,True,1.0000000000000002,1.0000000000000002,4.440892098500626e-16,24,6
116,static_2,2,False,,1.1594004590400666,0.2646403782735117,10,1
116,adaptive_2,2,True,1.0000000000000002,1.0000000000000002,3.3306690738754696e-16,19,3
116,static_4,4,False,,1.1736157774384544,0.39908732379484224,20,1
116,adaptive_4,4,True,0.9999999999999999,0.9999999999999999,0.0,35,6
116,static_8,8,False,,1.1738397518268031,0.2089761862924635,40,1
116,adaptive_8,8,True,1.0,1.0,1.1102230246251565e-16,48,3
116,full_disclosure,18,True,1.0,1.0,1.2212453270876722e-15,90,1
117,static_1,1,False,,1.496507716578893,0.5837431860440876,5,1
117,adaptive_1,1,True,0.9999999999999997,0.9999999999999997,2.220446049250313e-16,20,5
117,static_2,2,False,,1.5287635881964465,0.6379363568268986,10,1
117,adaptive_2,2,True,1.0,1.0,4.440892098500626e-16,24,4
117,static_4,4,False,,1.0654029319437837,0.21332227628732603,20,1
117,adaptive_4,4,True,0.9999999999999999,0.9999999999999999,2.220446049250313e-16,23,2
117,static_8,8,False,,1.0289470815674873,0.0634339956161758,40,1
117,adaptive_8,8,True,0.9999999999999993,0.9999999999999993,1.2212453270876722e-15,44,2
117,full_disclosure,18,True,1.0,1.0,2.220446049250313e-16,90,1
118,static_1,1,False,,1.6624508342338278,0.7742079751107868,5,1
118,adaptive_1,1,True,1.0000000000000004,1.0000000000000004,3.3306690738754696e-16,27,7
118,static_2,2,False,,1.1185304511583485,0.34088503632857525,10,1
118,adaptive_2,2,True,1.0000000000000002,1.0000000000000002,3.3306690738754696e-16,31,6
118,static_4,4,False,,1.1602326833949186,0.3292883036782531,20,1
118,adaptive_4,4,True,1.0000000000000002,1.0000000000000002,3.3306690738754696e-16,37,5
118,static_8,8,False,,1.0631636662561073,0.15815957234567257,40,1
118,adaptive_8,8,True,1.0000000000000002,1.0000000000000002,2.220446049250313e-16,48,3
118,full_disclosure,18,True,1.0,1.0,4.440892098500626e-16,90,1
119,static_1,1,False,,1.3795376042348895,0.41905254054885877,5,1
119,adaptive_1,1,True,0.9999999999999984,0.9999999999999984,0.0,16,5
119,static_2,2,False,,1.281822041732323,0.3519218816892665,10,1
119,adaptive_2,2,True,0.999999999999999,0.999999999999999,1.2212453270876722e-15,23,5
119,static_4,4,False,,1.1388726107514229,0.15761902788752424,20,1
119,adaptive_4,4,True,0.9999999999999987,0.9999999999999987,2.220446049250313e-16,27,4
119,static_8,8,False,,1.138289434760779,0.09467213316046719,40,1
119,adaptive_8,8,True,0.9999999999999981,0.9999999999999981,-1.1102230246251565e-16,48,4
119,full_disclosure,18,True,1.0,1.0,9.992007221626409e-16,90,1
120,static_1,1,False,,1.3274312031003583,0.4068335994688358,5,1
120,adaptive_1,1,True,1.0,1.0,3.3306690738754696e-16,24,6
120,static_2,2,False,,1.3088599910132526,0.6011234834556132,10,1
120,adaptive_2,2,True,0.9999999999999999,0.9999999999999999,-1.1102230246251565e-16,22,4
120,static_4,4,False,,1.0975749486140662,0.20014452920135173,20,1
120,adaptive_4,4,True,1.0000000000000007,1.0000000000000007,5.551115123125783e-16,31,5
120,static_8,8,False,,1.0730271165696006,0.1133552290679497,40,1
120,adaptive_8,8,True,1.0000000000000002,1.0000000000000002,2.220446049250313e-16,44,2
120,full_disclosure,18,True,1.0,1.0,5.551115123125783e-16,90,1
121,static_1,1,False,,1.5022959102579052,0.4722019619633826,5,1
121,adaptive_1,1,True,0.9999999999999998,0.9999999999999998,3.3306690738754696e-16,24,6
121,static_2,2,False,,1.4210813385357488,0.4624157985321683,10,1
121,adaptive_2,2,True,0.9999999999999998,0.9999999999999998,3.3306690738754696e-16,32,6
121,static_4,4,False,,1.124134729566732,0.31428310850861907,20,1
121,adaptive_4,4,True,1.0,1.0,6.661338147750939e-16,32,6
121,static_8,8,False,,1.134676136554616,0.15348308119076304,40,1
121,adaptive_8,8,True,1.0000000000000009,1.0000000000000009,7.771561172376096e-16,49,4
121,full_disclosure,18,True,1.0,1.0,1.1102230246251565e-16,90,1
122,static_1,1,False,,1.2131043562758517,0.41600810707389113,5,1
122,adaptive_1,1,True,1.0000000000000004,1.0000000000000004,2.220446049250313e-16,14,3
122,static_2,2,False,,1.3660658942683275,0.4959068399438328,10,1
122,adaptive_2,2,True,1.0,1.0,4.440892098500626e-16,24,4
122,static_4,4,False,,1.1347650247398762,0.3282935087951616,20,1
122,adaptive_4,4,True,0.9999999999999993,0.9999999999999993,9.992007221626409e-16,35,5
122,static_8,8,False,,1.05375315156389,0.14422653310884537,40,1
122,adaptive_8,8,True,1.0000000000000002,1.0000000000000002,4.440892098500626e-16,45,3
122,full_disclosure,18,True,1.0,1.0,6.661338147750939e-16,90,1
123,static_1,1,False,,1.418026014114607,0.4147545944331472,5,1
123,adaptive_1,1,True,1.0000000000000002,1.0000000000000002,2.220446049250313e-16,20,5
123,static_2,2,False,,1.3714110676150457,0.6093551074037908,10,1
123,adaptive_2,2,True,1.0,1.0,6.661338147750939e-16,25,5
123,static_4,4,False,,1.2174770734994873,0.530967700910304,20,1
123,adaptive_4,4,True,0.9999999999999999,0.9999999999999999,6.661338147750939e-16,32,4
123,static_8,8,False,,1.0857244326684885,0.1908818967481951,40,1
123,adaptive_8,8,True,1.0000000000000002,1.0000000000000002,2.220446049250313e-16,48,3
123,full_disclosure,18,True,1.0,1.0,2.220446049250313e-16,90,1
124,static_1,1,False,,1.5472578120172475,0.7980716374337786,5,1
124,adaptive_1,1,True,1.0,1.0,2.220446049250313e-16,23,6
124,static_2,2,False,,1.3871858622628737,0.6096199164693586,10,1
124,adaptive_2,2,True,1.0000000000000002,1.0000000000000002,5.551115123125783e-16,27,5
124,static_4,4,False,,1.1061991360922407,0.11223579076910795,20,1
124,adaptive_4,4,True,0.9999999999999998,0.9999999999999998,3.3306690738754696e-16,30,3
124,static_8,8,False,,1.1434497333348774,0.31908951921716366,40,1
124,adaptive_8,8,True,0.9999999999999997,0.9999999999999997,0.0,49,5
124,full_disclosure,18,True,1.0,1.0,3.3306690738754696e-16,90,1
125,static_1,1,False,,1.6039862226897015,0.6330153342725388,5,1
125,adaptive_1,1,True,1.0,1.0,2.220446049250313e-16,24,6
125,static_2,2,False,,1.1428927959400237,0.20410536464494222,10,1
125,adaptive_2,2,True,0.9999999999999999,0.9999999999999999,1.1102230246251565e-16,22,4
125,static_4,4,False,,1.1866023391258285,0.22181371827016627,20,1
125,adaptive_4,4,True,1.0,1.0,6.661338147750939e-16,31,4
125,static_8,8,False,,1.023490707991996,0.10571225836196807,40,1
125,adaptive_8,8,True,0.9999999999999997,0.9999999999999997,2.220446049250313e-16,42,2
125,full_disclosure,18,True,1.0,1.0,3.3306690738754696e-16,90,1
126,static_1,1,False,,1.707077370890852,0.7856263975793685,5,1
126,adaptive_1,1,True,0.9999999999999998,0.9999999999999998,1.1102230246251565e-16,21,5
126,static_2,2,False,,1.4927050992519884,0.6184972193948248,10,1
126,adaptive_2,2,True,1.0,1.0,2.220446049250313e-16,29,5
126,static_4,4,False,,1.121511860441939,0.18150565634008048,20,1
126,adaptive_4,4,True,1.0,1.0,2.220446049250313e-16,27,3
126,static_8,8,False,,1.0393052659836717,0.13621315896918562,40,1
126,adaptive_8,8,True,1.0000000000000002,1.0000000000000002,3.3306690738754696e-16,49,3
126,full_disclosure,18,True,1.0,1.0,1.1102230246251565e-16,90,1
127,static_1,1,False,,1.5783925273894224,0.6653046306959893,5,1
127,adaptive_1,1,True,0.9999999999999999,0.9999999999999999,9.992007221626409e-16,22,6
127,static_2,2,False,,1.2596516674355045,0.5225268866804067,10,1
127,adaptive_2,2,True,1.0,1.0,2.220446049250313e-16,21,5
127,static_4,4,False,,1.1375728263681977,0.2759702306948759,20,1
127,adaptive_4,4,True,0.9999999999999997,0.9999999999999997,7.771561172376096e-16,30,4
127,static_8,8,False,,1.0312483387560891,0.08638311966544387,40,1
127,adaptive_8,8,True,0.9999999999999997,0.9999999999999997,3.3306690738754696e-16,45,3
127,full_disclosure,18,True,1.0,1.0,1.4432899320127035e-15,90,1
128,static_1,1,False,,1.5393204104883056,0.8463695971432489,5,1
128,adaptive_1,1,True,1.0000000000000002,1.0000000000000002,1.6653345369377348e-16,20,5
128,static_2,2,False,,1.287160950568194,0.5828341014842178,10,1
128,adaptive_2,2,True,1.0000000000000002,1.0000000000000002,5.551115123125783e-17,27,5
128,static_4,4,False,,1.177749520458003,0.11941344674442722,20,1
128,adaptive_4,4,True,1.0000000000000002,1.0000000000000002,1.5543122344752192e-15,33,5
128,static_8,8,False,,1.0398834541124826,0.0540595942926978,40,1
128,adaptive_8,8,True,1.0000000000000004,1.0000000000000004,5.551115123125783e-16,42,2
128,full_disclosure,18,True,1.0,1.0,1.6653345369377348e-16,90,1
129,static_1,1,False,,1.7312869108654196,0.6296305960826306,5,1
129,adaptive_1,1,True,0.9999999999999998,0.9999999999999998,2.220446049250313e-16,22,6
129,static_2,2,False,,1.622561054368559,0.7408232786654627,10,1
129,adaptive_2,2,True,0.9999999999999998,0.9999999999999998,0.0,25,6
129,static_4,4,False,,1.1878636992749525,0.23822618548710606,20,1
129,adaptive_4,4,True,1.0,1.0,3.885780586188048e-16,29,4
129,static_8,8,False,,1.1165224212711764,0.14638621371196953,40,1
129,adaptive_8,8,True,0.9999999999999998,0.9999999999999998,1.6653345369377348e-16,45,3
129,full_disclosure,18,True,1.0,1.0,3.3306690738754696e-16,90,1
130,static_1,1,False,,1.2133693770123346,0.4663119997868844,5,1
130,adaptive_1,1,True,1.0000000000000002,1.0000000000000002,1.1102230246251565e-16,24,6
130,static_2,2,False,,1.265009918134994,0.28830424198255555,10,1
130,adaptive_2,2,True,1.0000000000000024,1.0000000000000024,2.9976021664879227e-15,21,4
130,static_4,4,False,,1.302733133778852,0.2169953701755989,20,1
130,adaptive_4,4,True,1.0000000000000004,1.0000000000000004,1.1102230246251565e-16,31,4
130,static_8,8,False,,1.092203948130032,0.11853763920493732,40,1
130,adaptive_8,8,True,1.0000000000000004,1.0000000000000004,7.771561172376096e-16,51,5
130,full_disclosure,18,True,1.0,1.0,5.551115123125783e-16,90,1
131,static_1,1,False,,1.899871328835992,0.8234046356917153,5,1
131,adaptive_1,1,True,0.9999999999999998,0.9999999999999998,2.220446049250313e-16,21,5
131,static_2,2,False,,1.2071910443656828,0.3180040648437268,10,1
131,adaptive_2,2,True,0.9999999999999997,0.9999999999999997,6.661338147750939e-16,24,5
131,static_4,4,False,,1.0911996262080148,0.17116537482439664,20,1
131,adaptive_4,4,True,0.9999999999999998,0.9999999999999998,3.3306690738754696e-16,27,4
131,static_8,8,False,,1.0010873306251291,0.010634104778081799,40,1
131,adaptive_8,8,True,0.9999999999999998,0.9999999999999998,8.881784197001252e-16,42,2
131,full_disclosure,18,True,1.0,1.0,7.771561172376096e-16,90,1
132,static_1,1,False,,1.5139297006264485,0.6401757559163129,5,1
132,adaptive_1,1,True,1.0000000000000009,1.0000000000000009,7.771561172376096e-16,27,9
132,static_2,2,False,,1.319036720601498,0.5823083146862728,10,1
132,adaptive_2,2,True,1.0000000000000002,1.0000000000000002,3.3306690738754696e-16,29,8
132,static_4,4,False,,1.1925167653767657,0.5389781956650123,20,1
132,adaptive_4,4,True,1.0000000000000002,1.0000000000000002,4.440892098500626e-16,35,7
132,static_8,8,False,,1.0433115542476703,0.1611679283638442,40,1
132,adaptive_8,8,True,1.0000000000000002,1.0000000000000002,2.220446049250313e-16,50,6
132,full_disclosure,18,True,1.0,1.0,2.220446049250313e-16,90,1
133,static_1,1,False,,1.8912753992056717,0.8343649353000536,5,1
133,adaptive_1,1,True,1.0000000000000002,1.0000000000000002,1.1102230246251565e-16,22,5
133,static_2,2,False,,1.4624246908214305,0.46563483717019327,10,1
133,adaptive_2,2,True,0.9999999999999998,0.9999999999999998,1.1102230246251565e-16,26,5
133,static_4,4,False,,1.1482057738174376,0.372725679317529,20,1
133,adaptive_4,4,True,1.0000000000000002,1.0000000000000002,2.220446049250313e-16,33,5
133,static_8,8,False,,1.057257340135082,0.1867611000400201,40,1
133,adaptive_8,8,True,1.0000000000000004,1.0000000000000004,3.885780586188048e-16,47,3
133,full_disclosure,18,True,1.0,1.0,1.1102230246251565e-16,90,1
134,static_1,1,False,,1.493679043244783,0.6191599360939424,5,1
134,adaptive_1,1,True,1.0,1.0,2.220446049250313e-16,21,6
134,static_2,2,False,,1.4589873353525569,0.6307874180555272,10,1
134,adaptive_2,2,True,1.0,1.0,2.220446049250313e-16,28,7
134,static_4,4,False,,1.0847135453735461,0.2090022517270066,20,1
134,adaptive_4,4,True,1.0000000000000002,1.0000000000000002,3.885780586188048e-16,25,4
134,static_8,8,False,,1.0616107910345989,0.13874681969363623,40,1
134,adaptive_8,8,True,0.9999999999999998,0.9999999999999998,2.220446049250313e-16,46,4
134,full_disclosure,18,True,1.0,1.0,1.0547118733938987e-15,90,1
135,static_1,1,False,,1.3836134684477661,0.3918627119795728,5,1
135,adaptive_1,1,True,1.0,1.0,2.220446049250313e-16,16,4
135,static_2,2,False,,1.5690010446410758,0.5959184982567356,10,1
135,adaptive_2,2,True,1.0,1.0,4.440892098500626e-16,27,6
135,static_4,4,False,,1.312724849141791,0.30221876799936387,20,1
135,adaptive_4,4,True,0.9999999999999998,0.9999999999999998,1.1102230246251565e-16,32,5
135,static_8,8,False,,1.0748987502506586,0.1499773676613293,40,1
135,adaptive_8,8,True,0.9999999999999998,0.9999999999999998,1.1102230246251565e-16,48,4
135,full_disclosure,18,True,1.0,1.0,2.220446049250313e-16,90,1
136,static_1,1,False,,1.6537187894863548,0.719784087359219,5,1
136,adaptive_1,1,True,1.0000000000000002,1.0000000000000002,2.220446049250313e-16,18,5
136,static_2,2,False,,1.1164094070188189,0.3656174311371321,10,1
136,adaptive_2,2,True,1.0000000000000002,1.0000000000000002,2.220446049250313e-16,25,6
136,static_4,4,False,,1.3574239820141614,0.4250867297381449,20,1
136,adaptive_4,4,True,1.0000000000000002,1.0000000000000002,2.220446049250313e-16,30,4
136,static_8,8,False,,1.09240455561525,0.2122459491527371,40,1
136,adaptive_8,8,True,1.0000000000000002,1.0000000000000002,5.551115123125783e-16,46,3
136,full_disclosure,18,True,1.0,1.0,1.7763568394002505e-15,90,1
137,static_1,1,False,,1.4732278584529708,0.6171565309294295,5,1
137,adaptive_1,1,True,0.9999999999999997,0.9999999999999997,4.440892098500626e-16,20,4
137,static_2,2,False,,1.2903213249590302,0.38465537485807577,10,1
137,adaptive_2,2,True,0.9999999999999996,0.9999999999999996,6.661338147750939e-16,23,4
137,static_4,4,False,,1.2833808812967278,0.3114461128533662,20,1
137,adaptive_4,4,True,0.9999999999999996,0.9999999999999996,2.220446049250313e-16,29,4
137,static_8,8,False,,1.102507149047748,0.1782893141682893,40,1
137,adaptive_8,8,True,1.0000000000000009,1.0000000000000009,1.9984014443252818e-15,47,3
137,full_disclosure,18,True,1.0,1.0,5.551115123125783e-16,90,1
138,static_1,1,False,,1.8256794474236941,0.6845568304682565,5,1
138,adaptive_1,1,True,0.9999999999999996,0.9999999999999996,1.1102230246251565e-16,18,5
138,static_2,2,False,,1.4627897469503763,0.4635524444795433,10,1
138,adaptive_2,2,True,0.9999999999999998,0.9999999999999998,1.6653345369377348e-16,16,3
138,static_4,4,False,,1.2664327335471903,0.3745904235843405,20,1
138,adaptive_4,4,True,0.9999999999999998,0.9999999999999998,1.6653345369377348e-16,30,4
138,static_8,8,False,,1.093163390151261,0.22101710394532376,40,1
138,adaptive_8,8,True,0.9999999999999998,0.9999999999999998,1.1102230246251565e-16,48,4
138,full_disclosure,18,True,1.0,1.0,3.3306690738754696e-16,90,1
139,static_1,1,False,,1.6553831448971386,0.693877845785355,5,1
139,adaptive_1,1,True,1.0000000000000004,1.0000000000000004,1.1102230246251565e-16,19,5
139,static_2,2,False,,1.4721001464622094,0.6866842927456702,10,1
139,adaptive_2,2,True,1.0000000000000004,1.0000000000000004,1.6653345369377348e-16,24,5
139,static_4,4,False,,1.3031699900475757,0.27320795450321284,20,1
139,adaptive_4,4,True,1.0000000000000007,1.0000000000000007,4.440892098500626e-16,33,5
139,static_8,8,False,,1.167036345512124,0.27592449263469926,40,1
139,adaptive_8,8,True,0.9999999999999994,0.9999999999999994,4.440892098500626e-16,48,4
139,full_disclosure,18,True,1.0,1.0,1.1102230246251565e-16,90,1
140,static_1,1,False,,1.4479766876688231,0.6551427137824496,5,1
140,adaptive_1,1,True,0.9999999999999991,0.9999999999999991,2.220446049250313e-16,20,6
140,static_2,2,False,,1.278701238454493,0.7220021692808937,10,1
140,adaptive_2,2,True,0.9999999999999994,0.9999999999999994,1.1102230246251565e-16,28,6
140,static_4,4,False,,1.172289086287465,0.6273792803914914,20,1
140,adaptive_4,4,True,0.9999999999999994,0.9999999999999994,2.220446049250313e-16,30,3
140,static_8,8,False,,1.0818169060876826,0.26102273560863287,40,1
140,adaptive_8,8,True,0.9999999999999994,0.9999999999999994,2.220446049250313e-16,51,4
140,full_disclosure,18,True,1.0,1.0,1.2212453270876722e-15,90,1
141,static_1,1,False,,1.6732886787182826,0.7886079104877501,5,1
141,adaptive_1,1,True,1.0000000000000002,1.0000000000000002,2.220446049250313e-16,21,6
141,static_2,2,False,,1.2773004267569559,0.5184081000679401,10,1
141,adaptive_2,2,True,1.0000000000000002,1.0000000000000002,3.3306690738754696e-16,25,5
141,static_4,4,False,,1.170093749783641,0.23885497585715676,20,1
141,adaptive_4,4,True,1.0000000000000002,1.0000000000000002,1.1102230246251565e-16,32,4
141,static_8,8,False,,1.0075174217890757,0.06460818882512431,40,1
141,adaptive_8,8,True,1.0,1.0,3.3306690738754696e-16,43,3
141,full_disclosure,18,True,1.0,1.0,1.1102230246251565e-16,90,1
142,static_1,1,False,,1.2742622217715027,0.45107710140093826,5,1
142,adaptive_1,1,True,1.0,1.0,2.7755575615628914e-15,25,5
142,static_2,2,False,,1.3382580106187685,0.40483884562750727,10,1
142,adaptive_2,2,True,0.9999999999999998,0.9999999999999998,3.885780586188048e-16,26,5
142,static_4,4,False,,1.2134131827289776,0.2601087948947942,20,1
142,adaptive_4,4,True,1.0,1.0,1.1102230246251565e-16,29,3
142,static_8,8,False,,1.0619285003506809,0.08607505559890216,40,1
142,adaptive_8,8,True,0.9999999999999996,0.9999999999999996,0.0,46,3
142,full_disclosure,18,True,1.0,1.0,1.6653345369377348e-16,90,1
143,static_1,1,False,,1.45883816704385,0.705627394299108,5,1
143,adaptive_1,1,True,0.9999999999999997,0.9999999999999997,2.220446049250313e-16,24,6
143,static_2,2,False,,1.5040147274632607,0.40671199505449396,10,1
143,adaptive_2,2,True,1.0000000000000002,1.0000000000000002,8.881784197001252e-16,26,5
143,static_4,4,False,,1.1953176511192756,0.2522204623593979,20,1
143,adaptive_4,4,True,1.0,1.0,2.220446049250313e-16,31,4
143,static_8,8,False,,1.0531266904141747,0.19527071678449415,40,1
143,adaptive_8,8,True,0.9999999999999996,0.9999999999999996,1.1102230246251565e-16,45,3
143,full_disclosure,18,True,1.0,1.0,4.440892098500626e-16,90,1
144,static_1,1,False,,1.8260260548810903,0.6881281674271389,5,1
144,adaptive_1,1,True,0.9999999999999991,0.9999999999999991,1.1102230246251565e-16,26,6
144,static_2,2,False,,1.3531273944441,0.40308437795132357,10,1
144,adaptive_2,2,True,0.9999999999999997,0.9999999999999997,1.1102230246251565e-16,26,6
144,static_4,4,False,,1.0805820034795062,0.24377860699666343,20,1
144,adaptive_4,4,True,0.9999999999999993,0.9999999999999993,1.1102230246251565e-16,30,4
144,static_8,8,False,,1.1124757759066375,0.16089590643893525,40,1
144,adaptive_8,8,True,0.9999999999999991,0.9999999999999991,1.1102230246251565e-16,50,4
144,full_disclosure,18,True,1.0,1.0,6.661338147750939e-16,90,1
145,static_1,1,False,,1.496100507915451,0.5645572237468386,5,1
145,adaptive_1,1,True,0.9999999999999998,0.9999999999999998,2.220446049250313e-16,27,6
145,static_2,2,False,,1.1961163527188154,0.2534245625374031,10,1
145,adaptive_2,2,True,0.9999999999999993,0.9999999999999993,0.0,24,4
145,static_4,4,False,,1.1792151466655636,0.22305022666481944,20,1
145,adaptive_4,4,True,0.9999999999999986,0.9999999999999986,4.440892098500626e-16,32,5
145,static_8,8,False,,1.134601582930074,0.16025698862364712,40,1
145,adaptive_8,8,True,0.9999999999999994,0.9999999999999994,5.551115123125783e-16,50,4
145,full_disclosure,18,True,1.0,1.0,7.771561172376096e-16,90,1
146,static_1,1,False,,1.674418652409224,0.8752124197421964,5,1
146,adaptive_1,1,True,0.9999999999999998,0.9999999999999998,1.1102230246251565e-16,21,5
146,static_2,2,False,,1.1576261065650952,0.17466370780626717,10,1
146,adaptive_2,2,True,1.0,1.0,2.220446049250313e-16,20,4
146,static_4,4,False,,1.0925669779900207,0.19777494139136192,20,1
146,adaptive_4,4,True,0.9999999999999998,0.9999999999999998,0.0,30,4
146,static_8,8,False,,1.0071855064970452,0.03584204762314669,40,1
146,adaptive_8,8,True,0.9999999999999998,0.9999999999999998,0.0,44,3
146,full_disclosure,18,True,1.0,1.0,6.661338147750939e-16,90,1
147,static_1,1,False,,1.318194172481564,0.5877443210543883,5,1
147,adaptive_1,1,True,0.9999999999999997,0.9999999999999997,6.661338147750939e-16,19,5
147,static_2,2,False,,1.2569803760073222,0.4004312558801776,10,1
147,adaptive_2,2,True,0.9999999999999999,0.9999999999999999,2.220446049250313e-16,26,5
147,static_4,4,False,,1.0724943329946999,0.15919743205810455,20,1
147,adaptive_4,4,True,0.9999999999999997,0.9999999999999997,3.3306690738754696e-16,31,5
147,static_8,8,False,,1.0461747567325121,0.2004056029974538,40,1
147,adaptive_8,8,True,0.9999999999999999,0.9999999999999999,2.220446049250313e-16,49,4
147,full_disclosure,18,True,1.0,1.0,2.220446049250313e-16,90,1
148,static_1,1,False,,1.4912532394871665,0.639772943319588,5,1
148,adaptive_1,1,True,0.9999999999999998,0.9999999999999998,1.1102230246251565e-16,22,7
148,static_2,2,False,,1.3492518516081913,0.3963725969814733,10,1
148,adaptive_2,2,True,0.9999999999999998,0.9999999999999998,3.3306690738754696e-16,26,6
148,static_4,4,False,,1.1607785916276172,0.29693698687167436,20,1
148,adaptive_4,4,True,1.0000000000000002,1.0000000000000002,2.220446049250313e-16,38,5
148,static_8,8,False,,1.2718016455304668,0.28824823458982607,40,1
148,adaptive_8,8,True,1.0,1.0,4.440892098500626e-16,50,4
148,full_disclosure,18,True,1.0,1.0,2.220446049250313e-16,90,1
149,static_1,1,False,,2.15396487527726,0.9661307143170771,5,1
149,adaptive_1,1,True,1.0000000000000002,1.0000000000000002,2.220446049250313e-16,21,6
149,static_2,2,False,,1.6369245511292672,0.551103705934716,10,1
149,adaptive_2,2,True,1.0,1.0,0.0,29,5
149,static_4,4,False,,1.243795894833142,0.2501187597873695,20,1
149,adaptive_4,4,True,1.0,1.0,1.1102230246251565e-16,28,3
149,static_8,8,False,,1.102170664652972,0.20105560196164163,40,1
149,adaptive_8,8,True,1.0000000000000004,1.0000000000000004,4.440892098500626e-16,47,4
149,full_disclosure,18,True,1.0,1.0,1.1102230246251565e-15,90,1
150,static_1,1,False,,1.8449969469195981,0.7969143592451815,5,1
150,adaptive_1,1,True,1.000000000000001,1.000000000000001,8.881784197001252e-16,19,5
150,static_2,2,False,,1.5354594088749816,0.5324180702442614,10,1
150,adaptive_2,2,True,1.0000000000000009,1.0000000000000009,0.0,25,5
150,static_4,4,False,,1.015257643852737,0.23311966428113762,20,1
150,adaptive_4,4,True,1.0000000000000009,1.0000000000000009,1.2212453270876722e-15,26,4
150,static_8,8,False,,1.0003574234735173,0.007179762639459186,40,1
150,adaptive_8,8,True,1.000000000000001,1.000000000000001,1.6653345369377348e-16,44,2
150,full_disclosure,18,True,1.0,1.0,0.0,90,1
151,static_1,1,False,,1.6619372250605176,0.7075796592166024,5,1
151,adaptive_1,1,True,1.0000000000000002,1.0000000000000002,5.551115123125783e-16,28,7
151,static_2,2,False,,1.3186276447259602,0.5235647030739533,10,1
151,adaptive_2,2,True,1.0,1.0,1.1102230246251565e-16,30,7
151,static_4,4,False,,1.2015962237422673,0.3091515926329279,20,1
151,adaptive_4,4,True,0.9999999999999998,0.9999999999999998,4.440892098500626e-16,37,6
151,static_8,8,False,,1.076779546764592,0.23578880859884882,40,1
151,adaptive_8,8,True,1.0000000000000004,1.0000000000000004,1.3322676295501878e-15,47,3
151,full_disclosure,18,True,1.0,1.0,1.3322676295501878e-15,90,1
152,static_1,1,False,,2.1855696213002958,1.0549566609198424,5,1
152,adaptive_1,1,True,0.9999999999999994,0.9999999999999994,1.0547118733938987e-15,25,6
152,static_2,2,False,,1.1287842977703784,0.31293760374644675,10,1
152,adaptive_2,2,True,1.0000000000000002,1.0000000000000002,5.551115123125783e-16,28,6
152,static_4,4,False,,1.3059250116549417,0.2687314983500784,20,1
152,adaptive_4,4,True,1.0,1.0,3.885780586188048e-16,35,4
152,static_8,8,False,,1.1134215498064342,0.13094468844654533,40,1
152,adaptive_8,8,True,1.0,1.0,4.440892098500626e-16,44,3
152,full_disclosure,18,True,1.0,1.0,7.216449660063518e-16,90,1
153,static_1,1,False,,1.4989379718172533,0.6105605307349501,5,1
153,adaptive_1,1,True,0.9999999999999996,0.9999999999999996,0.0,22,6
153,static_2,2,False,,1.2484329180830904,0.5415822119428118,10,1
153,adaptive_2,2,True,1.0,1.0,6.661338147750939e-16,24,5
153,static_4,4,False,,1.1434350299485896,0.15491473283460222,20,1
153,adaptive_4,4,True,1.0,1.0,2.220446049250313e-16,33,4
153,static_8,8,False,,1.0926351747514753,0.20233805057036458,40,1
153,adaptive_8,8,True,1.0,1.0,1.4432899320127035e-15,46,3
153,full_disclosure,18,True,1.0,1.0,1.6653345369377348e-16,90,1
154,static_1,1,False,,1.688003450324111,0.8120391453511033,5,1
154,adaptive_1,1,True,0.9999999999999998,0.9999999999999998,1.1102230246251565e-16,20,4
154,static_2,2,False,,1.577394947293622,0.8337343289107073,10,1
154,adaptive_2,2,True,0.9999999999999998,0.9999999999999998,2.220446049250313e-16,28,6
154,static_4,4,False,,1.1076301628648708,0.26895748143996057,20,1
154,adaptive_4,4,True,0.9999999999999997,0.9999999999999997,1.1102230246251565e-16,29,5
154,static_8,8,False,,1.076284522753203,0.131681340546966,40,1
154,adaptive_8,8,True,1.0,1.0,1.0547118733938987e-15,50,4
154,full_disclosure,18,True,1.0,1.0,3.3306690738754696e-16,90,1
155,static_1,1,False,,1.5632965642348282,0.6892979756688052,5,1
155,adaptive_1,1,True,0.9999999999999997,0.9999999999999997,4.440892098500626e-16,20,6
155,static_2,2,False,,1.2537258852996047,0.3970629560711118,10,1
155,adaptive_2,2,True,0.9999999999999997,0.9999999999999997,5.551115123125783e-16,31,7
155,static_4,4,False,,1.1857771934084003,0.21367791916135404,20,1
155,adaptive_4,4,True,0.9999999999999994,0.9999999999999994,2.220446049250313e-16,35,5
155,static_8,8,False,,1.0534545580010064,0.09878170738150083,40,1
155,adaptive_8,8,True,0.9999999999999997,0.9999999999999997,3.3306690738754696e-16,46,4
155,full_disclosure,18,True,1.0,1.0,6.661338147750939e-16,90,1
156,static_1,1,False,,1.872309022854204,0.8157794574903621,5,1
156,adaptive_1,1,True,1.0000000000000002,1.0000000000000002,1.1102230246251565e-16,23,6
156,static_2,2,False,,1.4440707628570748,0.4926947754274823,10,1
156,adaptive_2,2,True,0.9999999999999997,0.9999999999999997,-1.1102230246251565e-16,30,6
156,static_4,4,False,,1.2111181462001197,0.2570539189645361,20,1
156,adaptive_4,4,True,1.0,1.0,1.1102230246251565e-16,32,4
156,static_8,8,False,,1.0666001166437888,0.113967061678524,40,1
156,adaptive_8,8,True,1.0,1.0,0.0,47,3
156,full_disclosure,18,True,1.0,1.0,7.771561172376096e-16,90,1
157,static_1,1,False,,1.9167336224776201,0.7446020739038367,5,1
157,adaptive_1,1,True,1.0000000000000002,1.0000000000000002,1.1102230246251565e-16,18,5
157,static_2,2,False,,1.2841428195735078,0.5135341287842567,10,1
157,adaptive_2,2,True,0.9999999999999999,0.9999999999999999,2.6645352591003757e-15,27,6
157,static_4,4,False,,1.1540223896268675,0.3180668412023193,20,1
157,adaptive_4,4,True,1.0000000000000004,1.0000000000000004,4.440892098500626e-16,35,5
157,static_8,8,False,,1.0804651173339723,0.11623777000358748,40,1
157,adaptive_8,8,True,1.0000000000000002,1.0000000000000002,6.661338147750939e-16,47,4
157,full_disclosure,18,True,1.0,1.0,6.661338147750939e-16,90,1
158,static_1,1,False,,1.3553235387414526,0.6411666055734596,5,1
158,adaptive_1,1,True,0.9999999999999997,0.9999999999999997,3.3306690738754696e-16,18,4
158,static_2,2,False,,1.274258779944159,0.36476560909586153,10,1
158,adaptive_2,2,True,0.9999999999999996,0.9999999999999996,3.3306690738754696e-16,24,4
158,static_4,4,False,,1.1394995537309829,0.2655149680437092,20,1
158,adaptive_4,4,True,0.9999999999999996,0.9999999999999996,3.3306690738754696e-16,34,4
158,static_8,8,False,,1.0869682712026147,0.12761329065636173,40,1
158,adaptive_8,8,True,0.9999999999999999,0.9999999999999999,2.220446049250313e-16,48,5
158,full_disclosure,18,True,1.0,1.0,6.661338147750939e-16,90,1
159,static_1,1,False,,1.2856462328637146,0.4403038548279798,5,1
159,adaptive_1,1,True,1.0000000000000004,1.0000000000000004,5.551115123125783e-16,22,6
159,static_2,2,False,,1.1569259331375723,0.40100072609379,10,1
159,adaptive_2,2,True,1.0000000000000004,1.0000000000000004,2.220446049250313e-16,30,7
159,static_4,4,False,,1.1053820251225308,0.12622741794054015,20,1
159,adaptive_4,4,True,1.0000000000000004,1.0000000000000004,3.3306690738754696e-16,32,5
159,static_8,8,False,,1.0275558748427398,0.09486898827137569,40,1
159,adaptive_8,8,True,0.9999999999999998,0.9999999999999998,0.0,45,3
159,full_disclosure,18,True,1.0,1.0,1.3322676295501878e-15,90,1
160,static_1,1,False,,1.3597492849616453,0.5296817499145201,5,1
160,adaptive_1,1,True,0.9999999999999998,0.9999999999999998,4.440892098500626e-16,21,5
160,static_2,2,False,,1.551584559272243,0.6671827140670642,10,1
160,adaptive_2,2,True,0.9999999999999997,0.9999999999999997,1.1102230246251565e-16,26,5
160,static_4,4,False,,1.0360931979511347,0.05629869864204773,20,1
160,adaptive_4,4,True,0.9999999999999994,0.9999999999999994,3.3306690738754696e-16,29,4
160,static_8,8,False,,1.1779351764067476,0.15730146490570462,40,1
160,adaptive_8,8,True,0.9999999999999994,0.9999999999999994,4.440892098500626e-16,48,3
160,full_disclosure,18,True,1.0,1.0,3.885780586188048e-16,90,1
161,static_1,1,False,,1.4720130313861426,0.7004477619488146,5,1
161,adaptive_1,1,True,1.0,1.0,4.440892098500626e-16,19,4
161,static_2,2,False,,1.4522307930620282,0.731799185399913,10,1
161,adaptive_2,2,True,1.0,1.0,5.551115123125783e-17,24,5
161,static_4,4,False,,1.2140732747420286,0.2054913115890653,20,1
161,adaptive_4,4,True,1.0,1.0,3.3306690738754696e-16,29,4
161,static_8,8,False,,1.1358470984364726,0.1502250826189661,40,1
161,adaptive_8,8,True,0.9999999999999994,0.9999999999999994,2.220446049250313e-16,45,3
161,full_disclosure,18,True,1.0,1.0,3.885780586188048e-16,90,1
162,static_1,1,False,,1.6693353365431818,0.49057259069446624,5,1
162,adaptive_1,1,True,1.0,1.0,2.220446049250313e-16,23,5
162,static_2,2,False,,1.311436355044343,0.4915942968637914,10,1
162,adaptive_2,2,True,0.9999999999999998,0.9999999999999998,3.3306690738754696e-16,25,5
162,static_4,4,False,,1.0817389522958387,0.3021217025703998,20,1
162,adaptive_4,4,True,0.9999999999999998,0.9999999999999998,2.220446049250313e-16,31,4
162,static_8,8,False,,1.0011308202815865,0.010936464599549334,40,1
162,adaptive_8,8,True,1.0000000000000002,1.0000000000000002,8.881784197001252e-16,43,4
162,full_disclosure,18,True,1.0,1.0,2.7755575615628914e-16,90,1
163,static_1,1,False,,2.1139441506265686,0.7837046404438834,5,1
163,adaptive_1,1,True,0.9999999999999998,0.9999999999999998,2.220446049250313e-16,28,6
163,static_2,2,False,,1.53897487455291,0.6007038807795297,10,1
163,adaptive_2,2,True,0.9999999999999998,0.9999999999999998,4.440892098500626e-16,27,6
163,static_4,4,False,,1.2872091845502711,0.31966889695462286,20,1
163,adaptive_4,4,True,1.0,1.0,2.220446049250313e-16,35,5
163,static_8,8,False,,1.2168905704711346,0.3041492946902174,40,1
163,adaptive_8,8,True,1.0,1.0,2.220446049250313e-16,49,3
163,full_disclosure,18,True,1.0,1.0,3.3306690738754696e-16,90,1
164,static_1,1,False,,1.635542138166634,0.6150089898393675,5,1
164,adaptive_1,1,True,1.0000000000000004,1.0000000000000004,4.440892098500626e-16,21,5
164,static_2,2,False,,1.2440108071322755,0.6873403311580206,10,1
164,adaptive_2,2,True,0.9999999999999999,0.9999999999999999,6.661338147750939e-16,24,5
164,static_4,4,False,,1.174070750209303,0.23534799016975405,20,1
164,adaptive_4,4,True,1.0000000000000002,1.0000000000000002,2.220446049250313e-16,29,3
164,static_8,8,False,,1.0816489506603992,0.11535840582054002,40,1
164,adaptive_8,8,True,0.9999999999999999,0.9999999999999999,6.661338147750939e-16,47,3
164,full_disclosure,18,True,1.0,1.0,3.3306690738754696e-16,90,1
165,static_1,1,False,,1.6792511681908648,0.8335175575875596,5,1
165,adaptive_1,1,True,0.9999999999999993,0.9999999999999993,6.661338147750939e-16,22,5
165,static_2,2,False,,1.360717533074908,0.7098283834086636,10,1
165,adaptive_2,2,True,1.0000000000000002,1.0000000000000002,3.3306690738754696e-16,26,5
165,static_4,4,False,,1.1133855485827082,0.1690405267789521,20,1
165,adaptive_4,4,True,0.9999999999999991,0.9999999999999991,6.661338147750939e-16,29,3
165,static_8,8,False,,1.1113257441342963,0.19653574681539188,40,1
165,adaptive_8,8,True,1.0,1.0,5.551115123125783e-16,47,3
165,full_disclosure,18,True,1.0,1.0,1.1102230246251565e-15,90,1
166,static_1,1,False,,1.3629036867927162,0.5724928137445668,5,1
166,adaptive_1,1,True,0.9999999999999981,0.9999999999999981,2.220446049250313e-16,21,5
166,static_2,2,False,,1.2454622972955403,0.44693198933215683,10,1
166,adaptive_2,2,True,0.9999999999999979,0.9999999999999979,2.220446049250313e-16,29,7
166,static_4,4,False,,1.18104237604879,0.4364524217757497,20,1
166,adaptive_4,4,True,0.9999999999999979,0.9999999999999979,1.1102230246251565e-16,28,3
166,static_8,8,False,,1.0430197220434825,0.15445161371404348,40,1
166,adaptive_8,8,True,0.9999999999999981,0.9999999999999981,6.661338147750939e-16,46,3
166,full_disclosure,18,True,1.0,1.0,2.7755575615628914e-15,90,1
167,static_1,1,False,,2.109664346042021,0.933132384057415,5,1
167,adaptive_1,1,True,1.0000000000000004,1.0000000000000004,6.661338147750939e-16,18,5
167,static_2,2,False,,1.1212501331563431,0.3460028152578263,10,1
167,adaptive_2,2,True,0.9999999999999998,0.9999999999999998,1.1102230246251565e-16,28,5
167,static_4,4,False,,1.2589864337170005,0.23852168548390906,20,1
167,adaptive_4,4,True,0.9999999999999994,0.9999999999999994,4.440892098500626e-16,30,3
167,static_8,8,False,,1.0266001109675915,0.08394451240002077,40,1
167,adaptive_8,8,True,0.9999999999999998,0.9999999999999998,4.440892098500626e-16,48,4
167,full_disclosure,18,True,1.0,1.0,4.440892098500626e-16,90,1
168,static_1,1,False,,1.4471379352791642,0.5695515600578951,5,1
168,adaptive_1,1,True,0.9999999999999997,0.9999999999999997,0.0,23,5
168,static_2,2,False,,1.4651225805832675,0.5378966558233448,10,1
168,adaptive_2,2,True,1.0,1.0,2.220446049250313e-16,22,4
168,static_4,4,False,,1.1052504313541256,0.18619317341784503,20,1
168,adaptive_4,4,True,1.0,1.0,1.1102230246251565e-16,32,4
168,static_8,8,False,,1.027779971419409,0.07230539276274583,40,1
168,adaptive_8,8,True,1.0000000000000002,1.0000000000000002,4.440892098500626e-16,45,3
168,full_disclosure,18,True,1.0,1.0,2.7755575615628914e-16,90,1
169,static_1,1,False,,1.5492756493342545,0.6648961990665043,5,1
169,adaptive_1,1,True,1.0,1.0,2.220446049250313e-16,21,5
169,static_2,2,False,,1.3116941992307334,0.44685080194341475,10,1
169,adaptive_2,2,True,0.9999999999999998,0.9999999999999998,3.3306690738754696e-16,24,5
169,static_4,4,False,,1.1149275099318825,0.23526278724593208,20,1
169,adaptive_4,4,True,0.9999999999999998,0.9999999999999998,1.1102230246251565e-16,29,4
169,static_8,8,False,,1.0406236021672723,0.09243321830599283,40,1
169,adaptive_8,8,True,0.9999999999999998,0.9999999999999998,1.1102230246251565e-16,45,3
169,full_disclosure,18,True,1.0,1.0,8.881784197001252e-16,90,1
170,static_1,1,False,,1.9160660018122373,0.8369438544714954,5,1
170,adaptive_1,1,True,0.9999999999999987,0.9999999999999987,-1.1102230246251565e-16,17,4
170,static_2,2,False,,1.1658686925958004,0.34837894587866935,10,1
170,adaptive_2,2,True,1.0,1.0,2.220446049250313e-16,21,4
170,static_4,4,False,,1.1620307186860528,0.4203097463000759,20,1
170,adaptive_4,4,True,1.0000000000000002,1.0000000000000002,5.551115123125783e-17,33,4
170,static_8,8,False,,1.0392169300517047,0.12177770181874348,40,1
170,adaptive_8,8,True,1.0000000000000002,1.0000000000000002,4.440892098500626e-16,45,3
170,full_disclosure,18,True,1.0,1.0,3.3306690738754696e-16,90,1
171,static_1,1,False,,1.6216980771000014,0.7115517361658882,5,1
171,adaptive_1,1,True,1.0,1.0,2.220446049250313e-16,20,5
171,static_2,2,False,,1.148925561297907,0.3955331299895442,10,1
171,adaptive_2,2,True,1.0,1.0,1.4432899320127035e-15,26,5
171,static_4,4,False,,1.2797700803818823,0.26938423633335506,20,1
171,adaptive_4,4,True,1.0000000000000002,1.0000000000000002,8.881784197001252e-16,31,4
171,static_8,8,False,,1.0530029749038614,0.13875596554216657,40,1
171,adaptive_8,8,True,0.9999999999999998,0.9999999999999998,0.0,48,3
171,full_disclosure,18,True,1.0,1.0,2.220446049250313e-16,90,1
172,static_1,1,False,,2.228971857725128,0.8869331366977645,5,1
172,adaptive_1,1,True,0.9999999999999997,0.9999999999999997,1.4988010832439613e-15,18,4
172,static_2,2,False,,1.5794186219137347,0.4797031832664189,10,1
172,adaptive_2,2,True,0.9999999999999997,0.9999999999999997,2.220446049250313e-16,27,5
172,static_4,4,False,,1.2205491077905863,0.22425364636121847,20,1
172,adaptive_4,4,True,0.9999999999999991,0.9999999999999991,6.661338147750939e-16,31,4
172,static_8,8,False,,1.1769186111154912,0.24021335523445286,40,1
172,adaptive_8,8,True,0.9999999999999993,0.9999999999999993,5.551115123125783e-17,45,3
172,full_disclosure,18,True,1.0,1.0,2.4980018054066022e-15,90,1
173,static_1,1,False,,1.3572591643218639,0.4648737965762354,5,1
173,adaptive_1,1,True,1.0,1.0,2.220446049250313e-16,24,6
173,static_2,2,False,,1.3945832603292165,0.5480246451709629,10,1
173,adaptive_2,2,True,1.0000000000000004,1.0000000000000004,7.771561172376096e-16,33,6
173,static_4,4,False,,1.197411321567617,0.18986482037984742,20,1
173,adaptive_4,4,True,1.0,1.0,8.881784197001252e-16,35,5
173,static_8,8,False,,1.0064092922909902,0.026576440243643695,40,1
173,adaptive_8,8,True,0.9999999999999993,0.9999999999999993,4.440892098500626e-16,46,3
173,full_disclosure,18,True,1.0,1.0,3.3306690738754696e-16,90,1
174,static_1,1,False,,1.7230697688630128,0.5876355899885966,5,1
174,adaptive_1,1,True,0.9999999999999997,0.9999999999999997,0.0,18,4
174,static_2,2,False,,1.2051424755296611,0.34109981531854083,10,1
174,adaptive_2,2,True,0.9999999999999994,0.9999999999999994,2.220446049250313e-16,18,3
174,static_4,4,False,,1.1481485709096115,0.22617914378102055,20,1
174,adaptive_4,4,True,0.9999999999999998,0.9999999999999998,0.0,30,4
174,static_8,8,False,,1.0533919252672,0.17399279648505117,40,1
174,adaptive_8,8,True,0.9999999999999994,0.9999999999999994,0.0,43,2
174,full_disclosure,18,True,1.0,1.0,1.1102230246251565e-15,90,1
175,static_1,1,False,,2.0774887744632373,0.7463062116240261,5,1
175,adaptive_1,1,True,1.0000000000000004,1.0000000000000004,5.551115123125783e-17,20,4
175,static_2,2,False,,1.220959918820593,0.237073232561892,10,1
175,adaptive_2,2,True,1.0000000000000002,1.0000000000000002,0.0,22,5
175,static_4,4,False,,1.06336656336782,0.21479042954502037,20,1
175,adaptive_4,4,True,1.0000000000000002,1.0000000000000002,2.7755575615628914e-16,27,3
175,static_8,8,False,,1.0405916366062609,0.17296569181714005,40,1
175,adaptive_8,8,True,1.0000000000000004,1.0000000000000004,2.220446049250313e-16,46,3
175,full_disclosure,18,True,1.0,1.0,4.996003610813204e-16,90,1
176,static_1,1,False,,2.084991003672125,0.7391107675705731,5,1
176,adaptive_1,1,True,1.0000000000000002,1.0000000000000002,7.771561172376096e-16,27,6
176,static_2,2,False,,1.3476342165733564,0.3686422082631984,10,1
176,adaptive_2,2,True,1.0000000000000002,1.0000000000000002,1.1102230246251565e-16,27,6
176,static_4,4,False,,1.0943634144381102,0.3586891114929912,20,1
176,adaptive_4,4,True,0.9999999999999999,0.9999999999999999,2.220446049250313e-16,34,5
176,static_8,8,False,,1.089269924949188,0.3998959799043884,40,1
176,adaptive_8,8,True,1.0000000000000002,1.0000000000000002,2.220446049250313e-16,49,5
176,full_disclosure,18,True,1.0,1.0,1.1102230246251565e-16,90,1
177,static_1,1,False,,2.1964364224846746,0.7942680790751999,5,1
177,adaptive_1,1,True,1.0000000000000002,1.0000000000000002,3.3306690738754696e-16,21,5
177,static_2,2,False,,1.4224380805009817,0.3957490900306846,10,1
177,adaptive_2,2,True,1.0,1.0,1.1102230246251565e-16,27,5
177,static_4,4,False,,1.1832643131138263,0.13641256023696507,20,1
177,adaptive_4,4,True,1.0,1.0,1.3877787807814457e-15,28,3
177,static_8,8,False,,1.1451920710281158,0.15476715351198522,40,1
177,adaptive_8,8,True,1.0,1.0,1.1102230246251565e-16,48,3
177,full_disclosure,18,True,1.0,1.0,4.440892098500626e-16,90,1
178,static_1,1,False,,1.7526598761485603,0.8007146847102733,5,1
178,adaptive_1,1,True,0.9999999999999998,0.9999999999999998,2.7755575615628914e-16,23,6
178,static_2,2,False,,1.497505828990602,0.5140626380399235,10,1
178,adaptive_2,2,True,0.9999999999999998,0.9999999999999998,4.440892098500626e-16,23,4
178,static_4,4,False,,1.4143992952583209,0.5014074228712373,20,1
178,adaptive_4,4,True,1.0,1.0,9.43689570931383e-16,31,4
178,static_8,8,False,,1.036002222481734,0.1398223675027988,40,1
178,adaptive_8,8,True,0.9999999999999994,0.9999999999999994,1.27675647831893e-15,46,3
178,full_disclosure,18,True,1.0,1.0,8.881784197001252e-16,90,1
179,static_1,1,False,,1.29071487397252,0.29505496365673345,5,1
179,adaptive_1,1,True,0.9999999999999997,0.9999999999999997,1.1102230246251565e-16,19,5
179,static_2,2,False,,1.3669286056436745,0.3766642893803829,10,1
179,adaptive_2,2,True,0.9999999999999994,0.9999999999999994,0.0,20,4
179,static_4,4,False,,1.107379467847623,0.2742818563926456,20,1
179,adaptive_4,4,True,0.9999999999999996,0.9999999999999996,0.0,28,3
179,static_8,8,False,,1.0506552386924353,0.19953649038046262,40,1
179,adaptive_8,8,True,0.9999999999999999,0.9999999999999999,1.1102230246251565e-16,44,3
179,full_disclosure,18,True,1.0,1.0,6.661338147750939e-16,90,1
180,static_1,1,False,,1.636774310894175,0.6614323743631266,5,1
180,adaptive_1,1,True,1.0,1.0,2.220446049250313e-16,20,5
180,static_2,2,False,,1.2728750696515465,0.5673466128595703,10,1
180,adaptive_2,2,True,0.9999999999999999,0.9999999999999999,2.220446049250313e-16,25,6
180,static_4,4,False,,1.3601827489001432,0.4956814462339636,20,1
180,adaptive_4,4,True,0.9999999999999994,0.9999999999999994,-1.1102230246251565e-16,30,4
180,static_8,8,False,,1.0868449181764563,0.1709466442111276,40,1
180,adaptive_8,8,True,1.0,1.0,6.661338147750939e-16,43,2
180,full_disclosure,18,True,1.0,1.0,3.3306690738754696e-16,90,1
181,static_1,1,False,,1.336041514003576,0.3743691756672566,5,1
181,adaptive_1,1,True,1.0,1.0,2.220446049250313e-16,21,6
181,static_2,2,False,,1.152913595865855,0.21558308642117385,10,1
181,adaptive_2,2,True,1.0000000000000002,1.0000000000000002,0.0,20,4
181,static_4,4,False,,1.1656598234927595,0.20908849769893556,20,1
181,adaptive_4,4,True,1.0,1.0,1.1102230246251565e-16,34,5
181,static_8,8,False,,1.0393124664450724,0.1334186956410197,40,1
181,adaptive_8,8,True,1.0000000000000002,1.0000000000000002,0.0,46,3
181,full_disclosure,18,True,1.0,1.0,7.438494264988549e-15,90,1
182,static_1,1,False,,1.4195417515823918,0.4650956224184606,5,1
182,adaptive_1,1,True,1.0,1.0,8.881784197001252e-16,21,5
182,static_2,2,False,,1.1456424314367775,0.2743961762445132,10,1
182,adaptive_2,2,True,1.0000000000000002,1.0000000000000002,3.3306690738754696e-16,21,5
182,static_4,4,False,,1.143878706766285,0.41325459515723884,20,1
182,adaptive_4,4,True,0.9999999999999999,0.9999999999999999,2.220446049250313e-16,28,3
182,static_8,8,False,,1.0019447623701183,0.024881594596059542,40,1
182,adaptive_8,8,True,1.0,1.0,0.0,41,2
182,full_disclosure,18,True,1.0,1.0,3.3306690738754696e-16,90,1
183,static_1,1,False,,1.5615462287738378,0.6109810626854003,5,1
183,adaptive_1,1,True,1.0000000000000009,1.0000000000000009,7.771561172376096e-16,20,6
183,static_2,2,False,,1.338611949982886,0.36003077480914425,10,1
183,adaptive_2,2,True,1.0000000000000004,1.0000000000000004,3.3306690738754696e-16,25,5
183,static_4,4,False,,1.2026780273415858,0.47824422121141724,20,1
183,adaptive_4,4,True,1.0,1.0,3.3306690738754696e-16,36,5
183,static_8,8,False,,1.1020648971821794,0.22729586340744612,40,1
183,adaptive_8,8,True,0.9999999999999998,0.9999999999999998,2.220446049250313e-16,45,3
183,full_disclosure,18,True,1.0,1.0,3.3306690738754696e-16,90,1
184,static_1,1,False,,1.3766099758042059,0.39860398744409065,5,1
184,adaptive_1,1,True,1.0000000000000002,1.0000000000000002,0.0,17,4
184,static_2,2,False,,1.6045665418705655,0.44389306394435346,10,1
184,adaptive_2,2,True,1.0,1.0,3.3306690738754696e-16,21,4
184,static_4,4,False,,1.3031539395851492,0.29741933674363263,20,1
184,adaptive_4,4,True,1.0000000000000002,1.0000000000000002,0.0,31,4
184,static_8,8,False,,1.1950730925465176,0.21487401273311768,40,1
184,adaptive_8,8,True,1.0,1.0,1.1102230246251565e-16,48,4
184,full_disclosure,18,True,1.0,1.0,0.0,90,1
185,static_1,1,False,,2.0594540595607804,0.839269021664212,5,1
185,adaptive_1,1,True,0.9999999999999998,0.9999999999999998,3.3306690738754696e-16,23,7
185,static_2,2,False,,1.22550835769801,0.3195338481793144,10,1
185,adaptive_2,2,True,1.0,1.0,1.1102230246251565e-16,19,3
185,static_4,4,False,,1.1340599325684575,0.09769229947526625,20,1
185,adaptive_4,4,True,0.9999999999999994,0.9999999999999994,0.0,29,4
185,static_8,8,False,,1.0296069407388408,0.10813858594309744,40,1
185,adaptive_8,8,True,0.9999999999999996,0.9999999999999996,1.1102230246251565e-16,46,3
185,full_disclosure,18,True,1.0,1.0,1.1102230246251565e-16,90,1
186,static_1,1,False,,1.9387113396114717,0.6833488467132669,5,1
186,adaptive_1,1,True,1.0000000000000002,1.0000000000000002,0.0,22,6
186,static_2,2,False,,1.7886824562488435,0.6453612843815897,10,1
186,adaptive_2,2,True,1.0,1.0,2.220446049250313e-16,30,6
186,static_4,4,False,,1.196806324727053,0.334595730174979,20,1
186,adaptive_4,4,True,1.0,1.0,2.220446049250313e-16,27,4
186,static_8,8,False,,1.101894446491471,0.20092357614941292,40,1
186,adaptive_8,8,True,1.0,1.0,0.0,44,3
186,full_disclosure,18,True,1.0,1.0,0.0,90,1
187,static_1,1,False,,1.4863435207188775,0.5205593446743066,5,1
187,adaptive_1,1,True,1.0000000000000004,1.0000000000000004,4.440892098500626e-16,23,5
187,static_2,2,False,,1.2495212608921864,0.43436248831182356,10,1
187,adaptive_2,2,True,1.0000000000000002,1.0000000000000002,3.3306690738754696e-16,25,5
187,static_4,4,False,,1.2551283259614778,0.3947225706669366,20,1
187,adaptive_4,4,True,1.0000000000000002,1.0000000000000002,3.3306690738754696e-16,38,5
187,static_8,8,False,,1.0063470413136602,0.08221649150517357,40,1
187,adaptive_8,8,True,1.0,1.0,2.220446049250313e-16,45,4
187,full_disclosure,18,True,1.0,1.0,5.551115123125783e-17,90,1
188,static_1,1,False,,1.677958245726133,0.6237494366017201,5,1
188,adaptive_1,1,True,1.0,1.0,5.551115123125783e-17,23,6
188,static_2,2,False,,1.3704813489193561,0.5604122020616142,10,1
188,adaptive_2,2,True,0.9999999999999998,0.9999999999999998,2.220446049250313e-16,31,6
188,static_4,4,False,,1.3011304929537648,0.2969378294471856,20,1
188,adaptive_4,4,True,1.0,1.0,8.881784197001252e-16,38,5
188,static_8,8,False,,1.1427176730168234,0.15880274038363662,40,1
188,adaptive_8,8,True,0.9999999999999998,0.9999999999999998,0.0,46,3
188,full_disclosure,18,True,1.0,1.0,8.326672684688674e-16,90,1
189,static_1,1,False,,1.8201178598931926,0.8552677507721825,5,1
189,adaptive_1,1,True,1.0000000000000002,1.0000000000000002,4.440892098500626e-16,22,5
189,static_2,2,False,,1.4665158865562549,0.618094592783723,10,1
189,adaptive_2,2,True,0.9999999999999999,0.9999999999999999,1.1102230246251565e-16,27,5
189,static_4,4,False,,1.0765701079521475,0.16574352238891332,20,1
189,adaptive_4,4,True,0.9999999999999999,0.9999999999999999,3.3306690738754696e-16,29,5
189,static_8,8,False,,1.0336925525106406,0.11596166245634942,40,1
189,adaptive_8,8,True,1.0000000000000002,1.0000000000000002,3.3306690738754696e-16,46,4
189,full_disclosure,18,True,1.0,1.0,4.440892098500626e-16,90,1
190,static_1,1,False,,1.3003156723982094,0.56210598026392,5,1
190,adaptive_1,1,True,0.9999999999999998,0.9999999999999998,0.0,16,4
190,static_2,2,False,,1.4284832714658533,0.30980293733348263,10,1
190,adaptive_2,2,True,1.0,1.0,1.1102230246251565e-16,22,5
190,static_4,4,False,,1.093298128190612,0.13479845261549783,20,1
190,adaptive_4,4,True,1.0,1.0,4.440892098500626e-16,25,3
190,static_8,8,False,,1.0095464192196257,0.01857819342356054,40,1
190,adaptive_8,8,True,1.0,1.0,1.6653345369377348e-16,42,2
190,full_disclosure,18,True,1.0,1.0,3.3306690738754696e-16,90,1
191,static_1,1,False,,1.4287337315828101,0.7055506466345343,5,1
191,adaptive_1,1,True,1.000000000000001,1.000000000000001,2.220446049250313e-16,20,5
191,static_2,2,False,,1.3338463633760866,0.4241934139551007,10,1
191,adaptive_2,2,True,1.0000000000000007,1.0000000000000007,-1.1102230246251565e-16,25,5
191,static_4,4,False,,1.2919874530812507,0.3553386855895413,20,1
191,adaptive_4,4,True,1.0000000000000007,1.0000000000000007,1.1102230246251565e-16,35,5
191,static_8,8,False,,1.0163453807935219,0.055447629729196035,40,1
191,adaptive_8,8,True,1.0000000000000007,1.0000000000000007,2.220446049250313e-16,43,3
191,full_disclosure,18,True,1.0,1.0,1.1102230246251565e-16,90,1
192,static_1,1,False,,1.4698166483528479,0.5930562683188207,5,1
192,adaptive_1,1,True,1.0000000000000002,1.0000000000000002,2.220446049250313e-16,27,7
192,static_2,2,False,,1.455388880483535,0.5912723837601034,10,1
192,adaptive_2,2,True,0.9999999999999998,0.9999999999999998,1.1102230246251565e-16,26,6
192,static_4,4,False,,1.1955424831724155,0.23615916747563193,20,1
192,adaptive_4,4,True,0.9999999999999998,0.9999999999999998,4.440892098500626e-16,30,4
192,static_8,8,False,,1.0838841617748294,0.1119793848569487,40,1
192,adaptive_8,8,True,1.0000000000000002,1.0000000000000002,2.220446049250313e-16,50,4
192,full_disclosure,18,True,1.0,1.0,3.3306690738754696e-16,90,1
193,static_1,1,False,,1.8786487772527478,0.850353482557501,5,1
193,adaptive_1,1,True,1.0000000000000002,1.0000000000000002,3.3306690738754696e-16,23,5
193,static_2,2,False,,1.628842213633389,0.6644931286302052,10,1
193,adaptive_2,2,True,0.9999999999999993,0.9999999999999993,0.0,27,5
193,static_4,4,False,,1.1768967934883379,0.3648418774402474,20,1
193,adaptive_4,4,True,1.0,1.0,4.440892098500626e-16,31,4
193,static_8,8,False,,1.0889951218584717,0.11693927835526408,40,1
193,adaptive_8,8,True,1.0000000000000007,1.0000000000000007,4.440892098500626e-16,49,4
193,full_disclosure,18,True,1.0,1.0,1.1102230246251565e-16,90,1
194,static_1,1,False,,1.6233281007600524,0.8133780526823771,5,1
194,adaptive_1,1,True,0.9999999999999999,0.9999999999999999,4.440892098500626e-16,22,5
194,static_2,2,False,,1.2903011178009007,0.5140574346785778,10,1
194,adaptive_2,2,True,0.9999999999999999,0.9999999999999999,1.1102230246251565e-16,23,5
194,static_4,4,False,,1.0842471555731485,0.17282989398696946,20,1
194,adaptive_4,4,True,1.0,1.0,3.3306690738754696e-16,31,4
194,static_8,8,False,,1.05544965364344,0.09213309852217,40,1
194,adaptive_8,8,True,0.9999999999999999,0.9999999999999999,0.0,48,4
194,full_disclosure,18,True,1.0,1.0,9.992007221626409e-16,90,1
195,static_1,1,False,,1.404549318716767,0.6613429371929956,5,1
195,adaptive_1,1,True,0.9999999999999997,0.9999999999999997,4.440892098500626e-16,26,6
195,static_2,2,False,,1.3513423055592488,0.5412402330276787,10,1
195,adaptive_2,2,True,0.9999999999999993,0.9999999999999993,3.3306690738754696e-16,30,6
195,static_4,4,False,,1.1281232993889236,0.25868120564768743,20,1
195,adaptive_4,4,True,0.9999999999999997,0.9999999999999997,4.440892098500626e-16,35,5
195,static_8,8,False,,1.0666547995320717,0.07238810759730718,40,1
195,adaptive_8,8,True,0.9999999999999993,0.9999999999999993,5.551115123125783e-16,47,3
195,full_disclosure,18,True,1.0,1.0,9.992007221626409e-16,90,1
196,static_1,1,False,,1.1438641958119073,0.43077775977324007,5,1
196,adaptive_1,1,True,0.9999999999999997,0.9999999999999997,3.3306690738754696e-16,21,5
196,static_2,2,False,,1.4900167669267088,0.5074330273228637,10,1
196,adaptive_2,2,True,1.0,1.0,5.551115123125783e-16,22,4
196,static_4,4,False,,1.1706504340654487,0.373814868944097,20,1
196,adaptive_4,4,True,0.9999999999999998,0.9999999999999998,3.3306690738754696e-16,30,5
196,static_8,8,False,,1.0279952084186903,0.20853734651254546,40,1
196,adaptive_8,8,True,0.9999999999999998,0.9999999999999998,2.220446049250313e-16,44,3
196,full_disclosure,18,True,1.0,1.0,4.440892098500626e-16,90,1
197,static_1,1,False,,1.8848652653313251,0.6370875090656248,5,1
197,adaptive_1,1,True,0.9999999999999988,0.9999999999999988,1.1102230246251565e-16,25,7
197,static_2,2,False,,1.3517150038300842,0.4017072260206458,10,1
197,adaptive_2,2,True,0.9999999999999986,0.9999999999999986,4.440892098500626e-16,26,6
197,static_4,4,False,,1.1514903584561142,0.3274362364802009,20,1
197,adaptive_4,4,True,0.9999999999999984,0.9999999999999984,0.0,32,5
197,static_8,8,False,,1.1423769295238975,0.18627341139973808,40,1
197,adaptive_8,8,True,0.9999999999999989,0.9999999999999989,1.6653345369377348e-16,47,3
197,full_disclosure,18,True,1.0,1.0,1.6653345369377348e-15,90,1
198,static_1,1,False,,1.7864095536117959,0.7128511692503242,5,1
198,adaptive_1,1,True,0.9999999999999999,0.9999999999999999,0.0,23,6
198,static_2,2,False,,1.6308705913962185,0.5486282498738494,10,1
198,adaptive_2,2,True,0.9999999999999997,0.9999999999999997,7.771561172376096e-16,27,6
198,static_4,4,False,,1.2096991862072688,0.23278309388234253,20,1
198,adaptive_4,4,True,0.9999999999999997,0.9999999999999997,0.0,31,6
198,static_8,8,False,,1.1161028145307959,0.3471654078526818,40,1
198,adaptive_8,8,True,0.9999999999999999,0.9999999999999999,1.1102230246251565e-16,46,3
198,full_disclosure,18,True,1.0,1.0,4.440892098500626e-16,90,1
199,static_1,1,False,,1.7520389931618439,0.9399634286114269,5,1
199,adaptive_1,1,True,0.9999999999999997,0.9999999999999997,4.996003610813204e-16,22,6
199,static_2,2,False,,1.2609987234770914,0.2752440904935961,10,1
199,adaptive_2,2,True,1.0000000000000004,1.0000000000000004,6.106226635438361e-16,26,5
199,static_4,4,False,,1.1934814906538238,0.24279738946577223,20,1
199,adaptive_4,4,True,1.0000000000000002,1.0000000000000002,1.1102230246251565e-15,34,4
199,static_8,8,False,,1.049803764531179,0.1305570737179606,40,1
199,adaptive_8,8,True,1.0000000000000004,1.0000000000000004,1.6653345369377348e-16,44,3
199,full_disclosure,18,True,1.0,1.0,4.440892098500626e-16,90,1
200,static_1,1,False,,1.5908037493803648,0.7427366498736352,5,1
200,adaptive_1,1,True,1.0000000000000002,1.0000000000000002,1.1102230246251565e-16,21,6
200,static_2,2,False,,1.2589917406531221,0.5547009680976717,10,1
200,adaptive_2,2,True,1.0000000000000002,1.0000000000000002,4.440892098500626e-16,25,5
200,static_4,4,False,,1.0880489377849014,0.3885236417623775,20,1
200,adaptive_4,4,True,1.0000000000000002,1.0000000000000002,4.440892098500626e-16,30,4
200,static_8,8,False,,1.0372048242525425,0.11638223733349862,40,1
200,adaptive_8,8,True,1.0000000000000004,1.0000000000000004,6.661338147750939e-16,48,4
200,full_disclosure,18,True,1.0,1.0,3.3306690738754696e-16,90,1
201,static_1,1,False,,1.4546343484513133,0.6306016872939296,5,1
201,adaptive_1,1,True,1.0,1.0,3.3306690738754696e-16,19,5
201,static_2,2,False,,1.195422563836598,0.24770233209232084,10,1
201,adaptive_2,2,True,0.9999999999999993,0.9999999999999993,-1.1102230246251565e-16,22,4
201,static_4,4,False,,1.179509563667096,0.5466890504317717,20,1
201,adaptive_4,4,True,0.9999999999999993,0.9999999999999993,3.3306690738754696e-16,30,5
201,static_8,8,False,,1.0606058461975088,0.16938952903131932,40,1
201,adaptive_8,8,True,0.9999999999999998,0.9999999999999998,4.440892098500626e-16,44,4
201,full_disclosure,18,True,1.0,1.0,4.440892098500626e-16,90,1
202,static_1,1,False,,1.5400022804733784,0.5480680613615712,5,1
202,adaptive_1,1,True,0.9999999999999998,0.9999999999999998,1.1102230246251565e-16,22,5
202,static_2,2,False,,1.4417053418622128,0.38147471675733846,10,1
202,adaptive_2,2,True,0.9999999999999998,0.9999999999999998,1.1102230246251565e-16,22,4
202,static_4,4,False,,1.1406562556134654,0.2561313115034868,20,1
202,adaptive_4,4,True,0.9999999999999998,0.9999999999999998,2.7755575615628914e-16,28,4
202,static_8,8,False,,1.0224930362059255,0.04882164533030431,40,1
202,adaptive_8,8,True,0.9999999999999998,0.9999999999999998,2.220446049250313e-16,41,2
202,full_disclosure,18,True,1.0,1.0,2.220446049250313e-16,90,1
203,static_1,1,False,,1.613939103252966,0.7559477617850814,5,1
203,adaptive_1,1,True,1.0000000000000002,1.0000000000000002,3.3306690738754696e-16,29,7
203,static_2,2,False,,1.2918167091305923,0.39986662130820627,10,1
203,adaptive_2,2,True,1.0,1.0,2.220446049250313e-16,30,6
203,static_4,4,False,,1.106032916802917,0.22007254784785402,20,1
203,adaptive_4,4,True,1.0000000000000004,1.0000000000000004,2.220446049250313e-16,35,5
203,static_8,8,False,,1.0489927141894628,0.10423664838317209,40,1
203,adaptive_8,8,True,1.0000000000000002,1.0000000000000002,4.996003610813204e-16,50,5
203,full_disclosure,18,True,1.0,1.0,4.440892098500626e-16,90,1
204,static_1,1,False,,2.0636178313692035,0.9572234335712732,5,1
204,adaptive_1,1,True,0.9999999999999992,0.9999999999999992,9.992007221626409e-16,27,6
204,static_2,2,False,,1.2805236723502278,0.31925913826405594,10,1
204,adaptive_2,2,True,0.9999999999999992,0.9999999999999992,1.3322676295501878e-15,23,5
204,static_4,4,False,,1.2721234052939545,0.337854169967966,20,1
204,adaptive_4,4,True,0.9999999999999992,0.9999999999999992,4.440892098500626e-16,37,5
204,static_8,8,False,,1.2150064309532382,0.3122313810373346,40,1
204,adaptive_8,8,True,0.999999999999999,0.999999999999999,2.220446049250313e-16,48,5
204,full_disclosure,18,True,1.0,1.0,1.4432899320127035e-15,90,1
205,static_1,1,False,,1.6811454719655508,0.7513941188422175,5,1
205,adaptive_1,1,True,1.0000000000000007,1.0000000000000007,1.5543122344752192e-15,23,6
205,static_2,2,False,,1.2439251528601738,0.5249582362639365,10,1
205,adaptive_2,2,True,1.0000000000000002,1.0000000000000002,4.440892098500626e-16,26,5
205,static_4,4,False,,1.0804260280494522,0.16463468065323383,20,1
205,adaptive_4,4,True,1.0000000000000004,1.0000000000000004,3.3306690738754696e-16,26,3
205,static_8,8,False,,1.057364073446095,0.09780270410733538,40,1
205,adaptive_8,8,True,1.0000000000000007,1.0000000000000007,8.881784197001252e-16,50,4
205,full_disclosure,18,True,1.0,1.0,4.440892098500626e-16,90,1
206,static_1,1,False,,1.7641363962779928,0.7886329669578448,5,1
206,adaptive_1,1,True,0.9999999999999997,0.9999999999999997,5.551115123125783e-16,17,4
206,static_2,2,False,,1.1331405773799499,0.2440734912449919,10,1
206,adaptive_2,2,True,0.9999999999999991,0.9999999999999991,2.220446049250313e-16,24,5
206,static_4,4,False,,1.1053134931754736,0.2221065677387073,20,1
206,adaptive_4,4,True,0.9999999999999991,0.9999999999999991,5.551115123125783e-16,29,4
206,static_8,8,False,,1.0007663922940475,0.019781376791357164,40,1
206,adaptive_8,8,True,0.9999999999999994,0.9999999999999994,2.4424906541753444e-15,41,2
206,full_disclosure,18,True,1.0,1.0,7.771561172376096e-16,90,1
207,static_1,1,False,,1.7627263785246923,0.6284976910026707,5,1
207,adaptive_1,1,True,0.9999999999999997,0.9999999999999997,2.220446049250313e-16,27,7
207,static_2,2,False,,1.350778027974742,0.33726172293652845,10,1
207,adaptive_2,2,True,0.9999999999999994,0.9999999999999994,2.220446049250313e-16,26,6
207,static_4,4,False,,1.1380294145638394,0.2487500348447484,20,1
207,adaptive_4,4,True,0.9999999999999992,0.9999999999999992,2.220446049250313e-16,29,4
207,static_8,8,False,,1.0172684834157666,0.10650450060469818,40,1
207,adaptive_8,8,True,0.9999999999999992,0.9999999999999992,6.661338147750939e-16,47,4
207,full_disclosure,18,True,1.0,1.0,7.771561172376096e-16,90,1
208,static_1,1,False,,1.635971525824523,0.6439310481060803,5,1
208,adaptive_1,1,True,0.9999999999999998,0.9999999999999998,4.440892098500626e-16,28,7
208,static_2,2,False,,1.2832645219506715,0.49046070233227435,10,1
208,adaptive_2,2,True,1.0000000000000002,1.0000000000000002,5.551115123125783e-16,29,7
208,static_4,4,False,,1.1789388569346533,0.43953720290836085,20,1
208,adaptive_4,4,True,1.0,1.0,5.551115123125783e-16,37,6
208,static_8,8,False,,1.038595481643639,0.0681452404657954,40,1
208,adaptive_8,8,True,0.9999999999999997,0.9999999999999997,5.551115123125783e-16,45,2
208,full_disclosure,18,True,1.0,1.0,1.27675647831893e-15,90,1
209,static_1,1,False,,1.4938319470063186,0.7304656264408983,5,1
209,adaptive_1,1,True,1.0000000000000007,1.0000000000000007,5.551115123125783e-16,22,6
209,static_2,2,False,,1.2227734880589003,0.27945654689430033,10,1
209,adaptive_2,2,True,1.0,1.0,1.6653345369377348e-16,28,6
209,static_4,4,False,,1.1356456882300943,0.2849196643390358,20,1
209,adaptive_4,4,True,1.0000000000000002,1.0000000000000002,3.3306690738754696e-16,34,5
209,static_8,8,False,,1.1134467549655114,0.14062798510130792,40,1
209,adaptive_8,8,True,1.0000000000000002,1.0000000000000002,1.6653345369377348e-16,49,3
209,full_disclosure,18,True,1.0,1.0,2.220446049250313e-16,90,1
210,static_1,1,False,,1.7860483438061465,0.7249399827465679,5,1
210,adaptive_1,1,True,0.9999999999999998,0.9999999999999998,3.3306690738754696e-16,27,6
210,static_2,2,False,,1.2596724187563662,0.29929719287671563,10,1
210,adaptive_2,2,True,0.9999999999999993,0.9999999999999993,2.220446049250313e-16,30,7
210,static_4,4,False,,1.1606356534135376,0.3519477272534468,20,1
210,adaptive_4,4,True,1.0000000000000002,1.0000000000000002,5.551115123125783e-16,35,5
210,static_8,8,False,,1.0623272258056051,0.15489315305673135,40,1
210,adaptive_8,8,True,1.0,1.0,1.7763568394002505e-15,48,4
210,full_disclosure,18,True,1.0,1.0,7.771561172376096e-16,90,1
211,static_1,1,False,,1.105588144695577,0.41618429534347645,5,1
211,adaptive_1,1,True,0.9999999999999996,0.9999999999999996,0.0,15,5
211,static_2,2,False,,1.3944167999777555,0.5195529792636274,10,1
211,adaptive_2,2,True,0.9999999999999997,0.9999999999999997,6.661338147750939e-16,25,6
211,static_4,4,False,,1.1769930864891707,0.21082579367918064,20,1
211,adaptive_4,4,True,0.9999999999999994,0.9999999999999994,3.3306690738754696e-16,31,5
211,static_8,8,False,,1.0685196415895348,0.1884515066488548,40,1
211,adaptive_8,8,True,0.9999999999999994,0.9999999999999994,1.1102230246251565e-16,43,2
211,full_disclosure,18,True,1.0,1.0,1.2212453270876722e-15,90,1
212,static_1,1,False,,1.886052948233011,0.9261688222470785,5,1
212,adaptive_1,1,True,1.0000000000000004,1.0000000000000004,5.551115123125783e-16,21,5
212,static_2,2,False,,1.3549555603693044,0.5326518308644508,10,1
212,adaptive_2,2,True,0.9999999999999998,0.9999999999999998,1.1102230246251565e-16,32,6
212,static_4,4,False,,1.1556726338502978,0.29496759184763355,20,1
212,adaptive_4,4,True,1.0,1.0,7.771561172376096e-16,37,5
212,static_8,8,False,,1.1649440379219724,0.2792136722340669,40,1
212,adaptive_8,8,True,1.0000000000000004,1.0000000000000004,1.2212453270876722e-15,46,3
212,full_disclosure,18,True,1.0,1.0,1.1102230246251565e-16,90,1
213,static_1,1,False,,1.541666184248007,0.7063705937287413,5,1
213,adaptive_1,1,True,1.0000000000000013,1.0000000000000013,6.661338147750939e-16,23,5
213,static_2,2,False,,1.3481772831448424,0.5943503913562755,10,1
213,adaptive_2,2,True,1.0000000000000007,1.0000000000000007,1.1102230246251565e-16,26,5
213,static_4,4,False,,1.069161904831381,0.2210781889578568,20,1
213,adaptive_4,4,True,1.000000000000001,1.000000000000001,4.440892098500626e-16,29,3
213,static_8,8,False,,1.0545640218149113,0.16946376943491204,40,1
213,adaptive_8,8,True,1.0000000000000004,1.0000000000000004,2.220446049250313e-16,46,4
213,full_disclosure,18,True,1.0,1.0,0.0,90,1
214,static_1,1,False,,1.4593280397396193,0.4306335978187308,5,1
214,adaptive_1,1,True,1.0000000000000007,1.0000000000000007,2.220446049250313e-16,20,5
214,static_2,2,False,,1.509275844027901,0.7944156478019142,10,1
214,adaptive_2,2,True,1.0000000000000002,1.0000000000000002,3.3306690738754696e-16,32,6
214,static_4,4,False,,1.2335362656687254,0.28013899189873576,20,1
214,adaptive_4,4,True,1.0000000000000007,1.0000000000000007,2.220446049250313e-16,40,6
214,static_8,8,False,,1.101560417862683,0.21995867323701657,40,1
214,adaptive_8,8,True,1.0000000000000007,1.0000000000000007,2.220446049250313e-16,53,5
214,full_disclosure,18,True,1.0,1.0,4.440892098500626e-16,90,1
215,static_1,1,False,,1.49383187670105,0.5592168510194135,5,1
215,adaptive_1,1,True,1.000000000000001,1.000000000000001,0.0,22,5
215,static_2,2,False,,1.3711838299983434,0.21704393711032377,10,1
215,adaptive_2,2,True,1.000000000000001,1.000000000000001,2.220446049250313e-16,26,6
215,static_4,4,False,,1.1363984867654713,0.1952966920801784,20,1
215,adaptive_4,4,True,1.0000000000000009,1.0000000000000009,2.220446049250313e-15,31,5
215,static_8,8,False,,1.340985935549882,0.2202760072400548,40,1
215,adaptive_8,8,True,1.000000000000001,1.000000000000001,4.440892098500626e-16,50,5
215,full_disclosure,18,True,1.0,1.0,4.440892098500626e-15,90,1
216,static_1,1,False,,1.5429953802617569,0.5680965536517121,5,1
216,adaptive_1,1,True,1.0000000000000004,1.0000000000000004,4.440892098500626e-16,24,5
216,static_2,2,False,,1.1855538758719593,0.33182632141784163,10,1
216,adaptive_2,2,True,1.0000000000000004,1.0000000000000004,6.661338147750939e-16,23,4
216,static_4,4,False,,1.0990110537964002,0.28339709701582416,20,1
216,adaptive_4,4,True,1.0000000000000004,1.0000000000000004,6.661338147750939e-16,32,5
216,static_8,8,False,,1.0129845001390443,0.08684340773097698,40,1
216,adaptive_8,8,True,1.0000000000000002,1.0000000000000002,8.881784197001252e-16,41,2
216,full_disclosure,18,True,1.0,1.0,1.1102230246251565e-16,90,1
217,static_1,1,False,,1.577691668451062,0.5633717861280393,5,1
217,adaptive_1,1,True,1.0000000000000002,1.0000000000000002,4.440892098500626e-16,25,6
217,static_2,2,False,,1.3220232538093526,0.4614652598056368,10,1
217,adaptive_2,2,True,1.0000000000000002,1.0000000000000002,4.440892098500626e-16,26,6
217,static_4,4,False,,1.189494311928784,0.19770751640497397,20,1
217,adaptive_4,4,True,0.9999999999999998,0.9999999999999998,1.1102230246251565e-16,34,6
217,static_8,8,False,,1.0780452877788012,0.11128925367077691,40,1
217,adaptive_8,8,True,0.9999999999999996,0.9999999999999996,-1.1102230246251565e-16,47,3
217,full_disclosure,18,True,1.0,1.0,1.1102230246251565e-16,90,1
218,static_1,1,False,,1.7027920569674728,0.77710898556224,5,1
218,adaptive_1,1,True,0.9999999999999999,0.9999999999999999,1.1102230246251565e-16,16,4
218,static_2,2,False,,1.2317119690625042,0.5935843150689023,10,1
218,adaptive_2,2,True,0.9999999999999997,0.9999999999999997,2.220446049250313e-16,21,4
218,static_4,4,False,,1.1349000307174892,0.2034397784827936,20,1
218,adaptive_4,4,True,0.9999999999999992,0.9999999999999992,-1.1102230246251565e-16,32,5
218,static_8,8,False,,1.0854318171071051,0.13627455702573743,40,1
218,adaptive_8,8,True,0.9999999999999999,0.9999999999999999,3.3306690738754696e-16,47,3
218,full_disclosure,18,True,1.0,1.0,2.220446049250313e-16,90,1
219,static_1,1,False,,1.7216993178538689,0.7103561241872667,5,1
219,adaptive_1,1,True,1.0000000000000002,1.0000000000000002,2.220446049250313e-16,15,3
219,static_2,2,False,,1.46687338643702,0.3577032587492654,10,1
219,adaptive_2,2,True,0.9999999999999998,0.9999999999999998,1.1102230246251565e-16,23,4
219,static_4,4,False,,1.0645651898919535,0.13467419658972313,20,1
219,adaptive_4,4,True,1.0000000000000002,1.0000000000000002,2.220446049250313e-16,25,3
219,static_8,8,False,,1.210933684379229,0.308613749004396,40,1
219,adaptive_8,8,True,1.0000000000000002,1.0000000000000002,2.7755575615628914e-16,43,2
219,full_disclosure,18,True,1.0,1.0,2.220446049250313e-16,90,1
220,static_1,1,False,,1.7492815847689518,0.6698636572488883,5,1
220,adaptive_1,1,True,1.0000000000000009,1.0000000000000009,2.220446049250313e-16,22,5
220,static_2,2,False,,1.3691192473680402,0.4695057027929467,10,1
220,adaptive_2,2,True,1.0000000000000002,1.0000000000000002,1.1102230246251565e-16,25,4
220,static_4,4,False,,1.2905805435573736,0.48239454894375355,20,1
220,adaptive_4,4,True,1.0000000000000009,1.0000000000000009,3.3306690738754696e-16,30,4
220,static_8,8,False,,1.0755295666461415,0.14484672245060315,40,1
220,adaptive_8,8,True,1.0000000000000009,1.0000000000000009,1.9984014443252818e-15,46,3
220,full_disclosure,18,True,1.0,1.0,3.3306690738754696e-16,90,1
221,static_1,1,False,,1.7825810560764934,0.6098030204507301,5,1
221,adaptive_1,1,True,1.0000000000000002,1.0000000000000002,1.1102230246251565e-16,24,5
221,static_2,2,False,,1.2143813179328753,0.23885065796340021,10,1
221,adaptive_2,2,True,1.0000000000000002,1.0000000000000002,2.220446049250313e-16,26,7
221,static_4,4,False,,1.1314498514323958,0.4053156722377439,20,1
221,adaptive_4,4,True,1.0000000000000007,1.0000000000000007,4.440892098500626e-16,29,3
221,static_8,8,False,,1.0265381612559785,0.1180345408567206,40,1
221,adaptive_8,8,True,1.0000000000000002,1.0000000000000002,2.220446049250313e-16,44,2
221,full_disclosure,18,True,1.0,1.0,0.0,90,1
222,static_1,1,False,,1.3856724614734182,0.5271783330881356,5,1
222,adaptive_1,1,True,0.9999999999999998,0.9999999999999998,6.661338147750939e-16,13,4
222,static_2,2,False,,1.309288871833984,0.41340329999017256,10,1
222,adaptive_2,2,True,0.9999999999999998,0.9999999999999998,2.220446049250313e-16,21,4
222,static_4,4,False,,1.1724482060199817,0.19120939927551284,20,1
222,adaptive_4,4,True,0.9999999999999998,0.9999999999999998,1.1102230246251565e-16,29,4
222,static_8,8,False,,1.0362361797784139,0.046386180823961065,40,1
222,adaptive_8,8,True,1.0000000000000002,1.0000000000000002,4.440892098500626e-16,44,3
222,full_disclosure,18,True,1.0,1.0,3.3306690738754696e-16,90,1
223,static_1,1,False,,1.5228447908713423,0.8940509209612517,5,1
223,adaptive_1,1,True,1.0000000000000002,1.0000000000000002,2.220446049250313e-16,23,5
223,static_2,2,False,,1.458017136237274,0.5987364691935528,10,1
223,adaptive_2,2,True,1.0,1.0,1.1102230246251565e-16,25,4
223,static_4,4,False,,1.2050748663672883,0.1779417323358558,20,1
223,adaptive_4,4,True,1.0,1.0,7.771561172376096e-16,29,4
223,static_8,8,False,,1.035706458281278,0.07974419697752122,40,1
223,adaptive_8,8,True,1.0000000000000002,1.0000000000000002,7.216449660063518e-16,44,2
223,full_disclosure,18,True,1.0,1.0,1.1102230246251565e-16,90,1
224,static_1,1,False,,1.514088211111779,0.5449654217297446,5,1
224,adaptive_1,1,True,1.0000000000000016,1.0000000000000016,1.6653345369377348e-16,15,3
224,static_2,2,False,,1.043155854935648,0.20328414536114997,10,1
224,adaptive_2,2,True,1.0000000000000009,1.0000000000000009,1.1102230246251565e-16,16,3
224,static_4,4,False,,1.1433691377086865,0.20033320329753823,20,1
224,adaptive_4,4,True,1.000000000000001,1.000000000000001,2.220446049250313e-16,25,3
224,static_8,8,False,,1.0276168712685372,0.10576339901745346,40,1
224,adaptive_8,8,True,1.000000000000001,1.000000000000001,7.771561172376096e-16,44,2
224,full_disclosure,18,True,1.0,1.0,2.220446049250313e-16,90,1
225,static_1,1,False,,1.579202571546653,0.7451686305279123,5,1
225,adaptive_1,1,True,0.9999999999999994,0.9999999999999994,3.3306690738754696e-16,22,5
225,static_2,2,False,,1.6145815271275084,0.7159425134863509,10,1
225,adaptive_2,2,True,0.9999999999999997,0.9999999999999997,5.551115123125783e-16,24,4
225,static_4,4,False,,1.0587064746557964,0.20116372386460435,20,1
225,adaptive_4,4,True,1.0,1.0,3.3306690738754696e-16,28,3
225,static_8,8,False,,1.0889739467713029,0.09773389989470221,40,1
225,adaptive_8,8,True,0.9999999999999998,0.9999999999999998,1.1102230246251565e-16,45,3
225,full_disclosure,18,True,1.0,1.0,4.440892098500626e-16,90,1
226,static_1,1,False,,1.5443051952129196,0.5130878473513517,5,1
226,adaptive_1,1,True,1.0,1.0,1.1102230246251565e-16,22,6
226,static_2,2,False,,1.3210625853001283,0.24422995311345536,10,1
226,adaptive_2,2,True,0.9999999999999998,0.9999999999999998,1.6653345369377348e-16,25,4
226,static_4,4,False,,1.3430648858788266,0.2565752499210924,20,1
226,adaptive_4,4,True,0.9999999999999998,0.9999999999999998,5.551115123125783e-16,29,3
226,static_8,8,False,,1.1768161219068511,0.27606447462860473,40,1
226,adaptive_8,8,True,0.9999999999999996,0.9999999999999996,6.661338147750939e-16,50,4
226,full_disclosure,18,True,1.0,1.0,6.661338147750939e-16,90,1
227,static_1,1,False,,1.8693956988151328,0.7360242267339886,5,1
227,adaptive_1,1,True,1.0000000000000004,1.0000000000000004,3.3306690738754696e-16,18,4
227,static_2,2,False,,1.61823743177819,0.712395804449781,10,1
227,adaptive_2,2,True,1.0000000000000002,1.0000000000000002,9.992007221626409e-16,25,5
227,static_4,4,False,,1.112893416475982,0.20875732324920648,20,1
227,adaptive_4,4,True,1.0000000000000002,1.0000000000000002,1.1102230246251565e-16,28,3
227,static_8,8,False,,1.0348197994974448,0.15927990918420015,40,1
227,adaptive_8,8,True,1.0000000000000004,1.0000000000000004,3.3306690738754696e-16,43,3
227,full_disclosure,18,True,1.0,1.0,2.220446049250313e-16,90,1
228,static_1,1,False,,1.6019763931162907,0.6155580360157111,5,1
228,adaptive_1,1,True,0.9999999999999999,0.9999999999999999,4.440892098500626e-16,21,5
228,static_2,2,False,,1.5274701935946773,0.5498593762835793,10,1
228,adaptive_2,2,True,0.9999999999999999,0.9999999999999999,2.220446049250313e-16,23,4
228,static_4,4,False,,1.4246867642729308,0.5044501387703586,20,1
228,adaptive_4,4,True,0.9999999999999997,0.9999999999999997,2.220446049250313e-16,37,6
228,static_8,8,False,,1.1887645746369107,0.2715940469217957,40,1
228,adaptive_8,8,True,0.9999999999999999,0.9999999999999999,1.1102230246251565e-16,49,3
228,full_disclosure,18,True,1.0,1.0,2.7755575615628914e-16,90,1
229,static_1,1,False,,1.418489540815596,0.375829674008649,5,1
229,adaptive_1,1,True,1.0000000000000004,1.0000000000000004,1.1102230246251565e-16,20,4
229,static_2,2,False,,1.496510687974974,0.5557854102715525,10,1
229,adaptive_2,2,True,1.0000000000000002,1.0000000000000002,1.1102230246251565e-16,25,5
229,static_4,4,False,,1.3534751097934687,0.29020355398269815,20,1
229,adaptive_4,4,True,0.9999999999999988,0.9999999999999988,0.0,30,4
229,static_8,8,False,,1.178991870114046,0.1869439148056311,40,1
229,adaptive_8,8,True,0.9999999999999998,0.9999999999999998,0.0,50,3
229,full_disclosure,18,True,1.0,1.0,3.3306690738754696e-16,90,1
230,static_1,1,False,,1.5193902458461745,0.7059616899670079,5,1
230,adaptive_1,1,True,0.9999999999999994,0.9999999999999994,4.440892098500626e-16,23,7
230,static_2,2,False,,1.4806087588661245,0.541342586003617,10,1
230,adaptive_2,2,True,0.9999999999999994,0.9999999999999994,6.661338147750939e-16,25,5
230,static_4,4,False,,1.4143972250374284,0.397595274957788,20,1
230,adaptive_4,4,True,0.9999999999999994,0.9999999999999994,3.3306690738754696e-16,31,4
230,static_8,8,False,,1.0343307668252875,0.06830220198429404,40,1
230,adaptive_8,8,True,0.9999999999999997,0.9999999999999997,4.440892098500626e-16,47,5
230,full_disclosure,18,True,1.0,1.0,1.887379141862766e-15,90,1
231,static_1,1,False,,1.681725571110788,0.5608298713026596,5,1
231,adaptive_1,1,True,1.0000000000000002,1.0000000000000002,5.551115123125783e-16,20,5
231,static_2,2,False,,1.3769617057687213,0.4246977121685147,10,1
231,adaptive_2,2,True,0.9999999999999999,0.9999999999999999,5.551115123125783e-16,22,5
231,static_4,4,False,,1.1790381111347055,0.3633310927400746,20,1
231,adaptive_4,4,True,1.0,1.0,1.9984014443252818e-15,32,4
231,static_8,8,False,,1.1809048835850733,0.295144105572264,40,1
231,adaptive_8,8,True,0.9999999999999999,0.9999999999999999,9.992007221626409e-16,46,3
231,full_disclosure,18,True,1.0,1.0,6.661338147750939e-16,90,1
232,static_1,1,False,,1.3990197966923619,0.5144866180129168,5,1
232,adaptive_1,1,True,1.0,1.0,4.440892098500626e-16,25,5
232,static_2,2,False,,1.492888162772545,0.44644631976583465,10,1
232,adaptive_2,2,True,1.0000000000000002,1.0000000000000002,4.440892098500626e-16,31,6
232,static_4,4,False,,1.0173035092667932,0.10495843014966044,20,1
232,adaptive_4,4,True,0.9999999999999999,0.9999999999999999,1.1102230246251565e-16,25,3
232,static_8,8,False,,1.1331250020081702,0.19096075990136424,40,1
232,adaptive_8,8,True,0.9999999999999999,0.9999999999999999,3.3306690738754696e-16,49,4
232,full_disclosure,18,True,1.0,1.0,7.771561172376096e-16,90,1
233,static_1,1,False,,1.5550588915846613,0.4014428773248665,5,1
233,adaptive_1,1,True,0.9999999999999998,0.9999999999999998,1.1102230246251565e-16,16,4
233,static_2,2,False,,1.322482172149538,0.6813822675137772,10,1
233,adaptive_2,2,True,0.9999999999999982,0.9999999999999982,1.1657341758564144e-15,22,4
233,static_4,4,False,,1.4288795861397778,0.3594015059360215,20,1
233,adaptive_4,4,True,1.0,1.0,4.440892098500626e-16,33,5
233,static_8,8,False,,1.0946651611933962,0.14655432655907885,40,1
233,adaptive_8,8,True,0.9999999999999997,0.9999999999999997,0.0,44,3
233,full_disclosure,18,True,1.0,1.0,2.220446049250313e-16,90,1
234,static_1,1,False,,1.4842979404497074,0.567060120944801,5,1
234,adaptive_1,1,True,0.9999999999999998,0.9999999999999998,1.1102230246251565e-16,21,6
234,static_2,2,False,,1.571225122359535,0.43057817861684244,10,1
234,adaptive_2,2,True,0.9999999999999993,0.9999999999999993,3.3306690738754696e-16,22,5
234,static_4,4,False,,1.2166091625564097,0.24864513831980323,20,1
234,adaptive_4,4,True,0.9999999999999994,0.9999999999999994,0.0,32,5
234,static_8,8,False,,1.1682350840464477,0.15296727249491282,40,1
234,adaptive_8,8,True,0.9999999999999997,0.9999999999999997,1.6653345369377348e-16,47,4
234,full_disclosure,18,True,1.0,1.0,4.440892098500626e-16,90,1
235,static_1,1,False,,1.7641681741179942,0.754521422583057,5,1
235,adaptive_1,1,True,1.0000000000000002,1.0000000000000002,1.1102230246251565e-16,22,6
235,static_2,2,False,,1.282802608982645,0.42525343449547115,10,1
235,adaptive_2,2,True,1.0,1.0,1.1102230246251565e-16,20,3
235,static_4,4,False,,1.2049353161542753,0.2590456540201641,20,1
235,adaptive_4,4,True,0.9999999999999998,0.9999999999999998,2.220446049250313e-16,32,5
235,static_8,8,False,,1.087689983227642,0.11893462344564187,40,1
235,adaptive_8,8,True,1.0000000000000004,1.0000000000000004,2.220446049250313e-16,45,3
235,full_disclosure,18,True,1.0,1.0,2.220446049250313e-16,90,1
236,static_1,1,False,,1.6354552099471036,0.40692253311146,5,1
236,adaptive_1,1,True,1.0000000000000007,1.0000000000000007,1.1102230246251565e-16,20,5
236,static_2,2,False,,1.4645667527503192,0.6593193666355173,10,1
236,adaptive_2,2,True,1.0000000000000002,1.0000000000000002,3.3306690738754696e-16,23,5
236,static_4,4,False,,1.3359144340779485,0.3297712297140636,20,1
236,adaptive_4,4,True,1.0000000000000007,1.0000000000000007,9.992007221626409e-16,29,5
236,static_8,8,False,,1.0853339784172984,0.12616998553169823,40,1
236,adaptive_8,8,True,1.0000000000000007,1.0000000000000007,8.881784197001252e-16,50,5
236,full_disclosure,18,True,1.0,1.0,8.881784197001252e-16,90,1
237,static_1,1,False,,1.322667896548465,0.5889079732544968,5,1
237,adaptive_1,1,True,1.0000000000000004,1.0000000000000004,4.440892098500626e-16,26,8
237,static_2,2,False,,1.370112641080391,0.7646953436066093,10,1
237,adaptive_2,2,True,0.9999999999999977,0.9999999999999977,0.0,22,5
237,static_4,4,False,,1.1963746398042772,0.27491966487970343,20,1
237,adaptive_4,4,True,1.0000000000000002,1.0000000000000002,2.220446049250313e-16,30,4
237,static_8,8,False,,1.0021927103673705,0.06565606611699182,40,1
237,adaptive_8,8,True,1.0000000000000004,1.0000000000000004,3.3306690738754696e-16,44,3
237,full_disclosure,18,True,1.0,1.0,2.220446049250313e-16,90,1
238,static_1,1,False,,1.4109071734039378,0.5579208540293709,5,1
238,adaptive_1,1,True,1.0000000000000002,1.0000000000000002,2.7755575615628914e-16,30,7
238,static_2,2,False,,1.4216538416073525,0.5512595805765188,10,1
238,adaptive_2,2,True,1.0000000000000002,1.0000000000000002,7.216449660063518e-16,30,6
238,static_4,4,False,,1.1753311430891114,0.43599636445165113,20,1
238,adaptive_4,4,True,1.0,1.0,1.1102230246251565e-16,36,6
238,static_8,8,False,,1.0885488630210314,0.09534844683656818,40,1
238,adaptive_8,8,True,1.0000000000000002,1.0000000000000002,4.440892098500626e-16,48,4
238,full_disclosure,18,True,1.0,1.0,2.220446049250313e-16,90,1
239,static_1,1,False,,1.441174672077143,0.7046286421741623,5,1
239,adaptive_1,1,True,0.9999999999999998,0.9999999999999998,7.771561172376096e-16,19,5
239,static_2,2,False,,1.1926521983104206,0.3783438831623548,10,1
239,adaptive_2,2,True,1.0,1.0,3.885780586188048e-16,24,4
239,static_4,4,False,,1.1333924597228382,0.19256740434076958,20,1
239,adaptive_4,4,True,1.0,1.0,3.885780586188048e-16,30,3
239,static_8,8,False,,1.0220175621645218,0.08637495975098597,40,1
239,adaptive_8,8,True,1.0000000000000004,1.0000000000000004,1.6653345369377348e-15,43,3
239,full_disclosure,18,True,1.0,1.0,1.1102230246251565e-16,90,1
240,static_1,1,False,,1.3742660898691201,0.27475258346029574,5,1
240,adaptive_1,1,True,1.0000000000000002,1.0000000000000002,1.6653345369377348e-16,22,6
240,static_2,2,False,,1.2861533380782293,0.37224576128682185,10,1
240,adaptive_2,2,True,0.9999999999999994,0.9999999999999994,0.0,21,4
240,static_4,4,False,,1.1855324554144833,0.20099975986509971,20,1
240,adaptive_4,4,True,1.0,1.0,1.1102230246251565e-16,33,5
240,static_8,8,False,,1.0613722157719114,0.08282990106512539,40,1
240,adaptive_8,8,True,1.0,1.0,5.551115123125783e-16,46,4
240,full_disclosure,18,True,1.0,1.0,1.1102230246251565e-16,90,1
241,static_1,1,False,,1.1770930729844162,0.4153902577046803,5,1
241,adaptive_1,1,True,1.0000000000000004,1.0000000000000004,3.885780586188048e-16,20,4
241,static_2,2,False,,1.2882478726283144,0.2879836744692361,10,1
241,adaptive_2,2,True,1.0000000000000009,1.0000000000000009,5.551115123125783e-16,23,4
241,static_4,4,False,,1.1395775040151697,0.21537338343404183,20,1
241,adaptive_4,4,True,1.0,1.0,4.440892098500626e-16,37,5
241,static_8,8,False,,1.0757115351275575,0.07462730669117168,40,1
241,adaptive_8,8,True,1.0000000000000007,1.0000000000000007,7.771561172376096e-16,50,4
241,full_disclosure,18,True,1.0,1.0,1.6653345369377348e-16,90,1
242,static_1,1,False,,1.4403609142600595,0.6234851544263375,5,1
242,adaptive_1,1,True,1.0000000000000002,1.0000000000000002,2.220446049250313e-16,22,5
242,static_2,2,False,,1.3774079642079087,0.42781205974258163,10,1
242,adaptive_2,2,True,1.0000000000000002,1.0000000000000002,8.881784197001252e-16,23,5
242,static_4,4,False,,1.1429493403981377,0.17033850956005747,20,1
242,adaptive_4,4,True,1.0000000000000004,1.0000000000000004,3.3306690738754696e-16,29,4
242,static_8,8,False,,1.1266980859993412,0.10272893312713416,40,1
242,adaptive_8,8,True,1.0000000000000004,1.0000000000000004,3.9968028886505635e-15,48,4
242,full_disclosure,18,True,1.0,1.0,3.3306690738754696e-16,90,1
243,static_1,1,False,,1.7539116711776652,0.6426280449466478,5,1
243,adaptive_1,1,True,1.0000000000000004,1.0000000000000004,1.1102230246251565e-15,31,8
243,static_2,2,False,,1.1525800187337172,0.2959393259615224,10,1
243,adaptive_2,2,True,1.0000000000000002,1.0000000000000002,1.6653345369377348e-16,32,8
243,static_4,4,False,,1.2167756888580947,0.1742434905465784,20,1
243,adaptive_4,4,True,1.0,1.0,1.1102230246251565e-16,30,4
243,static_8,8,False,,1.1571914407994923,0.21224704788973914,40,1
243,adaptive_8,8,True,1.0,1.0,2.220446049250313e-16,50,4
243,full_disclosure,18,True,1.0,1.0,2.220446049250313e-16,90,1
244,static_1,1,False,,1.8481369778061059,0.7216475037054111,5,1
244,adaptive_1,1,True,1.0000000000000002,1.0000000000000002,0.0,27,8
244,static_2,2,False,,1.2936873325228517,0.3861062535293376,10,1
244,adaptive_2,2,True,1.0000000000000002,1.0000000000000002,0.0,34,7
244,static_4,4,False,,1.1483930982965407,0.12003461270125593,20,1
244,adaptive_4,4,True,1.0000000000000004,1.0000000000000004,2.220446049250313e-16,33,4
244,static_8,8,False,,1.0091341480487872,0.03667141006881197,40,1
244,adaptive_8,8,True,1.0000000000000002,1.0000000000000002,3.3306690738754696e-16,44,4
244,full_disclosure,18,True,1.0,1.0,4.440892098500626e-16,90,1
245,static_1,1,False,,1.3242171693950597,0.49275989784826235,5,1
245,adaptive_1,1,True,1.0,1.0,2.220446049250313e-16,18,5
245,static_2,2,False,,1.2268583564544266,0.2936139426519222,10,1
245,adaptive_2,2,True,1.0,1.0,6.661338147750939e-16,24,5
245,static_4,4,False,,1.1085832003124443,0.15299800170960753,20,1
245,adaptive_4,4,True,0.9999999999999998,0.9999999999999998,4.440892098500626e-16,25,2
245,static_8,8,False,,1.0327117596198012,0.09741471413681624,40,1
245,adaptive_8,8,True,0.9999999999999998,0.9999999999999998,1.1102230246251565e-16,44,3
245,full_disclosure,18,True,1.0,1.0,8.881784197001252e-16,90,1
246,static_1,1,False,,1.928315420019023,0.7617771344029939,5,1
246,adaptive_1,1,True,0.9999999999999989,0.9999999999999989,2.220446049250313e-16,19,4
246,static_2,2,False,,1.444511377674748,0.3635725437769607,10,1
246,adaptive_2,2,True,0.9999999999999992,0.9999999999999992,2.220446049250313e-16,20,4
246,static_4,4,False,,1.0676303396193805,0.2015807849266399,20,1
246,adaptive_4,4,True,0.9999999999999992,0.9999999999999992,2.220446049250313e-16,27,3
246,static_8,8,False,,1.0677647456192432,0.0952704140169629,40,1
246,adaptive_8,8,True,0.999999999999999,0.999999999999999,2.220446049250313e-16,43,2
246,full_disclosure,18,True,1.0,1.0,1.6653345369377348e-15,90,1
247,static_1,1,False,,1.436031780656698,0.5319798535941991,5,1
247,adaptive_1,1,True,1.0000000000000007,1.0000000000000007,2.220446049250313e-16,20,5
247,static_2,2,False,,1.7680879452765197,0.9105221163443213,10,1
247,adaptive_2,2,True,1.0000000000000007,1.0000000000000007,2.220446049250313e-16,27,7
247,static_4,4,False,,1.0865016846976905,0.25039676575600767,20,1
247,adaptive_4,4,True,1.0000000000000004,1.0000000000000004,3.3306690738754696e-16,31,4
247,static_8,8,False,,1.0687945404783292,0.19942102249097027,40,1
247,adaptive_8,8,True,1.0000000000000007,1.0000000000000007,2.7755575615628914e-16,51,4
247,full_disclosure,18,True,1.0,1.0,1.1102230246251565e-16,90,1
248,static_1,1,False,,1.595629010964684,0.7916700715413245,5,1
248,adaptive_1,1,True,1.0,1.0,1.1102230246251565e-16,25,6
248,static_2,2,False,,1.1706929955396164,0.356236808824851,10,1
248,adaptive_2,2,True,1.0,1.0,1.1102230246251565e-16,25,5
248,static_4,4,False,,1.2497725622382994,0.49693317166901374,20,1
248,adaptive_4,4,True,1.0000000000000004,1.0000000000000004,1.2212453270876722e-15,31,4
248,static_8,8,False,,1.0231210573489329,0.04104712531693455,40,1
248,adaptive_8,8,True,1.0000000000000002,1.0000000000000002,7.771561172376096e-16,48,4
248,full_disclosure,18,True,1.0,1.0,1.9984014443252818e-15,90,1
249,static_1,1,False,,1.5618452460641634,0.6387793791895054,5,1
249,adaptive_1,1,True,1.0000000000000002,1.0000000000000002,2.220446049250313e-16,20,5
249,static_2,2,False,,1.3248717435237736,0.30545536856894745,10,1
249,adaptive_2,2,True,1.0000000000000004,1.0000000000000004,3.3306690738754696e-16,18,3
249,static_4,4,False,,1.245830749618661,0.4158587336572399,20,1
249,adaptive_4,4,True,0.9999999999999998,0.9999999999999998,-5.551115123125783e-17,34,5
249,static_8,8,False,,1.0436716901788128,0.08717419262897519,40,1
249,adaptive_8,8,True,1.0000000000000004,1.0000000000000004,2.9976021664879227e-15,45,3
249,full_disclosure,18,True,1.0,1.0,0.0,90,1
250,static_1,1,False,,1.9797505287311887,1.0774452405296115,5,1
250,adaptive_1,1,True,0.9999999999999999,0.9999999999999999,1.1102230246251565e-16,19,4
250,static_2,2,False,,1.5581037938252602,0.5767566939290999,10,1
250,adaptive_2,2,True,0.9999999999999997,0.9999999999999997,1.4432899320127035e-15,24,5
250,static_4,4,False,,1.051036816882783,0.1300553177995709,20,1
250,adaptive_4,4,True,0.9999999999999999,0.9999999999999999,1.887379141862766e-15,25,3
250,static_8,8,False,,1.0625208302384588,0.13097915283837913,40,1
250,adaptive_8,8,True,0.9999999999999997,0.9999999999999997,2.220446049250313e-16,44,3
250,full_disclosure,18,True,1.0,1.0,5.551115123125783e-16,90,1
251,static_1,1,False,,1.3396905227610076,0.5028321303388336,5,1
251,adaptive_1,1,True,1.0,1.0,3.3306690738754696e-16,23,5
251,static_2,2,False,,1.0525497314265206,0.5277344546116154,10,1
251,adaptive_2,2,True,1.0000000000000002,1.0000000000000002,1.1102230246251565e-16,19,3
251,static_4,4,False,,1.1758520525089111,0.17380399851593453,20,1
251,adaptive_4,4,True,1.0,1.0,0.0,31,4
251,static_8,8,False,,1.157025467782143,0.22610690329294403,40,1
251,adaptive_8,8,True,0.9999999999999994,0.9999999999999994,2.220446049250313e-16,55,6
251,full_disclosure,18,True,1.0,1.0,2.55351295663786e-15,90,1
252,static_1,1,False,,1.273241835584255,0.5442229519943985,5,1
252,adaptive_1,1,True,1.0000000000000009,1.0000000000000009,1.1102230246251565e-16,22,5
252,static_2,2,False,,1.1312618270109096,0.3933951681147202,10,1
252,adaptive_2,2,True,1.0000000000000009,1.0000000000000009,5.551115123125783e-16,22,4
252,static_4,4,False,,1.0666065763152972,0.1671285199598317,20,1
252,adaptive_4,4,True,1.0000000000000004,1.0000000000000004,0.0,30,4
252,static_8,8,False,,1.0488174020953451,0.1304923949701996,40,1
252,adaptive_8,8,True,1.000000000000001,1.000000000000001,4.440892098500626e-16,48,4
252,full_disclosure,18,True,1.0,1.0,6.661338147750939e-16,90,1
253,static_1,1,False,,1.2426827999007293,0.4009649790587182,5,1
253,adaptive_1,1,True,1.0000000000000004,1.0000000000000004,2.220446049250313e-16,18,5
253,static_2,2,False,,1.1393035492359995,0.31416483153448216,10,1
253,adaptive_2,2,True,1.0000000000000002,1.0000000000000002,2.220446049250313e-16,23,6
253,static_4,4,False,,1.345435620800715,0.39294233678364765,20,1
253,adaptive_4,4,True,1.0,1.0,1.1102230246251565e-16,32,5
253,static_8,8,False,,1.0903156163769518,0.1207906893004772,40,1
253,adaptive_8,8,True,0.9999999999999998,0.9999999999999998,1.9984014443252818e-15,46,4
253,full_disclosure,18,True,1.0,1.0,1.4432899320127035e-15,90,1
254,static_1,1,False,,1.3724727046213918,0.4528599755211527,5,1
254,adaptive_1,1,True,1.0000000000000002,1.0000000000000002,3.885780586188048e-16,23,5
254,static_2,2,False,,1.3839614726571996,0.6300085805366006,10,1
254,adaptive_2,2,True,0.999999999999998,0.999999999999998,5.551115123125783e-16,22,4
254,static_4,4,False,,1.2571622111934626,0.23915965011269397,20,1
254,adaptive_4,4,True,1.0,1.0,2.220446049250313e-16,30,4
254,static_8,8,False,,1.0151988079695478,0.09433064613050945,40,1
254,adaptive_8,8,True,0.999999999999999,0.999999999999999,0.0,43,3
254,full_disclosure,18,True,1.0,1.0,3.3306690738754696e-16,90,1
255,static_1,1,False,,1.5256584208406847,0.3790860300231961,5,1
255,adaptive_1,1,True,0.9999999999999998,0.9999999999999998,5.551115123125783e-17,17,5
255,static_2,2,False,,1.8083596948433984,0.7053219056865317,10,1
255,adaptive_2,2,True,0.9999999999999998,0.9999999999999998,0.0,23,5
255,static_4,4,False,,1.351811747903671,0.41893725546550487,20,1
255,adaptive_4,4,True,1.0,1.0,4.440892098500626e-16,34,5
255,static_8,8,False,,1.0243566410297933,0.0765632638239297,40,1
255,adaptive_8,8,True,0.9999999999999998,0.9999999999999998,0.0,44,3
255,full_disclosure,18,True,1.0,1.0,1.1102230246251565e-16,90,1
256,static_1,1,False,,1.4314564164908887,0.5193600775281723,5,1
256,adaptive_1,1,True,1.000000000000001,1.000000000000001,8.326672684688674e-16,21,5
256,static_2,2,False,,1.5375573365112063,0.605843826066418,10,1
256,adaptive_2,2,True,1.0000000000000002,1.0000000000000002,9.992007221626409e-16,30,6
256,static_4,4,False,,1.166037028143104,0.2717566590026529,20,1
256,adaptive_4,4,True,0.9999999999999998,0.9999999999999998,2.220446049250313e-16,27,3
256,static_8,8,False,,1.1118302110048721,0.13460076337506133,40,1
256,adaptive_8,8,True,1.0000000000000018,1.0000000000000018,3.552713678800501e-15,49,3
256,full_disclosure,18,True,1.0,1.0,6.106226635438361e-16,90,1
257,static_1,1,False,,1.5705000271877356,0.6598630785122136,5,1
257,adaptive_1,1,True,0.9999999999999994,0.9999999999999994,3.3306690738754696e-16,25,7
257,static_2,2,False,,1.3715444851657448,0.5610219552143616,10,1
257,adaptive_2,2,True,0.9999999999999992,0.9999999999999992,1.1102230246251565e-16,25,6
257,static_4,4,False,,1.10283036908966,0.284499828615727,20,1
257,adaptive_4,4,True,0.9999999999999994,0.9999999999999994,2.220446049250313e-16,31,4
257,static_8,8,False,,1.059137465433325,0.08837399136820934,40,1
257,adaptive_8,8,True,0.999999999999999,0.999999999999999,2.7755575615628914e-16,45,4
257,full_disclosure,18,True,1.0,1.0,1.3322676295501878e-15,90,1
258,static_1,1,False,,1.429079189134787,0.4998834178950211,5,1
258,adaptive_1,1,True,1.0000000000000013,1.0000000000000013,1.2212453270876722e-15,22,7
258,static_2,2,False,,1.6010947803541051,0.6318239780103456,10,1
258,adaptive_2,2,True,1.0000000000000013,1.0000000000000013,4.440892098500626e-16,23,5
258,static_4,4,False,,1.1940415686139763,0.23072098383295325,20,1
258,adaptive_4,4,True,1.000000000000001,1.000000000000001,2.220446049250313e-16,31,4
258,static_8,8,False,,1.0578842962514707,0.1099603122800763,40,1
258,adaptive_8,8,True,1.0000000000000013,1.0000000000000013,8.881784197001252e-16,46,3
258,full_disclosure,18,True,1.0,1.0,0.0,90,1
259,static_1,1,False,,1.777494512561293,0.7045704677560046,5,1
259,adaptive_1,1,True,0.9999999999999997,0.9999999999999997,1.1102230246251565e-16,20,5
259,static_2,2,False,,1.4050022692345936,0.49305604314296103,10,1
259,adaptive_2,2,True,1.0,1.0,1.1102230246251565e-16,32,6
259,static_4,4,False,,1.205221826814054,0.3927618069533135,20,1
259,adaptive_4,4,True,0.9999999999999998,0.9999999999999998,1.1102230246251565e-16,30,3
259,static_8,8,False,,1.0332045408345985,0.0776609134206746,40,1
259,adaptive_8,8,True,0.9999999999999997,0.9999999999999997,2.220446049250313e-16,47,3
259,full_disclosure,18,True,1.0,1.0,7.771561172376096e-16,90,1
260,static_1,1,False,,1.4815851937372817,0.615586612057835,5,1
260,adaptive_1,1,True,1.0000000000000002,1.0000000000000002,1.1102230246251565e-16,23,5
260,static_2,2,False,,1.4955273466978878,0.5671693262758919,10,1
260,adaptive_2,2,True,1.0000000000000002,1.0000000000000002,5.551115123125783e-17,31,7
260,static_4,4,False,,1.122764651630906,0.22446833527633758,20,1
260,adaptive_4,4,True,1.0000000000000004,1.0000000000000004,1.1102230246251565e-16,29,4
260,static_8,8,False,,1.2267940418747703,0.3292522668160238,40,1
260,adaptive_8,8,True,1.0000000000000002,1.0000000000000002,1.6653345369377348e-16,49,4
260,full_disclosure,18,True,1.0,1.0,2.220446049250313e-16,90,1
261,static_1,1,False,,1.5253287294741895,0.5131087362995899,5,1
261,adaptive_1,1,True,1.0000000000000002,1.0000000000000002,3.3306690738754696e-16,24,6
261,static_2,2,False,,1.4969636942530693,0.8504081712759863,10,1
261,adaptive_2,2,True,1.0000000000000004,1.0000000000000004,7.771561172376096e-16,25,5
261,static_4,4,False,,1.1644160910340033,0.3270918306585501,20,1
261,adaptive_4,4,True,1.0000000000000004,1.0000000000000004,2.220446049250313e-16,31,4
261,static_8,8,False,,1.1008250860349378,0.16085203849749508,40,1
261,adaptive_8,8,True,1.0000000000000004,1.0000000000000004,4.440892098500626e-16,46,4
261,full_disclosure,18,True,1.0,1.0,1.1102230246251565e-16,90,1
262,static_1,1,False,,1.8323210108461618,0.5153944623441697,5,1
262,adaptive_1,1,True,1.0,1.0,0.0,18,4
262,static_2,2,False,,1.3252616030954412,0.2977192903922322,10,1
262,adaptive_2,2,True,0.9999999999999999,0.9999999999999999,-1.1102230246251565e-16,20,4
262,static_4,4,False,,1.1395323428769935,0.21631621167364323,20,1
262,adaptive_4,4,True,1.0,1.0,1.1102230246251565e-16,26,3
262,static_8,8,False,,1.0085813545690745,0.06666074937824185,40,1
262,adaptive_8,8,True,0.9999999999999999,0.9999999999999999,2.220446049250313e-16,44,3
262,full_disclosure,18,True,1.0,1.0,2.220446049250313e-16,90,1
263,static_1,1,False,,1.289026981939014,0.43006122862717144,5,1
263,adaptive_1,1,True,0.9999999999999983,0.9999999999999983,3.3306690738754696e-16,18,5
263,static_2,2,False,,1.2595886191661427,0.4513540628802635,10,1
263,adaptive_2,2,True,0.9999999999999976,0.9999999999999976,1.3322676295501878e-15,24,4
263,static_4,4,False,,1.1181958143842072,0.2308647411279764,20,1
263,adaptive_4,4,True,0.9999999999999983,0.9999999999999983,2.220446049250313e-16,32,5
263,static_8,8,False,,1.0993830205408772,0.18344636383998913,40,1
263,adaptive_8,8,True,0.999999999999998,0.999999999999998,4.440892098500626e-16,48,3
263,full_disclosure,18,True,1.0,1.0,2.4424906541753444e-15,90,1
264,static_1,1,False,,1.5919609468466012,0.6775243424894151,5,1
264,adaptive_1,1,True,0.9999999999999999,0.9999999999999999,5.551115123125783e-16,29,7
264,static_2,2,False,,1.2358567402090193,0.38347869684494795,10,1
264,adaptive_2,2,True,0.9999999999999996,0.9999999999999996,2.220446049250313e-16,30,7
264,static_4,4,False,,1.0895327433434603,0.16856491821189779,20,1
264,adaptive_4,4,True,0.9999999999999997,0.9999999999999997,5.551115123125783e-16,31,4
264,static_8,8,False,,1.1043850596104092,0.14590216454649108,40,1
264,adaptive_8,8,True,0.9999999999999989,0.9999999999999989,0.0,49,3
264,full_disclosure,18,True,1.0,1.0,6.661338147750939e-16,90,1
265,static_1,1,False,,1.6193535843233262,0.7487315299868933,5,1
265,adaptive_1,1,True,1.0,1.0,5.551115123125783e-17,22,6
265,static_2,2,False,,1.4003525594240331,0.45994905494745697,10,1
265,adaptive_2,2,True,1.0000000000000002,1.0000000000000002,0.0,28,6
265,static_4,4,False,,1.0753788032304672,0.15554577447906193,20,1
265,adaptive_4,4,True,1.0000000000000002,1.0000000000000002,1.6653345369377348e-16,30,3
265,static_8,8,False,,1.1417426697352275,0.15288109690940632,40,1
265,adaptive_8,8,True,1.0000000000000004,1.0000000000000004,2.220446049250313e-16,45,2
265,full_disclosure,18,True,1.0,1.0,5.551115123125783e-17,90,1
266,static_1,1,False,,1.7471386374571742,0.8113528656465706,5,1
266,adaptive_1,1,True,0.9999999999999999,0.9999999999999999,2.220446049250313e-16,22,5
266,static_2,2,False,,1.7683926395266,0.5738892039337514,10,1
266,adaptive_2,2,True,0.9999999999999997,0.9999999999999997,0.0,25,4
266,static_4,4,False,,1.2111550065231116,0.1994517253292556,20,1
266,adaptive_4,4,True,0.9999999999999999,0.9999999999999999,1.1102230246251565e-16,28,4
266,static_8,8,False,,1.1200920228629025,0.13983426625551232,40,1
266,adaptive_8,8,True,0.9999999999999999,0.9999999999999999,2.220446049250313e-16,43,2
266,full_disclosure,18,True,1.0,1.0,1.1102230246251565e-16,90,1
267,static_1,1,False,,1.4177330174803489,0.8573490219190298,5,1
267,adaptive_1,1,True,0.9999999999999997,0.9999999999999997,4.440892098500626e-16,26,6
267,static_2,2,False,,1.2236983518620868,0.2660179327379739,10,1
267,adaptive_2,2,True,0.9999999999999994,0.9999999999999994,2.220446049250313e-16,28,5
267,static_4,4,False,,1.21520691759811,0.5920066503653691,20,1
267,adaptive_4,4,True,0.9999999999999991,0.9999999999999991,1.6653345369377348e-16,33,5
267,static_8,8,False,,1.147543936195657,0.17913100578348773,40,1
267,adaptive_8,8,True,0.9999999999999998,0.9999999999999998,1.1102230246251565e-16,47,4
267,full_disclosure,18,True,1.0,1.0,4.996003610813204e-16,90,1
268,static_1,1,False,,1.467584206648233,0.4869067506170581,5,1
268,adaptive_1,1,True,0.9999999999999986,0.9999999999999986,3.3306690738754696e-16,25,6
268,static_2,2,False,,1.2031245182036892,0.31526965547965097,10,1
268,adaptive_2,2,True,0.9999999999999994,0.9999999999999994,1.6653345369377348e-16,22,5
268,static_4,4,False,,1.1795650180062507,0.46857225833132077,20,1
268,adaptive_4,4,True,0.9999999999999997,0.9999999999999997,2.220446049250313e-16,33,4
268,static_8,8,False,,1.032251797191166,0.06518474895107201,40,1
268,adaptive_8,8,True,1.0000000000000002,1.0000000000000002,5.551115123125783e-16,48,4
268,full_disclosure,18,True,1.0,1.0,3.3306690738754696e-16,90,1
269,static_1,1,False,,1.3353761480558548,0.5191328066090679,5,1
269,adaptive_1,1,True,1.0000000000000002,1.0000000000000002,1.6653345369377348e-16,26,7
269,static_2,2,False,,1.2695640460795212,0.3226043665629567,10,1
269,adaptive_2,2,True,1.0,1.0,0.0,27,6
269,static_4,4,False,,1.0535761256165834,0.15034952087150855,20,1
269,adaptive_4,4,True,1.0000000000000004,1.0000000000000004,3.3306690738754696e-16,30,4
269,static_8,8,False,,1.0210348133927125,0.0836131172483765,40,1
269,adaptive_8,8,True,1.0000000000000007,1.0000000000000007,2.1094237467877974e-15,45,3
269,full_disclosure,18,True,1.0,1.0,2.7200464103316335e-15,90,1
270,static_1,1,False,,1.3333608974998026,0.6618373578785788,5,1
270,adaptive_1,1,True,0.9999999999999996,0.9999999999999996,1.1102230246251565e-16,25,6
270,static_2,2,False,,1.5178189392297763,0.6864129579848374,10,1
270,adaptive_2,2,True,0.999999999999999,0.999999999999999,2.220446049250313e-16,27,6
270,static_4,4,False,,1.2565728534676799,0.22031713567976619,20,1
270,adaptive_4,4,True,0.9999999999999992,0.9999999999999992,6.661338147750939e-16,32,5
270,static_8,8,False,,1.1171119145080786,0.1958264331475703,40,1
270,adaptive_8,8,True,0.9999999999999993,0.9999999999999993,6.661338147750939e-16,49,5
270,full_disclosure,18,True,1.0,1.0,1.4432899320127035e-15,90,1
271,static_1,1,False,,1.4810101101558006,0.8029596840493262,5,1
271,adaptive_1,1,True,1.0000000000000007,1.0000000000000007,2.220446049250313e-16,24,6
271,static_2,2,False,,1.194314004522787,0.3252399542271971,10,1
271,adaptive_2,2,True,1.0000000000000004,1.0000000000000004,3.3306690738754696e-16,22,4
271,static_4,4,False,,1.219962063657922,0.30004828715233944,20,1
271,adaptive_4,4,True,1.0000000000000009,1.0000000000000009,2.220446049250313e-16,31,4
271,static_8,8,False,,1.0676512195808836,0.15842450039055944,40,1
271,adaptive_8,8,True,1.0000000000000007,1.0000000000000007,2.220446049250313e-16,44,2
271,full_disclosure,18,True,1.0,1.0,2.220446049250313e-16,90,1
272,static_1,1,False,,1.6634647169461025,0.6178561066723484,5,1
272,adaptive_1,1,True,1.0000000000000004,1.0000000000000004,1.4432899320127035e-15,24,6
272,static_2,2,False,,1.4437531472834295,0.49346963477145445,10,1
272,adaptive_2,2,True,1.0000000000000002,1.0000000000000002,3.3306690738754696e-16,19,4
272,static_4,4,False,,1.1025881721220367,0.285109931251996,20,1
272,adaptive_4,4,True,1.0000000000000002,1.0000000000000002,1.1102230246251565e-16,30,4
272,static_8,8,False,,1.014642908336993,0.06692317496455241,40,1
272,adaptive_8,8,True,1.0000000000000004,1.0000000000000004,3.3306690738754696e-16,46,3
272,full_disclosure,18,True,1.0,1.0,3.3306690738754696e-16,90,1
273,static_1,1,False,,2.247365587259984,1.0241149521422117,5,1
273,adaptive_1,1,True,1.0000000000000004,1.0000000000000004,2.220446049250313e-16,23,5
273,static_2,2,False,,1.7228479557322087,0.7617474970930498,10,1
273,adaptive_2,2,True,1.0,1.0,0.0,29,6
273,static_4,4,False,,1.2279302070616682,0.1960952093651892,20,1
273,adaptive_4,4,True,1.0000000000000002,1.0000000000000002,2.4424906541753444e-15,33,5
273,static_8,8,False,,1.0029382181983337,0.0189858352732305,40,1
273,adaptive_8,8,True,1.0000000000000004,1.0000000000000004,4.440892098500626e-16,41,2
273,full_disclosure,18,True,1.0,1.0,7.771561172376096e-16,90,1
274,static_1,1,False,,1.7182053627524503,0.9388808543631385,5,1
274,adaptive_1,1,True,0.9999999999999998,0.9999999999999998,2.220446049250313e-16,29,8
274,static_2,2,False,,1.3118082330964551,0.30351039552658143,10,1
274,adaptive_2,2,True,1.0000000000000002,1.0000000000000002,5.551115123125783e-16,26,6
274,static_4,4,False,,1.132471445340422,0.1551351873613332,20,1
274,adaptive_4,4,True,1.0000000000000002,1.0000000000000002,2.220446049250313e-16,31,5
274,static_8,8,False,,1.079319446936446,0.12083381479651073,40,1
274,adaptive_8,8,True,1.0000000000000002,1.0000000000000002,2.7755575615628914e-16,47,4
274,full_disclosure,18,True,1.0,1.0,4.440892098500626e-16,90,1
275,static_1,1,False,,1.6418881400820649,0.7134191695325963,5,1
275,adaptive_1,1,True,1.000000000000001,1.000000000000001,1.1102230246251565e-16,20,4
275,static_2,2,False,,1.3164396502761286,0.3629239607468005,10,1
275,adaptive_2,2,True,1.0000000000000009,1.0000000000000009,2.220446049250313e-16,24,5
275,static_4,4,False,,1.1020859308848048,0.21135335689240708,20,1
275,adaptive_4,4,True,1.000000000000001,1.000000000000001,1.1102230246251565e-16,26,3
275,static_8,8,False,,1.0152445146725604,0.09767849880329571,40,1
275,adaptive_8,8,True,1.0000000000000007,1.0000000000000007,1.1102230246251565e-16,44,2
275,full_disclosure,18,True,1.0,1.0,7.771561172376096e-16,90,1
276,static_1,1,False,,1.570052124772353,0.643247501241845,5,1
276,adaptive_1,1,True,0.9999999999999998,0.9999999999999998,1.1102230246251565e-16,22,5
276,static_2,2,False,,1.3590645757271835,0.5182948147984932,10,1
276,adaptive_2,2,True,1.0000000000000004,1.0000000000000004,4.440892098500626e-16,26,5
276,static_4,4,False,,1.095120418950258,0.28049801349463377,20,1
276,adaptive_4,4,True,1.0,1.0,4.440892098500626e-16,33,4
276,static_8,8,False,,1.0301840788053924,0.04232830467283405,40,1
276,adaptive_8,8,True,0.9999999999999998,0.9999999999999998,9.43689570931383e-16,45,3
276,full_disclosure,18,True,1.0,1.0,5.551115123125783e-17,90,1
277,static_1,1,False,,1.506064639155405,0.5985731139157802,5,1
277,adaptive_1,1,True,1.0,1.0,5.551115123125783e-16,24,5
277,static_2,2,False,,1.4100068922955877,0.4350522316656411,10,1
277,adaptive_2,2,True,1.0000000000000002,1.0000000000000002,1.1102230246251565e-16,28,5
277,static_4,4,False,,1.1599171969707027,0.1599353967163043,20,1
277,adaptive_4,4,True,1.0000000000000004,1.0000000000000004,2.220446049250313e-16,32,4
277,static_8,8,False,,1.0902318744606396,0.08421974622815254,40,1
277,adaptive_8,8,True,0.9999999999999997,0.9999999999999997,0.0,45,3
277,full_disclosure,18,True,1.0,1.0,1.1102230246251565e-16,90,1
278,static_1,1,False,,1.8515279912900529,0.686093669619112,5,1
278,adaptive_1,1,True,0.9999999999999998,0.9999999999999998,5.551115123125783e-17,23,6
278,static_2,2,False,,1.4220741742610294,0.6143209401744786,10,1
278,adaptive_2,2,True,1.0,1.0,1.1102230246251565e-16,25,5
278,static_4,4,False,,1.1297617094832744,0.12884365970348433,20,1
278,adaptive_4,4,True,1.0000000000000002,1.0000000000000002,1.1102230246251565e-16,28,3
278,static_8,8,False,,1.1309378801510548,0.15864517564264702,40,1
278,adaptive_8,8,True,0.9999999999999998,0.9999999999999998,0.0,47,4
278,full_disclosure,18,True,1.0,1.0,4.996003610813204e-16,90,1
279,static_1,1,False,,1.5838879728833657,0.7301326250776212,5,1
279,adaptive_1,1,True,0.9999999999999989,0.9999999999999989,2.220446049250313e-16,23,5
279,static_2,2,False,,1.3409708947809391,0.44155938279074447,10,1
279,adaptive_2,2,True,0.9999999999999991,0.9999999999999991,2.220446049250313e-16,22,5
279,static_4,4,False,,1.118617564863777,0.16893740651624312,20,1
279,adaptive_4,4,True,0.9999999999999992,0.9999999999999992,1.1102230246251565e-16,31,5
279,static_8,8,False,,1.060090791433021,0.0721520902500552,40,1
279,adaptive_8,8,True,0.9999999999999988,0.9999999999999988,2.886579864025407e-15,48,3
279,full_disclosure,18,True,1.0,1.0,2.7755575615628914e-15,90,1
280,static_1,1,False,,1.2619644344428687,0.6373891829852445,5,1
280,adaptive_1,1,True,0.9999999999999999,0.9999999999999999,2.220446049250313e-16,27,7
280,static_2,2,False,,1.3442568975983493,0.5902376104233038,10,1
280,adaptive_2,2,True,0.9999999999999997,0.9999999999999997,0.0,24,6
280,static_4,4,False,,1.113139319543442,0.1390329666595297,20,1
280,adaptive_4,4,True,1.0000000000000002,1.0000000000000002,4.440892098500626e-16,28,5
280,static_8,8,False,,1.0937759125955155,0.16758609990379247,40,1
280,adaptive_8,8,True,1.0,1.0,2.220446049250313e-16,49,4
280,full_disclosure,18,True,1.0,1.0,4.440892098500626e-16,90,1
281,static_1,1,False,,1.6425596702289553,0.695279209140462,5,1
281,adaptive_1,1,True,1.0000000000000004,1.0000000000000004,1.1102230246251565e-16,17,4
281,static_2,2,False,,1.6512972453077472,0.5627619235092931,10,1
281,adaptive_2,2,True,1.0000000000000004,1.0000000000000004,2.220446049250313e-16,25,6
281,static_4,4,False,,1.4097939585305204,0.519102030818883,20,1
281,adaptive_4,4,True,1.0000000000000002,1.0000000000000002,4.440892098500626e-16,30,4
281,static_8,8,False,,1.1358537198916592,0.2719642429934316,40,1
281,adaptive_8,8,True,1.0000000000000002,1.0000000000000002,0.0,51,4
281,full_disclosure,18,True,1.0,1.0,2.220446049250313e-16,90,1
282,static_1,1,False,,1.7162350022838777,0.6057179318936046,5,1
282,adaptive_1,1,True,1.0,1.0,3.3306690738754696e-16,25,6
282,static_2,2,False,,1.49357915583282,0.47284841683186335,10,1
282,adaptive_2,2,True,0.9999999999999993,0.9999999999999993,0.0,24,5
282,static_4,4,False,,1.3476672643802914,0.4333967362775847,20,1
282,adaptive_4,4,True,0.9999999999999997,0.9999999999999997,4.440892098500626e-16,32,4
282,static_8,8,False,,1.0553165355591334,0.19635921904582837,40,1
282,adaptive_8,8,True,1.0000000000000004,1.0000000000000004,3.3306690738754696e-16,47,3
282,full_disclosure,18,True,1.0,1.0,4.440892098500626e-16,90,1
283,static_1,1,False,,1.6906817384328041,0.7240437139396416,5,1
283,adaptive_1,1,True,1.0000000000000004,1.0000000000000004,4.440892098500626e-16,24,6
283,static_2,2,False,,1.6710779847714938,0.4804036802045978,10,1
283,adaptive_2,2,True,1.0000000000000004,1.0000000000000004,1.1102230246251565e-16,21,4
283,static_4,4,False,,1.111923110055541,0.22343102741246712,20,1
283,adaptive_4,4,True,1.0000000000000007,1.0000000000000007,2.220446049250313e-16,33,5
283,static_8,8,False,,1.1875930348692574,0.24497623401943092,40,1
283,adaptive_8,8,True,1.0000000000000013,1.0000000000000013,1.3322676295501878e-15,47,4
283,full_disclosure,18,True,1.0,1.0,3.3306690738754696e-16,90,1
284,static_1,1,False,,1.2969935247257636,0.5984086238571581,5,1
284,adaptive_1,1,True,1.0000000000000004,1.0000000000000004,7.771561172376096e-16,20,4
284,static_2,2,False,,1.1843650221193496,0.25526723849525634,10,1
284,adaptive_2,2,True,0.9999999999999998,0.9999999999999998,1.1102230246251565e-16,30,6
284,static_4,4,False,,1.0563022804828528,0.10760896730847247,20,1
284,adaptive_4,4,True,1.0,1.0,1.5543122344752192e-15,32,4
284,static_8,8,False,,1.1267542288096741,0.24125136397817337,40,1
284,adaptive_8,8,True,1.0000000000000002,1.0000000000000002,9.992007221626409e-16,46,3
284,full_disclosure,18,True,1.0,1.0,3.3306690738754696e-16,90,1
285,static_1,1,False,,1.4990368575943662,0.6097300271300272,5,1
285,adaptive_1,1,True,1.0000000000000002,1.0000000000000002,4.440892098500626e-16,29,7
285,static_2,2,False,,1.3610391913580857,0.6426263304936639,10,1
285,adaptive_2,2,True,0.9999999999999997,0.9999999999999997,0.0,32,8
285,static_4,4,False,,1.3472158631791724,0.3263343522078105,20,1
285,adaptive_4,4,True,1.0,1.0,2.220446049250313e-16,38,7
285,static_8,8,False,,1.140564933037917,0.25252739412941727,40,1
285,adaptive_8,8,True,1.0000000000000002,1.0000000000000002,1.6653345369377348e-15,49,4
285,full_disclosure,18,True,1.0,1.0,1.1102230246251565e-16,90,1
286,static_1,1,False,,1.883813036579646,0.7993212541858672,5,1
286,adaptive_1,1,True,1.0000000000000004,1.0000000000000004,8.881784197001252e-16,28,7
286,static_2,2,False,,1.3436774817067725,0.4601564994290031,10,1
286,adaptive_2,2,True,1.0000000000000002,1.0000000000000002,2.220446049250313e-16,29,6
286,static_4,4,False,,1.2399994002729342,0.3293148466478467,20,1
286,adaptive_4,4,True,1.0000000000000004,1.0000000000000004,1.3322676295501878e-15,33,5
286,static_8,8,False,,1.0047238593382888,0.06822358186275984,40,1
286,adaptive_8,8,True,1.0000000000000004,1.0000000000000004,2.220446049250313e-16,43,3
286,full_disclosure,18,True,1.0,1.0,1.1102230246251565e-16,90,1
287,static_1,1,False,,1.4158482267000052,0.5519418990550062,5,1
287,adaptive_1,1,True,1.0000000000000002,1.0000000000000002,5.551115123125783e-17,25,6
287,static_2,2,False,,1.3913047827856655,0.4675403297655871,10,1
287,adaptive_2,2,True,1.0000000000000002,1.0000000000000002,2.220446049250313e-16,24,5
287,static_4,4,False,,1.2693724221967533,0.4498794641977526,20,1
287,adaptive_4,4,True,1.000000000000001,1.000000000000001,4.440892098500626e-15,31,4
287,static_8,8,False,,1.0527042899014192,0.18497575606842098,40,1
287,adaptive_8,8,True,1.0000000000000002,1.0000000000000002,5.551115123125783e-16,50,5
287,full_disclosure,18,True,1.0,1.0,4.440892098500626e-16,90,1
288,static_1,1,False,,1.3319436397028603,0.47012582860277563,5,1
288,adaptive_1,1,True,0.9999999999999997,0.9999999999999997,2.220446049250313e-16,21,6
288,static_2,2,False,,1.4390617562915766,0.4764673760847825,10,1
288,adaptive_2,2,True,0.9999999999999997,0.9999999999999997,2.7755575615628914e-16,19,3
288,static_4,4,False,,1.2078852728510725,0.33834158457845354,20,1
288,adaptive_4,4,True,1.0,1.0,3.3306690738754696e-16,37,5
288,static_8,8,False,,1.0744303728159916,0.15073439672098032,40,1
288,adaptive_8,8,True,0.9999999999999997,0.9999999999999997,3.3306690738754696e-16,45,2
288,full_disclosure,18,True,1.0,1.0,3.3306690738754696e-16,90,1
289,static_1,1,False,,1.6784608148390632,0.7524946808861273,5,1
289,adaptive_1,1,True,1.0000000000000002,1.0000000000000002,5.551115123125783e-16,28,7
289,static_2,2,False,,1.3349489875480178,0.4940026183157663,10,1
289,adaptive_2,2,True,1.0000000000000002,1.0000000000000002,2.220446049250313e-16,29,6
289,static_4,4,False,,1.2210002709838912,0.2797322168294082,20,1
289,adaptive_4,4,True,1.0000000000000002,1.0000000000000002,2.220446049250313e-16,33,4
289,static_8,8,False,,1.1266323791571593,0.16647412977631637,40,1
289,adaptive_8,8,True,0.9999999999999998,0.9999999999999998,3.3306690738754696e-16,48,3
289,full_disclosure,18,True,1.0,1.0,1.4432899320127035e-15,90,1
290,static_1,1,False,,1.3236531572249153,0.680607410408831,5,1
290,adaptive_1,1,True,0.9999999999999998,0.9999999999999998,0.0,20,5
290,static_2,2,False,,1.390603959119949,0.47137132408649196,10,1
290,adaptive_2,2,True,1.0000000000000002,1.0000000000000002,1.1102230246251565e-16,26,5
290,static_4,4,False,,1.1151805213302084,0.2858984182235892,20,1
290,adaptive_4,4,True,1.0000000000000004,1.0000000000000004,5.551115123125783e-16,30,4
290,static_8,8,False,,1.0148407156891284,0.0729793538907677,40,1
290,adaptive_8,8,True,1.0,1.0,1.1102230246251565e-16,46,4
290,full_disclosure,18,True,1.0,1.0,1.1102230246251565e-16,90,1
291,static_1,1,False,,1.7107448399965566,0.5562599611238426,5,1
291,adaptive_1,1,True,0.9999999999999998,0.9999999999999998,1.1102230246251565e-16,19,5
291,static_2,2,False,,1.1709033042294916,0.24869705317790491,10,1
291,adaptive_2,2,True,0.9999999999999998,0.9999999999999998,1.6653345369377348e-16,20,4
291,static_4,4,False,,1.1991504437517444,0.23489564379621392,20,1
291,adaptive_4,4,True,1.0,1.0,0.0,27,4
291,static_8,8,False,,1.1100630487006502,0.13348047477798575,40,1
291,adaptive_8,8,True,0.9999999999999998,0.9999999999999998,2.7755575615628914e-16,45,4
291,full_disclosure,18,True,1.0,1.0,1.0547118733938987e-15,90,1
292,static_1,1,False,,1.3457812780514522,0.5114043437901751,5,1
292,adaptive_1,1,True,1.0000000000000002,1.0000000000000002,3.3306690738754696e-16,16,4
292,static_2,2,False,,1.4882694575250224,0.33406640176469204,10,1
292,adaptive_2,2,True,1.0,1.0,0.0,23,4
292,static_4,4,False,,1.259664554617724,0.2054914050587574,20,1
292,adaptive_4,4,True,1.0,1.0,4.996003610813204e-16,29,3
292,static_8,8,False,,1.0074643673871029,0.0664897260381615,40,1
292,adaptive_8,8,True,0.9999999999999997,0.9999999999999997,3.3306690738754696e-16,44,3
292,full_disclosure,18,True,1.0,1.0,1.1102230246251565e-16,90,1
293,static_1,1,False,,1.8240970158249412,0.637335320262352,5,1
293,adaptive_1,1,True,0.9999999999999994,0.9999999999999994,4.440892098500626e-16,25,6
293,static_2,2,False,,1.7841807550694682,0.6533326736101216,10,1
293,adaptive_2,2,True,0.9999999999999991,0.9999999999999991,2.220446049250313e-16,21,4
293,static_4,4,False,,1.2239964020206768,0.44176705166007335,20,1
293,adaptive_4,4,True,0.9999999999999993,0.9999999999999993,1.6653345369377348e-16,34,5
293,static_8,8,False,,1.206197480575688,0.25952970758452243,40,1
293,adaptive_8,8,True,0.9999999999999994,0.9999999999999994,2.220446049250313e-15,46,3
293,full_disclosure,18,True,1.0,1.0,1.2212453270876722e-15,90,1
294,static_1,1,False,,1.6045305959575584,0.5384243376539137,5,1
294,adaptive_1,1,True,1.0000000000000004,1.0000000000000004,5.551115123125783e-16,28,6
294,static_2,2,False,,1.560570852890262,0.6277736883849309,10,1
294,adaptive_2,2,True,1.0000000000000004,1.0000000000000004,2.220446049250313e-16,28,5
294,static_4,4,False,,1.3060377106261245,0.23503938664971835,20,1
294,adaptive_4,4,True,1.0000000000000004,1.0000000000000004,3.3306690738754696e-16,36,6
294,static_8,8,False,,1.064048696284812,0.10511680577896576,40,1
294,adaptive_8,8,True,1.0,1.0,2.7755575615628914e-16,49,3
294,full_disclosure,18,True,1.0,1.0,2.220446049250313e-16,90,1
295,static_1,1,False,,1.687264184861659,0.829159770531072,5,1
295,adaptive_1,1,True,1.0000000000000002,1.0000000000000002,3.3306690738754696e-16,20,5
295,static_2,2,False,,1.4656675943688555,0.4783202825961326,10,1
295,adaptive_2,2,True,1.0000000000000002,1.0000000000000002,2.220446049250313e-16,23,4
295,static_4,4,False,,1.1831216140938974,0.23303588766817973,20,1
295,adaptive_4,4,True,1.0000000000000004,1.0000000000000004,6.661338147750939e-16,27,4
295,static_8,8,False,,1.117995689748171,0.3011246671990505,40,1
295,adaptive_8,8,True,0.9999999999999999,0.9999999999999999,1.1102230246251565e-16,49,4
295,full_disclosure,18,True,1.0,1.0,2.220446049250313e-16,90,1
296,static_1,1,False,,1.8684689973634483,0.7861400134224703,5,1
296,adaptive_1,1,True,0.9999999999999994,0.9999999999999994,2.220446049250313e-16,27,7
296,static_2,2,False,,1.2473035550255323,0.4736038021202782,10,1
296,adaptive_2,2,True,0.9999999999999994,0.9999999999999994,2.220446049250313e-16,24,4
296,static_4,4,False,,1.2653625535406814,0.20221425968076434,20,1
296,adaptive_4,4,True,0.9999999999999996,0.9999999999999996,2.7755575615628914e-16,30,3
296,static_8,8,False,,1.0498136182605966,0.14998936239123628,40,1
296,adaptive_8,8,True,0.9999999999999998,0.9999999999999998,2.220446049250313e-16,44,2
296,full_disclosure,18,True,1.0,1.0,6.661338147750939e-16,90,1
297,static_1,1,False,,1.4388310862108487,0.5588716506959797,5,1
297,adaptive_1,1,True,1.0000000000000009,1.0000000000000009,3.3306690738754696e-16,19,5
297,static_2,2,False,,1.2191855352804573,0.413303469822226,10,1
297,adaptive_2,2,True,1.000000000000002,1.000000000000002,2.609024107869118e-15,23,6
297,static_4,4,False,,1.2462520373864732,0.2243218311038111,20,1
297,adaptive_4,4,True,1.000000000000001,1.000000000000001,1.1102230246251565e-16,35,5
297,static_8,8,False,,1.0650488028586742,0.07843653828563257,40,1
297,adaptive_8,8,True,1.0000000000000016,1.0000000000000016,2.7755575615628914e-15,47,3
297,full_disclosure,18,True,1.0,1.0,0.0,90,1
298,static_1,1,False,,2.02781234301802,0.6625502588219396,5,1
298,adaptive_1,1,True,0.9999999999999976,0.9999999999999976,1.1102230246251565e-16,23,5
298,static_2,2,False,,1.2551060567256553,0.4022753496151922,10,1
298,adaptive_2,2,True,0.9999999999999976,0.9999999999999976,2.7755575615628914e-16,22,4
298,static_4,4,False,,1.3022752991681443,0.3515172268450699,20,1
298,adaptive_4,4,True,0.9999999999999976,0.9999999999999976,3.3306690738754696e-16,34,4
298,static_8,8,False,,1.1258468837087474,0.15129259566705544,40,1
298,adaptive_8,8,True,0.999999999999998,0.999999999999998,4.440892098500626e-16,52,4
298,full_disclosure,18,True,1.0,1.0,4.773959005888173e-15,90,1
299,static_1,1,False,,1.497797865816635,0.540201335023365,5,1
299,adaptive_1,1,True,0.9999999999999998,0.9999999999999998,4.440892098500626e-16,22,5
299,static_2,2,False,,1.511444579226951,0.5755097004377374,10,1
299,adaptive_2,2,True,1.0000000000000004,1.0000000000000004,8.881784197001252e-16,29,5
299,static_4,4,False,,1.1247630759045262,0.14621682754222898,20,1
299,adaptive_4,4,True,0.999999999999999,0.999999999999999,-5.551115123125783e-17,32,5
299,static_8,8,False,,1.009547031083818,0.11001793368097745,40,1
299,adaptive_8,8,True,0.9999999999999997,0.9999999999999997,5.551115123125783e-17,47,4
299,full_disclosure,18,True,1.0,1.0,1.1102230246251565e-16,90,1
