container_path,member_path,size_bytes,sha256,extension,disposition,corpus_path,physical_match,phase,artifact_type
02_WORKSPACE_SNAPSHOT/Towow_A2A_Independent_Research_v0.4.zip,Towow_A2A_Independent_Research_v0.4/00_EXECUTIVE_SYNTHESIS.md,9952,84b85e08dbee2688719e163689845a302db6c667709cdc624d842ed84f881425,md,already-searchable-physical,,02_WORKSPACE_SNAPSHOT/Towow_A2A_Independent_Research_v0.4/00_EXECUTIVE_SYNTHESIS.md,v0.4-operationalization,orientation
02_WORKSPACE_SNAPSHOT/Towow_A2A_Independent_Research_v0.4.zip,Towow_A2A_Independent_Research_v0.4/01_CURRENT_RESEARCH_STATE.md,3042,c237cb079884106c19bc4d9927ccd1f8e7a2f22748b8201b8d95910e0af9be2b,md,extracted-unique-text,02_derived/zip-text-search-corpus/files/c2/c237cb079884106c19bc4d9927ccd1f8e7a2f22748b8201b8d95910e0af9be2b.md,,v0.4-operationalization,text-source
02_WORKSPACE_SNAPSHOT/Towow_A2A_Independent_Research_v0.4.zip,Towow_A2A_Independent_Research_v0.4/02_RESEARCH_CHARTER.md,5174,61d0003c8a8f9000ab7b0baea713248ebcb194aad88d9d5316fab38de4689602,md,already-searchable-physical,,02_WORKSPACE_SNAPSHOT/Towow_A2A_Independent_Research_v0.4/02_RESEARCH_CHARTER.md,v0.4-operationalization,text-source
02_WORKSPACE_SNAPSHOT/Towow_A2A_Independent_Research_v0.4.zip,Towow_A2A_Independent_Research_v0.4/MANIFEST.json,16577,5de72e9452d898be75e48a153aa4208353ef93c8715f6110352a2cd678350025,json,extracted-unique-text,02_derived/zip-text-search-corpus/files/5d/5de72e9452d898be75e48a153aa4208353ef93c8715f6110352a2cd678350025.json,,v0.4-operationalization,manifest
02_WORKSPACE_SNAPSHOT/Towow_A2A_Independent_Research_v0.4.zip,Towow_A2A_Independent_Research_v0.4/README.md,8475,625ec2869c71166f203a9a4e095a2d42f2a776b8053fdd7d28fcaab094c14834,md,extracted-unique-text,02_derived/zip-text-search-corpus/files/62/625ec2869c71166f203a9a4e095a2d42f2a776b8053fdd7d28fcaab094c14834.md,,v0.4-operationalization,orientation
02_WORKSPACE_SNAPSHOT/Towow_A2A_Independent_Research_v0.4.zip,Towow_A2A_Independent_Research_v0.4/evidence/01_全量实验统一重审_v0.4.md,17268,4accaf98341c484a3b2128da241f214d704a2dbd29a76da9a3406726e303fbd2,md,already-searchable-physical,,02_WORKSPACE_SNAPSHOT/Towow_A2A_Independent_Research_v0.4/evidence/01_全量实验统一重审_v0.4.md,v0.4-operationalization,evidence-or-decision-ledger
02_WORKSPACE_SNAPSHOT/Towow_A2A_Independent_Research_v0.4.zip,Towow_A2A_Independent_Research_v0.4/evidence/02_主张证据与Design_Delta总账_v0.4.md,4381,f5699e06046ea5269991e06380245d92c667a56f87335c5aee6057305e01f34b,md,already-searchable-physical,,02_WORKSPACE_SNAPSHOT/Towow_A2A_Independent_Research_v0.4/evidence/02_主张证据与Design_Delta总账_v0.4.md,v0.4-operationalization,evidence-or-decision-ledger
02_WORKSPACE_SNAPSHOT/Towow_A2A_Independent_Research_v0.4.zip,Towow_A2A_Independent_Research_v0.4/evidence/03_历史资料来源地图.md,3040,e7d2a209d55d692a8871c4b90c0a79b6b91f62ce2b146c27aa1794d7bfce6aac,md,extracted-unique-text,02_derived/zip-text-search-corpus/files/e7/e7d2a209d55d692a8871c4b90c0a79b6b91f62ce2b146c27aa1794d7bfce6aac.md,,v0.4-operationalization,evidence-or-decision-ledger
02_WORKSPACE_SNAPSHOT/Towow_A2A_Independent_Research_v0.4.zip,Towow_A2A_Independent_Research_v0.4/evidence/claim_evidence_ledger.json,8199,ec33af6d35c9a67b3de0fe773c88ffde0e1901b773fefdfb484a818115af0994,json,extracted-unique-text,02_derived/zip-text-search-corpus/files/ec/ec33af6d35c9a67b3de0fe773c88ffde0e1901b773fefdfb484a818115af0994.json,,v0.4-operationalization,evidence-or-decision-ledger
02_WORKSPACE_SNAPSHOT/Towow_A2A_Independent_Research_v0.4.zip,Towow_A2A_Independent_Research_v0.4/evidence/experiment_ledger.json,17072,5757b6c827ff84fc4a27832307e29dcc661946a99d21d40d29cfa60fa4e22110,json,extracted-unique-text,02_derived/zip-text-search-corpus/files/57/5757b6c827ff84fc4a27832307e29dcc661946a99d21d40d29cfa60fa4e22110.json,,v0.4-operationalization,experiment-or-result
02_WORKSPACE_SNAPSHOT/Towow_A2A_Independent_Research_v0.4.zip,Towow_A2A_Independent_Research_v0.4/experiments/ontology_reduction/REPORT.md,4187,92113bf744c047a08a0ad62c21c7c6a891ea7a7d05f944c5c3783c87c7004156,md,already-searchable-physical,,02_WORKSPACE_SNAPSHOT/Towow_A2A_Independent_Research_v0.4/experiments/ontology_reduction/REPORT.md,v0.4-operationalization,experiment-or-result
02_WORKSPACE_SNAPSHOT/Towow_A2A_Independent_Research_v0.4.zip,Towow_A2A_Independent_Research_v0.4/experiments/ontology_reduction/results.json,16134,e43bbb667c49aa67bb8a1bf54d9109095fe6c894774a10e6ba7c266b6961979b,json,extracted-unique-text,02_derived/zip-text-search-corpus/files/e4/e43bbb667c49aa67bb8a1bf54d9109095fe6c894774a10e6ba7c266b6961979b.json,,v0.4-operationalization,experiment-or-result
02_WORKSPACE_SNAPSHOT/Towow_A2A_Independent_Research_v0.4.zip,Towow_A2A_Independent_Research_v0.4/experiments/ontology_reduction/run.py,10223,c18cdc523e6fdf64f2b24925e122cacb3c14c8f9cef2e0cd16692c6209f99213,py,extracted-unique-text,02_derived/zip-text-search-corpus/files/c1/c18cdc523e6fdf64f2b24925e122cacb3c14c8f9cef2e0cd16692c6209f99213.py,,v0.4-operationalization,experiment-or-result
02_WORKSPACE_SNAPSHOT/Towow_A2A_Independent_Research_v0.4.zip,Towow_A2A_Independent_Research_v0.4/experiments/schema_change_classifier/REPORT.md,4004,1e8b63c049353fd0c6c8328130033595c54369757b101c47c92540180d104e75,md,already-searchable-physical,,02_WORKSPACE_SNAPSHOT/Towow_A2A_Independent_Research_v0.4/experiments/schema_change_classifier/REPORT.md,v0.4-operationalization,experiment-or-result
02_WORKSPACE_SNAPSHOT/Towow_A2A_Independent_Research_v0.4.zip,Towow_A2A_Independent_Research_v0.4/experiments/schema_change_classifier/results.json,4622,e262f2f031c97c4767e84b8609791936b9d77a39eaed3ee7b4577f5336e0c2e9,json,extracted-unique-text,02_derived/zip-text-search-corpus/files/e2/e262f2f031c97c4767e84b8609791936b9d77a39eaed3ee7b4577f5336e0c2e9.json,,v0.4-operationalization,experiment-or-result
02_WORKSPACE_SNAPSHOT/Towow_A2A_Independent_Research_v0.4.zip,Towow_A2A_Independent_Research_v0.4/experiments/schema_change_classifier/run.py,10367,83e572ab086c2103a5dee7dbd0a4645ab1dccdf7ac70bed21f60ff84d51a01f9,py,extracted-unique-text,02_derived/zip-text-search-corpus/files/83/83e572ab086c2103a5dee7dbd0a4645ab1dccdf7ac70bed21f60ff84d51a01f9.py,,v0.4-operationalization,experiment-or-result
02_WORKSPACE_SNAPSHOT/Towow_A2A_Independent_Research_v0.4.zip,Towow_A2A_Independent_Research_v0.4/instrument/sample_case/README.md,2197,f52777b349847a30a86e92c45a1d56a7350f6083efcba3978ae3e81608874a7b,md,already-searchable-physical,,02_WORKSPACE_SNAPSHOT/Towow_A2A_Independent_Research_v0.4/instrument/sample_case/README.md,v0.4-operationalization,instrument-or-code
02_WORKSPACE_SNAPSHOT/Towow_A2A_Independent_Research_v0.4.zip,Towow_A2A_Independent_Research_v0.4/instrument/sample_case/build_sample.py,24676,e3e8f93d763267849a72b4b098e8f43015dd3810cbe03029c8cbd66b2b1ada52,py,extracted-unique-text,02_derived/zip-text-search-corpus/files/e3/e3e8f93d763267849a72b4b098e8f43015dd3810cbe03029c8cbd66b2b1ada52.py,,v0.4-operationalization,instrument-or-code
02_WORKSPACE_SNAPSHOT/Towow_A2A_Independent_Research_v0.4.zip,Towow_A2A_Independent_Research_v0.4/instrument/sample_case/case/case.json,1182,e52d36bd39a663da1553ebe6a84ed08d483a00901d99c15f8bed393ac2ee0419,json,extracted-unique-text,02_derived/zip-text-search-corpus/files/e5/e52d36bd39a663da1553ebe6a84ed08d483a00901d99c15f8bed393ac2ee0419.json,,v0.4-operationalization,instrument-or-code
02_WORKSPACE_SNAPSHOT/Towow_A2A_Independent_Research_v0.4.zip,Towow_A2A_Independent_Research_v0.4/instrument/sample_case/case/outputs/adj-828b3c4d381d.json,1137,247e24361aee514bab0e07caa171c803262194e108299bca80e7ce80f78c313b,json,extracted-unique-text,02_derived/zip-text-search-corpus/files/24/247e24361aee514bab0e07caa171c803262194e108299bca80e7ce80f78c313b.json,,v0.4-operationalization,instrument-or-code
02_WORKSPACE_SNAPSHOT/Towow_A2A_Independent_Research_v0.4.zip,Towow_A2A_Independent_Research_v0.4/instrument/sample_case/case/private/buyer_business/intake.json,732,fb3102da72365ba9bfb6382de266fa7c38b88f61d6f589544a961c8eb88f93c1,json,extracted-unique-text,02_derived/zip-text-search-corpus/files/fb/fb3102da72365ba9bfb6382de266fa7c38b88f61d6f589544a961c8eb88f93c1.json,,v0.4-operationalization,instrument-or-code
02_WORKSPACE_SNAPSHOT/Towow_A2A_Independent_Research_v0.4.zip,Towow_A2A_Independent_Research_v0.4/instrument/sample_case/case/private/buyer_business/mandate-buyer_business-v1.json,1063,b2ca385c6cb3678773ffa627f0490131c5b678daaee03f6bb97c1fef1db66df4,json,extracted-unique-text,02_derived/zip-text-search-corpus/files/b2/b2ca385c6cb3678773ffa627f0490131c5b678daaee03f6bb97c1fef1db66df4.json,,v0.4-operationalization,instrument-or-code
02_WORKSPACE_SNAPSHOT/Towow_A2A_Independent_Research_v0.4.zip,Towow_A2A_Independent_Research_v0.4/instrument/sample_case/case/private/buyer_data/intake.json,764,ec3f8223b58780a2e127991017ba2d7a6635a51ec4ada6c8226e5b495fde1818,json,extracted-unique-text,02_derived/zip-text-search-corpus/files/ec/ec3f8223b58780a2e127991017ba2d7a6635a51ec4ada6c8226e5b495fde1818.json,,v0.4-operationalization,instrument-or-code
02_WORKSPACE_SNAPSHOT/Towow_A2A_Independent_Research_v0.4.zip,Towow_A2A_Independent_Research_v0.4/instrument/sample_case/case/private/buyer_data/mandate-buyer_data-v1.json,1394,9a21020a28e0227e37c494df519a667625b7496671cd20c3336134e51c272a60,json,extracted-unique-text,02_derived/zip-text-search-corpus/files/9a/9a21020a28e0227e37c494df519a667625b7496671cd20c3336134e51c272a60.json,,v0.4-operationalization,instrument-or-code
02_WORKSPACE_SNAPSHOT/Towow_A2A_Independent_Research_v0.4.zip,Towow_A2A_Independent_Research_v0.4/instrument/sample_case/case/private/provider_business/intake.json,730,ac91b93f7f8dcbb2f39a8e31e9809c94512eeee6377dc986448f9016e525449c,json,extracted-unique-text,02_derived/zip-text-search-corpus/files/ac/ac91b93f7f8dcbb2f39a8e31e9809c94512eeee6377dc986448f9016e525449c.json,,v0.4-operationalization,instrument-or-code
02_WORKSPACE_SNAPSHOT/Towow_A2A_Independent_Research_v0.4.zip,Towow_A2A_Independent_Research_v0.4/instrument/sample_case/case/private/provider_business/mandate-provider_business-v1.json,1006,ccbe21492848f72361c4dc6f9fba94e79e4012478c2d21f3aa800623ea5765b1,json,extracted-unique-text,02_derived/zip-text-search-corpus/files/cc/ccbe21492848f72361c4dc6f9fba94e79e4012478c2d21f3aa800623ea5765b1.json,,v0.4-operationalization,instrument-or-code
02_WORKSPACE_SNAPSHOT/Towow_A2A_Independent_Research_v0.4.zip,Towow_A2A_Independent_Research_v0.4/instrument/sample_case/case/private/provider_tech/intake.json,714,d6e9e2d2dd5ee3e2a215892281100751c4dc97d8da1e154463f3d52ff95494f7,json,extracted-unique-text,02_derived/zip-text-search-corpus/files/d6/d6e9e2d2dd5ee3e2a215892281100751c4dc97d8da1e154463f3d52ff95494f7.json,,v0.4-operationalization,instrument-or-code
02_WORKSPACE_SNAPSHOT/Towow_A2A_Independent_Research_v0.4.zip,Towow_A2A_Independent_Research_v0.4/instrument/sample_case/case/private/provider_tech/mandate-provider_tech-v1.json,1296,1d4160ab887b1f8bcd38c3e3cdcad9d48356170775b619ecadfd4df9cec31567,json,extracted-unique-text,02_derived/zip-text-search-corpus/files/1d/1d4160ab887b1f8bcd38c3e3cdcad9d48356170775b619ecadfd4df9cec31567.json,,v0.4-operationalization,instrument-or-code
02_WORKSPACE_SNAPSHOT/Towow_A2A_Independent_Research_v0.4.zip,Towow_A2A_Independent_Research_v0.4/instrument/sample_case/case/shared/events.jsonl,10944,6d721c059e28ad68b6670e6a8bc18c70cb845cefc16f461b5bb39d5f5686b150,jsonl,extracted-unique-text,02_derived/zip-text-search-corpus/files/6d/6d721c059e28ad68b6670e6a8bc18c70cb845cefc16f461b5bb39d5f5686b150.jsonl,,v0.4-operationalization,instrument-or-code
02_WORKSPACE_SNAPSHOT/Towow_A2A_Independent_Research_v0.4.zip,Towow_A2A_Independent_Research_v0.4/instrument/sample_case/case/shared/relation/current.json,7975,66499282c8a5ef8535bfa51d0f0030513df758c3cdead84f556c19f5cad358cd,json,extracted-unique-text,02_derived/zip-text-search-corpus/files/66/66499282c8a5ef8535bfa51d0f0030513df758c3cdead84f556c19f5cad358cd.json,,v0.4-operationalization,instrument-or-code
02_WORKSPACE_SNAPSHOT/Towow_A2A_Independent_Research_v0.4.zip,Towow_A2A_Independent_Research_v0.4/instrument/sample_case/case/shared/relation/versions/v0001.json,5062,33df71aac5c206d3ef417c266cc0b977a9b392c5ff41cdb913ca9b558026df09,json,extracted-unique-text,02_derived/zip-text-search-corpus/files/33/33df71aac5c206d3ef417c266cc0b977a9b392c5ff41cdb913ca9b558026df09.json,,v0.4-operationalization,instrument-or-code
02_WORKSPACE_SNAPSHOT/Towow_A2A_Independent_Research_v0.4.zip,Towow_A2A_Independent_Research_v0.4/instrument/sample_case/case/shared/relation/versions/v0002.json,7975,66499282c8a5ef8535bfa51d0f0030513df758c3cdead84f556c19f5cad358cd,json,extracted-unique-text,02_derived/zip-text-search-corpus/files/66/66499282c8a5ef8535bfa51d0f0030513df758c3cdead84f556c19f5cad358cd.json,,v0.4-operationalization,instrument-or-code
02_WORKSPACE_SNAPSHOT/Towow_A2A_Independent_Research_v0.4.zip,Towow_A2A_Independent_Research_v0.4/instrument/sample_case/change_report.json,10987,fca0ace82d8ae63b0617bc2e63b67bedbde9a9f11aea2f48417ff63bb90604a9,json,already-searchable-physical,,02_WORKSPACE_SNAPSHOT/Towow_A2A_Independent_Research_v0.4/instrument/sample_case/change_report.json,v0.4-operationalization,instrument-or-code
02_WORKSPACE_SNAPSHOT/Towow_A2A_Independent_Research_v0.4.zip,Towow_A2A_Independent_Research_v0.4/instrument/sample_case/compile_readiness.json,463,96277f759b8f80d4952b1753e6711302f20552ba03a718a82a642a953cd40721,json,already-searchable-physical,,02_WORKSPACE_SNAPSHOT/Towow_A2A_Independent_Research_v0.4/instrument/sample_case/compile_readiness.json,v0.4-operationalization,instrument-or-code
02_WORKSPACE_SNAPSHOT/Towow_A2A_Independent_Research_v0.4.zip,Towow_A2A_Independent_Research_v0.4/instrument/sample_case/metrics.json,978,ffab74112b7711585fb36f64e00657232b5068ea79dd289d751dea37965e8940,json,extracted-unique-text,02_derived/zip-text-search-corpus/files/ff/ffab74112b7711585fb36f64e00657232b5068ea79dd289d751dea37965e8940.json,,v0.4-operationalization,instrument-or-code
02_WORKSPACE_SNAPSHOT/Towow_A2A_Independent_Research_v0.4.zip,Towow_A2A_Independent_Research_v0.4/instrument/sample_case/redacted_export/REDACTION_NOTICE.json,252,59c15d3456f91d87d0b8b2c3ed769efa05a99c078ea50fef23bc13a4e26244b2,json,extracted-unique-text,02_derived/zip-text-search-corpus/files/59/59c15d3456f91d87d0b8b2c3ed769efa05a99c078ea50fef23bc13a4e26244b2.json,,v0.4-operationalization,instrument-or-code
02_WORKSPACE_SNAPSHOT/Towow_A2A_Independent_Research_v0.4.zip,Towow_A2A_Independent_Research_v0.4/instrument/sample_case/redacted_export/case.json,1182,e52d36bd39a663da1553ebe6a84ed08d483a00901d99c15f8bed393ac2ee0419,json,extracted-unique-text,02_derived/zip-text-search-corpus/files/e5/e52d36bd39a663da1553ebe6a84ed08d483a00901d99c15f8bed393ac2ee0419.json,,v0.4-operationalization,instrument-or-code
02_WORKSPACE_SNAPSHOT/Towow_A2A_Independent_Research_v0.4.zip,Towow_A2A_Independent_Research_v0.4/instrument/sample_case/redacted_export/outputs/adj-828b3c4d381d.json,1137,247e24361aee514bab0e07caa171c803262194e108299bca80e7ce80f78c313b,json,extracted-unique-text,02_derived/zip-text-search-corpus/files/24/247e24361aee514bab0e07caa171c803262194e108299bca80e7ce80f78c313b.json,,v0.4-operationalization,instrument-or-code
02_WORKSPACE_SNAPSHOT/Towow_A2A_Independent_Research_v0.4.zip,Towow_A2A_Independent_Research_v0.4/instrument/sample_case/redacted_export/shared/events.jsonl,10944,6d721c059e28ad68b6670e6a8bc18c70cb845cefc16f461b5bb39d5f5686b150,jsonl,extracted-unique-text,02_derived/zip-text-search-corpus/files/6d/6d721c059e28ad68b6670e6a8bc18c70cb845cefc16f461b5bb39d5f5686b150.jsonl,,v0.4-operationalization,instrument-or-code
02_WORKSPACE_SNAPSHOT/Towow_A2A_Independent_Research_v0.4.zip,Towow_A2A_Independent_Research_v0.4/instrument/sample_case/redacted_export/shared/relation/current.json,7975,66499282c8a5ef8535bfa51d0f0030513df758c3cdead84f556c19f5cad358cd,json,extracted-unique-text,02_derived/zip-text-search-corpus/files/66/66499282c8a5ef8535bfa51d0f0030513df758c3cdead84f556c19f5cad358cd.json,,v0.4-operationalization,instrument-or-code
02_WORKSPACE_SNAPSHOT/Towow_A2A_Independent_Research_v0.4.zip,Towow_A2A_Independent_Research_v0.4/instrument/sample_case/redacted_export/shared/relation/versions/v0001.json,5062,33df71aac5c206d3ef417c266cc0b977a9b392c5ff41cdb913ca9b558026df09,json,extracted-unique-text,02_derived/zip-text-search-corpus/files/33/33df71aac5c206d3ef417c266cc0b977a9b392c5ff41cdb913ca9b558026df09.json,,v0.4-operationalization,instrument-or-code
02_WORKSPACE_SNAPSHOT/Towow_A2A_Independent_Research_v0.4.zip,Towow_A2A_Independent_Research_v0.4/instrument/sample_case/redacted_export/shared/relation/versions/v0002.json,7975,66499282c8a5ef8535bfa51d0f0030513df758c3cdead84f556c19f5cad358cd,json,extracted-unique-text,02_derived/zip-text-search-corpus/files/66/66499282c8a5ef8535bfa51d0f0030513df758c3cdead84f556c19f5cad358cd.json,,v0.4-operationalization,instrument-or-code
02_WORKSPACE_SNAPSHOT/Towow_A2A_Independent_Research_v0.4.zip,Towow_A2A_Independent_Research_v0.4/instrument/sample_case/sample_summary.json,1493,137300b07b7808b0dab2ab0abc9ec5dfcc9c96eb6f7f89ac99b9eb0685016743,json,extracted-unique-text,02_derived/zip-text-search-corpus/files/13/137300b07b7808b0dab2ab0abc9ec5dfcc9c96eb6f7f89ac99b9eb0685016743.json,,v0.4-operationalization,instrument-or-code
02_WORKSPACE_SNAPSHOT/Towow_A2A_Independent_Research_v0.4.zip,Towow_A2A_Independent_Research_v0.4/instrument/sample_case/validation.json,128,2191644eab70f28bafb0265836cd7773e376cf55de12e76eda66d740775134a5,json,extracted-unique-text,02_derived/zip-text-search-corpus/files/21/2191644eab70f28bafb0265836cd7773e376cf55de12e76eda66d740775134a5.json,,v0.4-operationalization,instrument-or-code
02_WORKSPACE_SNAPSHOT/Towow_A2A_Independent_Research_v0.4.zip,Towow_A2A_Independent_Research_v0.4/instrument/templates/README.md,671,3211252d292eed485b38e3eca57ac5e5a10881cdd0be84af9f86b31d0102e3f6,md,extracted-unique-text,02_derived/zip-text-search-corpus/files/32/3211252d292eed485b38e3eca57ac5e5a10881cdd0be84af9f86b31d0102e3f6.md,,v0.4-operationalization,instrument-or-code
02_WORKSPACE_SNAPSHOT/Towow_A2A_Independent_Research_v0.4.zip,Towow_A2A_Independent_Research_v0.4/instrument/templates/adjudication.json,536,37202b1979f65caa2b0e779102d945bb81ef4702822c4c9494dad697e28cdb2b,json,extracted-unique-text,02_derived/zip-text-search-corpus/files/37/37202b1979f65caa2b0e779102d945bb81ef4702822c4c9494dad697e28cdb2b.json,,v0.4-operationalization,instrument-or-code
02_WORKSPACE_SNAPSHOT/Towow_A2A_Independent_Research_v0.4.zip,Towow_A2A_Independent_Research_v0.4/instrument/templates/case_screen.json,627,7fa009914d1248d4cd9ed3a616a4c94e9bbeb483e0a52351100a99335d58b826,json,extracted-unique-text,02_derived/zip-text-search-corpus/files/7f/7fa009914d1248d4cd9ed3a616a4c94e9bbeb483e0a52351100a99335d58b826.json,,v0.4-operationalization,instrument-or-code
02_WORKSPACE_SNAPSHOT/Towow_A2A_Independent_Research_v0.4.zip,Towow_A2A_Independent_Research_v0.4/instrument/templates/event_payload.json,230,ef989ad1f2d072108ab3cb41872a003e58b772e185901035329f30d22029de81,json,extracted-unique-text,02_derived/zip-text-search-corpus/files/ef/ef989ad1f2d072108ab3cb41872a003e58b772e185901035329f30d22029de81.json,,v0.4-operationalization,instrument-or-code
02_WORKSPACE_SNAPSHOT/Towow_A2A_Independent_Research_v0.4.zip,Towow_A2A_Independent_Research_v0.4/instrument/templates/followup.json,371,b7f0b58ba8087db60b874ed08eb993a45f51ebdd035cc9397fd0795e04f5e919,json,extracted-unique-text,02_derived/zip-text-search-corpus/files/b7/b7f0b58ba8087db60b874ed08eb993a45f51ebdd035cc9397fd0795e04f5e919.json,,v0.4-operationalization,instrument-or-code
02_WORKSPACE_SNAPSHOT/Towow_A2A_Independent_Research_v0.4.zip,Towow_A2A_Independent_Research_v0.4/instrument/templates/mandate.json,550,367f4cd52f3ae051830e50429bafe8d3e8fb036bfcc1bf0d1d680e024cc4c302,json,extracted-unique-text,02_derived/zip-text-search-corpus/files/36/367f4cd52f3ae051830e50429bafe8d3e8fb036bfcc1bf0d1d680e024cc4c302.json,,v0.4-operationalization,instrument-or-code
02_WORKSPACE_SNAPSHOT/Towow_A2A_Independent_Research_v0.4.zip,Towow_A2A_Independent_Research_v0.4/instrument/templates/private_intake.json,662,923e47b3574963cb20bac6fb156612d864ed15a79875f147c7294313cc098bf4,json,extracted-unique-text,02_derived/zip-text-search-corpus/files/92/923e47b3574963cb20bac6fb156612d864ed15a79875f147c7294313cc098bf4.json,,v0.4-operationalization,instrument-or-code
02_WORKSPACE_SNAPSHOT/Towow_A2A_Independent_Research_v0.4.zip,Towow_A2A_Independent_Research_v0.4/instrument/templates/relation_version.json,772,7c91b2d1f2487043200a1154001043bed75a48b28eb344d44cfe989df260dc9d,json,extracted-unique-text,02_derived/zip-text-search-corpus/files/7c/7c91b2d1f2487043200a1154001043bed75a48b28eb344d44cfe989df260dc9d.json,,v0.4-operationalization,instrument-or-code
02_WORKSPACE_SNAPSHOT/Towow_A2A_Independent_Research_v0.4.zip,Towow_A2A_Independent_Research_v0.4/instrument/towow_fieldkit/README.md,5957,7a4c37713c5d083779920fc4f9fedf93af7bd0c84d2c4033b534faf852adef8b,md,already-searchable-physical,,02_WORKSPACE_SNAPSHOT/Towow_A2A_Independent_Research_v0.4/instrument/towow_fieldkit/README.md,v0.4-operationalization,instrument-or-code
02_WORKSPACE_SNAPSHOT/Towow_A2A_Independent_Research_v0.4.zip,Towow_A2A_Independent_Research_v0.4/instrument/towow_fieldkit/tests/test_fieldkit.py,7268,982f2a31c148cc833f55c8ba1bfdd8f8488bdf5f9c208a30201f40749c877c5c,py,extracted-unique-text,02_derived/zip-text-search-corpus/files/98/982f2a31c148cc833f55c8ba1bfdd8f8488bdf5f9c208a30201f40749c877c5c.py,,v0.4-operationalization,qa-or-test
02_WORKSPACE_SNAPSHOT/Towow_A2A_Independent_Research_v0.4.zip,Towow_A2A_Independent_Research_v0.4/instrument/towow_fieldkit/towow_fieldkit/__init__.py,209,1d33e27ab8535649071a318a9604e80f874f88bd0b5b1e32650d552116977871,py,extracted-unique-text,02_derived/zip-text-search-corpus/files/1d/1d33e27ab8535649071a318a9604e80f874f88bd0b5b1e32650d552116977871.py,,v0.4-operationalization,instrument-or-code
02_WORKSPACE_SNAPSHOT/Towow_A2A_Independent_Research_v0.4.zip,Towow_A2A_Independent_Research_v0.4/instrument/towow_fieldkit/towow_fieldkit/__main__.py,48,935a1c1166b0c1ea35a82256345000bf2c73ded718d77773bc27a71ecce28f7d,py,extracted-unique-text,02_derived/zip-text-search-corpus/files/93/935a1c1166b0c1ea35a82256345000bf2c73ded718d77773bc27a71ecce28f7d.py,,v0.4-operationalization,instrument-or-code
02_WORKSPACE_SNAPSHOT/Towow_A2A_Independent_Research_v0.4.zip,Towow_A2A_Independent_Research_v0.4/instrument/towow_fieldkit/towow_fieldkit/cli.py,6144,117fcb9976e54a94eb1a9d7efec1b5511dab78aadbeb4cd7089c870e985abf63,py,extracted-unique-text,02_derived/zip-text-search-corpus/files/11/117fcb9976e54a94eb1a9d7efec1b5511dab78aadbeb4cd7089c870e985abf63.py,,v0.4-operationalization,instrument-or-code
02_WORKSPACE_SNAPSHOT/Towow_A2A_Independent_Research_v0.4.zip,Towow_A2A_Independent_Research_v0.4/instrument/towow_fieldkit/towow_fieldkit/schema_change.py,13990,42e276501b93a6dc05358f3d672823a00f99dbe1d4cb6d76cfc8a6ad41de6cef,py,extracted-unique-text,02_derived/zip-text-search-corpus/files/42/42e276501b93a6dc05358f3d672823a00f99dbe1d4cb6d76cfc8a6ad41de6cef.py,,v0.4-operationalization,specification-or-protocol
02_WORKSPACE_SNAPSHOT/Towow_A2A_Independent_Research_v0.4.zip,Towow_A2A_Independent_Research_v0.4/instrument/towow_fieldkit/towow_fieldkit/store.py,13995,8827c08d906b1efddc7382ad4ca74ada56b2baf33c9d70cee93705e9738cf98d,py,extracted-unique-text,02_derived/zip-text-search-corpus/files/88/8827c08d906b1efddc7382ad4ca74ada56b2baf33c9d70cee93705e9738cf98d.py,,v0.4-operationalization,instrument-or-code
02_WORKSPACE_SNAPSHOT/Towow_A2A_Independent_Research_v0.4.zip,Towow_A2A_Independent_Research_v0.4/qa/RELEASE_QA.md,1265,4734ba7e58fb1ddc0c9b68e2bae3488b438860032f2a4d8e5cfa4a4597392c01,md,already-searchable-physical,,02_WORKSPACE_SNAPSHOT/Towow_A2A_Independent_Research_v0.4/qa/RELEASE_QA.md,v0.4-operationalization,qa-or-test
02_WORKSPACE_SNAPSHOT/Towow_A2A_Independent_Research_v0.4.zip,Towow_A2A_Independent_Research_v0.4/qa/release_qa.json,1854,e574afeb22158a491472942dbdc71e87605182948016b7ee3889054ab85c88b5,json,extracted-unique-text,02_derived/zip-text-search-corpus/files/e5/e574afeb22158a491472942dbdc71e87605182948016b7ee3889054ab85c88b5.json,,v0.4-operationalization,qa-or-test
02_WORKSPACE_SNAPSHOT/Towow_A2A_Independent_Research_v0.4.zip,Towow_A2A_Independent_Research_v0.4/qa/run_release_qa.py,5862,16be15b6b25df2748ef09d26ca3df6b106915b4b7c961f377088d88f2cbe815a,py,extracted-unique-text,02_derived/zip-text-search-corpus/files/16/16be15b6b25df2748ef09d26ca3df6b106915b4b7c961f377088d88f2cbe815a.py,,v0.4-operationalization,qa-or-test
02_WORKSPACE_SNAPSHOT/Towow_A2A_Independent_Research_v0.4.zip,Towow_A2A_Independent_Research_v0.4/real_world_protocol/00_READ_ME_FIRST.md,2182,dc177edad332224cad8e0b3600326f09628f57c3d63e57c43b1073c755e1b7c6,md,already-searchable-physical,,02_WORKSPACE_SNAPSHOT/Towow_A2A_Independent_Research_v0.4/real_world_protocol/00_READ_ME_FIRST.md,v0.4-operationalization,specification-or-protocol
02_WORKSPACE_SNAPSHOT/Towow_A2A_Independent_Research_v0.4.zip,Towow_A2A_Independent_Research_v0.4/real_world_protocol/01_R7_最小原则性实验_v0.2.md,10375,0a212208acd594224d8860444c34c5854d5a61a56e8a133d2829b3b42b0f8708,md,already-searchable-physical,,02_WORKSPACE_SNAPSHOT/Towow_A2A_Independent_Research_v0.4/real_world_protocol/01_R7_最小原则性实验_v0.2.md,v0.4-operationalization,specification-or-protocol
02_WORKSPACE_SNAPSHOT/Towow_A2A_Independent_Research_v0.4.zip,Towow_A2A_Independent_Research_v0.4/real_world_protocol/02_Owner_资源与执行手册.md,12894,ace4f9eb3eeaea742021526336e5dc2625fb60cf589d05b5c59e624288a119a8,md,already-searchable-physical,,02_WORKSPACE_SNAPSHOT/Towow_A2A_Independent_Research_v0.4/real_world_protocol/02_Owner_资源与执行手册.md,v0.4-operationalization,specification-or-protocol
02_WORKSPACE_SNAPSHOT/Towow_A2A_Independent_Research_v0.4.zip,Towow_A2A_Independent_Research_v0.4/real_world_protocol/03_案例筛选与招募脚本.md,3587,018c168519c6b9affc7fda50bd62ef8befd4ef789403d5a9120513b5f44687ad,md,extracted-unique-text,02_derived/zip-text-search-corpus/files/01/018c168519c6b9affc7fda50bd62ef8befd4ef789403d5a9120513b5f44687ad.md,,v0.4-operationalization,specification-or-protocol
02_WORKSPACE_SNAPSHOT/Towow_A2A_Independent_Research_v0.4.zip,Towow_A2A_Independent_Research_v0.4/real_world_protocol/04_示例案例_企业AI只读试点.md,5860,87941802972875c2298cf984da08239ff90692afe47cfdce31611d8d06fa99ec,md,already-searchable-physical,,02_WORKSPACE_SNAPSHOT/Towow_A2A_Independent_Research_v0.4/real_world_protocol/04_示例案例_企业AI只读试点.md,v0.4-operationalization,specification-or-protocol
02_WORKSPACE_SNAPSHOT/Towow_A2A_Independent_Research_v0.4.zip,Towow_A2A_Independent_Research_v0.4/real_world_protocol/05_参与者操作清单.md,2336,a8e4b2818720012e80aced24df0f3d1731f17582434dcb53ee0a4ea26b53f188,md,extracted-unique-text,02_derived/zip-text-search-corpus/files/a8/a8e4b2818720012e80aced24df0f3d1731f17582434dcb53ee0a4ea26b53f188.md,,v0.4-operationalization,specification-or-protocol
02_WORKSPACE_SNAPSHOT/Towow_A2A_Independent_Research_v0.4.zip,Towow_A2A_Independent_Research_v0.4/real_world_protocol/forms/01_case_screen.md,1251,d9908dbd1749feeb64fbdf4f3670d9aea7ddfcdab6632d187824cb176cb9ab3d,md,extracted-unique-text,02_derived/zip-text-search-corpus/files/d9/d9908dbd1749feeb64fbdf4f3670d9aea7ddfcdab6632d187824cb176cb9ab3d.md,,v0.4-operationalization,specification-or-protocol
02_WORKSPACE_SNAPSHOT/Towow_A2A_Independent_Research_v0.4.zip,Towow_A2A_Independent_Research_v0.4/real_world_protocol/forms/02_private_intake.md,1215,f125d9555bbf23d282e27c3484668f2f4d304abcf72a3903dcba835f0c4b3373,md,extracted-unique-text,02_derived/zip-text-search-corpus/files/f1/f125d9555bbf23d282e27c3484668f2f4d304abcf72a3903dcba835f0c4b3373.md,,v0.4-operationalization,specification-or-protocol
02_WORKSPACE_SNAPSHOT/Towow_A2A_Independent_Research_v0.4.zip,Towow_A2A_Independent_Research_v0.4/real_world_protocol/forms/03_mandate.md,1219,9f95fa7719ac4610ce4efb2f61e692489a77b48badf638ebcda555f189f875a3,md,extracted-unique-text,02_derived/zip-text-search-corpus/files/9f/9f95fa7719ac4610ce4efb2f61e692489a77b48badf638ebcda555f189f875a3.md,,v0.4-operationalization,specification-or-protocol
02_WORKSPACE_SNAPSHOT/Towow_A2A_Independent_Research_v0.4.zip,Towow_A2A_Independent_Research_v0.4/real_world_protocol/forms/04_consent_and_data_boundary.md,1105,5df7e736a881f3f993a64a0dc27e620332dfc5176c0aeb5ed0443727781faa77,md,extracted-unique-text,02_derived/zip-text-search-corpus/files/5d/5df7e736a881f3f993a64a0dc27e620332dfc5176c0aeb5ed0443727781faa77.md,,v0.4-operationalization,specification-or-protocol
02_WORKSPACE_SNAPSHOT/Towow_A2A_Independent_Research_v0.4.zip,Towow_A2A_Independent_Research_v0.4/real_world_protocol/forms/05_relation_stance_and_explainback.md,815,50ea2b5ba5f4504cc593d9d2ecae06aa0e6c1931c0ef68852df4a89f85461ac0,md,extracted-unique-text,02_derived/zip-text-search-corpus/files/50/50ea2b5ba5f4504cc593d9d2ecae06aa0e6c1931c0ef68852df4a89f85461ac0.md,,v0.4-operationalization,specification-or-protocol
02_WORKSPACE_SNAPSHOT/Towow_A2A_Independent_Research_v0.4.zip,Towow_A2A_Independent_Research_v0.4/real_world_protocol/forms/06_followup.md,728,88d4f505bfd63b621e9ded9c1733fc781277b6aae109197183e3f918d0d08ae0,md,extracted-unique-text,02_derived/zip-text-search-corpus/files/88/88d4f505bfd63b621e9ded9c1733fc781277b6aae109197183e3f918d0d08ae0.md,,v0.4-operationalization,specification-or-protocol
02_WORKSPACE_SNAPSHOT/Towow_A2A_Independent_Research_v0.4.zip,Towow_A2A_Independent_Research_v0.4/real_world_protocol/forms/07_independent_adjudication.md,1158,58487eea8df7930433f7d15b6886de75406dd6112c9a7afa78863ea4928af5d2,md,extracted-unique-text,02_derived/zip-text-search-corpus/files/58/58487eea8df7930433f7d15b6886de75406dd6112c9a7afa78863ea4928af5d2.md,,v0.4-operationalization,specification-or-protocol
02_WORKSPACE_SNAPSHOT/Towow_A2A_Independent_Research_v0.4.zip,Towow_A2A_Independent_Research_v0.4/related_work/01_协议栈与相关理论边界.md,8389,6370463e62cd48a01ef04694190ed70548317ca4c53f1f5d1553324b59f94a7e,md,extracted-unique-text,02_derived/zip-text-search-corpus/files/63/6370463e62cd48a01ef04694190ed70548317ca4c53f1f5d1553324b59f94a7e.md,,v0.4-operationalization,theory
02_WORKSPACE_SNAPSHOT/Towow_A2A_Independent_Research_v0.4.zip,Towow_A2A_Independent_Research_v0.4/release/RELEASE_NOTES_v0.4.md,2143,2866ceda94fb564710238b3895ac9a4e18e0bfceabc9ea77a280e176b05417a6,md,extracted-unique-text,02_derived/zip-text-search-corpus/files/28/2866ceda94fb564710238b3895ac9a4e18e0bfceabc9ea77a280e176b05417a6.md,,v0.4-operationalization,text-source
02_WORKSPACE_SNAPSHOT/Towow_A2A_Independent_Research_v0.4.zip,Towow_A2A_Independent_Research_v0.4/roadmap/01_下一阶段研究程序.md,8486,f49dd8cee7a730e56e18e230c25af88f12dceee104dfcc27a20ab9ddfe4d8f11,md,already-searchable-physical,,02_WORKSPACE_SNAPSHOT/Towow_A2A_Independent_Research_v0.4/roadmap/01_下一阶段研究程序.md,v0.4-operationalization,research-program
02_WORKSPACE_SNAPSHOT/Towow_A2A_Independent_Research_v0.4.zip,Towow_A2A_Independent_Research_v0.4/spec/01_最小协议内核_v0.4.md,5728,8ce9bf2bb9f9036f984396ed37b16fddc07b829626deb487ec9d1f26eb073154,md,already-searchable-physical,,02_WORKSPACE_SNAPSHOT/Towow_A2A_Independent_Research_v0.4/spec/01_最小协议内核_v0.4.md,v0.4-operationalization,specification-or-protocol
02_WORKSPACE_SNAPSHOT/Towow_A2A_Independent_Research_v0.4.zip,Towow_A2A_Independent_Research_v0.4/spec/object_materialization_decisions.json,1653,5d0ad96466243d06cb40e6b55613ad21ddaa8b4ea171afbc22f2a0e7188b4348,json,extracted-unique-text,02_derived/zip-text-search-corpus/files/5d/5d0ad96466243d06cb40e6b55613ad21ddaa8b4ea171afbc22f2a0e7188b4348.json,,v0.4-operationalization,specification-or-protocol
02_WORKSPACE_SNAPSHOT/Towow_A2A_Independent_Research_v0.4.zip,Towow_A2A_Independent_Research_v0.4/theory/01_统一理论重建_v0.4.md,22220,c29dc4212e5e8bedb59098d4381b39a84f39be8e65b9f11d55795e3ccf75e1b6,md,already-searchable-physical,,02_WORKSPACE_SNAPSHOT/Towow_A2A_Independent_Research_v0.4/theory/01_统一理论重建_v0.4.md,v0.4-operationalization,theory
02_WORKSPACE_SNAPSHOT/Towow_A2A_Independent_Research_v0.4.zip,Towow_A2A_Independent_Research_v0.4/theory/02_关系模式操作化_v0.4.md,12905,67fb11d5150a706e4935e9fe7a351e3d4095ff4645553d2c066faf4bd4062d63,md,already-searchable-physical,,02_WORKSPACE_SNAPSHOT/Towow_A2A_Independent_Research_v0.4/theory/02_关系模式操作化_v0.4.md,v0.4-operationalization,theory
02_WORKSPACE_SNAPSHOT/Towow_A2A_Independent_Research_v0.4.zip,Towow_A2A_Independent_Research_v0.4/theory/03_最小本体与概念收敛_v0.4.md,10117,82f063338a2cc2eec7aa2858d6d85e74d857af449feb6f90ebcca65c8a7a1694,md,already-searchable-physical,,02_WORKSPACE_SNAPSHOT/Towow_A2A_Independent_Research_v0.4/theory/03_最小本体与概念收敛_v0.4.md,v0.4-operationalization,theory
02_WORKSPACE_SNAPSHOT/Towow_A2A_Independent_Research_v0.4.zip,Towow_A2A_Independent_Research_v0.4/theory/04_形式命题与可反驳条件_v0.4.md,8461,870103c4ce6027ad4ab3383a84c2f7e0046288bbcc44f3c2a814de1d9cb8e396,md,extracted-unique-text,02_derived/zip-text-search-corpus/files/87/870103c4ce6027ad4ab3383a84c2f7e0046288bbcc44f3c2a814de1d9cb8e396.md,,v0.4-operationalization,theory
02_WORKSPACE_SNAPSHOT/Towow_A2A_Independent_Research_v0.6.zip,Towow_A2A_Independent_Research_v0.6/00_EXECUTIVE_SYNTHESIS.md,9780,d79a2b98c5b061e83d0e97c75b25100de1ef95c8adbddfc67bc1759359e67485,md,extracted-unique-text,02_derived/zip-text-search-corpus/files/d7/d79a2b98c5b061e83d0e97c75b25100de1ef95c8adbddfc67bc1759359e67485.md,,v0.6-public-process,orientation
02_WORKSPACE_SNAPSHOT/Towow_A2A_Independent_Research_v0.6.zip,Towow_A2A_Independent_Research_v0.6/00_EXECUTIVE_SYNTHESIS_v0.5.md,919,c1838e6bf532af3a6d25a1e6c9d7cac98d41d9ca81518599a3af5cbb63550838,md,extracted-unique-text,02_derived/zip-text-search-corpus/files/c1/c1838e6bf532af3a6d25a1e6c9d7cac98d41d9ca81518599a3af5cbb63550838.md,,v0.6-public-process,orientation
02_WORKSPACE_SNAPSHOT/Towow_A2A_Independent_Research_v0.6.zip,Towow_A2A_Independent_Research_v0.6/00_EXECUTIVE_SYNTHESIS_v0.6.md,3666,a196141a028b8bf12363eb6fafdaa15785a8477c7508b117693c2f94a1e7e139,md,already-searchable-physical,,02_WORKSPACE_SNAPSHOT/Towow_A2A_Independent_Research_v0.6/00_EXECUTIVE_SYNTHESIS_v0.6.md,v0.6-public-process,orientation
02_WORKSPACE_SNAPSHOT/Towow_A2A_Independent_Research_v0.6.zip,Towow_A2A_Independent_Research_v0.6/01_CURRENT_RESEARCH_STATE.md,4465,6f3d2927c0eb8412ae0e12db811cdfe0e21339356e83d9a12fada1a75fb370f6,md,extracted-unique-text,02_derived/zip-text-search-corpus/files/6f/6f3d2927c0eb8412ae0e12db811cdfe0e21339356e83d9a12fada1a75fb370f6.md,,v0.6-public-process,text-source
02_WORKSPACE_SNAPSHOT/Towow_A2A_Independent_Research_v0.6.zip,Towow_A2A_Independent_Research_v0.6/01_CURRENT_RESEARCH_STATE_v0.6.md,1349,8d00e87851b00963ed3d47da3c109eae886d0361eb3ddecede8c2098fc70126e,md,extracted-unique-text,02_derived/zip-text-search-corpus/files/8d/8d00e87851b00963ed3d47da3c109eae886d0361eb3ddecede8c2098fc70126e.md,,v0.6-public-process,text-source
02_WORKSPACE_SNAPSHOT/Towow_A2A_Independent_Research_v0.6.zip,Towow_A2A_Independent_Research_v0.6/02_RESEARCH_CHARTER.md,5174,61d0003c8a8f9000ab7b0baea713248ebcb194aad88d9d5316fab38de4689602,md,already-searchable-physical,,02_WORKSPACE_SNAPSHOT/Towow_A2A_Independent_Research_v0.4/02_RESEARCH_CHARTER.md,v0.6-public-process,text-source
02_WORKSPACE_SNAPSHOT/Towow_A2A_Independent_Research_v0.6.zip,Towow_A2A_Independent_Research_v0.6/MANIFEST.json,45664,b58ae4508fc640e54a3c4860a6ead867d702382a8ab6e31cc1b29c212de7df35,json,extracted-unique-text,02_derived/zip-text-search-corpus/files/b5/b58ae4508fc640e54a3c4860a6ead867d702382a8ab6e31cc1b29c212de7df35.json,,v0.6-public-process,manifest
02_WORKSPACE_SNAPSHOT/Towow_A2A_Independent_Research_v0.6.zip,Towow_A2A_Independent_Research_v0.6/MANIFEST_v0.5.json,21534,dc85c0bd4d7073fd77ff11a1546f73eae8b67a2338043cf8be55f404e18c8dd8,json,extracted-unique-text,02_derived/zip-text-search-corpus/files/dc/dc85c0bd4d7073fd77ff11a1546f73eae8b67a2338043cf8be55f404e18c8dd8.json,,v0.6-public-process,manifest
02_WORKSPACE_SNAPSHOT/Towow_A2A_Independent_Research_v0.6.zip,Towow_A2A_Independent_Research_v0.6/MANIFEST_v0.6.json,45664,b58ae4508fc640e54a3c4860a6ead867d702382a8ab6e31cc1b29c212de7df35,json,extracted-unique-text,02_derived/zip-text-search-corpus/files/b5/b58ae4508fc640e54a3c4860a6ead867d702382a8ab6e31cc1b29c212de7df35.json,,v0.6-public-process,manifest
02_WORKSPACE_SNAPSHOT/Towow_A2A_Independent_Research_v0.6.zip,Towow_A2A_Independent_Research_v0.6/README.md,2268,10d99739258668c5381bb42190d84a12e67ef702dba8f7c7f0a1870723b258ae,md,extracted-unique-text,02_derived/zip-text-search-corpus/files/10/10d99739258668c5381bb42190d84a12e67ef702dba8f7c7f0a1870723b258ae.md,,v0.6-public-process,orientation
02_WORKSPACE_SNAPSHOT/Towow_A2A_Independent_Research_v0.6.zip,Towow_A2A_Independent_Research_v0.6/archival_cases/crossrail/CASE_REPORT.md,6995,cd44d550567a07eea04d7ef6c793ca55b1fa5891751a3418f19dbbd0d6986803,md,extracted-unique-text,02_derived/zip-text-search-corpus/files/cd/cd44d550567a07eea04d7ef6c793ca55b1fa5891751a3418f19dbbd0d6986803.md,,v0.6-public-process,text-source
02_WORKSPACE_SNAPSHOT/Towow_A2A_Independent_Research_v0.6.zip,Towow_A2A_Independent_Research_v0.6/archival_cases/crossrail/case.json,11900,08aaa6fd4edfeac7e7b2d9658902c8a351d8215c51b1c270444e1fa922e59386,json,extracted-unique-text,02_derived/zip-text-search-corpus/files/08/08aaa6fd4edfeac7e7b2d9658902c8a351d8215c51b1c270444e1fa922e59386.json,,v0.6-public-process,structured-data
02_WORKSPACE_SNAPSHOT/Towow_A2A_Independent_Research_v0.6.zip,Towow_A2A_Independent_Research_v0.6/archival_cases/microsoft_linkedin/CASE_REPORT.md,6928,6ffc155ddb5d5cff222b050a77bd65d8193dbff6c598c29f537316feb8cff54f,md,extracted-unique-text,02_derived/zip-text-search-corpus/files/6f/6ffc155ddb5d5cff222b050a77bd65d8193dbff6c598c29f537316feb8cff54f.md,,v0.6-public-process,text-source
02_WORKSPACE_SNAPSHOT/Towow_A2A_Independent_Research_v0.6.zip,Towow_A2A_Independent_Research_v0.6/archival_cases/microsoft_linkedin/case.json,11430,9810bfab149cd138e376fabae830b4ec47d6c2d175bf10687bb7ab34495c54bd,json,extracted-unique-text,02_derived/zip-text-search-corpus/files/98/9810bfab149cd138e376fabae830b4ec47d6c2d175bf10687bb7ab34495c54bd.json,,v0.6-public-process,structured-data
02_WORKSPACE_SNAPSHOT/Towow_A2A_Independent_Research_v0.6.zip,Towow_A2A_Independent_Research_v0.6/archival_cases/sgma_coordination/CASE_REPORT.md,7453,769ccfc07be67e0463142e82c88e0689194bc87737b40c4bf304a6b20a7551d2,md,extracted-unique-text,02_derived/zip-text-search-corpus/files/76/769ccfc07be67e0463142e82c88e0689194bc87737b40c4bf304a6b20a7551d2.md,,v0.6-public-process,text-source
02_WORKSPACE_SNAPSHOT/Towow_A2A_Independent_Research_v0.6.zip,Towow_A2A_Independent_Research_v0.6/archival_cases/sgma_coordination/case.json,11252,3427beb2b4108856a769c9ffd94f1036415af506d08642e18a24013d108cbb9c,json,extracted-unique-text,02_derived/zip-text-search-corpus/files/34/3427beb2b4108856a769c9ffd94f1036415af506d08642e18a24013d108cbb9c.json,,v0.6-public-process,structured-data
02_WORKSPACE_SNAPSHOT/Towow_A2A_Independent_Research_v0.6.zip,Towow_A2A_Independent_Research_v0.6/archival_cases/sidewalk_toronto/CASE_REPORT.md,7227,2e35f37e1a8d48f8391b092287f5db1a511f7ad43a60556b406c4763565817f8,md,extracted-unique-text,02_derived/zip-text-search-corpus/files/2e/2e35f37e1a8d48f8391b092287f5db1a511f7ad43a60556b406c4763565817f8.md,,v0.6-public-process,text-source
02_WORKSPACE_SNAPSHOT/Towow_A2A_Independent_Research_v0.6.zip,Towow_A2A_Independent_Research_v0.6/archival_cases/sidewalk_toronto/case.json,11451,449123664352f3ff4f1dfa45794d980c4a7f997ebdbaa70aa9eae9d84b5298b3,json,extracted-unique-text,02_derived/zip-text-search-corpus/files/44/449123664352f3ff4f1dfa45794d980c4a7f997ebdbaa70aa9eae9d84b5298b3.json,,v0.6-public-process,structured-data
02_WORKSPACE_SNAPSHOT/Towow_A2A_Independent_Research_v0.6.zip,Towow_A2A_Independent_Research_v0.6/archival_cases/uk_open_banking/CASE_REPORT.md,6799,17232d972a9e86b65417a15eeae91a8006f6de7387944ab5a33bbef3d467988c,md,extracted-unique-text,02_derived/zip-text-search-corpus/files/17/17232d972a9e86b65417a15eeae91a8006f6de7387944ab5a33bbef3d467988c.md,,v0.6-public-process,text-source
02_WORKSPACE_SNAPSHOT/Towow_A2A_Independent_Research_v0.6.zip,Towow_A2A_Independent_Research_v0.6/archival_cases/uk_open_banking/case.json,10930,19b043bc5eb821b62536ceefdc5408d90f4581e5c7874e8b6f2555e4d1ebaea9,json,extracted-unique-text,02_derived/zip-text-search-corpus/files/19/19b043bc5eb821b62536ceefdc5408d90f4581e5c7874e8b6f2555e4d1ebaea9.json,,v0.6-public-process,structured-data
02_WORKSPACE_SNAPSHOT/Towow_A2A_Independent_Research_v0.6.zip,Towow_A2A_Independent_Research_v0.6/cases/01_LinkedIn_Microsoft.md,1605,8279b77f70e884ec0a691e767ee2873d792e7e821779e26489c92e768c9fd2dc,md,extracted-unique-text,02_derived/zip-text-search-corpus/files/82/8279b77f70e884ec0a691e767ee2873d792e7e821779e26489c92e768c9fd2dc.md,,v0.6-public-process,text-source
02_WORKSPACE_SNAPSHOT/Towow_A2A_Independent_Research_v0.6.zip,Towow_A2A_Independent_Research_v0.6/cases/02_Amazon_iRobot.md,1246,739a350f7ffdb7e9785330a496754accae28403d154311ebf7cbbf77183eb979,md,extracted-unique-text,02_derived/zip-text-search-corpus/files/73/739a350f7ffdb7e9785330a496754accae28403d154311ebf7cbbf77183eb979.md,,v0.6-public-process,text-source
02_WORKSPACE_SNAPSHOT/Towow_A2A_Independent_Research_v0.6.zip,Towow_A2A_Independent_Research_v0.6/cases/03_NASA_HLS.md,1263,f08c4f3e12e4d0f9fdc8f5bd0e84873716f623fc0a2a19975e59cbccde841ae8,md,extracted-unique-text,02_derived/zip-text-search-corpus/files/f0/f08c4f3e12e4d0f9fdc8f5bd0e84873716f623fc0a2a19975e59cbccde841ae8.md,,v0.6-public-process,text-source
02_WORKSPACE_SNAPSHOT/Towow_A2A_Independent_Research_v0.6.zip,Towow_A2A_Independent_Research_v0.6/cases/04_固定语法谈判语料.md,1271,9f0ea0a1b7bfab895e858d8e83999f8f67e95cb605276e8ea9fe772c712ace01,md,extracted-unique-text,02_derived/zip-text-search-corpus/files/9f/9f0ea0a1b7bfab895e858d8e83999f8f67e95cb605276e8ea9fe772c712ace01.md,,v0.6-public-process,text-source
02_WORKSPACE_SNAPSHOT/Towow_A2A_Independent_Research_v0.6.zip,Towow_A2A_Independent_Research_v0.6/cases/05_公开访谈语料.md,1135,e9d1a9f7e9929d4ace247f8d1d3581277343a9d2457c6eaec331c91646983210,md,extracted-unique-text,02_derived/zip-text-search-corpus/files/e9/e9d1a9f7e9929d4ace247f8d1d3581277343a9d2457c6eaec331c91646983210.md,,v0.6-public-process,text-source
02_WORKSPACE_SNAPSHOT/Towow_A2A_Independent_Research_v0.6.zip,Towow_A2A_Independent_Research_v0.6/evidence/01_全量实验统一重审_v0.4.md,17268,4accaf98341c484a3b2128da241f214d704a2dbd29a76da9a3406726e303fbd2,md,already-searchable-physical,,02_WORKSPACE_SNAPSHOT/Towow_A2A_Independent_Research_v0.4/evidence/01_全量实验统一重审_v0.4.md,v0.6-public-process,evidence-or-decision-ledger
02_WORKSPACE_SNAPSHOT/Towow_A2A_Independent_Research_v0.6.zip,Towow_A2A_Independent_Research_v0.6/evidence/02_主张证据与Design_Delta总账_v0.4.md,4381,f5699e06046ea5269991e06380245d92c667a56f87335c5aee6057305e01f34b,md,already-searchable-physical,,02_WORKSPACE_SNAPSHOT/Towow_A2A_Independent_Research_v0.4/evidence/02_主张证据与Design_Delta总账_v0.4.md,v0.6-public-process,evidence-or-decision-ledger
02_WORKSPACE_SNAPSHOT/Towow_A2A_Independent_Research_v0.6.zip,Towow_A2A_Independent_Research_v0.6/evidence/03_历史资料来源地图.md,3040,e7d2a209d55d692a8871c4b90c0a79b6b91f62ce2b146c27aa1794d7bfce6aac,md,extracted-unique-text,02_derived/zip-text-search-corpus/files/e7/e7d2a209d55d692a8871c4b90c0a79b6b91f62ce2b146c27aa1794d7bfce6aac.md,,v0.6-public-process,evidence-or-decision-ledger
02_WORKSPACE_SNAPSHOT/Towow_A2A_Independent_Research_v0.6.zip,Towow_A2A_Independent_Research_v0.6/evidence/04_公开现实证据方法_v0.6.md,6254,5aed208d08dbbcb4df184f968042130f1e416bde2edcfcd1cec44cafb270073d,md,extracted-unique-text,02_derived/zip-text-search-corpus/files/5a/5aed208d08dbbcb4df184f968042130f1e416bde2edcfcd1cec44cafb270073d.md,,v0.6-public-process,evidence-or-decision-ledger
02_WORKSPACE_SNAPSHOT/Towow_A2A_Independent_Research_v0.6.zip,Towow_A2A_Independent_Research_v0.6/evidence/04_公开证据主张更新_v0.5.md,2280,563dedb19fa82dd12eea41c7c24f4504136b8e0be380af4fc82e4d49346d6bd6,md,extracted-unique-text,02_derived/zip-text-search-corpus/files/56/563dedb19fa82dd12eea41c7c24f4504136b8e0be380af4fc82e4d49346d6bd6.md,,v0.6-public-process,evidence-or-decision-ledger
02_WORKSPACE_SNAPSHOT/Towow_A2A_Independent_Research_v0.6.zip,Towow_A2A_Independent_Research_v0.6/evidence/05_公开案例语料库地图_v0.6.md,3086,1508c893887db36d58b2a97cb5823bbf31690033828bb5f0566dbd830453ae77,md,extracted-unique-text,02_derived/zip-text-search-corpus/files/15/1508c893887db36d58b2a97cb5823bbf31690033828bb5f0566dbd830453ae77.md,,v0.6-public-process,evidence-or-decision-ledger
02_WORKSPACE_SNAPSHOT/Towow_A2A_Independent_Research_v0.6.zip,Towow_A2A_Independent_Research_v0.6/evidence/06_公开案例横向综合_v0.6.md,5672,5927d3eb6f10bf4d0e4cacf0ed9e7fa45dd257d34365d4aeb76cf2cc79b37da6,md,extracted-unique-text,02_derived/zip-text-search-corpus/files/59/5927d3eb6f10bf4d0e4cacf0ed9e7fa45dd257d34365d4aeb76cf2cc79b37da6.md,,v0.6-public-process,evidence-or-decision-ledger
02_WORKSPACE_SNAPSHOT/Towow_A2A_Independent_Research_v0.6.zip,Towow_A2A_Independent_Research_v0.6/evidence/07_七案跨案例综合_v0.6.md,3232,c7e7116ba8634776b0f3d9e0ed12da7693ef5da32f196732326600d812d5d53e,md,already-searchable-physical,,02_WORKSPACE_SNAPSHOT/Towow_A2A_Independent_Research_v0.6/evidence/07_七案跨案例综合_v0.6.md,v0.6-public-process,evidence-or-decision-ledger
02_WORKSPACE_SNAPSHOT/Towow_A2A_Independent_Research_v0.6.zip,Towow_A2A_Independent_Research_v0.6/evidence/archival_case_ledger.json,62773,b09e0b66a52bd242e9b4798badb762fee8b030e1a2c852218b8765d6ec37163c,json,extracted-unique-text,02_derived/zip-text-search-corpus/files/b0/b09e0b66a52bd242e9b4798badb762fee8b030e1a2c852218b8765d6ec37163c.json,,v0.6-public-process,evidence-or-decision-ledger
02_WORKSPACE_SNAPSHOT/Towow_A2A_Independent_Research_v0.6.zip,Towow_A2A_Independent_Research_v0.6/evidence/claim_evidence_ledger.json,11334,9c0061c3d91480a1625a030798f1cd11b0033ba136137fa00041783b7de6ea61,json,extracted-unique-text,02_derived/zip-text-search-corpus/files/9c/9c0061c3d91480a1625a030798f1cd11b0033ba136137fa00041783b7de6ea61.json,,v0.6-public-process,evidence-or-decision-ledger
02_WORKSPACE_SNAPSHOT/Towow_A2A_Independent_Research_v0.6.zip,Towow_A2A_Independent_Research_v0.6/evidence/experiment_ledger.json,23525,4033e9dacbefcfce4a0b8ae041b5201d4fdc00cb6da078419602713397493d3d,json,extracted-unique-text,02_derived/zip-text-search-corpus/files/40/4033e9dacbefcfce4a0b8ae041b5201d4fdc00cb6da078419602713397493d3d.json,,v0.6-public-process,experiment-or-result
02_WORKSPACE_SNAPSHOT/Towow_A2A_Independent_Research_v0.6.zip,Towow_A2A_Independent_Research_v0.6/evidence/public_archival_claim_ledger.json,2520,76dd61815956e1ba538d730ab23d90344b941dfcde52d03f9b45b0316a6ba53f,json,extracted-unique-text,02_derived/zip-text-search-corpus/files/76/76dd61815956e1ba538d730ab23d90344b941dfcde52d03f9b45b0316a6ba53f.json,,v0.6-public-process,evidence-or-decision-ledger
02_WORKSPACE_SNAPSHOT/Towow_A2A_Independent_Research_v0.6.zip,Towow_A2A_Independent_Research_v0.6/experiments/R7P_public_trace_extended/REPORT.md,6593,5876e2cd9a9c27704b9cb7e88f2da9769f7a952158bf8d096b389130e6f5c981,md,already-searchable-physical,,02_WORKSPACE_SNAPSHOT/Towow_A2A_Independent_Research_v0.6/experiments/R7P_public_trace_extended/REPORT.md,v0.6-public-process,experiment-or-result
02_WORKSPACE_SNAPSHOT/Towow_A2A_Independent_Research_v0.6.zip,Towow_A2A_Independent_Research_v0.6/experiments/R7P_public_trace_extended/analyze.py,8207,a5ef5bbb6481024e974fb6f7ffb0f0a2fdfeb285e392ac246b4f8c6941e01576,py,extracted-unique-text,02_derived/zip-text-search-corpus/files/a5/a5ef5bbb6481024e974fb6f7ffb0f0a2fdfeb285e392ac246b4f8c6941e01576.py,,v0.6-public-process,experiment-or-result
02_WORKSPACE_SNAPSHOT/Towow_A2A_Independent_Research_v0.6.zip,Towow_A2A_Independent_Research_v0.6/experiments/R7P_public_trace_extended/case_profiles.json,2765,0c6ce8d47b7582f23a816d166103327ed8fdd13193ae0323efb1fffa944151e4,json,extracted-unique-text,02_derived/zip-text-search-corpus/files/0c/0c6ce8d47b7582f23a816d166103327ed8fdd13193ae0323efb1fffa944151e4.json,,v0.6-public-process,experiment-or-result
02_WORKSPACE_SNAPSHOT/Towow_A2A_Independent_Research_v0.6.zip,Towow_A2A_Independent_Research_v0.6/experiments/R7P_public_trace_extended/coded_events.jsonl,107031,bd49bcd5e4f14aae11d824d7d1217ddfe4a9ec4922e391bc732844c1a134c82e,jsonl,extracted-unique-text,02_derived/zip-text-search-corpus/files/bd/bd49bcd5e4f14aae11d824d7d1217ddfe4a9ec4922e391bc732844c1a134c82e.jsonl,,v0.6-public-process,experiment-or-result
02_WORKSPACE_SNAPSHOT/Towow_A2A_Independent_Research_v0.6.zip,Towow_A2A_Independent_Research_v0.6/experiments/R7P_public_trace_extended/results.json,13439,d2d98089c93c80416adcaf3f89ec3c7fe647b6044cb8668f8ed60f96f1243402,json,extracted-unique-text,02_derived/zip-text-search-corpus/files/d2/d2d98089c93c80416adcaf3f89ec3c7fe647b6044cb8668f8ed60f96f1243402.json,,v0.6-public-process,experiment-or-result
02_WORKSPACE_SNAPSHOT/Towow_A2A_Independent_Research_v0.6.zip,Towow_A2A_Independent_Research_v0.6/experiments/R7P_public_trace_pilot/REPORT.md,3769,1aa7b58ac505604f6ea7f609ec794159bbf16a5a6096c3bcde13cece075a3d2e,md,extracted-unique-text,02_derived/zip-text-search-corpus/files/1a/1aa7b58ac505604f6ea7f609ec794159bbf16a5a6096c3bcde13cece075a3d2e.md,,v0.6-public-process,experiment-or-result
02_WORKSPACE_SNAPSHOT/Towow_A2A_Independent_Research_v0.6.zip,Towow_A2A_Independent_Research_v0.6/experiments/R7P_public_trace_pilot/analyze.py,4405,1235cb85847eb3826bc345d4daf1fc10d9c995e487f99f17af7780afa30bcbe1,py,extracted-unique-text,02_derived/zip-text-search-corpus/files/12/1235cb85847eb3826bc345d4daf1fc10d9c995e487f99f17af7780afa30bcbe1.py,,v0.6-public-process,experiment-or-result
02_WORKSPACE_SNAPSHOT/Towow_A2A_Independent_Research_v0.6.zip,Towow_A2A_Independent_Research_v0.6/experiments/R7P_public_trace_pilot/coded_events.jsonl,29568,703cea1d884b0ecd932cb7071da4b7f0872970ba99ff2c09dad0687823bca2c1,jsonl,extracted-unique-text,02_derived/zip-text-search-corpus/files/70/703cea1d884b0ecd932cb7071da4b7f0872970ba99ff2c09dad0687823bca2c1.jsonl,,v0.6-public-process,experiment-or-result
02_WORKSPACE_SNAPSHOT/Towow_A2A_Independent_Research_v0.6.zip,Towow_A2A_Independent_Research_v0.6/experiments/R7P_public_trace_pilot/results.json,5319,73aabc4d2e8cc5a400f500e0605da71caee19d6c98eb14b931d21d782abf4a3e,json,extracted-unique-text,02_derived/zip-text-search-corpus/files/73/73aabc4d2e8cc5a400f500e0605da71caee19d6c98eb14b931d21d782abf4a3e.json,,v0.6-public-process,experiment-or-result
02_WORKSPACE_SNAPSHOT/Towow_A2A_Independent_Research_v0.6.zip,Towow_A2A_Independent_Research_v0.6/experiments/ontology_reduction/REPORT.md,4187,92113bf744c047a08a0ad62c21c7c6a891ea7a7d05f944c5c3783c87c7004156,md,already-searchable-physical,,02_WORKSPACE_SNAPSHOT/Towow_A2A_Independent_Research_v0.4/experiments/ontology_reduction/REPORT.md,v0.6-public-process,experiment-or-result
02_WORKSPACE_SNAPSHOT/Towow_A2A_Independent_Research_v0.6.zip,Towow_A2A_Independent_Research_v0.6/experiments/ontology_reduction/results.json,16134,e43bbb667c49aa67bb8a1bf54d9109095fe6c894774a10e6ba7c266b6961979b,json,extracted-unique-text,02_derived/zip-text-search-corpus/files/e4/e43bbb667c49aa67bb8a1bf54d9109095fe6c894774a10e6ba7c266b6961979b.json,,v0.6-public-process,experiment-or-result
02_WORKSPACE_SNAPSHOT/Towow_A2A_Independent_Research_v0.6.zip,Towow_A2A_Independent_Research_v0.6/experiments/ontology_reduction/run.py,10223,c18cdc523e6fdf64f2b24925e122cacb3c14c8f9cef2e0cd16692c6209f99213,py,extracted-unique-text,02_derived/zip-text-search-corpus/files/c1/c18cdc523e6fdf64f2b24925e122cacb3c14c8f9cef2e0cd16692c6209f99213.py,,v0.6-public-process,experiment-or-result
02_WORKSPACE_SNAPSHOT/Towow_A2A_Independent_Research_v0.6.zip,Towow_A2A_Independent_Research_v0.6/experiments/schema_change_classifier/REPORT.md,4004,1e8b63c049353fd0c6c8328130033595c54369757b101c47c92540180d104e75,md,already-searchable-physical,,02_WORKSPACE_SNAPSHOT/Towow_A2A_Independent_Research_v0.4/experiments/schema_change_classifier/REPORT.md,v0.6-public-process,experiment-or-result
02_WORKSPACE_SNAPSHOT/Towow_A2A_Independent_Research_v0.6.zip,Towow_A2A_Independent_Research_v0.6/experiments/schema_change_classifier/results.json,4622,e262f2f031c97c4767e84b8609791936b9d77a39eaed3ee7b4577f5336e0c2e9,json,extracted-unique-text,02_derived/zip-text-search-corpus/files/e2/e262f2f031c97c4767e84b8609791936b9d77a39eaed3ee7b4577f5336e0c2e9.json,,v0.6-public-process,experiment-or-result
02_WORKSPACE_SNAPSHOT/Towow_A2A_Independent_Research_v0.6.zip,Towow_A2A_Independent_Research_v0.6/experiments/schema_change_classifier/run.py,10367,83e572ab086c2103a5dee7dbd0a4645ab1dccdf7ac70bed21f60ff84d51a01f9,py,extracted-unique-text,02_derived/zip-text-search-corpus/files/83/83e572ab086c2103a5dee7dbd0a4645ab1dccdf7ac70bed21f60ff84d51a01f9.py,,v0.6-public-process,experiment-or-result
02_WORKSPACE_SNAPSHOT/Towow_A2A_Independent_Research_v0.6.zip,Towow_A2A_Independent_Research_v0.6/instrument/archival_coder/README.md,1408,248ca8bdc7dec3368328732c4ee3f45091d79e5e83ff87506053ca10a9dd9cf6,md,extracted-unique-text,02_derived/zip-text-search-corpus/files/24/248ca8bdc7dec3368328732c4ee3f45091d79e5e83ff87506053ca10a9dd9cf6.md,,v0.6-public-process,instrument-or-code
02_WORKSPACE_SNAPSHOT/Towow_A2A_Independent_Research_v0.6.zip,Towow_A2A_Independent_Research_v0.6/instrument/archival_coder/case_schema.json,2370,b38922eef7ada657b2be696546b274a507ddc6b1b9685f522a07d35fe7117f35,json,extracted-unique-text,02_derived/zip-text-search-corpus/files/b3/b38922eef7ada657b2be696546b274a507ddc6b1b9685f522a07d35fe7117f35.json,,v0.6-public-process,specification-or-protocol
02_WORKSPACE_SNAPSHOT/Towow_A2A_Independent_Research_v0.6.zip,Towow_A2A_Independent_Research_v0.6/instrument/archival_coder/output/summary.json,1376,762e1acd1453b632c70fc184c6c013cac39b18186cdd0ed8b0bdb136f3b50bdb,json,extracted-unique-text,02_derived/zip-text-search-corpus/files/76/762e1acd1453b632c70fc184c6c013cac39b18186cdd0ed8b0bdb136f3b50bdb.json,,v0.6-public-process,instrument-or-code
02_WORKSPACE_SNAPSHOT/Towow_A2A_Independent_Research_v0.6.zip,Towow_A2A_Independent_Research_v0.6/instrument/archival_coder/output/summary.md,5672,5927d3eb6f10bf4d0e4cacf0ed9e7fa45dd257d34365d4aeb76cf2cc79b37da6,md,extracted-unique-text,02_derived/zip-text-search-corpus/files/59/5927d3eb6f10bf4d0e4cacf0ed9e7fa45dd257d34365d4aeb76cf2cc79b37da6.md,,v0.6-public-process,instrument-or-code
02_WORKSPACE_SNAPSHOT/Towow_A2A_Independent_Research_v0.6.zip,Towow_A2A_Independent_Research_v0.6/instrument/archival_coder/output/validation.json,506,66d4750d31b8af5816c8a1c5dd663b0faa15a6216514b9e776cc4b913fa9a507,json,extracted-unique-text,02_derived/zip-text-search-corpus/files/66/66d4750d31b8af5816c8a1c5dd663b0faa15a6216514b9e776cc4b913fa9a507.json,,v0.6-public-process,instrument-or-code
02_WORKSPACE_SNAPSHOT/Towow_A2A_Independent_Research_v0.6.zip,Towow_A2A_Independent_Research_v0.6/instrument/archival_coder/summarize_cases.py,1286,3d7406d949b037cf054306d4d9e15c415d6a7489f616baaba97989aca598f54a,py,extracted-unique-text,02_derived/zip-text-search-corpus/files/3d/3d7406d949b037cf054306d4d9e15c415d6a7489f616baaba97989aca598f54a.py,,v0.6-public-process,instrument-or-code
02_WORKSPACE_SNAPSHOT/Towow_A2A_Independent_Research_v0.6.zip,Towow_A2A_Independent_Research_v0.6/instrument/archival_coder/validate_cases.py,3683,bdf0cf02e1334cb6804c1c21e070a3edcfa45fbc758a3359f462afd6377aca9e,py,extracted-unique-text,02_derived/zip-text-search-corpus/files/bd/bdf0cf02e1334cb6804c1c21e070a3edcfa45fbc758a3359f462afd6377aca9e.py,,v0.6-public-process,instrument-or-code
02_WORKSPACE_SNAPSHOT/Towow_A2A_Independent_Research_v0.6.zip,Towow_A2A_Independent_Research_v0.6/instrument/public_trace_extension/README.md,707,1dd3fff4af2db0e7bd1b3ce43bb8eb36b2d13d09d88bab548a5beb97f8cbb60c,md,extracted-unique-text,02_derived/zip-text-search-corpus/files/1d/1dd3fff4af2db0e7bd1b3ce43bb8eb36b2d13d09d88bab548a5beb97f8cbb60c.md,,v0.6-public-process,experiment-or-result
02_WORKSPACE_SNAPSHOT/Towow_A2A_Independent_Research_v0.6.zip,Towow_A2A_Independent_Research_v0.6/instrument/public_trace_extension/import_public_trace.py,1382,aee120c8065606f5c4ebf73706cd22876216c21fe33c04c12e8174f1463272f3,py,extracted-unique-text,02_derived/zip-text-search-corpus/files/ae/aee120c8065606f5c4ebf73706cd22876216c21fe33c04c12e8174f1463272f3.py,,v0.6-public-process,experiment-or-result
02_WORKSPACE_SNAPSHOT/Towow_A2A_Independent_Research_v0.6.zip,Towow_A2A_Independent_Research_v0.6/instrument/public_trace_extension/public_trace_event.schema.json,1798,a2040a73b417c232a5630795ee3d4ae01cc8c1e1dcac672ac57ed1f083601419,json,extracted-unique-text,02_derived/zip-text-search-corpus/files/a2/a2040a73b417c232a5630795ee3d4ae01cc8c1e1dcac672ac57ed1f083601419.json,,v0.6-public-process,experiment-or-result
02_WORKSPACE_SNAPSHOT/Towow_A2A_Independent_Research_v0.6.zip,Towow_A2A_Independent_Research_v0.6/instrument/public_trace_extension/public_trace_event_v0.6.schema.json,3990,572234adc0d69e69a00913126d4ca9c819a54ea2875523384c46ce518f3e990e,json,extracted-unique-text,02_derived/zip-text-search-corpus/files/57/572234adc0d69e69a00913126d4ca9c819a54ea2875523384c46ce518f3e990e.json,,v0.6-public-process,experiment-or-result
02_WORKSPACE_SNAPSHOT/Towow_A2A_Independent_Research_v0.6.zip,Towow_A2A_Independent_Research_v0.6/instrument/public_trace_extension/sample_public_trace.jsonl,32051,8326df45e5a1db66f7e223c44b4f6bc16a7b90ab2f9151bc49820a5909f06c50,jsonl,extracted-unique-text,02_derived/zip-text-search-corpus/files/83/8326df45e5a1db66f7e223c44b4f6bc16a7b90ab2f9151bc49820a5909f06c50.jsonl,,v0.6-public-process,experiment-or-result
02_WORKSPACE_SNAPSHOT/Towow_A2A_Independent_Research_v0.6.zip,Towow_A2A_Independent_Research_v0.6/instrument/public_trace_extension/sample_public_trace_chain.jsonl,37595,65932dc8eb87af9d91dc2e3b4378c72c24e4d357d8000afbe6bb407f4c314df5,jsonl,extracted-unique-text,02_derived/zip-text-search-corpus/files/65/65932dc8eb87af9d91dc2e3b4378c72c24e4d357d8000afbe6bb407f4c314df5.jsonl,,v0.6-public-process,experiment-or-result
02_WORKSPACE_SNAPSHOT/Towow_A2A_Independent_Research_v0.6.zip,Towow_A2A_Independent_Research_v0.6/instrument/sample_case/README.md,2197,f52777b349847a30a86e92c45a1d56a7350f6083efcba3978ae3e81608874a7b,md,already-searchable-physical,,02_WORKSPACE_SNAPSHOT/Towow_A2A_Independent_Research_v0.4/instrument/sample_case/README.md,v0.6-public-process,instrument-or-code
02_WORKSPACE_SNAPSHOT/Towow_A2A_Independent_Research_v0.6.zip,Towow_A2A_Independent_Research_v0.6/instrument/sample_case/build_sample.py,24676,e3e8f93d763267849a72b4b098e8f43015dd3810cbe03029c8cbd66b2b1ada52,py,extracted-unique-text,02_derived/zip-text-search-corpus/files/e3/e3e8f93d763267849a72b4b098e8f43015dd3810cbe03029c8cbd66b2b1ada52.py,,v0.6-public-process,instrument-or-code
02_WORKSPACE_SNAPSHOT/Towow_A2A_Independent_Research_v0.6.zip,Towow_A2A_Independent_Research_v0.6/instrument/sample_case/case/case.json,1182,e52d36bd39a663da1553ebe6a84ed08d483a00901d99c15f8bed393ac2ee0419,json,extracted-unique-text,02_derived/zip-text-search-corpus/files/e5/e52d36bd39a663da1553ebe6a84ed08d483a00901d99c15f8bed393ac2ee0419.json,,v0.6-public-process,instrument-or-code
02_WORKSPACE_SNAPSHOT/Towow_A2A_Independent_Research_v0.6.zip,Towow_A2A_Independent_Research_v0.6/instrument/sample_case/case/outputs/adj-828b3c4d381d.json,1137,247e24361aee514bab0e07caa171c803262194e108299bca80e7ce80f78c313b,json,extracted-unique-text,02_derived/zip-text-search-corpus/files/24/247e24361aee514bab0e07caa171c803262194e108299bca80e7ce80f78c313b.json,,v0.6-public-process,instrument-or-code
02_WORKSPACE_SNAPSHOT/Towow_A2A_Independent_Research_v0.6.zip,Towow_A2A_Independent_Research_v0.6/instrument/sample_case/case/private/buyer_business/intake.json,732,fb3102da72365ba9bfb6382de266fa7c38b88f61d6f589544a961c8eb88f93c1,json,extracted-unique-text,02_derived/zip-text-search-corpus/files/fb/fb3102da72365ba9bfb6382de266fa7c38b88f61d6f589544a961c8eb88f93c1.json,,v0.6-public-process,instrument-or-code
02_WORKSPACE_SNAPSHOT/Towow_A2A_Independent_Research_v0.6.zip,Towow_A2A_Independent_Research_v0.6/instrument/sample_case/case/private/buyer_business/mandate-buyer_business-v1.json,1063,b2ca385c6cb3678773ffa627f0490131c5b678daaee03f6bb97c1fef1db66df4,json,extracted-unique-text,02_derived/zip-text-search-corpus/files/b2/b2ca385c6cb3678773ffa627f0490131c5b678daaee03f6bb97c1fef1db66df4.json,,v0.6-public-process,instrument-or-code
02_WORKSPACE_SNAPSHOT/Towow_A2A_Independent_Research_v0.6.zip,Towow_A2A_Independent_Research_v0.6/instrument/sample_case/case/private/buyer_data/intake.json,764,ec3f8223b58780a2e127991017ba2d7a6635a51ec4ada6c8226e5b495fde1818,json,extracted-unique-text,02_derived/zip-text-search-corpus/files/ec/ec3f8223b58780a2e127991017ba2d7a6635a51ec4ada6c8226e5b495fde1818.json,,v0.6-public-process,instrument-or-code
02_WORKSPACE_SNAPSHOT/Towow_A2A_Independent_Research_v0.6.zip,Towow_A2A_Independent_Research_v0.6/instrument/sample_case/case/private/buyer_data/mandate-buyer_data-v1.json,1394,9a21020a28e0227e37c494df519a667625b7496671cd20c3336134e51c272a60,json,extracted-unique-text,02_derived/zip-text-search-corpus/files/9a/9a21020a28e0227e37c494df519a667625b7496671cd20c3336134e51c272a60.json,,v0.6-public-process,instrument-or-code
02_WORKSPACE_SNAPSHOT/Towow_A2A_Independent_Research_v0.6.zip,Towow_A2A_Independent_Research_v0.6/instrument/sample_case/case/private/provider_business/intake.json,730,ac91b93f7f8dcbb2f39a8e31e9809c94512eeee6377dc986448f9016e525449c,json,extracted-unique-text,02_derived/zip-text-search-corpus/files/ac/ac91b93f7f8dcbb2f39a8e31e9809c94512eeee6377dc986448f9016e525449c.json,,v0.6-public-process,instrument-or-code
02_WORKSPACE_SNAPSHOT/Towow_A2A_Independent_Research_v0.6.zip,Towow_A2A_Independent_Research_v0.6/instrument/sample_case/case/private/provider_business/mandate-provider_business-v1.json,1006,ccbe21492848f72361c4dc6f9fba94e79e4012478c2d21f3aa800623ea5765b1,json,extracted-unique-text,02_derived/zip-text-search-corpus/files/cc/ccbe21492848f72361c4dc6f9fba94e79e4012478c2d21f3aa800623ea5765b1.json,,v0.6-public-process,instrument-or-code
02_WORKSPACE_SNAPSHOT/Towow_A2A_Independent_Research_v0.6.zip,Towow_A2A_Independent_Research_v0.6/instrument/sample_case/case/private/provider_tech/intake.json,714,d6e9e2d2dd5ee3e2a215892281100751c4dc97d8da1e154463f3d52ff95494f7,json,extracted-unique-text,02_derived/zip-text-search-corpus/files/d6/d6e9e2d2dd5ee3e2a215892281100751c4dc97d8da1e154463f3d52ff95494f7.json,,v0.6-public-process,instrument-or-code
02_WORKSPACE_SNAPSHOT/Towow_A2A_Independent_Research_v0.6.zip,Towow_A2A_Independent_Research_v0.6/instrument/sample_case/case/private/provider_tech/mandate-provider_tech-v1.json,1296,1d4160ab887b1f8bcd38c3e3cdcad9d48356170775b619ecadfd4df9cec31567,json,extracted-unique-text,02_derived/zip-text-search-corpus/files/1d/1d4160ab887b1f8bcd38c3e3cdcad9d48356170775b619ecadfd4df9cec31567.json,,v0.6-public-process,instrument-or-code
02_WORKSPACE_SNAPSHOT/Towow_A2A_Independent_Research_v0.6.zip,Towow_A2A_Independent_Research_v0.6/instrument/sample_case/case/shared/events.jsonl,10944,6d721c059e28ad68b6670e6a8bc18c70cb845cefc16f461b5bb39d5f5686b150,jsonl,extracted-unique-text,02_derived/zip-text-search-corpus/files/6d/6d721c059e28ad68b6670e6a8bc18c70cb845cefc16f461b5bb39d5f5686b150.jsonl,,v0.6-public-process,instrument-or-code
02_WORKSPACE_SNAPSHOT/Towow_A2A_Independent_Research_v0.6.zip,Towow_A2A_Independent_Research_v0.6/instrument/sample_case/case/shared/relation/current.json,7975,66499282c8a5ef8535bfa51d0f0030513df758c3cdead84f556c19f5cad358cd,json,extracted-unique-text,02_derived/zip-text-search-corpus/files/66/66499282c8a5ef8535bfa51d0f0030513df758c3cdead84f556c19f5cad358cd.json,,v0.6-public-process,instrument-or-code
02_WORKSPACE_SNAPSHOT/Towow_A2A_Independent_Research_v0.6.zip,Towow_A2A_Independent_Research_v0.6/instrument/sample_case/case/shared/relation/versions/v0001.json,5062,33df71aac5c206d3ef417c266cc0b977a9b392c5ff41cdb913ca9b558026df09,json,extracted-unique-text,02_derived/zip-text-search-corpus/files/33/33df71aac5c206d3ef417c266cc0b977a9b392c5ff41cdb913ca9b558026df09.json,,v0.6-public-process,instrument-or-code
02_WORKSPACE_SNAPSHOT/Towow_A2A_Independent_Research_v0.6.zip,Towow_A2A_Independent_Research_v0.6/instrument/sample_case/case/shared/relation/versions/v0002.json,7975,66499282c8a5ef8535bfa51d0f0030513df758c3cdead84f556c19f5cad358cd,json,extracted-unique-text,02_derived/zip-text-search-corpus/files/66/66499282c8a5ef8535bfa51d0f0030513df758c3cdead84f556c19f5cad358cd.json,,v0.6-public-process,instrument-or-code
02_WORKSPACE_SNAPSHOT/Towow_A2A_Independent_Research_v0.6.zip,Towow_A2A_Independent_Research_v0.6/instrument/sample_case/change_report.json,10987,fca0ace82d8ae63b0617bc2e63b67bedbde9a9f11aea2f48417ff63bb90604a9,json,already-searchable-physical,,02_WORKSPACE_SNAPSHOT/Towow_A2A_Independent_Research_v0.4/instrument/sample_case/change_report.json,v0.6-public-process,instrument-or-code
02_WORKSPACE_SNAPSHOT/Towow_A2A_Independent_Research_v0.6.zip,Towow_A2A_Independent_Research_v0.6/instrument/sample_case/compile_readiness.json,463,96277f759b8f80d4952b1753e6711302f20552ba03a718a82a642a953cd40721,json,already-searchable-physical,,02_WORKSPACE_SNAPSHOT/Towow_A2A_Independent_Research_v0.4/instrument/sample_case/compile_readiness.json,v0.6-public-process,instrument-or-code
02_WORKSPACE_SNAPSHOT/Towow_A2A_Independent_Research_v0.6.zip,Towow_A2A_Independent_Research_v0.6/instrument/sample_case/metrics.json,978,ffab74112b7711585fb36f64e00657232b5068ea79dd289d751dea37965e8940,json,extracted-unique-text,02_derived/zip-text-search-corpus/files/ff/ffab74112b7711585fb36f64e00657232b5068ea79dd289d751dea37965e8940.json,,v0.6-public-process,instrument-or-code
02_WORKSPACE_SNAPSHOT/Towow_A2A_Independent_Research_v0.6.zip,Towow_A2A_Independent_Research_v0.6/instrument/sample_case/redacted_export/REDACTION_NOTICE.json,252,59c15d3456f91d87d0b8b2c3ed769efa05a99c078ea50fef23bc13a4e26244b2,json,extracted-unique-text,02_derived/zip-text-search-corpus/files/59/59c15d3456f91d87d0b8b2c3ed769efa05a99c078ea50fef23bc13a4e26244b2.json,,v0.6-public-process,instrument-or-code
02_WORKSPACE_SNAPSHOT/Towow_A2A_Independent_Research_v0.6.zip,Towow_A2A_Independent_Research_v0.6/instrument/sample_case/redacted_export/case.json,1182,e52d36bd39a663da1553ebe6a84ed08d483a00901d99c15f8bed393ac2ee0419,json,extracted-unique-text,02_derived/zip-text-search-corpus/files/e5/e52d36bd39a663da1553ebe6a84ed08d483a00901d99c15f8bed393ac2ee0419.json,,v0.6-public-process,instrument-or-code
02_WORKSPACE_SNAPSHOT/Towow_A2A_Independent_Research_v0.6.zip,Towow_A2A_Independent_Research_v0.6/instrument/sample_case/redacted_export/outputs/adj-828b3c4d381d.json,1137,247e24361aee514bab0e07caa171c803262194e108299bca80e7ce80f78c313b,json,extracted-unique-text,02_derived/zip-text-search-corpus/files/24/247e24361aee514bab0e07caa171c803262194e108299bca80e7ce80f78c313b.json,,v0.6-public-process,instrument-or-code
02_WORKSPACE_SNAPSHOT/Towow_A2A_Independent_Research_v0.6.zip,Towow_A2A_Independent_Research_v0.6/instrument/sample_case/redacted_export/shared/events.jsonl,10944,6d721c059e28ad68b6670e6a8bc18c70cb845cefc16f461b5bb39d5f5686b150,jsonl,extracted-unique-text,02_derived/zip-text-search-corpus/files/6d/6d721c059e28ad68b6670e6a8bc18c70cb845cefc16f461b5bb39d5f5686b150.jsonl,,v0.6-public-process,instrument-or-code
02_WORKSPACE_SNAPSHOT/Towow_A2A_Independent_Research_v0.6.zip,Towow_A2A_Independent_Research_v0.6/instrument/sample_case/redacted_export/shared/relation/current.json,7975,66499282c8a5ef8535bfa51d0f0030513df758c3cdead84f556c19f5cad358cd,json,extracted-unique-text,02_derived/zip-text-search-corpus/files/66/66499282c8a5ef8535bfa51d0f0030513df758c3cdead84f556c19f5cad358cd.json,,v0.6-public-process,instrument-or-code
02_WORKSPACE_SNAPSHOT/Towow_A2A_Independent_Research_v0.6.zip,Towow_A2A_Independent_Research_v0.6/instrument/sample_case/redacted_export/shared/relation/versions/v0001.json,5062,33df71aac5c206d3ef417c266cc0b977a9b392c5ff41cdb913ca9b558026df09,json,extracted-unique-text,02_derived/zip-text-search-corpus/files/33/33df71aac5c206d3ef417c266cc0b977a9b392c5ff41cdb913ca9b558026df09.json,,v0.6-public-process,instrument-or-code
02_WORKSPACE_SNAPSHOT/Towow_A2A_Independent_Research_v0.6.zip,Towow_A2A_Independent_Research_v0.6/instrument/sample_case/redacted_export/shared/relation/versions/v0002.json,7975,66499282c8a5ef8535bfa51d0f0030513df758c3cdead84f556c19f5cad358cd,json,extracted-unique-text,02_derived/zip-text-search-corpus/files/66/66499282c8a5ef8535bfa51d0f0030513df758c3cdead84f556c19f5cad358cd.json,,v0.6-public-process,instrument-or-code
02_WORKSPACE_SNAPSHOT/Towow_A2A_Independent_Research_v0.6.zip,Towow_A2A_Independent_Research_v0.6/instrument/sample_case/sample_summary.json,1493,137300b07b7808b0dab2ab0abc9ec5dfcc9c96eb6f7f89ac99b9eb0685016743,json,extracted-unique-text,02_derived/zip-text-search-corpus/files/13/137300b07b7808b0dab2ab0abc9ec5dfcc9c96eb6f7f89ac99b9eb0685016743.json,,v0.6-public-process,instrument-or-code
02_WORKSPACE_SNAPSHOT/Towow_A2A_Independent_Research_v0.6.zip,Towow_A2A_Independent_Research_v0.6/instrument/sample_case/validation.json,128,2191644eab70f28bafb0265836cd7773e376cf55de12e76eda66d740775134a5,json,extracted-unique-text,02_derived/zip-text-search-corpus/files/21/2191644eab70f28bafb0265836cd7773e376cf55de12e76eda66d740775134a5.json,,v0.6-public-process,instrument-or-code
02_WORKSPACE_SNAPSHOT/Towow_A2A_Independent_Research_v0.6.zip,Towow_A2A_Independent_Research_v0.6/instrument/templates/README.md,671,3211252d292eed485b38e3eca57ac5e5a10881cdd0be84af9f86b31d0102e3f6,md,extracted-unique-text,02_derived/zip-text-search-corpus/files/32/3211252d292eed485b38e3eca57ac5e5a10881cdd0be84af9f86b31d0102e3f6.md,,v0.6-public-process,instrument-or-code
02_WORKSPACE_SNAPSHOT/Towow_A2A_Independent_Research_v0.6.zip,Towow_A2A_Independent_Research_v0.6/instrument/templates/adjudication.json,536,37202b1979f65caa2b0e779102d945bb81ef4702822c4c9494dad697e28cdb2b,json,extracted-unique-text,02_derived/zip-text-search-corpus/files/37/37202b1979f65caa2b0e779102d945bb81ef4702822c4c9494dad697e28cdb2b.json,,v0.6-public-process,instrument-or-code
02_WORKSPACE_SNAPSHOT/Towow_A2A_Independent_Research_v0.6.zip,Towow_A2A_Independent_Research_v0.6/instrument/templates/case_screen.json,627,7fa009914d1248d4cd9ed3a616a4c94e9bbeb483e0a52351100a99335d58b826,json,extracted-unique-text,02_derived/zip-text-search-corpus/files/7f/7fa009914d1248d4cd9ed3a616a4c94e9bbeb483e0a52351100a99335d58b826.json,,v0.6-public-process,instrument-or-code
02_WORKSPACE_SNAPSHOT/Towow_A2A_Independent_Research_v0.6.zip,Towow_A2A_Independent_Research_v0.6/instrument/templates/event_payload.json,230,ef989ad1f2d072108ab3cb41872a003e58b772e185901035329f30d22029de81,json,extracted-unique-text,02_derived/zip-text-search-corpus/files/ef/ef989ad1f2d072108ab3cb41872a003e58b772e185901035329f30d22029de81.json,,v0.6-public-process,instrument-or-code
02_WORKSPACE_SNAPSHOT/Towow_A2A_Independent_Research_v0.6.zip,Towow_A2A_Independent_Research_v0.6/instrument/templates/followup.json,371,b7f0b58ba8087db60b874ed08eb993a45f51ebdd035cc9397fd0795e04f5e919,json,extracted-unique-text,02_derived/zip-text-search-corpus/files/b7/b7f0b58ba8087db60b874ed08eb993a45f51ebdd035cc9397fd0795e04f5e919.json,,v0.6-public-process,instrument-or-code
02_WORKSPACE_SNAPSHOT/Towow_A2A_Independent_Research_v0.6.zip,Towow_A2A_Independent_Research_v0.6/instrument/templates/mandate.json,550,367f4cd52f3ae051830e50429bafe8d3e8fb036bfcc1bf0d1d680e024cc4c302,json,extracted-unique-text,02_derived/zip-text-search-corpus/files/36/367f4cd52f3ae051830e50429bafe8d3e8fb036bfcc1bf0d1d680e024cc4c302.json,,v0.6-public-process,instrument-or-code
02_WORKSPACE_SNAPSHOT/Towow_A2A_Independent_Research_v0.6.zip,Towow_A2A_Independent_Research_v0.6/instrument/templates/private_intake.json,662,923e47b3574963cb20bac6fb156612d864ed15a79875f147c7294313cc098bf4,json,extracted-unique-text,02_derived/zip-text-search-corpus/files/92/923e47b3574963cb20bac6fb156612d864ed15a79875f147c7294313cc098bf4.json,,v0.6-public-process,instrument-or-code
02_WORKSPACE_SNAPSHOT/Towow_A2A_Independent_Research_v0.6.zip,Towow_A2A_Independent_Research_v0.6/instrument/templates/relation_version.json,1137,7ae3a7cbb361d29b85c8dbedee261d4a7279c3ec46ab768c32cbe6b623fcd2b3,json,extracted-unique-text,02_derived/zip-text-search-corpus/files/7a/7ae3a7cbb361d29b85c8dbedee261d4a7279c3ec46ab768c32cbe6b623fcd2b3.json,,v0.6-public-process,instrument-or-code
02_WORKSPACE_SNAPSHOT/Towow_A2A_Independent_Research_v0.6.zip,Towow_A2A_Independent_Research_v0.6/instrument/towow_fieldkit/README.md,6579,3579a590c9a2e9be4897ae06af7d96e4f8bdab14d87791db90c30d9a05aa37dd,md,extracted-unique-text,02_derived/zip-text-search-corpus/files/35/3579a590c9a2e9be4897ae06af7d96e4f8bdab14d87791db90c30d9a05aa37dd.md,,v0.6-public-process,instrument-or-code
02_WORKSPACE_SNAPSHOT/Towow_A2A_Independent_Research_v0.6.zip,Towow_A2A_Independent_Research_v0.6/instrument/towow_fieldkit/tests/test_fieldkit.py,10330,4a4fabf19d88c74109e5f136f6c7d5eefc11f51954910653a92ec2725632e6af,py,extracted-unique-text,02_derived/zip-text-search-corpus/files/4a/4a4fabf19d88c74109e5f136f6c7d5eefc11f51954910653a92ec2725632e6af.py,,v0.6-public-process,qa-or-test
02_WORKSPACE_SNAPSHOT/Towow_A2A_Independent_Research_v0.6.zip,Towow_A2A_Independent_Research_v0.6/instrument/towow_fieldkit/towow_fieldkit/__init__.py,209,7aeaca67266a5d0b58f0a1559a7e3bb9af1b5ce6768ebea22e368d9c4a2e489e,py,extracted-unique-text,02_derived/zip-text-search-corpus/files/7a/7aeaca67266a5d0b58f0a1559a7e3bb9af1b5ce6768ebea22e368d9c4a2e489e.py,,v0.6-public-process,instrument-or-code
02_WORKSPACE_SNAPSHOT/Towow_A2A_Independent_Research_v0.6.zip,Towow_A2A_Independent_Research_v0.6/instrument/towow_fieldkit/towow_fieldkit/__main__.py,48,935a1c1166b0c1ea35a82256345000bf2c73ded718d77773bc27a71ecce28f7d,py,extracted-unique-text,02_derived/zip-text-search-corpus/files/93/935a1c1166b0c1ea35a82256345000bf2c73ded718d77773bc27a71ecce28f7d.py,,v0.6-public-process,instrument-or-code
02_WORKSPACE_SNAPSHOT/Towow_A2A_Independent_Research_v0.6.zip,Towow_A2A_Independent_Research_v0.6/instrument/towow_fieldkit/towow_fieldkit/cli.py,6144,117fcb9976e54a94eb1a9d7efec1b5511dab78aadbeb4cd7089c870e985abf63,py,extracted-unique-text,02_derived/zip-text-search-corpus/files/11/117fcb9976e54a94eb1a9d7efec1b5511dab78aadbeb4cd7089c870e985abf63.py,,v0.6-public-process,instrument-or-code
02_WORKSPACE_SNAPSHOT/Towow_A2A_Independent_Research_v0.6.zip,Towow_A2A_Independent_Research_v0.6/instrument/towow_fieldkit/towow_fieldkit/schema_change.py,17393,adf55cc061e4f6fcb022e410e7e37aac4dcd39b740793b381b95ce9ce337b306,py,extracted-unique-text,02_derived/zip-text-search-corpus/files/ad/adf55cc061e4f6fcb022e410e7e37aac4dcd39b740793b381b95ce9ce337b306.py,,v0.6-public-process,specification-or-protocol
02_WORKSPACE_SNAPSHOT/Towow_A2A_Independent_Research_v0.6.zip,Towow_A2A_Independent_Research_v0.6/instrument/towow_fieldkit/towow_fieldkit/store.py,13995,4629ecb3482d9909db825cee10721bb538e7001d0b79793a43c3e794af5f5956,py,extracted-unique-text,02_derived/zip-text-search-corpus/files/46/4629ecb3482d9909db825cee10721bb538e7001d0b79793a43c3e794af5f5956.py,,v0.6-public-process,instrument-or-code
02_WORKSPACE_SNAPSHOT/Towow_A2A_Independent_Research_v0.6.zip,Towow_A2A_Independent_Research_v0.6/methods/01_Relation_Schema历史过程编码手册_v0.5.md,2556,7b9571ed73655d744d1f65e1fa937ce5aff46b0640d64d5545c1434560011b65,md,extracted-unique-text,02_derived/zip-text-search-corpus/files/7b/7b9571ed73655d744d1f65e1fa937ce5aff46b0640d64d5545c1434560011b65.md,,v0.6-public-process,specification-or-protocol
02_WORKSPACE_SNAPSHOT/Towow_A2A_Independent_Research_v0.6.zip,Towow_A2A_Independent_Research_v0.6/methods/02_跨制度公开过程编码手册_v0.6.md,3638,b38ba94416be138fbac3daa7aaa0ddeaac6e52315d0b08b881d3fc88c677aca3,md,already-searchable-physical,,02_WORKSPACE_SNAPSHOT/Towow_A2A_Independent_Research_v0.6/methods/02_跨制度公开过程编码手册_v0.6.md,v0.6-public-process,text-source
02_WORKSPACE_SNAPSHOT/Towow_A2A_Independent_Research_v0.6.zip,Towow_A2A_Independent_Research_v0.6/public_evidence/00_EXECUTIVE_SYNTHESIS.md,4241,f4e584908a62d5c041ee9ec540ba9a66c5e1f2febee246e04ddcd322712ae634,md,extracted-unique-text,02_derived/zip-text-search-corpus/files/f4/f4e584908a62d5c041ee9ec540ba9a66c5e1f2febee246e04ddcd322712ae634.md,,v0.6-public-process,evidence-or-decision-ledger
02_WORKSPACE_SNAPSHOT/Towow_A2A_Independent_Research_v0.6.zip,Towow_A2A_Independent_Research_v0.6/public_evidence/01_PUBLIC_EVIDENCE_PROGRAM.md,3223,08806ed35f77d0acda6acb527653bf2a973519bb8536698d47ec52720391f0ca,md,extracted-unique-text,02_derived/zip-text-search-corpus/files/08/08806ed35f77d0acda6acb527653bf2a973519bb8536698d47ec52720391f0ca.md,,v0.6-public-process,evidence-or-decision-ledger
02_WORKSPACE_SNAPSHOT/Towow_A2A_Independent_Research_v0.6.zip,Towow_A2A_Independent_Research_v0.6/public_evidence/02_COMBINED_EVIDENCE_LEDGER.md,1698,de69e1d7a88576344f1e463641e1940ca61a90501ddda54972365d86bbea1c91,md,extracted-unique-text,02_derived/zip-text-search-corpus/files/de/de69e1d7a88576344f1e463641e1940ca61a90501ddda54972365d86bbea1c91.md,,v0.6-public-process,evidence-or-decision-ledger
02_WORKSPACE_SNAPSHOT/Towow_A2A_Independent_Research_v0.6.zip,Towow_A2A_Independent_Research_v0.6/public_evidence/archival_contrast/README.md,691,fd956188b2b4e01269133709a6f3418700e5e6249d45d3d32e0746020876148a,md,extracted-unique-text,02_derived/zip-text-search-corpus/files/fd/fd956188b2b4e01269133709a6f3418700e5e6249d45d3d32e0746020876148a.md,,v0.6-public-process,evidence-or-decision-ledger
02_WORKSPACE_SNAPSHOT/Towow_A2A_Independent_Research_v0.6.zip,Towow_A2A_Independent_Research_v0.6/public_evidence/archival_contrast/REPORT.md,1439,4a64017fe42869c8a9789b1036ee5c36b455430040090be637f220e355fc344f,md,extracted-unique-text,02_derived/zip-text-search-corpus/files/4a/4a64017fe42869c8a9789b1036ee5c36b455430040090be637f220e355fc344f.md,,v0.6-public-process,evidence-or-decision-ledger
02_WORKSPACE_SNAPSHOT/Towow_A2A_Independent_Research_v0.6.zip,Towow_A2A_Independent_Research_v0.6/public_evidence/archival_contrast/analysis/analyze.py,1351,e59b498f1c1499bd2e19ec279c8d8a62abaffae13e8809430a7993035dae100d,py,extracted-unique-text,02_derived/zip-text-search-corpus/files/e5/e59b498f1c1499bd2e19ec279c8d8a62abaffae13e8809430a7993035dae100d.py,,v0.6-public-process,evidence-or-decision-ledger
02_WORKSPACE_SNAPSHOT/Towow_A2A_Independent_Research_v0.6.zip,Towow_A2A_Independent_Research_v0.6/public_evidence/archival_contrast/analysis/results.json,1421,adb53a643c1ddba8d7c885fa89009398e93fb0f1ac0c4c7f77268f1749d94cd3,json,extracted-unique-text,02_derived/zip-text-search-corpus/files/ad/adb53a643c1ddba8d7c885fa89009398e93fb0f1ac0c4c7f77268f1749d94cd3.json,,v0.6-public-process,experiment-or-result
02_WORKSPACE_SNAPSHOT/Towow_A2A_Independent_Research_v0.6.zip,Towow_A2A_Independent_Research_v0.6/public_evidence/archival_contrast/case_matrix.csv,1956,54bf9a46220ff406f5dbc9f159a89f046a7f4c6705d574c759b65b5c740209c8,csv,extracted-unique-text,02_derived/zip-text-search-corpus/files/54/54bf9a46220ff406f5dbc9f159a89f046a7f4c6705d574c759b65b5c740209c8.csv,,v0.6-public-process,evidence-or-decision-ledger
02_WORKSPACE_SNAPSHOT/Towow_A2A_Independent_Research_v0.6.zip,Towow_A2A_Independent_Research_v0.6/public_evidence/archival_contrast/cases/PEA-01.md,1584,77dc668476a654cb770e8696dd520394be693b9b95b205b913f8d1bdf3682ced,md,extracted-unique-text,02_derived/zip-text-search-corpus/files/77/77dc668476a654cb770e8696dd520394be693b9b95b205b913f8d1bdf3682ced.md,,v0.6-public-process,evidence-or-decision-ledger
02_WORKSPACE_SNAPSHOT/Towow_A2A_Independent_Research_v0.6.zip,Towow_A2A_Independent_Research_v0.6/public_evidence/archival_contrast/cases/PEA-02.md,1430,ff9e8c3d5990526e1c818bfefd9966850888e32d1830bf14036fd238149e66fd,md,extracted-unique-text,02_derived/zip-text-search-corpus/files/ff/ff9e8c3d5990526e1c818bfefd9966850888e32d1830bf14036fd238149e66fd.md,,v0.6-public-process,evidence-or-decision-ledger
02_WORKSPACE_SNAPSHOT/Towow_A2A_Independent_Research_v0.6.zip,Towow_A2A_Independent_Research_v0.6/public_evidence/archival_contrast/cases/PEA-03.md,1428,571e4490e4b67ba06b9cd4a407e5347c75fd5bd8e83727a87e43239509e0f330,md,extracted-unique-text,02_derived/zip-text-search-corpus/files/57/571e4490e4b67ba06b9cd4a407e5347c75fd5bd8e83727a87e43239509e0f330.md,,v0.6-public-process,evidence-or-decision-ledger
02_WORKSPACE_SNAPSHOT/Towow_A2A_Independent_Research_v0.6.zip,Towow_A2A_Independent_Research_v0.6/public_evidence/archival_contrast/cases/PEA-04.md,1568,b484f4ae4e9472aa44cc3d2f75a043d8927ad205795e1f1a7ba2015def1e5174,md,extracted-unique-text,02_derived/zip-text-search-corpus/files/b4/b484f4ae4e9472aa44cc3d2f75a043d8927ad205795e1f1a7ba2015def1e5174.md,,v0.6-public-process,evidence-or-decision-ledger
02_WORKSPACE_SNAPSHOT/Towow_A2A_Independent_Research_v0.6.zip,Towow_A2A_Independent_Research_v0.6/public_evidence/archival_contrast/cases/PEA-05.md,1610,03ef81ef78dc53493f745ca7b1ff7ddd144be8df0b6ee74ec5413cfff15a652f,md,extracted-unique-text,02_derived/zip-text-search-corpus/files/03/03ef81ef78dc53493f745ca7b1ff7ddd144be8df0b6ee74ec5413cfff15a652f.md,,v0.6-public-process,evidence-or-decision-ledger
02_WORKSPACE_SNAPSHOT/Towow_A2A_Independent_Research_v0.6.zip,Towow_A2A_Independent_Research_v0.6/public_evidence/archival_contrast/cases/PEA-06.md,1482,96387b49460b32de348983f965c3077b2cf954e2abf14d25625f617814dea0a9,md,extracted-unique-text,02_derived/zip-text-search-corpus/files/96/96387b49460b32de348983f965c3077b2cf954e2abf14d25625f617814dea0a9.md,,v0.6-public-process,evidence-or-decision-ledger
02_WORKSPACE_SNAPSHOT/Towow_A2A_Independent_Research_v0.6.zip,Towow_A2A_Independent_Research_v0.6/public_evidence/archival_contrast/cases/PEA-07.md,1117,d72e9338a3c421b78581de1d4fe308b84fd90594faa6a500ff17430716c63e01,md,extracted-unique-text,02_derived/zip-text-search-corpus/files/d7/d72e9338a3c421b78581de1d4fe308b84fd90594faa6a500ff17430716c63e01.md,,v0.6-public-process,evidence-or-decision-ledger
02_WORKSPACE_SNAPSHOT/Towow_A2A_Independent_Research_v0.6.zip,Towow_A2A_Independent_Research_v0.6/public_evidence/archival_contrast/cases/PEA-08.md,1227,19358e81bf98c0a98ff05e570d2f360c5b7878d5bc3f85e7e02bc173d041d85b,md,extracted-unique-text,02_derived/zip-text-search-corpus/files/19/19358e81bf98c0a98ff05e570d2f360c5b7878d5bc3f85e7e02bc173d041d85b.md,,v0.6-public-process,evidence-or-decision-ledger
02_WORKSPACE_SNAPSHOT/Towow_A2A_Independent_Research_v0.6.zip,Towow_A2A_Independent_Research_v0.6/public_evidence/archival_contrast/cases/PEA-09.md,1095,89496d231d56e59b4e651282e75f21918ac1e993d49053c9b11dbb5c85c75d70,md,extracted-unique-text,02_derived/zip-text-search-corpus/files/89/89496d231d56e59b4e651282e75f21918ac1e993d49053c9b11dbb5c85c75d70.md,,v0.6-public-process,evidence-or-decision-ledger
02_WORKSPACE_SNAPSHOT/Towow_A2A_Independent_Research_v0.6.zip,Towow_A2A_Independent_Research_v0.6/public_evidence/archival_contrast/cases/PEA-10.md,1170,ec31ba498eb3a51da2fff1329ff4c5acd35d0db9ad2185f8904a3a3f6efcdc92,md,extracted-unique-text,02_derived/zip-text-search-corpus/files/ec/ec31ba498eb3a51da2fff1329ff4c5acd35d0db9ad2185f8904a3a3f6efcdc92.md,,v0.6-public-process,evidence-or-decision-ledger
02_WORKSPACE_SNAPSHOT/Towow_A2A_Independent_Research_v0.6.zip,Towow_A2A_Independent_Research_v0.6/public_evidence/archival_contrast/cases.json,32431,f8f9ef5e5977bc1b69500c89212fb3f10613dcc5b0da5d6fa88a5cf533639f73,json,extracted-unique-text,02_derived/zip-text-search-corpus/files/f8/f8f9ef5e5977bc1b69500c89212fb3f10613dcc5b0da5d6fa88a5cf533639f73.json,,v0.6-public-process,evidence-or-decision-ledger
02_WORKSPACE_SNAPSHOT/Towow_A2A_Independent_Research_v0.6.zip,Towow_A2A_Independent_Research_v0.6/public_evidence/archival_contrast/coding_schema.json,792,30ccf740f6abb19b596a7e79b9cd0012caed13585a8c2acd7b6202a1d40fca2b,json,extracted-unique-text,02_derived/zip-text-search-corpus/files/30/30ccf740f6abb19b596a7e79b9cd0012caed13585a8c2acd7b6202a1d40fca2b.json,,v0.6-public-process,evidence-or-decision-ledger
02_WORKSPACE_SNAPSHOT/Towow_A2A_Independent_Research_v0.6.zip,Towow_A2A_Independent_Research_v0.6/public_evidence/archival_contrast/shadow_reconstructions/README.md,388,8aa980f271f3e4f58dd6d5f7410329894f2126273987dbf13f1738ea45e3067b,md,extracted-unique-text,02_derived/zip-text-search-corpus/files/8a/8aa980f271f3e4f58dd6d5f7410329894f2126273987dbf13f1738ea45e3067b.md,,v0.6-public-process,evidence-or-decision-ledger
02_WORKSPACE_SNAPSHOT/Towow_A2A_Independent_Research_v0.6.zip,Towow_A2A_Independent_Research_v0.6/public_evidence/archival_contrast/shadow_reconstructions/REPORT.md,2514,c23b656c955c94c599eaa6891d5a766c6e53a2585eb5bb8811cafdef1714ddaa,md,extracted-unique-text,02_derived/zip-text-search-corpus/files/c2/c23b656c955c94c599eaa6891d5a766c6e53a2585eb5bb8811cafdef1714ddaa.md,,v0.6-public-process,evidence-or-decision-ledger
02_WORKSPACE_SNAPSHOT/Towow_A2A_Independent_Research_v0.6.zip,Towow_A2A_Independent_Research_v0.6/public_evidence/archival_contrast/shadow_reconstructions/build_shadow_cases.py,25046,9e336ce894066285a1f5217dfbd7fdefc9f6839ebb5c24c739aab6e8da3d8f84,py,extracted-unique-text,02_derived/zip-text-search-corpus/files/9e/9e336ce894066285a1f5217dfbd7fdefc9f6839ebb5c24c739aab6e8da3d8f84.py,,v0.6-public-process,evidence-or-decision-ledger
02_WORKSPACE_SNAPSHOT/Towow_A2A_Independent_Research_v0.6.zip,Towow_A2A_Independent_Research_v0.6/public_evidence/archival_contrast/shadow_reconstructions/generated/SHADOW-ACTIVISION/case.json,1186,15bb6c690f44d5516f80d5535ee3d336b1d535031f677a772901d6dbe2bab10c,json,extracted-unique-text,02_derived/zip-text-search-corpus/files/15/15bb6c690f44d5516f80d5535ee3d336b1d535031f677a772901d6dbe2bab10c.json,,v0.6-public-process,evidence-or-decision-ledger
02_WORKSPACE_SNAPSHOT/Towow_A2A_Independent_Research_v0.6.zip,Towow_A2A_Independent_Research_v0.6/public_evidence/archival_contrast/shadow_reconstructions/generated/SHADOW-ACTIVISION/outputs/shadow_change_reports.json,10584,6ac23ca2dda26510ac7b3dc4edf41742145f9c3b7438438dd3a548602a0a4ed0,json,extracted-unique-text,02_derived/zip-text-search-corpus/files/6a/6ac23ca2dda26510ac7b3dc4edf41742145f9c3b7438438dd3a548602a0a4ed0.json,,v0.6-public-process,evidence-or-decision-ledger
02_WORKSPACE_SNAPSHOT/Towow_A2A_Independent_Research_v0.6.zip,Towow_A2A_Independent_Research_v0.6/public_evidence/archival_contrast/shadow_reconstructions/generated/SHADOW-ACTIVISION/outputs/shadow_readiness.json,2260,e0a3e26c244bc5240a4fc36bc44bd62f147cd567374ff26e86632ea2fae812f4,json,extracted-unique-text,02_derived/zip-text-search-corpus/files/e0/e0a3e26c244bc5240a4fc36bc44bd62f147cd567374ff26e86632ea2fae812f4.json,,v0.6-public-process,evidence-or-decision-ledger
02_WORKSPACE_SNAPSHOT/Towow_A2A_Independent_Research_v0.6.zip,Towow_A2A_Independent_Research_v0.6/public_evidence/archival_contrast/shadow_reconstructions/generated/SHADOW-ACTIVISION/outputs/shadow_validation.json,127,a506992523eb92cc56e4e57607c1dcbc74d2629fb8b332dda644b4e055c9c759,json,extracted-unique-text,02_derived/zip-text-search-corpus/files/a5/a506992523eb92cc56e4e57607c1dcbc74d2629fb8b332dda644b4e055c9c759.json,,v0.6-public-process,evidence-or-decision-ledger
02_WORKSPACE_SNAPSHOT/Towow_A2A_Independent_Research_v0.6.zip,Towow_A2A_Independent_Research_v0.6/public_evidence/archival_contrast/shadow_reconstructions/generated/SHADOW-ACTIVISION/shared/events.jsonl,2274,148af4b013b66e8774c8e0612753cd866d2d418c21732e3da1fbea06818f1b71,jsonl,extracted-unique-text,02_derived/zip-text-search-corpus/files/14/148af4b013b66e8774c8e0612753cd866d2d418c21732e3da1fbea06818f1b71.jsonl,,v0.6-public-process,evidence-or-decision-ledger
02_WORKSPACE_SNAPSHOT/Towow_A2A_Independent_Research_v0.6.zip,Towow_A2A_Independent_Research_v0.6/public_evidence/archival_contrast/shadow_reconstructions/generated/SHADOW-ACTIVISION/shared/relation/current.json,4377,d7dddfe79228d72bdb91888a4d2c10ae3f681232f90df6f76e08fd6a9623beb8,json,extracted-unique-text,02_derived/zip-text-search-corpus/files/d7/d7dddfe79228d72bdb91888a4d2c10ae3f681232f90df6f76e08fd6a9623beb8.json,,v0.6-public-process,evidence-or-decision-ledger
02_WORKSPACE_SNAPSHOT/Towow_A2A_Independent_Research_v0.6.zip,Towow_A2A_Independent_Research_v0.6/public_evidence/archival_contrast/shadow_reconstructions/generated/SHADOW-ACTIVISION/shared/relation/versions/v0001.json,3165,46afa41b6bbd04644be0cdc6797a65a71fe22c428c398ffa9431b9d8cb37919a,json,extracted-unique-text,02_derived/zip-text-search-corpus/files/46/46afa41b6bbd04644be0cdc6797a65a71fe22c428c398ffa9431b9d8cb37919a.json,,v0.6-public-process,evidence-or-decision-ledger
02_WORKSPACE_SNAPSHOT/Towow_A2A_Independent_Research_v0.6.zip,Towow_A2A_Independent_Research_v0.6/public_evidence/archival_contrast/shadow_reconstructions/generated/SHADOW-ACTIVISION/shared/relation/versions/v0002.json,4377,d7dddfe79228d72bdb91888a4d2c10ae3f681232f90df6f76e08fd6a9623beb8,json,extracted-unique-text,02_derived/zip-text-search-corpus/files/d7/d7dddfe79228d72bdb91888a4d2c10ae3f681232f90df6f76e08fd6a9623beb8.json,,v0.6-public-process,evidence-or-decision-ledger
02_WORKSPACE_SNAPSHOT/Towow_A2A_Independent_Research_v0.6.zip,Towow_A2A_Independent_Research_v0.6/public_evidence/archival_contrast/shadow_reconstructions/generated/SHADOW-DELOITTE/case.json,1159,c4fecffe513c359c3df04699332e2c37f080e9f2943e0b923336b94bec3de306,json,extracted-unique-text,02_derived/zip-text-search-corpus/files/c4/c4fecffe513c359c3df04699332e2c37f080e9f2943e0b923336b94bec3de306.json,,v0.6-public-process,evidence-or-decision-ledger
02_WORKSPACE_SNAPSHOT/Towow_A2A_Independent_Research_v0.6.zip,Towow_A2A_Independent_Research_v0.6/public_evidence/archival_contrast/shadow_reconstructions/generated/SHADOW-DELOITTE/outputs/shadow_change_reports.json,7895,8fd0a0fc87353e66f979b12bd72afe82ea37e73e747d8b46ab65db2a04111c4c,json,extracted-unique-text,02_derived/zip-text-search-corpus/files/8f/8fd0a0fc87353e66f979b12bd72afe82ea37e73e747d8b46ab65db2a04111c4c.json,,v0.6-public-process,evidence-or-decision-ledger
02_WORKSPACE_SNAPSHOT/Towow_A2A_Independent_Research_v0.6.zip,Towow_A2A_Independent_Research_v0.6/public_evidence/archival_contrast/shadow_reconstructions/generated/SHADOW-DELOITTE/outputs/shadow_readiness.json,2112,3930285fb54098f966678091586f3e619e353fc665e47c80393ec132718ad0f1,json,extracted-unique-text,02_derived/zip-text-search-corpus/files/39/3930285fb54098f966678091586f3e619e353fc665e47c80393ec132718ad0f1.json,,v0.6-public-process,evidence-or-decision-ledger
02_WORKSPACE_SNAPSHOT/Towow_A2A_Independent_Research_v0.6.zip,Towow_A2A_Independent_Research_v0.6/public_evidence/archival_contrast/shadow_reconstructions/generated/SHADOW-DELOITTE/outputs/shadow_validation.json,127,a506992523eb92cc56e4e57607c1dcbc74d2629fb8b332dda644b4e055c9c759,json,extracted-unique-text,02_derived/zip-text-search-corpus/files/a5/a506992523eb92cc56e4e57607c1dcbc74d2629fb8b332dda644b4e055c9c759.json,,v0.6-public-process,evidence-or-decision-ledger
02_WORKSPACE_SNAPSHOT/Towow_A2A_Independent_Research_v0.6.zip,Towow_A2A_Independent_Research_v0.6/public_evidence/archival_contrast/shadow_reconstructions/generated/SHADOW-DELOITTE/shared/events.jsonl,2255,989d3d377650e3233a865a3d340a1ef7e06ec5388b62e7456f30ba1c982a91e7,jsonl,extracted-unique-text,02_derived/zip-text-search-corpus/files/98/989d3d377650e3233a865a3d340a1ef7e06ec5388b62e7456f30ba1c982a91e7.jsonl,,v0.6-public-process,evidence-or-decision-ledger
02_WORKSPACE_SNAPSHOT/Towow_A2A_Independent_Research_v0.6.zip,Towow_A2A_Independent_Research_v0.6/public_evidence/archival_contrast/shadow_reconstructions/generated/SHADOW-DELOITTE/shared/relation/current.json,2911,0f41d089019629bbdb24a012c4f36d16bda2c287b99a72e53f721904e528d533,json,extracted-unique-text,02_derived/zip-text-search-corpus/files/0f/0f41d089019629bbdb24a012c4f36d16bda2c287b99a72e53f721904e528d533.json,,v0.6-public-process,evidence-or-decision-ledger
02_WORKSPACE_SNAPSHOT/Towow_A2A_Independent_Research_v0.6.zip,Towow_A2A_Independent_Research_v0.6/public_evidence/archival_contrast/shadow_reconstructions/generated/SHADOW-DELOITTE/shared/relation/versions/v0001.json,3060,653a47f184465bbd00033ba8946011093d0bfbe432c1a20f64f9d8e12be19bd7,json,extracted-unique-text,02_derived/zip-text-search-corpus/files/65/653a47f184465bbd00033ba8946011093d0bfbe432c1a20f64f9d8e12be19bd7.json,,v0.6-public-process,evidence-or-decision-ledger
02_WORKSPACE_SNAPSHOT/Towow_A2A_Independent_Research_v0.6.zip,Towow_A2A_Independent_Research_v0.6/public_evidence/archival_contrast/shadow_reconstructions/generated/SHADOW-DELOITTE/shared/relation/versions/v0002.json,2911,0f41d089019629bbdb24a012c4f36d16bda2c287b99a72e53f721904e528d533,json,extracted-unique-text,02_derived/zip-text-search-corpus/files/0f/0f41d089019629bbdb24a012c4f36d16bda2c287b99a72e53f721904e528d533.json,,v0.6-public-process,evidence-or-decision-ledger
02_WORKSPACE_SNAPSHOT/Towow_A2A_Independent_Research_v0.6.zip,Towow_A2A_Independent_Research_v0.6/public_evidence/archival_contrast/shadow_reconstructions/generated/SHADOW-GIPHY/case.json,1364,43e0453d884d8f5ef228a423af252a9eb425d4b467042f149a7eda07641bde87,json,extracted-unique-text,02_derived/zip-text-search-corpus/files/43/43e0453d884d8f5ef228a423af252a9eb425d4b467042f149a7eda07641bde87.json,,v0.6-public-process,evidence-or-decision-ledger
02_WORKSPACE_SNAPSHOT/Towow_A2A_Independent_Research_v0.6.zip,Towow_A2A_Independent_Research_v0.6/public_evidence/archival_contrast/shadow_reconstructions/generated/SHADOW-GIPHY/outputs/shadow_change_reports.json,14390,da2b04f3c1d8d19d394b9117ab479e53016e1dc16a39f1f36957e3a54828bb79,json,extracted-unique-text,02_derived/zip-text-search-corpus/files/da/da2b04f3c1d8d19d394b9117ab479e53016e1dc16a39f1f36957e3a54828bb79.json,,v0.6-public-process,evidence-or-decision-ledger
02_WORKSPACE_SNAPSHOT/Towow_A2A_Independent_Research_v0.6.zip,Towow_A2A_Independent_Research_v0.6/public_evidence/archival_contrast/shadow_reconstructions/generated/SHADOW-GIPHY/outputs/shadow_readiness.json,3572,c25f9986a52f40458ab7c399cd0082cda7f57d214caa45eca1d36dd775c45925,json,extracted-unique-text,02_derived/zip-text-search-corpus/files/c2/c25f9986a52f40458ab7c399cd0082cda7f57d214caa45eca1d36dd775c45925.json,,v0.6-public-process,evidence-or-decision-ledger
02_WORKSPACE_SNAPSHOT/Towow_A2A_Independent_Research_v0.6.zip,Towow_A2A_Independent_Research_v0.6/public_evidence/archival_contrast/shadow_reconstructions/generated/SHADOW-GIPHY/outputs/shadow_validation.json,127,d39089b3e85574691da9fc74bfde4685daa6a291d6edaa865a8bb04395465631,json,extracted-unique-text,02_derived/zip-text-search-corpus/files/d3/d39089b3e85574691da9fc74bfde4685daa6a291d6edaa865a8bb04395465631.json,,v0.6-public-process,evidence-or-decision-ledger
02_WORKSPACE_SNAPSHOT/Towow_A2A_Independent_Research_v0.6.zip,Towow_A2A_Independent_Research_v0.6/public_evidence/archival_contrast/shadow_reconstructions/generated/SHADOW-GIPHY/shared/events.jsonl,3211,ac4e8ccf464a87b9842c7808792a2b4ed24fd351831518bac61189746cf93821,jsonl,extracted-unique-text,02_derived/zip-text-search-corpus/files/ac/ac4e8ccf464a87b9842c7808792a2b4ed24fd351831518bac61189746cf93821.jsonl,,v0.6-public-process,evidence-or-decision-ledger
02_WORKSPACE_SNAPSHOT/Towow_A2A_Independent_Research_v0.6.zip,Towow_A2A_Independent_Research_v0.6/public_evidence/archival_contrast/shadow_reconstructions/generated/SHADOW-GIPHY/shared/relation/current.json,3098,0f1c9bd5473dbde86d6358f319612e4e2f1126e2bcabcee8273ba4eba22f46a2,json,extracted-unique-text,02_derived/zip-text-search-corpus/files/0f/0f1c9bd5473dbde86d6358f319612e4e2f1126e2bcabcee8273ba4eba22f46a2.json,,v0.6-public-process,evidence-or-decision-ledger
02_WORKSPACE_SNAPSHOT/Towow_A2A_Independent_Research_v0.6.zip,Towow_A2A_Independent_Research_v0.6/public_evidence/archival_contrast/shadow_reconstructions/generated/SHADOW-GIPHY/shared/relation/versions/v0001.json,2664,0f3dfbf2cef826766c246686c01a1cac364705937aea0ce9b8dee2ce541adc2d,json,extracted-unique-text,02_derived/zip-text-search-corpus/files/0f/0f3dfbf2cef826766c246686c01a1cac364705937aea0ce9b8dee2ce541adc2d.json,,v0.6-public-process,evidence-or-decision-ledger
02_WORKSPACE_SNAPSHOT/Towow_A2A_Independent_Research_v0.6.zip,Towow_A2A_Independent_Research_v0.6/public_evidence/archival_contrast/shadow_reconstructions/generated/SHADOW-GIPHY/shared/relation/versions/v0002.json,3179,6e5d27624c3c7cf9cbfc4be17edc2c03e7b78abf3dd7c0b9c85ce496e000747d,json,extracted-unique-text,02_derived/zip-text-search-corpus/files/6e/6e5d27624c3c7cf9cbfc4be17edc2c03e7b78abf3dd7c0b9c85ce496e000747d.json,,v0.6-public-process,evidence-or-decision-ledger
02_WORKSPACE_SNAPSHOT/Towow_A2A_Independent_Research_v0.6.zip,Towow_A2A_Independent_Research_v0.6/public_evidence/archival_contrast/shadow_reconstructions/generated/SHADOW-GIPHY/shared/relation/versions/v0003.json,3098,0f1c9bd5473dbde86d6358f319612e4e2f1126e2bcabcee8273ba4eba22f46a2,json,extracted-unique-text,02_derived/zip-text-search-corpus/files/0f/0f1c9bd5473dbde86d6358f319612e4e2f1126e2bcabcee8273ba4eba22f46a2.json,,v0.6-public-process,evidence-or-decision-ledger
02_WORKSPACE_SNAPSHOT/Towow_A2A_Independent_Research_v0.6.zip,Towow_A2A_Independent_Research_v0.6/public_evidence/archival_contrast/shadow_reconstructions/results.json,1376,56707801e8927b12d46f1a3bfc8404eef8b5e3e4a0fe3e6cbd9e9421074f999a,json,extracted-unique-text,02_derived/zip-text-search-corpus/files/56/56707801e8927b12d46f1a3bfc8404eef8b5e3e4a0fe3e6cbd9e9421074f999a.json,,v0.6-public-process,experiment-or-result
02_WORKSPACE_SNAPSHOT/Towow_A2A_Independent_Research_v0.6.zip,Towow_A2A_Independent_Research_v0.6/public_evidence/archival_contrast/shadow_reconstructions/shadow_cases.json,4037,50d0fd5a5c66936fb7e02d92ef36e66ddb5287f892b2bcb4c0ad2b48db540637,json,extracted-unique-text,02_derived/zip-text-search-corpus/files/50/50d0fd5a5c66936fb7e02d92ef36e66ddb5287f892b2bcb4c0ad2b48db540637.json,,v0.6-public-process,evidence-or-decision-ledger
02_WORKSPACE_SNAPSHOT/Towow_A2A_Independent_Research_v0.6.zip,Towow_A2A_Independent_Research_v0.6/public_evidence/archival_contrast/source_manifest.json,11140,4127de909cd6501bd2fe126e4ed6c23bf6c16952a36f3c5bc4de2f15d49479bd,json,extracted-unique-text,02_derived/zip-text-search-corpus/files/41/4127de909cd6501bd2fe126e4ed6c23bf6c16952a36f3c5bc4de2f15d49479bd.json,,v0.6-public-process,manifest
02_WORKSPACE_SNAPSHOT/Towow_A2A_Independent_Research_v0.6.zip,Towow_A2A_Independent_Research_v0.6/public_evidence/archival_contrast/validation.json,124,98bdb2dc77fd56c60a6e99c80e8eef939f649a2b1b207ea4cfc88faf3526c33f,json,extracted-unique-text,02_derived/zip-text-search-corpus/files/98/98bdb2dc77fd56c60a6e99c80e8eef939f649a2b1b207ea4cfc88faf3526c33f.json,,v0.6-public-process,evidence-or-decision-ledger
02_WORKSPACE_SNAPSHOT/Towow_A2A_Independent_Research_v0.6.zip,Towow_A2A_Independent_Research_v0.6/public_evidence/claim_requirements.json,3286,da720de34e207852aa770f6dd9ad241d8383ff100951e3e5ec88020ed728d703,json,extracted-unique-text,02_derived/zip-text-search-corpus/files/da/da720de34e207852aa770f6dd9ad241d8383ff100951e3e5ec88020ed728d703.json,,v0.6-public-process,evidence-or-decision-ledger
02_WORKSPACE_SNAPSHOT/Towow_A2A_Independent_Research_v0.6.zip,Towow_A2A_Independent_Research_v0.6/public_evidence/claim_requirements_v0.6.json,3286,da720de34e207852aa770f6dd9ad241d8383ff100951e3e5ec88020ed728d703,json,extracted-unique-text,02_derived/zip-text-search-corpus/files/da/da720de34e207852aa770f6dd9ad241d8383ff100951e3e5ec88020ed728d703.json,,v0.6-public-process,evidence-or-decision-ledger
02_WORKSPACE_SNAPSHOT/Towow_A2A_Independent_Research_v0.6.zip,Towow_A2A_Independent_Research_v0.6/public_evidence/source_cache/README.md,501,592646514637ef9b07e6304e4b03d92e2727c4fc6b1187d0d29189fb3c6509e0,md,extracted-unique-text,02_derived/zip-text-search-corpus/files/59/592646514637ef9b07e6304e4b03d92e2727c4fc6b1187d0d29189fb3c6509e0.md,,v0.6-public-process,evidence-or-decision-ledger
02_WORKSPACE_SNAPSHOT/Towow_A2A_Independent_Research_v0.6.zip,Towow_A2A_Independent_Research_v0.6/public_evidence/source_cache/checksums.json,1898,6791cbbc9dcee8fca04638b1e5819435d8f9363d17a715196410763dcab8f609,json,extracted-unique-text,02_derived/zip-text-search-corpus/files/67/6791cbbc9dcee8fca04638b1e5819435d8f9363d17a715196410763dcab8f609.json,,v0.6-public-process,integrity-metadata
02_WORKSPACE_SNAPSHOT/Towow_A2A_Independent_Research_v0.6.zip,Towow_A2A_Independent_Research_v0.6/public_evidence/source_manifest.json,38158,27db76fa84d5a02eb10d604c248783a5dcbc100f8b1f248416e55371656ade7a,json,extracted-unique-text,02_derived/zip-text-search-corpus/files/27/27db76fa84d5a02eb10d604c248783a5dcbc100f8b1f248416e55371656ade7a.json,,v0.6-public-process,manifest
02_WORKSPACE_SNAPSHOT/Towow_A2A_Independent_Research_v0.6.zip,Towow_A2A_Independent_Research_v0.6/public_evidence/source_manifest_v0.6.json,38158,27db76fa84d5a02eb10d604c248783a5dcbc100f8b1f248416e55371656ade7a,json,extracted-unique-text,02_derived/zip-text-search-corpus/files/27/27db76fa84d5a02eb10d604c248783a5dcbc100f8b1f248416e55371656ade7a.json,,v0.6-public-process,manifest
02_WORKSPACE_SNAPSHOT/Towow_A2A_Independent_Research_v0.6.zip,Towow_A2A_Independent_Research_v0.6/qa/RELEASE_QA.md,1265,4734ba7e58fb1ddc0c9b68e2bae3488b438860032f2a4d8e5cfa4a4597392c01,md,already-searchable-physical,,02_WORKSPACE_SNAPSHOT/Towow_A2A_Independent_Research_v0.4/qa/RELEASE_QA.md,v0.6-public-process,qa-or-test
02_WORKSPACE_SNAPSHOT/Towow_A2A_Independent_Research_v0.6.zip,Towow_A2A_Independent_Research_v0.6/qa/V0_5_QA.json,36,ffa3b4d8faab382fd294f7bfae419468db4b226f8892f3926caaaa563c9a381f,json,extracted-unique-text,02_derived/zip-text-search-corpus/files/ff/ffa3b4d8faab382fd294f7bfae419468db4b226f8892f3926caaaa563c9a381f.json,,v0.6-public-process,qa-or-test
02_WORKSPACE_SNAPSHOT/Towow_A2A_Independent_Research_v0.6.zip,Towow_A2A_Independent_Research_v0.6/qa/V0_5_QA.md,169,f660c903984edb41f1b8ca3948419d182afa2580779a6e270dc05e7d3c1b4078,md,extracted-unique-text,02_derived/zip-text-search-corpus/files/f6/f660c903984edb41f1b8ca3948419d182afa2580779a6e270dc05e7d3c1b4078.md,,v0.6-public-process,qa-or-test
02_WORKSPACE_SNAPSHOT/Towow_A2A_Independent_Research_v0.6.zip,Towow_A2A_Independent_Research_v0.6/qa/V0_6_QA.json,13450,bcf1acd1f04393078cbc20f6400b13cff034e13aeef484b66ea83679c22be3db,json,extracted-unique-text,02_derived/zip-text-search-corpus/files/bc/bcf1acd1f04393078cbc20f6400b13cff034e13aeef484b66ea83679c22be3db.json,,v0.6-public-process,qa-or-test
02_WORKSPACE_SNAPSHOT/Towow_A2A_Independent_Research_v0.6.zip,Towow_A2A_Independent_Research_v0.6/qa/V0_6_QA.md,438,6c1fc67d9f992601e39a99f5f7f04c5ccd8c3d236e11aaad4f518415b7670d7b,md,already-searchable-physical,,02_WORKSPACE_SNAPSHOT/Towow_A2A_Independent_Research_v0.6/qa/V0_6_QA.md,v0.6-public-process,qa-or-test
02_WORKSPACE_SNAPSHOT/Towow_A2A_Independent_Research_v0.6.zip,Towow_A2A_Independent_Research_v0.6/qa/release_qa.json,1854,e574afeb22158a491472942dbdc71e87605182948016b7ee3889054ab85c88b5,json,extracted-unique-text,02_derived/zip-text-search-corpus/files/e5/e574afeb22158a491472942dbdc71e87605182948016b7ee3889054ab85c88b5.json,,v0.6-public-process,qa-or-test
02_WORKSPACE_SNAPSHOT/Towow_A2A_Independent_Research_v0.6.zip,Towow_A2A_Independent_Research_v0.6/qa/run_release_qa.py,5862,16be15b6b25df2748ef09d26ca3df6b106915b4b7c961f377088d88f2cbe815a,py,extracted-unique-text,02_derived/zip-text-search-corpus/files/16/16be15b6b25df2748ef09d26ca3df6b106915b4b7c961f377088d88f2cbe815a.py,,v0.6-public-process,qa-or-test
02_WORKSPACE_SNAPSHOT/Towow_A2A_Independent_Research_v0.6.zip,Towow_A2A_Independent_Research_v0.6/qa/run_release_qa_v0.6.py,5561,d38542d9ab57184fea76d3cfe1a7e46835d913944f7019cfac0180e997d4681e,py,extracted-unique-text,02_derived/zip-text-search-corpus/files/d3/d38542d9ab57184fea76d3cfe1a7e46835d913944f7019cfac0180e997d4681e.py,,v0.6-public-process,qa-or-test
02_WORKSPACE_SNAPSHOT/Towow_A2A_Independent_Research_v0.6.zip,Towow_A2A_Independent_Research_v0.6/qa/run_v05_qa.py,2228,74b22dd9cb42518c2a08df8d3dc4949dc139f4cffad9506824d900d8e82df6b7,py,extracted-unique-text,02_derived/zip-text-search-corpus/files/74/74b22dd9cb42518c2a08df8d3dc4949dc139f4cffad9506824d900d8e82df6b7.py,,v0.6-public-process,qa-or-test
02_WORKSPACE_SNAPSHOT/Towow_A2A_Independent_Research_v0.6.zip,Towow_A2A_Independent_Research_v0.6/real_world_protocol/00_READ_ME_FIRST.md,2182,dc177edad332224cad8e0b3600326f09628f57c3d63e57c43b1073c755e1b7c6,md,already-searchable-physical,,02_WORKSPACE_SNAPSHOT/Towow_A2A_Independent_Research_v0.4/real_world_protocol/00_READ_ME_FIRST.md,v0.6-public-process,specification-or-protocol
02_WORKSPACE_SNAPSHOT/Towow_A2A_Independent_Research_v0.6.zip,Towow_A2A_Independent_Research_v0.6/real_world_protocol/01_R7_最小原则性实验_v0.2.md,10375,0a212208acd594224d8860444c34c5854d5a61a56e8a133d2829b3b42b0f8708,md,already-searchable-physical,,02_WORKSPACE_SNAPSHOT/Towow_A2A_Independent_Research_v0.4/real_world_protocol/01_R7_最小原则性实验_v0.2.md,v0.6-public-process,specification-or-protocol
02_WORKSPACE_SNAPSHOT/Towow_A2A_Independent_Research_v0.6.zip,Towow_A2A_Independent_Research_v0.6/real_world_protocol/02_Owner_资源与执行手册.md,12894,ace4f9eb3eeaea742021526336e5dc2625fb60cf589d05b5c59e624288a119a8,md,already-searchable-physical,,02_WORKSPACE_SNAPSHOT/Towow_A2A_Independent_Research_v0.4/real_world_protocol/02_Owner_资源与执行手册.md,v0.6-public-process,specification-or-protocol
02_WORKSPACE_SNAPSHOT/Towow_A2A_Independent_Research_v0.6.zip,Towow_A2A_Independent_Research_v0.6/real_world_protocol/03_案例筛选与招募脚本.md,3587,018c168519c6b9affc7fda50bd62ef8befd4ef789403d5a9120513b5f44687ad,md,extracted-unique-text,02_derived/zip-text-search-corpus/files/01/018c168519c6b9affc7fda50bd62ef8befd4ef789403d5a9120513b5f44687ad.md,,v0.6-public-process,specification-or-protocol
02_WORKSPACE_SNAPSHOT/Towow_A2A_Independent_Research_v0.6.zip,Towow_A2A_Independent_Research_v0.6/real_world_protocol/04_示例案例_企业AI只读试点.md,5860,87941802972875c2298cf984da08239ff90692afe47cfdce31611d8d06fa99ec,md,already-searchable-physical,,02_WORKSPACE_SNAPSHOT/Towow_A2A_Independent_Research_v0.4/real_world_protocol/04_示例案例_企业AI只读试点.md,v0.6-public-process,specification-or-protocol
02_WORKSPACE_SNAPSHOT/Towow_A2A_Independent_Research_v0.6.zip,Towow_A2A_Independent_Research_v0.6/real_world_protocol/05_参与者操作清单.md,2336,a8e4b2818720012e80aced24df0f3d1731f17582434dcb53ee0a4ea26b53f188,md,extracted-unique-text,02_derived/zip-text-search-corpus/files/a8/a8e4b2818720012e80aced24df0f3d1731f17582434dcb53ee0a4ea26b53f188.md,,v0.6-public-process,specification-or-protocol
02_WORKSPACE_SNAPSHOT/Towow_A2A_Independent_Research_v0.6.zip,Towow_A2A_Independent_Research_v0.6/real_world_protocol/forms/01_case_screen.md,1251,d9908dbd1749feeb64fbdf4f3670d9aea7ddfcdab6632d187824cb176cb9ab3d,md,extracted-unique-text,02_derived/zip-text-search-corpus/files/d9/d9908dbd1749feeb64fbdf4f3670d9aea7ddfcdab6632d187824cb176cb9ab3d.md,,v0.6-public-process,specification-or-protocol
02_WORKSPACE_SNAPSHOT/Towow_A2A_Independent_Research_v0.6.zip,Towow_A2A_Independent_Research_v0.6/real_world_protocol/forms/02_private_intake.md,1215,f125d9555bbf23d282e27c3484668f2f4d304abcf72a3903dcba835f0c4b3373,md,extracted-unique-text,02_derived/zip-text-search-corpus/files/f1/f125d9555bbf23d282e27c3484668f2f4d304abcf72a3903dcba835f0c4b3373.md,,v0.6-public-process,specification-or-protocol
02_WORKSPACE_SNAPSHOT/Towow_A2A_Independent_Research_v0.6.zip,Towow_A2A_Independent_Research_v0.6/real_world_protocol/forms/03_mandate.md,1219,9f95fa7719ac4610ce4efb2f61e692489a77b48badf638ebcda555f189f875a3,md,extracted-unique-text,02_derived/zip-text-search-corpus/files/9f/9f95fa7719ac4610ce4efb2f61e692489a77b48badf638ebcda555f189f875a3.md,,v0.6-public-process,specification-or-protocol
02_WORKSPACE_SNAPSHOT/Towow_A2A_Independent_Research_v0.6.zip,Towow_A2A_Independent_Research_v0.6/real_world_protocol/forms/04_consent_and_data_boundary.md,1105,5df7e736a881f3f993a64a0dc27e620332dfc5176c0aeb5ed0443727781faa77,md,extracted-unique-text,02_derived/zip-text-search-corpus/files/5d/5df7e736a881f3f993a64a0dc27e620332dfc5176c0aeb5ed0443727781faa77.md,,v0.6-public-process,specification-or-protocol
02_WORKSPACE_SNAPSHOT/Towow_A2A_Independent_Research_v0.6.zip,Towow_A2A_Independent_Research_v0.6/real_world_protocol/forms/05_relation_stance_and_explainback.md,815,50ea2b5ba5f4504cc593d9d2ecae06aa0e6c1931c0ef68852df4a89f85461ac0,md,extracted-unique-text,02_derived/zip-text-search-corpus/files/50/50ea2b5ba5f4504cc593d9d2ecae06aa0e6c1931c0ef68852df4a89f85461ac0.md,,v0.6-public-process,specification-or-protocol
02_WORKSPACE_SNAPSHOT/Towow_A2A_Independent_Research_v0.6.zip,Towow_A2A_Independent_Research_v0.6/real_world_protocol/forms/06_followup.md,728,88d4f505bfd63b621e9ded9c1733fc781277b6aae109197183e3f918d0d08ae0,md,extracted-unique-text,02_derived/zip-text-search-corpus/files/88/88d4f505bfd63b621e9ded9c1733fc781277b6aae109197183e3f918d0d08ae0.md,,v0.6-public-process,specification-or-protocol
02_WORKSPACE_SNAPSHOT/Towow_A2A_Independent_Research_v0.6.zip,Towow_A2A_Independent_Research_v0.6/real_world_protocol/forms/07_independent_adjudication.md,1158,58487eea8df7930433f7d15b6886de75406dd6112c9a7afa78863ea4928af5d2,md,extracted-unique-text,02_derived/zip-text-search-corpus/files/58/58487eea8df7930433f7d15b6886de75406dd6112c9a7afa78863ea4928af5d2.md,,v0.6-public-process,specification-or-protocol
02_WORKSPACE_SNAPSHOT/Towow_A2A_Independent_Research_v0.6.zip,Towow_A2A_Independent_Research_v0.6/related_work/01_协议栈与相关理论边界.md,8389,6370463e62cd48a01ef04694190ed70548317ca4c53f1f5d1553324b59f94a7e,md,extracted-unique-text,02_derived/zip-text-search-corpus/files/63/6370463e62cd48a01ef04694190ed70548317ca4c53f1f5d1553324b59f94a7e.md,,v0.6-public-process,theory
02_WORKSPACE_SNAPSHOT/Towow_A2A_Independent_Research_v0.6.zip,Towow_A2A_Independent_Research_v0.6/related_work/02_组织协调与边界研究定位_v0.6.md,2279,a5416e849eaa9b2afa0f7e51ee71accc8434adb02bb5c3f40b3db0620602d1f6,md,extracted-unique-text,02_derived/zip-text-search-corpus/files/a5/a5416e849eaa9b2afa0f7e51ee71accc8434adb02bb5c3f40b3db0620602d1f6.md,,v0.6-public-process,text-source
02_WORKSPACE_SNAPSHOT/Towow_A2A_Independent_Research_v0.6.zip,Towow_A2A_Independent_Research_v0.6/release/RELEASE_NOTES_v0.4.md,2143,2866ceda94fb564710238b3895ac9a4e18e0bfceabc9ea77a280e176b05417a6,md,extracted-unique-text,02_derived/zip-text-search-corpus/files/28/2866ceda94fb564710238b3895ac9a4e18e0bfceabc9ea77a280e176b05417a6.md,,v0.6-public-process,text-source
02_WORKSPACE_SNAPSHOT/Towow_A2A_Independent_Research_v0.6.zip,Towow_A2A_Independent_Research_v0.6/release/RELEASE_NOTES_v0.5.md,1168,f10c14dee927bc078328b567600b555e849e39d7545486a84e788c4e78df28a0,md,extracted-unique-text,02_derived/zip-text-search-corpus/files/f1/f10c14dee927bc078328b567600b555e849e39d7545486a84e788c4e78df28a0.md,,v0.6-public-process,text-source
02_WORKSPACE_SNAPSHOT/Towow_A2A_Independent_Research_v0.6.zip,Towow_A2A_Independent_Research_v0.6/release/RELEASE_NOTES_v0.6.md,944,8083c7229140785a4b4f76f3e78cf64ba90055b4ea4371f49dc950d3240ae1f4,md,extracted-unique-text,02_derived/zip-text-search-corpus/files/80/8083c7229140785a4b4f76f3e78cf64ba90055b4ea4371f49dc950d3240ae1f4.md,,v0.6-public-process,text-source
02_WORKSPACE_SNAPSHOT/Towow_A2A_Independent_Research_v0.6.zip,Towow_A2A_Independent_Research_v0.6/results.json,4622,e262f2f031c97c4767e84b8609791936b9d77a39eaed3ee7b4577f5336e0c2e9,json,extracted-unique-text,02_derived/zip-text-search-corpus/files/e2/e262f2f031c97c4767e84b8609791936b9d77a39eaed3ee7b4577f5336e0c2e9.json,,v0.6-public-process,experiment-or-result
02_WORKSPACE_SNAPSHOT/Towow_A2A_Independent_Research_v0.6.zip,Towow_A2A_Independent_Research_v0.6/roadmap/01_下一阶段研究程序.md,8486,f49dd8cee7a730e56e18e230c25af88f12dceee104dfcc27a20ab9ddfe4d8f11,md,already-searchable-physical,,02_WORKSPACE_SNAPSHOT/Towow_A2A_Independent_Research_v0.4/roadmap/01_下一阶段研究程序.md,v0.6-public-process,research-program
02_WORKSPACE_SNAPSHOT/Towow_A2A_Independent_Research_v0.6.zip,Towow_A2A_Independent_Research_v0.6/roadmap/02_公开证据下一阶段研究程序_v0.5.md,2506,8518032752a448a31c16d5e8d87e719e69021f9f72c72c3ebf90775f77deae40,md,extracted-unique-text,02_derived/zip-text-search-corpus/files/85/8518032752a448a31c16d5e8d87e719e69021f9f72c72c3ebf90775f77deae40.md,,v0.6-public-process,research-program
02_WORKSPACE_SNAPSHOT/Towow_A2A_Independent_Research_v0.6.zip,Towow_A2A_Independent_Research_v0.6/roadmap/02_公开证据到真实实验的桥接程序_v0.6.md,3559,53d8d61e24385e7a25bba1aa827f131860c1884e7126d4f33018d8f5be4a7632,md,extracted-unique-text,02_derived/zip-text-search-corpus/files/53/53d8d61e24385e7a25bba1aa827f131860c1884e7126d4f33018d8f5be4a7632.md,,v0.6-public-process,research-program
02_WORKSPACE_SNAPSHOT/Towow_A2A_Independent_Research_v0.6.zip,Towow_A2A_Independent_Research_v0.6/roadmap/02_公开证据桥接后的下一阶段计划_v0.5.md,3251,f92245370e3a3725417aec226f434fefcce56d3de9bd4d6b4d4f908b19f1e3f2,md,extracted-unique-text,02_derived/zip-text-search-corpus/files/f9/f92245370e3a3725417aec226f434fefcce56d3de9bd4d6b4d4f908b19f1e3f2.md,,v0.6-public-process,research-program
02_WORKSPACE_SNAPSHOT/Towow_A2A_Independent_Research_v0.6.zip,Towow_A2A_Independent_Research_v0.6/roadmap/03_v0.6之后的研究程序.md,1932,405dffa5e4b93813c61c812886646f3dea060c1ec44381e7709d8bc08aeac124,md,already-searchable-physical,,02_WORKSPACE_SNAPSHOT/Towow_A2A_Independent_Research_v0.6/roadmap/03_v0.6之后的研究程序.md,v0.6-public-process,research-program
02_WORKSPACE_SNAPSHOT/Towow_A2A_Independent_Research_v0.6.zip,Towow_A2A_Independent_Research_v0.6/sources/SOURCE_INDEX.json,21107,54c563d4693df49504f4bc7bdc1bb7ef1aa565522018b5c136e62bd2bf4d6297,json,extracted-unique-text,02_derived/zip-text-search-corpus/files/54/54c563d4693df49504f4bc7bdc1bb7ef1aa565522018b5c136e62bd2bf4d6297.json,,v0.6-public-process,structured-data
02_WORKSPACE_SNAPSHOT/Towow_A2A_Independent_Research_v0.6.zip,Towow_A2A_Independent_Research_v0.6/spec/01_最小协议内核_v0.4.md,5728,8ce9bf2bb9f9036f984396ed37b16fddc07b829626deb487ec9d1f26eb073154,md,already-searchable-physical,,02_WORKSPACE_SNAPSHOT/Towow_A2A_Independent_Research_v0.4/spec/01_最小协议内核_v0.4.md,v0.6-public-process,specification-or-protocol
02_WORKSPACE_SNAPSHOT/Towow_A2A_Independent_Research_v0.6.zip,Towow_A2A_Independent_Research_v0.6/spec/01_最小协议内核_v0.5.md,7029,e0dabfab029d13613d707263c106753a2311aa79670f2b421040f8abf8522a90,md,extracted-unique-text,02_derived/zip-text-search-corpus/files/e0/e0dabfab029d13613d707263c106753a2311aa79670f2b421040f8abf8522a90.md,,v0.6-public-process,specification-or-protocol
02_WORKSPACE_SNAPSHOT/Towow_A2A_Independent_Research_v0.6.zip,Towow_A2A_Independent_Research_v0.6/spec/object_materialization_decisions.json,2358,ca48ba503bd3ebf996d730f5841999826a9da81998d123d444ec92c0bab2dffa,json,extracted-unique-text,02_derived/zip-text-search-corpus/files/ca/ca48ba503bd3ebf996d730f5841999826a9da81998d123d444ec92c0bab2dffa.json,,v0.6-public-process,specification-or-protocol
02_WORKSPACE_SNAPSHOT/Towow_A2A_Independent_Research_v0.6.zip,Towow_A2A_Independent_Research_v0.6/theory/01_统一理论重建_v0.4.md,22220,c29dc4212e5e8bedb59098d4381b39a84f39be8e65b9f11d55795e3ccf75e1b6,md,already-searchable-physical,,02_WORKSPACE_SNAPSHOT/Towow_A2A_Independent_Research_v0.4/theory/01_统一理论重建_v0.4.md,v0.6-public-process,theory
02_WORKSPACE_SNAPSHOT/Towow_A2A_Independent_Research_v0.6.zip,Towow_A2A_Independent_Research_v0.6/theory/01_统一理论重建_v0.5.md,19884,cade753ff50a583c3cddcbbd5ba629115deab8819eafc50b1a55304dae5a6aad,md,extracted-unique-text,02_derived/zip-text-search-corpus/files/ca/cade753ff50a583c3cddcbbd5ba629115deab8819eafc50b1a55304dae5a6aad.md,,v0.6-public-process,theory
02_WORKSPACE_SNAPSHOT/Towow_A2A_Independent_Research_v0.6.zip,Towow_A2A_Independent_Research_v0.6/theory/02_关系模式操作化_v0.4.md,12905,67fb11d5150a706e4935e9fe7a351e3d4095ff4645553d2c066faf4bd4062d63,md,already-searchable-physical,,02_WORKSPACE_SNAPSHOT/Towow_A2A_Independent_Research_v0.4/theory/02_关系模式操作化_v0.4.md,v0.6-public-process,theory
02_WORKSPACE_SNAPSHOT/Towow_A2A_Independent_Research_v0.6.zip,Towow_A2A_Independent_Research_v0.6/theory/02_关系模式操作化_v0.5.md,14564,956136f723c3c2554e9f2ee492a846993a7f2308d53ef1a48f5f161157bbc424,md,extracted-unique-text,02_derived/zip-text-search-corpus/files/95/956136f723c3c2554e9f2ee492a846993a7f2308d53ef1a48f5f161157bbc424.md,,v0.6-public-process,theory
02_WORKSPACE_SNAPSHOT/Towow_A2A_Independent_Research_v0.6.zip,Towow_A2A_Independent_Research_v0.6/theory/03_最小本体与概念收敛_v0.4.md,10117,82f063338a2cc2eec7aa2858d6d85e74d857af449feb6f90ebcca65c8a7a1694,md,already-searchable-physical,,02_WORKSPACE_SNAPSHOT/Towow_A2A_Independent_Research_v0.4/theory/03_最小本体与概念收敛_v0.4.md,v0.6-public-process,theory
02_WORKSPACE_SNAPSHOT/Towow_A2A_Independent_Research_v0.6.zip,Towow_A2A_Independent_Research_v0.6/theory/03_最小本体与概念收敛_v0.5.md,11012,7700528e85aea0b1caa2674e76d53594f8077798a6d88fab56554ed126ff980e,md,extracted-unique-text,02_derived/zip-text-search-corpus/files/77/7700528e85aea0b1caa2674e76d53594f8077798a6d88fab56554ed126ff980e.md,,v0.6-public-process,theory
02_WORKSPACE_SNAPSHOT/Towow_A2A_Independent_Research_v0.6.zip,Towow_A2A_Independent_Research_v0.6/theory/04_形式命题与可反驳条件_v0.4.md,8461,870103c4ce6027ad4ab3383a84c2f7e0046288bbcc44f3c2a814de1d9cb8e396,md,extracted-unique-text,02_derived/zip-text-search-corpus/files/87/870103c4ce6027ad4ab3383a84c2f7e0046288bbcc44f3c2a814de1d9cb8e396.md,,v0.6-public-process,theory
02_WORKSPACE_SNAPSHOT/Towow_A2A_Independent_Research_v0.6.zip,Towow_A2A_Independent_Research_v0.6/theory/04_形式命题与可反驳条件_v0.5.md,8413,533b1a2046e8147f0a530c8ffbcf133a86bc55db883e0ea6bd8c5fc1249338b3,md,extracted-unique-text,02_derived/zip-text-search-corpus/files/53/533b1a2046e8147f0a530c8ffbcf133a86bc55db883e0ea6bd8c5fc1249338b3.md,,v0.6-public-process,theory
02_WORKSPACE_SNAPSHOT/Towow_A2A_Independent_Research_v0.6.zip,Towow_A2A_Independent_Research_v0.6/theory/05_公开现实证据后的理论修订_v0.5.md,6250,386af94250e19df51fd8be26808be3a5fd97d0dc6bf03f911d0d42ff7f6d4862,md,extracted-unique-text,02_derived/zip-text-search-corpus/files/38/386af94250e19df51fd8be26808be3a5fd97d0dc6bf03f911d0d42ff7f6d4862.md,,v0.6-public-process,theory
02_WORKSPACE_SNAPSHOT/Towow_A2A_Independent_Research_v0.6.zip,Towow_A2A_Independent_Research_v0.6/theory/05_公开现实证据后的理论修订_v0.6.md,6333,d04da75f747aa76435a567aa7fe54411e55ddf1286410f16cf3389f3e94286ed,md,extracted-unique-text,02_derived/zip-text-search-corpus/files/d0/d04da75f747aa76435a567aa7fe54411e55ddf1286410f16cf3389f3e94286ed.md,,v0.6-public-process,theory
02_WORKSPACE_SNAPSHOT/Towow_A2A_Independent_Research_v0.6.zip,Towow_A2A_Independent_Research_v0.6/theory/05_证据拓扑与公开材料边界_v0.5.md,3892,4bab6b8b8cd98dbd35486cb57a5d2a2bde4ef22577c0138a618f341fb6bb2b7e,md,extracted-unique-text,02_derived/zip-text-search-corpus/files/4b/4bab6b8b8cd98dbd35486cb57a5d2a2bde4ef22577c0138a618f341fb6bb2b7e.md,,v0.6-public-process,theory
02_WORKSPACE_SNAPSHOT/Towow_A2A_Independent_Research_v0.6.zip,Towow_A2A_Independent_Research_v0.6/theory/06_制度框架_关系版本与Standing_v0.6.md,2975,b700a251ce5a6bdd637c089f8b6ae28af0b09c3db701d9edbb844bb9756c5445,md,already-searchable-physical,,02_WORKSPACE_SNAPSHOT/Towow_A2A_Independent_Research_v0.6/theory/06_制度框架_关系版本与Standing_v0.6.md,v0.6-public-process,theory
02_WORKSPACE_SNAPSHOT/Towow_A2A_Independent_Research_v0.6.zip,Towow_A2A_Independent_Research_v0.6/theory/07_Enacted_Schema_稳定向量与编译_v0.6.md,2722,6a2b889c710734800e3992c2034ade4a3e4391739b609ca8ff615a3cb39418b4,md,already-searchable-physical,,02_WORKSPACE_SNAPSHOT/Towow_A2A_Independent_Research_v0.6/theory/07_Enacted_Schema_稳定向量与编译_v0.6.md,v0.6-public-process,theory
02_WORKSPACE_SNAPSHOT/Towow_A2A_Independent_Research_v0.7.zip,Towow_A2A_Independent_Research_v0.7/00_EXECUTIVE_SYNTHESIS.md,9780,d79a2b98c5b061e83d0e97c75b25100de1ef95c8adbddfc67bc1759359e67485,md,extracted-unique-text,02_derived/zip-text-search-corpus/files/d7/d79a2b98c5b061e83d0e97c75b25100de1ef95c8adbddfc67bc1759359e67485.md,,v0.7-opc-focus,orientation
02_WORKSPACE_SNAPSHOT/Towow_A2A_Independent_Research_v0.7.zip,Towow_A2A_Independent_Research_v0.7/00_EXECUTIVE_SYNTHESIS_v0.5.md,919,c1838e6bf532af3a6d25a1e6c9d7cac98d41d9ca81518599a3af5cbb63550838,md,extracted-unique-text,02_derived/zip-text-search-corpus/files/c1/c1838e6bf532af3a6d25a1e6c9d7cac98d41d9ca81518599a3af5cbb63550838.md,,v0.7-opc-focus,orientation
02_WORKSPACE_SNAPSHOT/Towow_A2A_Independent_Research_v0.7.zip,Towow_A2A_Independent_Research_v0.7/00_EXECUTIVE_SYNTHESIS_v0.6.md,3666,a196141a028b8bf12363eb6fafdaa15785a8477c7508b117693c2f94a1e7e139,md,already-searchable-physical,,02_WORKSPACE_SNAPSHOT/Towow_A2A_Independent_Research_v0.6/00_EXECUTIVE_SYNTHESIS_v0.6.md,v0.7-opc-focus,orientation
02_WORKSPACE_SNAPSHOT/Towow_A2A_Independent_Research_v0.7.zip,Towow_A2A_Independent_Research_v0.7/00_EXECUTIVE_SYNTHESIS_v0.7.md,2566,19ed09d1cc36a2e327191df5b7dab837f4cea22139c83a1b9225b19d12a837ca,md,already-searchable-physical,,02_WORKSPACE_SNAPSHOT/Towow_A2A_v0.7_EXECUTIVE_SYNTHESIS.md,v0.7-opc-focus,orientation
02_WORKSPACE_SNAPSHOT/Towow_A2A_Independent_Research_v0.7.zip,Towow_A2A_Independent_Research_v0.7/01_CURRENT_RESEARCH_STATE.md,4465,6f3d2927c0eb8412ae0e12db811cdfe0e21339356e83d9a12fada1a75fb370f6,md,extracted-unique-text,02_derived/zip-text-search-corpus/files/6f/6f3d2927c0eb8412ae0e12db811cdfe0e21339356e83d9a12fada1a75fb370f6.md,,v0.7-opc-focus,text-source
02_WORKSPACE_SNAPSHOT/Towow_A2A_Independent_Research_v0.7.zip,Towow_A2A_Independent_Research_v0.7/01_CURRENT_RESEARCH_STATE_v0.6.md,1349,8d00e87851b00963ed3d47da3c109eae886d0361eb3ddecede8c2098fc70126e,md,extracted-unique-text,02_derived/zip-text-search-corpus/files/8d/8d00e87851b00963ed3d47da3c109eae886d0361eb3ddecede8c2098fc70126e.md,,v0.7-opc-focus,text-source
02_WORKSPACE_SNAPSHOT/Towow_A2A_Independent_Research_v0.7.zip,Towow_A2A_Independent_Research_v0.7/02_RESEARCH_CHARTER.md,5174,61d0003c8a8f9000ab7b0baea713248ebcb194aad88d9d5316fab38de4689602,md,already-searchable-physical,,02_WORKSPACE_SNAPSHOT/Towow_A2A_Independent_Research_v0.4/02_RESEARCH_CHARTER.md,v0.7-opc-focus,text-source
02_WORKSPACE_SNAPSHOT/Towow_A2A_Independent_Research_v0.7.zip,Towow_A2A_Independent_Research_v0.7/MANIFEST.json,58318,6df88266070d6fd9a20469f1642568ada394912aed7da1fadcfec56f56658e15,json,extracted-unique-text,02_derived/zip-text-search-corpus/files/6d/6df88266070d6fd9a20469f1642568ada394912aed7da1fadcfec56f56658e15.json,,v0.7-opc-focus,manifest
02_WORKSPACE_SNAPSHOT/Towow_A2A_Independent_Research_v0.7.zip,Towow_A2A_Independent_Research_v0.7/MANIFEST_v0.5.json,21534,dc85c0bd4d7073fd77ff11a1546f73eae8b67a2338043cf8be55f404e18c8dd8,json,extracted-unique-text,02_derived/zip-text-search-corpus/files/dc/dc85c0bd4d7073fd77ff11a1546f73eae8b67a2338043cf8be55f404e18c8dd8.json,,v0.7-opc-focus,manifest
02_WORKSPACE_SNAPSHOT/Towow_A2A_Independent_Research_v0.7.zip,Towow_A2A_Independent_Research_v0.7/MANIFEST_v0.6.json,45664,b58ae4508fc640e54a3c4860a6ead867d702382a8ab6e31cc1b29c212de7df35,json,extracted-unique-text,02_derived/zip-text-search-corpus/files/b5/b58ae4508fc640e54a3c4860a6ead867d702382a8ab6e31cc1b29c212de7df35.json,,v0.7-opc-focus,manifest
02_WORKSPACE_SNAPSHOT/Towow_A2A_Independent_Research_v0.7.zip,Towow_A2A_Independent_Research_v0.7/MANIFEST_v0.7.json,58318,6df88266070d6fd9a20469f1642568ada394912aed7da1fadcfec56f56658e15,json,extracted-unique-text,02_derived/zip-text-search-corpus/files/6d/6df88266070d6fd9a20469f1642568ada394912aed7da1fadcfec56f56658e15.json,,v0.7-opc-focus,manifest
02_WORKSPACE_SNAPSHOT/Towow_A2A_Independent_Research_v0.7.zip,Towow_A2A_Independent_Research_v0.7/README.md,1230,2247947a73a67ad242de87ff5c0b1c4c3f230f01d4b327426d912960443e41c8,md,extracted-unique-text,02_derived/zip-text-search-corpus/files/22/2247947a73a67ad242de87ff5c0b1c4c3f230f01d4b327426d912960443e41c8.md,,v0.7-opc-focus,orientation
02_WORKSPACE_SNAPSHOT/Towow_A2A_Independent_Research_v0.7.zip,Towow_A2A_Independent_Research_v0.7/README_v0.7.md,1230,2247947a73a67ad242de87ff5c0b1c4c3f230f01d4b327426d912960443e41c8,md,extracted-unique-text,02_derived/zip-text-search-corpus/files/22/2247947a73a67ad242de87ff5c0b1c4c3f230f01d4b327426d912960443e41c8.md,,v0.7-opc-focus,orientation
02_WORKSPACE_SNAPSHOT/Towow_A2A_Independent_Research_v0.7.zip,Towow_A2A_Independent_Research_v0.7/archival_cases/crossrail/CASE_REPORT.md,6995,cd44d550567a07eea04d7ef6c793ca55b1fa5891751a3418f19dbbd0d6986803,md,extracted-unique-text,02_derived/zip-text-search-corpus/files/cd/cd44d550567a07eea04d7ef6c793ca55b1fa5891751a3418f19dbbd0d6986803.md,,v0.7-opc-focus,text-source
02_WORKSPACE_SNAPSHOT/Towow_A2A_Independent_Research_v0.7.zip,Towow_A2A_Independent_Research_v0.7/archival_cases/crossrail/case.json,11900,08aaa6fd4edfeac7e7b2d9658902c8a351d8215c51b1c270444e1fa922e59386,json,extracted-unique-text,02_derived/zip-text-search-corpus/files/08/08aaa6fd4edfeac7e7b2d9658902c8a351d8215c51b1c270444e1fa922e59386.json,,v0.7-opc-focus,structured-data
02_WORKSPACE_SNAPSHOT/Towow_A2A_Independent_Research_v0.7.zip,Towow_A2A_Independent_Research_v0.7/archival_cases/microsoft_linkedin/CASE_REPORT.md,6928,6ffc155ddb5d5cff222b050a77bd65d8193dbff6c598c29f537316feb8cff54f,md,extracted-unique-text,02_derived/zip-text-search-corpus/files/6f/6ffc155ddb5d5cff222b050a77bd65d8193dbff6c598c29f537316feb8cff54f.md,,v0.7-opc-focus,text-source
02_WORKSPACE_SNAPSHOT/Towow_A2A_Independent_Research_v0.7.zip,Towow_A2A_Independent_Research_v0.7/archival_cases/microsoft_linkedin/case.json,11430,9810bfab149cd138e376fabae830b4ec47d6c2d175bf10687bb7ab34495c54bd,json,extracted-unique-text,02_derived/zip-text-search-corpus/files/98/9810bfab149cd138e376fabae830b4ec47d6c2d175bf10687bb7ab34495c54bd.json,,v0.7-opc-focus,structured-data
02_WORKSPACE_SNAPSHOT/Towow_A2A_Independent_Research_v0.7.zip,Towow_A2A_Independent_Research_v0.7/archival_cases/sgma_coordination/CASE_REPORT.md,7453,769ccfc07be67e0463142e82c88e0689194bc87737b40c4bf304a6b20a7551d2,md,extracted-unique-text,02_derived/zip-text-search-corpus/files/76/769ccfc07be67e0463142e82c88e0689194bc87737b40c4bf304a6b20a7551d2.md,,v0.7-opc-focus,text-source
02_WORKSPACE_SNAPSHOT/Towow_A2A_Independent_Research_v0.7.zip,Towow_A2A_Independent_Research_v0.7/archival_cases/sgma_coordination/case.json,11252,3427beb2b4108856a769c9ffd94f1036415af506d08642e18a24013d108cbb9c,json,extracted-unique-text,02_derived/zip-text-search-corpus/files/34/3427beb2b4108856a769c9ffd94f1036415af506d08642e18a24013d108cbb9c.json,,v0.7-opc-focus,structured-data
02_WORKSPACE_SNAPSHOT/Towow_A2A_Independent_Research_v0.7.zip,Towow_A2A_Independent_Research_v0.7/archival_cases/sidewalk_toronto/CASE_REPORT.md,7227,2e35f37e1a8d48f8391b092287f5db1a511f7ad43a60556b406c4763565817f8,md,extracted-unique-text,02_derived/zip-text-search-corpus/files/2e/2e35f37e1a8d48f8391b092287f5db1a511f7ad43a60556b406c4763565817f8.md,,v0.7-opc-focus,text-source
02_WORKSPACE_SNAPSHOT/Towow_A2A_Independent_Research_v0.7.zip,Towow_A2A_Independent_Research_v0.7/archival_cases/sidewalk_toronto/case.json,11451,449123664352f3ff4f1dfa45794d980c4a7f997ebdbaa70aa9eae9d84b5298b3,json,extracted-unique-text,02_derived/zip-text-search-corpus/files/44/449123664352f3ff4f1dfa45794d980c4a7f997ebdbaa70aa9eae9d84b5298b3.json,,v0.7-opc-focus,structured-data
02_WORKSPACE_SNAPSHOT/Towow_A2A_Independent_Research_v0.7.zip,Towow_A2A_Independent_Research_v0.7/archival_cases/uk_open_banking/CASE_REPORT.md,6799,17232d972a9e86b65417a15eeae91a8006f6de7387944ab5a33bbef3d467988c,md,extracted-unique-text,02_derived/zip-text-search-corpus/files/17/17232d972a9e86b65417a15eeae91a8006f6de7387944ab5a33bbef3d467988c.md,,v0.7-opc-focus,text-source
02_WORKSPACE_SNAPSHOT/Towow_A2A_Independent_Research_v0.7.zip,Towow_A2A_Independent_Research_v0.7/archival_cases/uk_open_banking/case.json,10930,19b043bc5eb821b62536ceefdc5408d90f4581e5c7874e8b6f2555e4d1ebaea9,json,extracted-unique-text,02_derived/zip-text-search-corpus/files/19/19b043bc5eb821b62536ceefdc5408d90f4581e5c7874e8b6f2555e4d1ebaea9.json,,v0.7-opc-focus,structured-data
02_WORKSPACE_SNAPSHOT/Towow_A2A_Independent_Research_v0.7.zip,Towow_A2A_Independent_Research_v0.7/cases/01_LinkedIn_Microsoft.md,1605,8279b77f70e884ec0a691e767ee2873d792e7e821779e26489c92e768c9fd2dc,md,extracted-unique-text,02_derived/zip-text-search-corpus/files/82/8279b77f70e884ec0a691e767ee2873d792e7e821779e26489c92e768c9fd2dc.md,,v0.7-opc-focus,text-source
02_WORKSPACE_SNAPSHOT/Towow_A2A_Independent_Research_v0.7.zip,Towow_A2A_Independent_Research_v0.7/cases/02_Amazon_iRobot.md,1246,739a350f7ffdb7e9785330a496754accae28403d154311ebf7cbbf77183eb979,md,extracted-unique-text,02_derived/zip-text-search-corpus/files/73/739a350f7ffdb7e9785330a496754accae28403d154311ebf7cbbf77183eb979.md,,v0.7-opc-focus,text-source
02_WORKSPACE_SNAPSHOT/Towow_A2A_Independent_Research_v0.7.zip,Towow_A2A_Independent_Research_v0.7/cases/03_NASA_HLS.md,1263,f08c4f3e12e4d0f9fdc8f5bd0e84873716f623fc0a2a19975e59cbccde841ae8,md,extracted-unique-text,02_derived/zip-text-search-corpus/files/f0/f08c4f3e12e4d0f9fdc8f5bd0e84873716f623fc0a2a19975e59cbccde841ae8.md,,v0.7-opc-focus,text-source
02_WORKSPACE_SNAPSHOT/Towow_A2A_Independent_Research_v0.7.zip,Towow_A2A_Independent_Research_v0.7/cases/04_固定语法谈判语料.md,1271,9f0ea0a1b7bfab895e858d8e83999f8f67e95cb605276e8ea9fe772c712ace01,md,extracted-unique-text,02_derived/zip-text-search-corpus/files/9f/9f0ea0a1b7bfab895e858d8e83999f8f67e95cb605276e8ea9fe772c712ace01.md,,v0.7-opc-focus,text-source
02_WORKSPACE_SNAPSHOT/Towow_A2A_Independent_Research_v0.7.zip,Towow_A2A_Independent_Research_v0.7/cases/05_公开访谈语料.md,1135,e9d1a9f7e9929d4ace247f8d1d3581277343a9d2457c6eaec331c91646983210,md,extracted-unique-text,02_derived/zip-text-search-corpus/files/e9/e9d1a9f7e9929d4ace247f8d1d3581277343a9d2457c6eaec331c91646983210.md,,v0.7-opc-focus,text-source
02_WORKSPACE_SNAPSHOT/Towow_A2A_Independent_Research_v0.7.zip,Towow_A2A_Independent_Research_v0.7/evidence/01_全量实验统一重审_v0.4.md,17268,4accaf98341c484a3b2128da241f214d704a2dbd29a76da9a3406726e303fbd2,md,already-searchable-physical,,02_WORKSPACE_SNAPSHOT/Towow_A2A_Independent_Research_v0.4/evidence/01_全量实验统一重审_v0.4.md,v0.7-opc-focus,evidence-or-decision-ledger
02_WORKSPACE_SNAPSHOT/Towow_A2A_Independent_Research_v0.7.zip,Towow_A2A_Independent_Research_v0.7/evidence/02_主张证据与Design_Delta总账_v0.4.md,4381,f5699e06046ea5269991e06380245d92c667a56f87335c5aee6057305e01f34b,md,already-searchable-physical,,02_WORKSPACE_SNAPSHOT/Towow_A2A_Independent_Research_v0.4/evidence/02_主张证据与Design_Delta总账_v0.4.md,v0.7-opc-focus,evidence-or-decision-ledger
02_WORKSPACE_SNAPSHOT/Towow_A2A_Independent_Research_v0.7.zip,Towow_A2A_Independent_Research_v0.7/evidence/03_历史资料来源地图.md,3040,e7d2a209d55d692a8871c4b90c0a79b6b91f62ce2b146c27aa1794d7bfce6aac,md,extracted-unique-text,02_derived/zip-text-search-corpus/files/e7/e7d2a209d55d692a8871c4b90c0a79b6b91f62ce2b146c27aa1794d7bfce6aac.md,,v0.7-opc-focus,evidence-or-decision-ledger
02_WORKSPACE_SNAPSHOT/Towow_A2A_Independent_Research_v0.7.zip,Towow_A2A_Independent_Research_v0.7/evidence/04_公开现实证据方法_v0.6.md,6254,5aed208d08dbbcb4df184f968042130f1e416bde2edcfcd1cec44cafb270073d,md,extracted-unique-text,02_derived/zip-text-search-corpus/files/5a/5aed208d08dbbcb4df184f968042130f1e416bde2edcfcd1cec44cafb270073d.md,,v0.7-opc-focus,evidence-or-decision-ledger
02_WORKSPACE_SNAPSHOT/Towow_A2A_Independent_Research_v0.7.zip,Towow_A2A_Independent_Research_v0.7/evidence/04_公开证据主张更新_v0.5.md,2280,563dedb19fa82dd12eea41c7c24f4504136b8e0be380af4fc82e4d49346d6bd6,md,extracted-unique-text,02_derived/zip-text-search-corpus/files/56/563dedb19fa82dd12eea41c7c24f4504136b8e0be380af4fc82e4d49346d6bd6.md,,v0.7-opc-focus,evidence-or-decision-ledger
02_WORKSPACE_SNAPSHOT/Towow_A2A_Independent_Research_v0.7.zip,Towow_A2A_Independent_Research_v0.7/evidence/05_公开案例语料库地图_v0.6.md,3086,1508c893887db36d58b2a97cb5823bbf31690033828bb5f0566dbd830453ae77,md,extracted-unique-text,02_derived/zip-text-search-corpus/files/15/1508c893887db36d58b2a97cb5823bbf31690033828bb5f0566dbd830453ae77.md,,v0.7-opc-focus,evidence-or-decision-ledger
02_WORKSPACE_SNAPSHOT/Towow_A2A_Independent_Research_v0.7.zip,Towow_A2A_Independent_Research_v0.7/evidence/06_公开案例横向综合_v0.6.md,5672,5927d3eb6f10bf4d0e4cacf0ed9e7fa45dd257d34365d4aeb76cf2cc79b37da6,md,extracted-unique-text,02_derived/zip-text-search-corpus/files/59/5927d3eb6f10bf4d0e4cacf0ed9e7fa45dd257d34365d4aeb76cf2cc79b37da6.md,,v0.7-opc-focus,evidence-or-decision-ledger
02_WORKSPACE_SNAPSHOT/Towow_A2A_Independent_Research_v0.7.zip,Towow_A2A_Independent_Research_v0.7/evidence/07_七案跨案例综合_v0.6.md,3232,c7e7116ba8634776b0f3d9e0ed12da7693ef5da32f196732326600d812d5d53e,md,already-searchable-physical,,02_WORKSPACE_SNAPSHOT/Towow_A2A_Independent_Research_v0.6/evidence/07_七案跨案例综合_v0.6.md,v0.7-opc-focus,evidence-or-decision-ledger
02_WORKSPACE_SNAPSHOT/Towow_A2A_Independent_Research_v0.7.zip,Towow_A2A_Independent_Research_v0.7/evidence/archival_case_ledger.json,62773,b09e0b66a52bd242e9b4798badb762fee8b030e1a2c852218b8765d6ec37163c,json,extracted-unique-text,02_derived/zip-text-search-corpus/files/b0/b09e0b66a52bd242e9b4798badb762fee8b030e1a2c852218b8765d6ec37163c.json,,v0.7-opc-focus,evidence-or-decision-ledger
02_WORKSPACE_SNAPSHOT/Towow_A2A_Independent_Research_v0.7.zip,Towow_A2A_Independent_Research_v0.7/evidence/claim_evidence_ledger.json,11334,9c0061c3d91480a1625a030798f1cd11b0033ba136137fa00041783b7de6ea61,json,extracted-unique-text,02_derived/zip-text-search-corpus/files/9c/9c0061c3d91480a1625a030798f1cd11b0033ba136137fa00041783b7de6ea61.json,,v0.7-opc-focus,evidence-or-decision-ledger
02_WORKSPACE_SNAPSHOT/Towow_A2A_Independent_Research_v0.7.zip,Towow_A2A_Independent_Research_v0.7/evidence/experiment_ledger.json,23525,4033e9dacbefcfce4a0b8ae041b5201d4fdc00cb6da078419602713397493d3d,json,extracted-unique-text,02_derived/zip-text-search-corpus/files/40/4033e9dacbefcfce4a0b8ae041b5201d4fdc00cb6da078419602713397493d3d.json,,v0.7-opc-focus,experiment-or-result
02_WORKSPACE_SNAPSHOT/Towow_A2A_Independent_Research_v0.7.zip,Towow_A2A_Independent_Research_v0.7/evidence/public_archival_claim_ledger.json,2520,76dd61815956e1ba538d730ab23d90344b941dfcde52d03f9b45b0316a6ba53f,json,extracted-unique-text,02_derived/zip-text-search-corpus/files/76/76dd61815956e1ba538d730ab23d90344b941dfcde52d03f9b45b0316a6ba53f.json,,v0.7-opc-focus,evidence-or-decision-ledger
02_WORKSPACE_SNAPSHOT/Towow_A2A_Independent_Research_v0.7.zip,Towow_A2A_Independent_Research_v0.7/evidence/qdr/extract_workbooks.py,3180,412b0d8723fc112bac7090bf57260d635671435e938504383d4e71e1f5599bba,py,extracted-unique-text,02_derived/zip-text-search-corpus/files/41/412b0d8723fc112bac7090bf57260d635671435e938504383d4e71e1f5599bba.py,,v0.7-opc-focus,evidence-or-decision-ledger
02_WORKSPACE_SNAPSHOT/Towow_A2A_Independent_Research_v0.7.zip,Towow_A2A_Independent_Research_v0.7/experiments/R7P_public_trace_extended/REPORT.md,6593,5876e2cd9a9c27704b9cb7e88f2da9769f7a952158bf8d096b389130e6f5c981,md,already-searchable-physical,,02_WORKSPACE_SNAPSHOT/Towow_A2A_Independent_Research_v0.6/experiments/R7P_public_trace_extended/REPORT.md,v0.7-opc-focus,experiment-or-result
02_WORKSPACE_SNAPSHOT/Towow_A2A_Independent_Research_v0.7.zip,Towow_A2A_Independent_Research_v0.7/experiments/R7P_public_trace_extended/analyze.py,8207,a5ef5bbb6481024e974fb6f7ffb0f0a2fdfeb285e392ac246b4f8c6941e01576,py,extracted-unique-text,02_derived/zip-text-search-corpus/files/a5/a5ef5bbb6481024e974fb6f7ffb0f0a2fdfeb285e392ac246b4f8c6941e01576.py,,v0.7-opc-focus,experiment-or-result
02_WORKSPACE_SNAPSHOT/Towow_A2A_Independent_Research_v0.7.zip,Towow_A2A_Independent_Research_v0.7/experiments/R7P_public_trace_extended/case_profiles.json,2765,0c6ce8d47b7582f23a816d166103327ed8fdd13193ae0323efb1fffa944151e4,json,extracted-unique-text,02_derived/zip-text-search-corpus/files/0c/0c6ce8d47b7582f23a816d166103327ed8fdd13193ae0323efb1fffa944151e4.json,,v0.7-opc-focus,experiment-or-result
02_WORKSPACE_SNAPSHOT/Towow_A2A_Independent_Research_v0.7.zip,Towow_A2A_Independent_Research_v0.7/experiments/R7P_public_trace_extended/coded_events.jsonl,107031,bd49bcd5e4f14aae11d824d7d1217ddfe4a9ec4922e391bc732844c1a134c82e,jsonl,extracted-unique-text,02_derived/zip-text-search-corpus/files/bd/bd49bcd5e4f14aae11d824d7d1217ddfe4a9ec4922e391bc732844c1a134c82e.jsonl,,v0.7-opc-focus,experiment-or-result
02_WORKSPACE_SNAPSHOT/Towow_A2A_Independent_Research_v0.7.zip,Towow_A2A_Independent_Research_v0.7/experiments/R7P_public_trace_extended/results.json,13439,d2d98089c93c80416adcaf3f89ec3c7fe647b6044cb8668f8ed60f96f1243402,json,extracted-unique-text,02_derived/zip-text-search-corpus/files/d2/d2d98089c93c80416adcaf3f89ec3c7fe647b6044cb8668f8ed60f96f1243402.json,,v0.7-opc-focus,experiment-or-result
02_WORKSPACE_SNAPSHOT/Towow_A2A_Independent_Research_v0.7.zip,Towow_A2A_Independent_Research_v0.7/experiments/R7P_public_trace_pilot/REPORT.md,3769,1aa7b58ac505604f6ea7f609ec794159bbf16a5a6096c3bcde13cece075a3d2e,md,extracted-unique-text,02_derived/zip-text-search-corpus/files/1a/1aa7b58ac505604f6ea7f609ec794159bbf16a5a6096c3bcde13cece075a3d2e.md,,v0.7-opc-focus,experiment-or-result
02_WORKSPACE_SNAPSHOT/Towow_A2A_Independent_Research_v0.7.zip,Towow_A2A_Independent_Research_v0.7/experiments/R7P_public_trace_pilot/analyze.py,4405,1235cb85847eb3826bc345d4daf1fc10d9c995e487f99f17af7780afa30bcbe1,py,extracted-unique-text,02_derived/zip-text-search-corpus/files/12/1235cb85847eb3826bc345d4daf1fc10d9c995e487f99f17af7780afa30bcbe1.py,,v0.7-opc-focus,experiment-or-result
02_WORKSPACE_SNAPSHOT/Towow_A2A_Independent_Research_v0.7.zip,Towow_A2A_Independent_Research_v0.7/experiments/R7P_public_trace_pilot/coded_events.jsonl,29568,703cea1d884b0ecd932cb7071da4b7f0872970ba99ff2c09dad0687823bca2c1,jsonl,extracted-unique-text,02_derived/zip-text-search-corpus/files/70/703cea1d884b0ecd932cb7071da4b7f0872970ba99ff2c09dad0687823bca2c1.jsonl,,v0.7-opc-focus,experiment-or-result
02_WORKSPACE_SNAPSHOT/Towow_A2A_Independent_Research_v0.7.zip,Towow_A2A_Independent_Research_v0.7/experiments/R7P_public_trace_pilot/results.json,5319,73aabc4d2e8cc5a400f500e0605da71caee19d6c98eb14b931d21d782abf4a3e,json,extracted-unique-text,02_derived/zip-text-search-corpus/files/73/73aabc4d2e8cc5a400f500e0605da71caee19d6c98eb14b931d21d782abf4a3e.json,,v0.7-opc-focus,experiment-or-result
02_WORKSPACE_SNAPSHOT/Towow_A2A_Independent_Research_v0.7.zip,Towow_A2A_Independent_Research_v0.7/experiments/archival_three_mechanism_replay/REPORT.md,1425,2d694dceba9c555c04981f145d14db96943f54a0b17d4bc02bf051dcd4d6580e,md,already-searchable-physical,,02_WORKSPACE_SNAPSHOT/Towow_A2A_Independent_Research_v0.7_release/experiments/archival_three_mechanism_replay/REPORT.md,v0.7-opc-focus,experiment-or-result
02_WORKSPACE_SNAPSHOT/Towow_A2A_Independent_Research_v0.7.zip,Towow_A2A_Independent_Research_v0.7/experiments/archival_three_mechanism_replay/outputs/results.json,15076,68e4f8b77bb23fb0edbd203f27adaf7a75afadcbf25afb2ec111e496b5641f85,json,extracted-unique-text,02_derived/zip-text-search-corpus/files/68/68e4f8b77bb23fb0edbd203f27adaf7a75afadcbf25afb2ec111e496b5641f85.json,,v0.7-opc-focus,experiment-or-result
02_WORKSPACE_SNAPSHOT/Towow_A2A_Independent_Research_v0.7.zip,Towow_A2A_Independent_Research_v0.7/experiments/archival_three_mechanism_replay/run.py,9010,edae2cfe57ab1d75769158ea005ab5e305ce1f07a02edd49a06751934663ec7c,py,extracted-unique-text,02_derived/zip-text-search-corpus/files/ed/edae2cfe57ab1d75769158ea005ab5e305ce1f07a02edd49a06751934663ec7c.py,,v0.7-opc-focus,experiment-or-result
02_WORKSPACE_SNAPSHOT/Towow_A2A_Independent_Research_v0.7.zip,Towow_A2A_Independent_Research_v0.7/experiments/blind_checkpoint/REPORT.md,1681,e8d9e7e32db14891b109a19b89ff0cba07650f0506317f434288a0a11c134268,md,already-searchable-physical,,02_WORKSPACE_SNAPSHOT/Towow_A2A_Independent_Research_v0.7_release/experiments/blind_checkpoint/REPORT.md,v0.7-opc-focus,experiment-or-result
02_WORKSPACE_SNAPSHOT/Towow_A2A_Independent_Research_v0.7.zip,Towow_A2A_Independent_Research_v0.7/experiments/blind_checkpoint/outputs/results.json,28241,36f65152a63e0170fc2ba037e38796b8760ec214fd5c6619d75d1ceefb8bf502,json,extracted-unique-text,02_derived/zip-text-search-corpus/files/36/36f65152a63e0170fc2ba037e38796b8760ec214fd5c6619d75d1ceefb8bf502.json,,v0.7-opc-focus,experiment-or-result
02_WORKSPACE_SNAPSHOT/Towow_A2A_Independent_Research_v0.7.zip,Towow_A2A_Independent_Research_v0.7/experiments/blind_checkpoint/run.py,7837,db27c4da3c25e87c4ecbcd5fca0da92643544f0e944da66ddabd3f6673e2c42d,py,extracted-unique-text,02_derived/zip-text-search-corpus/files/db/db27c4da3c25e87c4ecbcd5fca0da92643544f0e944da66ddabd3f6673e2c42d.py,,v0.7-opc-focus,experiment-or-result
02_WORKSPACE_SNAPSHOT/Towow_A2A_Independent_Research_v0.7.zip,Towow_A2A_Independent_Research_v0.7/experiments/ontology_reduction/REPORT.md,4187,92113bf744c047a08a0ad62c21c7c6a891ea7a7d05f944c5c3783c87c7004156,md,already-searchable-physical,,02_WORKSPACE_SNAPSHOT/Towow_A2A_Independent_Research_v0.4/experiments/ontology_reduction/REPORT.md,v0.7-opc-focus,experiment-or-result
02_WORKSPACE_SNAPSHOT/Towow_A2A_Independent_Research_v0.7.zip,Towow_A2A_Independent_Research_v0.7/experiments/ontology_reduction/results.json,16134,e43bbb667c49aa67bb8a1bf54d9109095fe6c894774a10e6ba7c266b6961979b,json,extracted-unique-text,02_derived/zip-text-search-corpus/files/e4/e43bbb667c49aa67bb8a1bf54d9109095fe6c894774a10e6ba7c266b6961979b.json,,v0.7-opc-focus,experiment-or-result
02_WORKSPACE_SNAPSHOT/Towow_A2A_Independent_Research_v0.7.zip,Towow_A2A_Independent_Research_v0.7/experiments/ontology_reduction/run.py,10223,c18cdc523e6fdf64f2b24925e122cacb3c14c8f9cef2e0cd16692c6209f99213,py,extracted-unique-text,02_derived/zip-text-search-corpus/files/c1/c18cdc523e6fdf64f2b24925e122cacb3c14c8f9cef2e0cd16692c6209f99213.py,,v0.7-opc-focus,experiment-or-result
02_WORKSPACE_SNAPSHOT/Towow_A2A_Independent_Research_v0.7.zip,Towow_A2A_Independent_Research_v0.7/experiments/opc_mechanism_replay/REPORT.md,2147,d33419b45038cbd4ba879277c91a8ac5debff1887e6aa6da203748864830cae1,md,already-searchable-physical,,02_WORKSPACE_SNAPSHOT/Towow_A2A_Independent_Research_v0.7_release/experiments/opc_mechanism_replay/REPORT.md,v0.7-opc-focus,experiment-or-result
02_WORKSPACE_SNAPSHOT/Towow_A2A_Independent_Research_v0.7.zip,Towow_A2A_Independent_Research_v0.7/experiments/opc_mechanism_replay/build_fixtures.py,18508,a5d301699083d3d4c8a3cfc54d1b7985adc3e66885c5c252ecc4a25d0b22b4c4,py,extracted-unique-text,02_derived/zip-text-search-corpus/files/a5/a5d301699083d3d4c8a3cfc54d1b7985adc3e66885c5c252ecc4a25d0b22b4c4.py,,v0.7-opc-focus,experiment-or-result
02_WORKSPACE_SNAPSHOT/Towow_A2A_Independent_Research_v0.7.zip,Towow_A2A_Independent_Research_v0.7/experiments/opc_mechanism_replay/fixtures.json,25171,b8763cd70788e01d62dcd25a941888e6779de0d3e2eb4a8ce883d43a185ded41,json,extracted-unique-text,02_derived/zip-text-search-corpus/files/b8/b8763cd70788e01d62dcd25a941888e6779de0d3e2eb4a8ce883d43a185ded41.json,,v0.7-opc-focus,experiment-or-result
02_WORKSPACE_SNAPSHOT/Towow_A2A_Independent_Research_v0.7.zip,Towow_A2A_Independent_Research_v0.7/experiments/opc_mechanism_replay/outputs/results.json,91195,3e2fb6e92f385cc8c7289d30812d04838495ca4a71906b69c590faf29619702a,json,extracted-unique-text,02_derived/zip-text-search-corpus/files/3e/3e2fb6e92f385cc8c7289d30812d04838495ca4a71906b69c590faf29619702a.json,,v0.7-opc-focus,experiment-or-result
02_WORKSPACE_SNAPSHOT/Towow_A2A_Independent_Research_v0.7.zip,Towow_A2A_Independent_Research_v0.7/experiments/opc_mechanism_replay/run.py,6784,18d4d652171efd8927e5634e1e35ff650975766045532fd69e9ad1ef9b0d6736,py,extracted-unique-text,02_derived/zip-text-search-corpus/files/18/18d4d652171efd8927e5634e1e35ff650975766045532fd69e9ad1ef9b0d6736.py,,v0.7-opc-focus,experiment-or-result
02_WORKSPACE_SNAPSHOT/Towow_A2A_Independent_Research_v0.7.zip,Towow_A2A_Independent_Research_v0.7/experiments/qdr_temporal_analysis/DATA_ACCESS_NOTICE.md,1365,ac570150e3b94d89502e17fe2066bb60a002ba9882678b337c29afb24ce48741,md,already-searchable-physical,,02_WORKSPACE_SNAPSHOT/Towow_A2A_Independent_Research_v0.7_release/experiments/qdr_temporal_analysis/DATA_ACCESS_NOTICE.md,v0.7-opc-focus,experiment-or-result
02_WORKSPACE_SNAPSHOT/Towow_A2A_Independent_Research_v0.7.zip,Towow_A2A_Independent_Research_v0.7/experiments/qdr_temporal_analysis/PUBLIC_SUMMARY.json,1585,a9779cb91a174b4d392ae784a59ac54e3b55ea9ded4a21269e350c6299911b93,json,extracted-unique-text,02_derived/zip-text-search-corpus/files/a9/a9779cb91a174b4d392ae784a59ac54e3b55ea9ded4a21269e350c6299911b93.json,,v0.7-opc-focus,experiment-or-result
02_WORKSPACE_SNAPSHOT/Towow_A2A_Independent_Research_v0.7.zip,Towow_A2A_Independent_Research_v0.7/experiments/qdr_temporal_analysis/REPORT.md,5360,ccc1ad3c119355b4b240c9382f744aad84ff71116308496d0e7df6223c32f096,md,already-searchable-physical,,02_WORKSPACE_SNAPSHOT/Towow_A2A_Independent_Research_v0.7_release/experiments/qdr_temporal_analysis/REPORT.md,v0.7-opc-focus,experiment-or-result
02_WORKSPACE_SNAPSHOT/Towow_A2A_Independent_Research_v0.7.zip,Towow_A2A_Independent_Research_v0.7/experiments/qdr_temporal_analysis/analyze_qdr.py,12810,e72aa03084d33cd72b1e65560589c3341e082b0f0ade34fad785508c1858c78e,py,extracted-unique-text,02_derived/zip-text-search-corpus/files/e7/e72aa03084d33cd72b1e65560589c3341e082b0f0ade34fad785508c1858c78e.py,,v0.7-opc-focus,experiment-or-result
02_WORKSPACE_SNAPSHOT/Towow_A2A_Independent_Research_v0.7.zip,Towow_A2A_Independent_Research_v0.7/experiments/qdr_temporal_analysis/analyze_tabular.py,10184,672e9fb456cc1aaf71706fefd5d480f8f6b16822aeeb0e6ec3c4d5d4c176af9e,py,extracted-unique-text,02_derived/zip-text-search-corpus/files/67/672e9fb456cc1aaf71706fefd5d480f8f6b16822aeeb0e6ec3c4d5d4c176af9e.py,,v0.7-opc-focus,experiment-or-result
02_WORKSPACE_SNAPSHOT/Towow_A2A_Independent_Research_v0.7.zip,Towow_A2A_Independent_Research_v0.7/experiments/qdr_temporal_analysis/codebook.json,5817,46b070f4abc74fbda527884551a0724b79848f0165f9a0b84dc1510af07b9f96,json,extracted-unique-text,02_derived/zip-text-search-corpus/files/46/46b070f4abc74fbda527884551a0724b79848f0165f9a0b84dc1510af07b9f96.json,,v0.7-opc-focus,experiment-or-result
02_WORKSPACE_SNAPSHOT/Towow_A2A_Independent_Research_v0.7.zip,Towow_A2A_Independent_Research_v0.7/experiments/qdr_temporal_analysis/codebook_v0.7_initial.json,3377,9fffc48ffec0d255adc8804ccefad71df18ff717182d06cb004b7865c1b4cd29,json,extracted-unique-text,02_derived/zip-text-search-corpus/files/9f/9fffc48ffec0d255adc8804ccefad71df18ff717182d06cb004b7865c1b4cd29.json,,v0.7-opc-focus,experiment-or-result
02_WORKSPACE_SNAPSHOT/Towow_A2A_Independent_Research_v0.7.zip,Towow_A2A_Independent_Research_v0.7/experiments/schema_change_classifier/REPORT.md,4004,1e8b63c049353fd0c6c8328130033595c54369757b101c47c92540180d104e75,md,already-searchable-physical,,02_WORKSPACE_SNAPSHOT/Towow_A2A_Independent_Research_v0.4/experiments/schema_change_classifier/REPORT.md,v0.7-opc-focus,experiment-or-result
02_WORKSPACE_SNAPSHOT/Towow_A2A_Independent_Research_v0.7.zip,Towow_A2A_Independent_Research_v0.7/experiments/schema_change_classifier/results.json,4622,e262f2f031c97c4767e84b8609791936b9d77a39eaed3ee7b4577f5336e0c2e9,json,extracted-unique-text,02_derived/zip-text-search-corpus/files/e2/e262f2f031c97c4767e84b8609791936b9d77a39eaed3ee7b4577f5336e0c2e9.json,,v0.7-opc-focus,experiment-or-result
02_WORKSPACE_SNAPSHOT/Towow_A2A_Independent_Research_v0.7.zip,Towow_A2A_Independent_Research_v0.7/experiments/schema_change_classifier/run.py,10367,83e572ab086c2103a5dee7dbd0a4645ab1dccdf7ac70bed21f60ff84d51a01f9,py,extracted-unique-text,02_derived/zip-text-search-corpus/files/83/83e572ab086c2103a5dee7dbd0a4645ab1dccdf7ac70bed21f60ff84d51a01f9.py,,v0.7-opc-focus,experiment-or-result
02_WORKSPACE_SNAPSHOT/Towow_A2A_Independent_Research_v0.7.zip,Towow_A2A_Independent_Research_v0.7/figures/build_fig02_lifecycle.py,4521,2f5944d16d25c891242633f51ca2d5b24690346ddf8e0b5d72ddf798a99c296e,py,extracted-unique-text,02_derived/zip-text-search-corpus/files/2f/2f5944d16d25c891242633f51ca2d5b24690346ddf8e0b5d72ddf798a99c296e.py,,v0.7-opc-focus,instrument-or-code
02_WORKSPACE_SNAPSHOT/Towow_A2A_Independent_Research_v0.7.zip,Towow_A2A_Independent_Research_v0.7/figures/fig01_opc_entity.dot,1294,e1e19b051d05cc04c04daa45651fd7d3446c53feecaacc34fc5d4509ebeea5a2,dot,extracted-unique-text,02_derived/zip-text-search-corpus/files/e1/e1e19b051d05cc04c04daa45651fd7d3446c53feecaacc34fc5d4509ebeea5a2.dot,,v0.7-opc-focus,text-source
02_WORKSPACE_SNAPSHOT/Towow_A2A_Independent_Research_v0.7.zip,Towow_A2A_Independent_Research_v0.7/figures/fig02_lifecycle.dot,1157,15e02fdb4dea2d8400277ed596581d2e15330ee980e1b67a58923be55830892e,dot,extracted-unique-text,02_derived/zip-text-search-corpus/files/15/15e02fdb4dea2d8400277ed596581d2e15330ee980e1b67a58923be55830892e.dot,,v0.7-opc-focus,text-source
02_WORKSPACE_SNAPSHOT/Towow_A2A_Independent_Research_v0.7.zip,Towow_A2A_Independent_Research_v0.7/figures/fig03_mechanism_portfolio.dot,913,1962b5ec29ada1040d976e5220ab0ad2d0cd9db2f957fc7e4b04013b48203a9d,dot,extracted-unique-text,02_derived/zip-text-search-corpus/files/19/1962b5ec29ada1040d976e5220ab0ad2d0cd9db2f957fc7e4b04013b48203a9d.dot,,v0.7-opc-focus,text-source
02_WORKSPACE_SNAPSHOT/Towow_A2A_Independent_Research_v0.7.zip,Towow_A2A_Independent_Research_v0.7/figures/fig04_architecture.dot,1350,8badf5a43dace518be2138c02ace8e4711678a35711d3b9bba4bad0ea31b3ec6,dot,extracted-unique-text,02_derived/zip-text-search-corpus/files/8b/8badf5a43dace518be2138c02ace8e4711678a35711d3b9bba4bad0ea31b3ec6.dot,,v0.7-opc-focus,text-source
02_WORKSPACE_SNAPSHOT/Towow_A2A_Independent_Research_v0.7.zip,Towow_A2A_Independent_Research_v0.7/instrument/archival_coder/README.md,1408,248ca8bdc7dec3368328732c4ee3f45091d79e5e83ff87506053ca10a9dd9cf6,md,extracted-unique-text,02_derived/zip-text-search-corpus/files/24/248ca8bdc7dec3368328732c4ee3f45091d79e5e83ff87506053ca10a9dd9cf6.md,,v0.7-opc-focus,instrument-or-code
02_WORKSPACE_SNAPSHOT/Towow_A2A_Independent_Research_v0.7.zip,Towow_A2A_Independent_Research_v0.7/instrument/archival_coder/case_schema.json,2370,b38922eef7ada657b2be696546b274a507ddc6b1b9685f522a07d35fe7117f35,json,extracted-unique-text,02_derived/zip-text-search-corpus/files/b3/b38922eef7ada657b2be696546b274a507ddc6b1b9685f522a07d35fe7117f35.json,,v0.7-opc-focus,specification-or-protocol
02_WORKSPACE_SNAPSHOT/Towow_A2A_Independent_Research_v0.7.zip,Towow_A2A_Independent_Research_v0.7/instrument/archival_coder/output/summary.json,1376,762e1acd1453b632c70fc184c6c013cac39b18186cdd0ed8b0bdb136f3b50bdb,json,extracted-unique-text,02_derived/zip-text-search-corpus/files/76/762e1acd1453b632c70fc184c6c013cac39b18186cdd0ed8b0bdb136f3b50bdb.json,,v0.7-opc-focus,instrument-or-code
02_WORKSPACE_SNAPSHOT/Towow_A2A_Independent_Research_v0.7.zip,Towow_A2A_Independent_Research_v0.7/instrument/archival_coder/output/summary.md,5672,5927d3eb6f10bf4d0e4cacf0ed9e7fa45dd257d34365d4aeb76cf2cc79b37da6,md,extracted-unique-text,02_derived/zip-text-search-corpus/files/59/5927d3eb6f10bf4d0e4cacf0ed9e7fa45dd257d34365d4aeb76cf2cc79b37da6.md,,v0.7-opc-focus,instrument-or-code
02_WORKSPACE_SNAPSHOT/Towow_A2A_Independent_Research_v0.7.zip,Towow_A2A_Independent_Research_v0.7/instrument/archival_coder/output/validation.json,506,66d4750d31b8af5816c8a1c5dd663b0faa15a6216514b9e776cc4b913fa9a507,json,extracted-unique-text,02_derived/zip-text-search-corpus/files/66/66d4750d31b8af5816c8a1c5dd663b0faa15a6216514b9e776cc4b913fa9a507.json,,v0.7-opc-focus,instrument-or-code
02_WORKSPACE_SNAPSHOT/Towow_A2A_Independent_Research_v0.7.zip,Towow_A2A_Independent_Research_v0.7/instrument/archival_coder/summarize_cases.py,1286,3d7406d949b037cf054306d4d9e15c415d6a7489f616baaba97989aca598f54a,py,extracted-unique-text,02_derived/zip-text-search-corpus/files/3d/3d7406d949b037cf054306d4d9e15c415d6a7489f616baaba97989aca598f54a.py,,v0.7-opc-focus,instrument-or-code
02_WORKSPACE_SNAPSHOT/Towow_A2A_Independent_Research_v0.7.zip,Towow_A2A_Independent_Research_v0.7/instrument/archival_coder/validate_cases.py,3683,bdf0cf02e1334cb6804c1c21e070a3edcfa45fbc758a3359f462afd6377aca9e,py,extracted-unique-text,02_derived/zip-text-search-corpus/files/bd/bdf0cf02e1334cb6804c1c21e070a3edcfa45fbc758a3359f462afd6377aca9e.py,,v0.7-opc-focus,instrument-or-code
02_WORKSPACE_SNAPSHOT/Towow_A2A_Independent_Research_v0.7.zip,Towow_A2A_Independent_Research_v0.7/instrument/opc_fieldkit_v0.7/README.md,4247,ba4c6c1c822eb89a11fba018b5b0b2889f3761d6765c7274321cc4dd9a39dcfd,md,already-searchable-physical,,02_WORKSPACE_SNAPSHOT/Towow_A2A_Independent_Research_v0.7_release/instrument/opc_fieldkit_v0.7/README.md,v0.7-opc-focus,instrument-or-code
02_WORKSPACE_SNAPSHOT/Towow_A2A_Independent_Research_v0.7.zip,Towow_A2A_Independent_Research_v0.7/instrument/opc_fieldkit_v0.7/tests/test_fieldkit.py,10330,4a4fabf19d88c74109e5f136f6c7d5eefc11f51954910653a92ec2725632e6af,py,extracted-unique-text,02_derived/zip-text-search-corpus/files/4a/4a4fabf19d88c74109e5f136f6c7d5eefc11f51954910653a92ec2725632e6af.py,,v0.7-opc-focus,qa-or-test
02_WORKSPACE_SNAPSHOT/Towow_A2A_Independent_Research_v0.7.zip,Towow_A2A_Independent_Research_v0.7/instrument/opc_fieldkit_v0.7/tests/test_opc.py,8286,533ed693bfb40caadd904088805069b2ebb588a39a4a5c66bbe0a69c4974970a,py,extracted-unique-text,02_derived/zip-text-search-corpus/files/53/533ed693bfb40caadd904088805069b2ebb588a39a4a5c66bbe0a69c4974970a.py,,v0.7-opc-focus,qa-or-test
02_WORKSPACE_SNAPSHOT/Towow_A2A_Independent_Research_v0.7.zip,Towow_A2A_Independent_Research_v0.7/instrument/opc_fieldkit_v0.7/tests/test_store_extensions.py,1643,a8e6dae6eb941b626e6ee25e14952e19895eb599a2013e0a112d140336f68190,py,extracted-unique-text,02_derived/zip-text-search-corpus/files/a8/a8e6dae6eb941b626e6ee25e14952e19895eb599a2013e0a112d140336f68190.py,,v0.7-opc-focus,qa-or-test
02_WORKSPACE_SNAPSHOT/Towow_A2A_Independent_Research_v0.7.zip,Towow_A2A_Independent_Research_v0.7/instrument/opc_fieldkit_v0.7/towow_fieldkit/__init__.py,759,7d9ad2bb5e0fbb4048244c6f52d146425455cea0fe75a693c7103253f82f0ab0,py,extracted-unique-text,02_derived/zip-text-search-corpus/files/7d/7d9ad2bb5e0fbb4048244c6f52d146425455cea0fe75a693c7103253f82f0ab0.py,,v0.7-opc-focus,instrument-or-code
02_WORKSPACE_SNAPSHOT/Towow_A2A_Independent_Research_v0.7.zip,Towow_A2A_Independent_Research_v0.7/instrument/opc_fieldkit_v0.7/towow_fieldkit/__main__.py,48,935a1c1166b0c1ea35a82256345000bf2c73ded718d77773bc27a71ecce28f7d,py,extracted-unique-text,02_derived/zip-text-search-corpus/files/93/935a1c1166b0c1ea35a82256345000bf2c73ded718d77773bc27a71ecce28f7d.py,,v0.7-opc-focus,instrument-or-code
02_WORKSPACE_SNAPSHOT/Towow_A2A_Independent_Research_v0.7.zip,Towow_A2A_Independent_Research_v0.7/instrument/opc_fieldkit_v0.7/towow_fieldkit/cli.py,6144,117fcb9976e54a94eb1a9d7efec1b5511dab78aadbeb4cd7089c870e985abf63,py,extracted-unique-text,02_derived/zip-text-search-corpus/files/11/117fcb9976e54a94eb1a9d7efec1b5511dab78aadbeb4cd7089c870e985abf63.py,,v0.7-opc-focus,instrument-or-code
02_WORKSPACE_SNAPSHOT/Towow_A2A_Independent_Research_v0.7.zip,Towow_A2A_Independent_Research_v0.7/instrument/opc_fieldkit_v0.7/towow_fieldkit/frames.py,1772,f91bb73fd7964936ee8a95b6a6d186f2bf93dfcb8c4c8b8a101954bd7c9163f4,py,extracted-unique-text,02_derived/zip-text-search-corpus/files/f9/f91bb73fd7964936ee8a95b6a6d186f2bf93dfcb8c4c8b8a101954bd7c9163f4.py,,v0.7-opc-focus,instrument-or-code
02_WORKSPACE_SNAPSHOT/Towow_A2A_Independent_Research_v0.7.zip,Towow_A2A_Independent_Research_v0.7/instrument/opc_fieldkit_v0.7/towow_fieldkit/opc.py,3217,8d2da614617807a8f649e8b19c6802615cb29c7a05d7716993cf4ca6d3d5ce24,py,extracted-unique-text,02_derived/zip-text-search-corpus/files/8d/8d2da614617807a8f649e8b19c6802615cb29c7a05d7716993cf4ca6d3d5ce24.py,,v0.7-opc-focus,instrument-or-code
02_WORKSPACE_SNAPSHOT/Towow_A2A_Independent_Research_v0.7.zip,Towow_A2A_Independent_Research_v0.7/instrument/opc_fieldkit_v0.7/towow_fieldkit/reopen.py,788,e809a1738e120444b59982c5b5141d99c965d92b52e7d12c7d4f32e4b905d5b1,py,extracted-unique-text,02_derived/zip-text-search-corpus/files/e8/e809a1738e120444b59982c5b5141d99c965d92b52e7d12c7d4f32e4b905d5b1.py,,v0.7-opc-focus,instrument-or-code
02_WORKSPACE_SNAPSHOT/Towow_A2A_Independent_Research_v0.7.zip,Towow_A2A_Independent_Research_v0.7/instrument/opc_fieldkit_v0.7/towow_fieldkit/router.py,10197,eb5568c22e092e11d0e4090a6dcceb4ec8c3b641bd1a72f3f61ddd3e7ff8a8fd,py,extracted-unique-text,02_derived/zip-text-search-corpus/files/eb/eb5568c22e092e11d0e4090a6dcceb4ec8c3b641bd1a72f3f61ddd3e7ff8a8fd.py,,v0.7-opc-focus,instrument-or-code
02_WORKSPACE_SNAPSHOT/Towow_A2A_Independent_Research_v0.7.zip,Towow_A2A_Independent_Research_v0.7/instrument/opc_fieldkit_v0.7/towow_fieldkit/schema_change.py,17393,adf55cc061e4f6fcb022e410e7e37aac4dcd39b740793b381b95ce9ce337b306,py,extracted-unique-text,02_derived/zip-text-search-corpus/files/ad/adf55cc061e4f6fcb022e410e7e37aac4dcd39b740793b381b95ce9ce337b306.py,,v0.7-opc-focus,specification-or-protocol
02_WORKSPACE_SNAPSHOT/Towow_A2A_Independent_Research_v0.7.zip,Towow_A2A_Independent_Research_v0.7/instrument/opc_fieldkit_v0.7/towow_fieldkit/stability.py,1083,e365bc842d17e6b9643ca302d77ed1277e9c76e8375c99971833e8dfc965257b,py,extracted-unique-text,02_derived/zip-text-search-corpus/files/e3/e365bc842d17e6b9643ca302d77ed1277e9c76e8375c99971833e8dfc965257b.py,,v0.7-opc-focus,instrument-or-code
02_WORKSPACE_SNAPSHOT/Towow_A2A_Independent_Research_v0.7.zip,Towow_A2A_Independent_Research_v0.7/instrument/opc_fieldkit_v0.7/towow_fieldkit/store.py,17440,e15d9de4fdb2d2a4294853487a7d842cf50a018513da124061bc366ce1a5e418,py,extracted-unique-text,02_derived/zip-text-search-corpus/files/e1/e15d9de4fdb2d2a4294853487a7d842cf50a018513da124061bc366ce1a5e418.py,,v0.7-opc-focus,instrument-or-code
02_WORKSPACE_SNAPSHOT/Towow_A2A_Independent_Research_v0.7.zip,Towow_A2A_Independent_Research_v0.7/instrument/public_trace_extension/README.md,707,1dd3fff4af2db0e7bd1b3ce43bb8eb36b2d13d09d88bab548a5beb97f8cbb60c,md,extracted-unique-text,02_derived/zip-text-search-corpus/files/1d/1dd3fff4af2db0e7bd1b3ce43bb8eb36b2d13d09d88bab548a5beb97f8cbb60c.md,,v0.7-opc-focus,experiment-or-result
02_WORKSPACE_SNAPSHOT/Towow_A2A_Independent_Research_v0.7.zip,Towow_A2A_Independent_Research_v0.7/instrument/public_trace_extension/import_public_trace.py,1382,aee120c8065606f5c4ebf73706cd22876216c21fe33c04c12e8174f1463272f3,py,extracted-unique-text,02_derived/zip-text-search-corpus/files/ae/aee120c8065606f5c4ebf73706cd22876216c21fe33c04c12e8174f1463272f3.py,,v0.7-opc-focus,experiment-or-result
02_WORKSPACE_SNAPSHOT/Towow_A2A_Independent_Research_v0.7.zip,Towow_A2A_Independent_Research_v0.7/instrument/public_trace_extension/public_trace_event.schema.json,1798,a2040a73b417c232a5630795ee3d4ae01cc8c1e1dcac672ac57ed1f083601419,json,extracted-unique-text,02_derived/zip-text-search-corpus/files/a2/a2040a73b417c232a5630795ee3d4ae01cc8c1e1dcac672ac57ed1f083601419.json,,v0.7-opc-focus,experiment-or-result
02_WORKSPACE_SNAPSHOT/Towow_A2A_Independent_Research_v0.7.zip,Towow_A2A_Independent_Research_v0.7/instrument/public_trace_extension/public_trace_event_v0.6.schema.json,3990,572234adc0d69e69a00913126d4ca9c819a54ea2875523384c46ce518f3e990e,json,extracted-unique-text,02_derived/zip-text-search-corpus/files/57/572234adc0d69e69a00913126d4ca9c819a54ea2875523384c46ce518f3e990e.json,,v0.7-opc-focus,experiment-or-result
02_WORKSPACE_SNAPSHOT/Towow_A2A_Independent_Research_v0.7.zip,Towow_A2A_Independent_Research_v0.7/instrument/public_trace_extension/sample_public_trace.jsonl,32051,8326df45e5a1db66f7e223c44b4f6bc16a7b90ab2f9151bc49820a5909f06c50,jsonl,extracted-unique-text,02_derived/zip-text-search-corpus/files/83/8326df45e5a1db66f7e223c44b4f6bc16a7b90ab2f9151bc49820a5909f06c50.jsonl,,v0.7-opc-focus,experiment-or-result
02_WORKSPACE_SNAPSHOT/Towow_A2A_Independent_Research_v0.7.zip,Towow_A2A_Independent_Research_v0.7/instrument/public_trace_extension/sample_public_trace_chain.jsonl,37595,65932dc8eb87af9d91dc2e3b4378c72c24e4d357d8000afbe6bb407f4c314df5,jsonl,extracted-unique-text,02_derived/zip-text-search-corpus/files/65/65932dc8eb87af9d91dc2e3b4378c72c24e4d357d8000afbe6bb407f4c314df5.jsonl,,v0.7-opc-focus,experiment-or-result
02_WORKSPACE_SNAPSHOT/Towow_A2A_Independent_Research_v0.7.zip,Towow_A2A_Independent_Research_v0.7/instrument/sample_case/README.md,2197,f52777b349847a30a86e92c45a1d56a7350f6083efcba3978ae3e81608874a7b,md,already-searchable-physical,,02_WORKSPACE_SNAPSHOT/Towow_A2A_Independent_Research_v0.4/instrument/sample_case/README.md,v0.7-opc-focus,instrument-or-code
02_WORKSPACE_SNAPSHOT/Towow_A2A_Independent_Research_v0.7.zip,Towow_A2A_Independent_Research_v0.7/instrument/sample_case/build_sample.py,24676,e3e8f93d763267849a72b4b098e8f43015dd3810cbe03029c8cbd66b2b1ada52,py,extracted-unique-text,02_derived/zip-text-search-corpus/files/e3/e3e8f93d763267849a72b4b098e8f43015dd3810cbe03029c8cbd66b2b1ada52.py,,v0.7-opc-focus,instrument-or-code
02_WORKSPACE_SNAPSHOT/Towow_A2A_Independent_Research_v0.7.zip,Towow_A2A_Independent_Research_v0.7/instrument/sample_case/case/case.json,1182,e52d36bd39a663da1553ebe6a84ed08d483a00901d99c15f8bed393ac2ee0419,json,extracted-unique-text,02_derived/zip-text-search-corpus/files/e5/e52d36bd39a663da1553ebe6a84ed08d483a00901d99c15f8bed393ac2ee0419.json,,v0.7-opc-focus,instrument-or-code
02_WORKSPACE_SNAPSHOT/Towow_A2A_Independent_Research_v0.7.zip,Towow_A2A_Independent_Research_v0.7/instrument/sample_case/case/outputs/adj-828b3c4d381d.json,1137,247e24361aee514bab0e07caa171c803262194e108299bca80e7ce80f78c313b,json,extracted-unique-text,02_derived/zip-text-search-corpus/files/24/247e24361aee514bab0e07caa171c803262194e108299bca80e7ce80f78c313b.json,,v0.7-opc-focus,instrument-or-code
02_WORKSPACE_SNAPSHOT/Towow_A2A_Independent_Research_v0.7.zip,Towow_A2A_Independent_Research_v0.7/instrument/sample_case/case/private/buyer_business/intake.json,732,fb3102da72365ba9bfb6382de266fa7c38b88f61d6f589544a961c8eb88f93c1,json,extracted-unique-text,02_derived/zip-text-search-corpus/files/fb/fb3102da72365ba9bfb6382de266fa7c38b88f61d6f589544a961c8eb88f93c1.json,,v0.7-opc-focus,instrument-or-code
02_WORKSPACE_SNAPSHOT/Towow_A2A_Independent_Research_v0.7.zip,Towow_A2A_Independent_Research_v0.7/instrument/sample_case/case/private/buyer_business/mandate-buyer_business-v1.json,1063,b2ca385c6cb3678773ffa627f0490131c5b678daaee03f6bb97c1fef1db66df4,json,extracted-unique-text,02_derived/zip-text-search-corpus/files/b2/b2ca385c6cb3678773ffa627f0490131c5b678daaee03f6bb97c1fef1db66df4.json,,v0.7-opc-focus,instrument-or-code
02_WORKSPACE_SNAPSHOT/Towow_A2A_Independent_Research_v0.7.zip,Towow_A2A_Independent_Research_v0.7/instrument/sample_case/case/private/buyer_data/intake.json,764,ec3f8223b58780a2e127991017ba2d7a6635a51ec4ada6c8226e5b495fde1818,json,extracted-unique-text,02_derived/zip-text-search-corpus/files/ec/ec3f8223b58780a2e127991017ba2d7a6635a51ec4ada6c8226e5b495fde1818.json,,v0.7-opc-focus,instrument-or-code
02_WORKSPACE_SNAPSHOT/Towow_A2A_Independent_Research_v0.7.zip,Towow_A2A_Independent_Research_v0.7/instrument/sample_case/case/private/buyer_data/mandate-buyer_data-v1.json,1394,9a21020a28e0227e37c494df519a667625b7496671cd20c3336134e51c272a60,json,extracted-unique-text,02_derived/zip-text-search-corpus/files/9a/9a21020a28e0227e37c494df519a667625b7496671cd20c3336134e51c272a60.json,,v0.7-opc-focus,instrument-or-code
02_WORKSPACE_SNAPSHOT/Towow_A2A_Independent_Research_v0.7.zip,Towow_A2A_Independent_Research_v0.7/instrument/sample_case/case/private/provider_business/intake.json,730,ac91b93f7f8dcbb2f39a8e31e9809c94512eeee6377dc986448f9016e525449c,json,extracted-unique-text,02_derived/zip-text-search-corpus/files/ac/ac91b93f7f8dcbb2f39a8e31e9809c94512eeee6377dc986448f9016e525449c.json,,v0.7-opc-focus,instrument-or-code
02_WORKSPACE_SNAPSHOT/Towow_A2A_Independent_Research_v0.7.zip,Towow_A2A_Independent_Research_v0.7/instrument/sample_case/case/private/provider_business/mandate-provider_business-v1.json,1006,ccbe21492848f72361c4dc6f9fba94e79e4012478c2d21f3aa800623ea5765b1,json,extracted-unique-text,02_derived/zip-text-search-corpus/files/cc/ccbe21492848f72361c4dc6f9fba94e79e4012478c2d21f3aa800623ea5765b1.json,,v0.7-opc-focus,instrument-or-code
02_WORKSPACE_SNAPSHOT/Towow_A2A_Independent_Research_v0.7.zip,Towow_A2A_Independent_Research_v0.7/instrument/sample_case/case/private/provider_tech/intake.json,714,d6e9e2d2dd5ee3e2a215892281100751c4dc97d8da1e154463f3d52ff95494f7,json,extracted-unique-text,02_derived/zip-text-search-corpus/files/d6/d6e9e2d2dd5ee3e2a215892281100751c4dc97d8da1e154463f3d52ff95494f7.json,,v0.7-opc-focus,instrument-or-code
02_WORKSPACE_SNAPSHOT/Towow_A2A_Independent_Research_v0.7.zip,Towow_A2A_Independent_Research_v0.7/instrument/sample_case/case/private/provider_tech/mandate-provider_tech-v1.json,1296,1d4160ab887b1f8bcd38c3e3cdcad9d48356170775b619ecadfd4df9cec31567,json,extracted-unique-text,02_derived/zip-text-search-corpus/files/1d/1d4160ab887b1f8bcd38c3e3cdcad9d48356170775b619ecadfd4df9cec31567.json,,v0.7-opc-focus,instrument-or-code
02_WORKSPACE_SNAPSHOT/Towow_A2A_Independent_Research_v0.7.zip,Towow_A2A_Independent_Research_v0.7/instrument/sample_case/case/shared/events.jsonl,10944,6d721c059e28ad68b6670e6a8bc18c70cb845cefc16f461b5bb39d5f5686b150,jsonl,extracted-unique-text,02_derived/zip-text-search-corpus/files/6d/6d721c059e28ad68b6670e6a8bc18c70cb845cefc16f461b5bb39d5f5686b150.jsonl,,v0.7-opc-focus,instrument-or-code
02_WORKSPACE_SNAPSHOT/Towow_A2A_Independent_Research_v0.7.zip,Towow_A2A_Independent_Research_v0.7/instrument/sample_case/case/shared/relation/current.json,7975,66499282c8a5ef8535bfa51d0f0030513df758c3cdead84f556c19f5cad358cd,json,extracted-unique-text,02_derived/zip-text-search-corpus/files/66/66499282c8a5ef8535bfa51d0f0030513df758c3cdead84f556c19f5cad358cd.json,,v0.7-opc-focus,instrument-or-code
02_WORKSPACE_SNAPSHOT/Towow_A2A_Independent_Research_v0.7.zip,Towow_A2A_Independent_Research_v0.7/instrument/sample_case/case/shared/relation/versions/v0001.json,5062,33df71aac5c206d3ef417c266cc0b977a9b392c5ff41cdb913ca9b558026df09,json,extracted-unique-text,02_derived/zip-text-search-corpus/files/33/33df71aac5c206d3ef417c266cc0b977a9b392c5ff41cdb913ca9b558026df09.json,,v0.7-opc-focus,instrument-or-code
02_WORKSPACE_SNAPSHOT/Towow_A2A_Independent_Research_v0.7.zip,Towow_A2A_Independent_Research_v0.7/instrument/sample_case/case/shared/relation/versions/v0002.json,7975,66499282c8a5ef8535bfa51d0f0030513df758c3cdead84f556c19f5cad358cd,json,extracted-unique-text,02_derived/zip-text-search-corpus/files/66/66499282c8a5ef8535bfa51d0f0030513df758c3cdead84f556c19f5cad358cd.json,,v0.7-opc-focus,instrument-or-code
02_WORKSPACE_SNAPSHOT/Towow_A2A_Independent_Research_v0.7.zip,Towow_A2A_Independent_Research_v0.7/instrument/sample_case/change_report.json,10987,fca0ace82d8ae63b0617bc2e63b67bedbde9a9f11aea2f48417ff63bb90604a9,json,already-searchable-physical,,02_WORKSPACE_SNAPSHOT/Towow_A2A_Independent_Research_v0.4/instrument/sample_case/change_report.json,v0.7-opc-focus,instrument-or-code
02_WORKSPACE_SNAPSHOT/Towow_A2A_Independent_Research_v0.7.zip,Towow_A2A_Independent_Research_v0.7/instrument/sample_case/compile_readiness.json,463,96277f759b8f80d4952b1753e6711302f20552ba03a718a82a642a953cd40721,json,already-searchable-physical,,02_WORKSPACE_SNAPSHOT/Towow_A2A_Independent_Research_v0.4/instrument/sample_case/compile_readiness.json,v0.7-opc-focus,instrument-or-code
02_WORKSPACE_SNAPSHOT/Towow_A2A_Independent_Research_v0.7.zip,Towow_A2A_Independent_Research_v0.7/instrument/sample_case/metrics.json,978,ffab74112b7711585fb36f64e00657232b5068ea79dd289d751dea37965e8940,json,extracted-unique-text,02_derived/zip-text-search-corpus/files/ff/ffab74112b7711585fb36f64e00657232b5068ea79dd289d751dea37965e8940.json,,v0.7-opc-focus,instrument-or-code
02_WORKSPACE_SNAPSHOT/Towow_A2A_Independent_Research_v0.7.zip,Towow_A2A_Independent_Research_v0.7/instrument/sample_case/redacted_export/REDACTION_NOTICE.json,252,59c15d3456f91d87d0b8b2c3ed769efa05a99c078ea50fef23bc13a4e26244b2,json,extracted-unique-text,02_derived/zip-text-search-corpus/files/59/59c15d3456f91d87d0b8b2c3ed769efa05a99c078ea50fef23bc13a4e26244b2.json,,v0.7-opc-focus,instrument-or-code
02_WORKSPACE_SNAPSHOT/Towow_A2A_Independent_Research_v0.7.zip,Towow_A2A_Independent_Research_v0.7/instrument/sample_case/redacted_export/case.json,1182,e52d36bd39a663da1553ebe6a84ed08d483a00901d99c15f8bed393ac2ee0419,json,extracted-unique-text,02_derived/zip-text-search-corpus/files/e5/e52d36bd39a663da1553ebe6a84ed08d483a00901d99c15f8bed393ac2ee0419.json,,v0.7-opc-focus,instrument-or-code
02_WORKSPACE_SNAPSHOT/Towow_A2A_Independent_Research_v0.7.zip,Towow_A2A_Independent_Research_v0.7/instrument/sample_case/redacted_export/outputs/adj-828b3c4d381d.json,1137,247e24361aee514bab0e07caa171c803262194e108299bca80e7ce80f78c313b,json,extracted-unique-text,02_derived/zip-text-search-corpus/files/24/247e24361aee514bab0e07caa171c803262194e108299bca80e7ce80f78c313b.json,,v0.7-opc-focus,instrument-or-code
02_WORKSPACE_SNAPSHOT/Towow_A2A_Independent_Research_v0.7.zip,Towow_A2A_Independent_Research_v0.7/instrument/sample_case/redacted_export/shared/events.jsonl,10944,6d721c059e28ad68b6670e6a8bc18c70cb845cefc16f461b5bb39d5f5686b150,jsonl,extracted-unique-text,02_derived/zip-text-search-corpus/files/6d/6d721c059e28ad68b6670e6a8bc18c70cb845cefc16f461b5bb39d5f5686b150.jsonl,,v0.7-opc-focus,instrument-or-code
02_WORKSPACE_SNAPSHOT/Towow_A2A_Independent_Research_v0.7.zip,Towow_A2A_Independent_Research_v0.7/instrument/sample_case/redacted_export/shared/relation/current.json,7975,66499282c8a5ef8535bfa51d0f0030513df758c3cdead84f556c19f5cad358cd,json,extracted-unique-text,02_derived/zip-text-search-corpus/files/66/66499282c8a5ef8535bfa51d0f0030513df758c3cdead84f556c19f5cad358cd.json,,v0.7-opc-focus,instrument-or-code
02_WORKSPACE_SNAPSHOT/Towow_A2A_Independent_Research_v0.7.zip,Towow_A2A_Independent_Research_v0.7/instrument/sample_case/redacted_export/shared/relation/versions/v0001.json,5062,33df71aac5c206d3ef417c266cc0b977a9b392c5ff41cdb913ca9b558026df09,json,extracted-unique-text,02_derived/zip-text-search-corpus/files/33/33df71aac5c206d3ef417c266cc0b977a9b392c5ff41cdb913ca9b558026df09.json,,v0.7-opc-focus,instrument-or-code
02_WORKSPACE_SNAPSHOT/Towow_A2A_Independent_Research_v0.7.zip,Towow_A2A_Independent_Research_v0.7/instrument/sample_case/redacted_export/shared/relation/versions/v0002.json,7975,66499282c8a5ef8535bfa51d0f0030513df758c3cdead84f556c19f5cad358cd,json,extracted-unique-text,02_derived/zip-text-search-corpus/files/66/66499282c8a5ef8535bfa51d0f0030513df758c3cdead84f556c19f5cad358cd.json,,v0.7-opc-focus,instrument-or-code
02_WORKSPACE_SNAPSHOT/Towow_A2A_Independent_Research_v0.7.zip,Towow_A2A_Independent_Research_v0.7/instrument/sample_case/sample_summary.json,1493,137300b07b7808b0dab2ab0abc9ec5dfcc9c96eb6f7f89ac99b9eb0685016743,json,extracted-unique-text,02_derived/zip-text-search-corpus/files/13/137300b07b7808b0dab2ab0abc9ec5dfcc9c96eb6f7f89ac99b9eb0685016743.json,,v0.7-opc-focus,instrument-or-code
02_WORKSPACE_SNAPSHOT/Towow_A2A_Independent_Research_v0.7.zip,Towow_A2A_Independent_Research_v0.7/instrument/sample_case/validation.json,128,2191644eab70f28bafb0265836cd7773e376cf55de12e76eda66d740775134a5,json,extracted-unique-text,02_derived/zip-text-search-corpus/files/21/2191644eab70f28bafb0265836cd7773e376cf55de12e76eda66d740775134a5.json,,v0.7-opc-focus,instrument-or-code
02_WORKSPACE_SNAPSHOT/Towow_A2A_Independent_Research_v0.7.zip,Towow_A2A_Independent_Research_v0.7/instrument/templates/README.md,671,3211252d292eed485b38e3eca57ac5e5a10881cdd0be84af9f86b31d0102e3f6,md,extracted-unique-text,02_derived/zip-text-search-corpus/files/32/3211252d292eed485b38e3eca57ac5e5a10881cdd0be84af9f86b31d0102e3f6.md,,v0.7-opc-focus,instrument-or-code
02_WORKSPACE_SNAPSHOT/Towow_A2A_Independent_Research_v0.7.zip,Towow_A2A_Independent_Research_v0.7/instrument/templates/adjudication.json,536,37202b1979f65caa2b0e779102d945bb81ef4702822c4c9494dad697e28cdb2b,json,extracted-unique-text,02_derived/zip-text-search-corpus/files/37/37202b1979f65caa2b0e779102d945bb81ef4702822c4c9494dad697e28cdb2b.json,,v0.7-opc-focus,instrument-or-code
02_WORKSPACE_SNAPSHOT/Towow_A2A_Independent_Research_v0.7.zip,Towow_A2A_Independent_Research_v0.7/instrument/templates/case_screen.json,627,7fa009914d1248d4cd9ed3a616a4c94e9bbeb483e0a52351100a99335d58b826,json,extracted-unique-text,02_derived/zip-text-search-corpus/files/7f/7fa009914d1248d4cd9ed3a616a4c94e9bbeb483e0a52351100a99335d58b826.json,,v0.7-opc-focus,instrument-or-code
02_WORKSPACE_SNAPSHOT/Towow_A2A_Independent_Research_v0.7.zip,Towow_A2A_Independent_Research_v0.7/instrument/templates/event_payload.json,230,ef989ad1f2d072108ab3cb41872a003e58b772e185901035329f30d22029de81,json,extracted-unique-text,02_derived/zip-text-search-corpus/files/ef/ef989ad1f2d072108ab3cb41872a003e58b772e185901035329f30d22029de81.json,,v0.7-opc-focus,instrument-or-code
02_WORKSPACE_SNAPSHOT/Towow_A2A_Independent_Research_v0.7.zip,Towow_A2A_Independent_Research_v0.7/instrument/templates/followup.json,371,b7f0b58ba8087db60b874ed08eb993a45f51ebdd035cc9397fd0795e04f5e919,json,extracted-unique-text,02_derived/zip-text-search-corpus/files/b7/b7f0b58ba8087db60b874ed08eb993a45f51ebdd035cc9397fd0795e04f5e919.json,,v0.7-opc-focus,instrument-or-code
02_WORKSPACE_SNAPSHOT/Towow_A2A_Independent_Research_v0.7.zip,Towow_A2A_Independent_Research_v0.7/instrument/templates/mandate.json,550,367f4cd52f3ae051830e50429bafe8d3e8fb036bfcc1bf0d1d680e024cc4c302,json,extracted-unique-text,02_derived/zip-text-search-corpus/files/36/367f4cd52f3ae051830e50429bafe8d3e8fb036bfcc1bf0d1d680e024cc4c302.json,,v0.7-opc-focus,instrument-or-code
02_WORKSPACE_SNAPSHOT/Towow_A2A_Independent_Research_v0.7.zip,Towow_A2A_Independent_Research_v0.7/instrument/templates/private_intake.json,662,923e47b3574963cb20bac6fb156612d864ed15a79875f147c7294313cc098bf4,json,extracted-unique-text,02_derived/zip-text-search-corpus/files/92/923e47b3574963cb20bac6fb156612d864ed15a79875f147c7294313cc098bf4.json,,v0.7-opc-focus,instrument-or-code
02_WORKSPACE_SNAPSHOT/Towow_A2A_Independent_Research_v0.7.zip,Towow_A2A_Independent_Research_v0.7/instrument/templates/relation_version.json,1137,7ae3a7cbb361d29b85c8dbedee261d4a7279c3ec46ab768c32cbe6b623fcd2b3,json,extracted-unique-text,02_derived/zip-text-search-corpus/files/7a/7ae3a7cbb361d29b85c8dbedee261d4a7279c3ec46ab768c32cbe6b623fcd2b3.json,,v0.7-opc-focus,instrument-or-code
02_WORKSPACE_SNAPSHOT/Towow_A2A_Independent_Research_v0.7.zip,Towow_A2A_Independent_Research_v0.7/instrument/towow_fieldkit/README.md,6579,3579a590c9a2e9be4897ae06af7d96e4f8bdab14d87791db90c30d9a05aa37dd,md,extracted-unique-text,02_derived/zip-text-search-corpus/files/35/3579a590c9a2e9be4897ae06af7d96e4f8bdab14d87791db90c30d9a05aa37dd.md,,v0.7-opc-focus,instrument-or-code
02_WORKSPACE_SNAPSHOT/Towow_A2A_Independent_Research_v0.7.zip,Towow_A2A_Independent_Research_v0.7/instrument/towow_fieldkit/tests/test_fieldkit.py,10330,4a4fabf19d88c74109e5f136f6c7d5eefc11f51954910653a92ec2725632e6af,py,extracted-unique-text,02_derived/zip-text-search-corpus/files/4a/4a4fabf19d88c74109e5f136f6c7d5eefc11f51954910653a92ec2725632e6af.py,,v0.7-opc-focus,qa-or-test
02_WORKSPACE_SNAPSHOT/Towow_A2A_Independent_Research_v0.7.zip,Towow_A2A_Independent_Research_v0.7/instrument/towow_fieldkit/towow_fieldkit/__init__.py,209,7aeaca67266a5d0b58f0a1559a7e3bb9af1b5ce6768ebea22e368d9c4a2e489e,py,extracted-unique-text,02_derived/zip-text-search-corpus/files/7a/7aeaca67266a5d0b58f0a1559a7e3bb9af1b5ce6768ebea22e368d9c4a2e489e.py,,v0.7-opc-focus,instrument-or-code
02_WORKSPACE_SNAPSHOT/Towow_A2A_Independent_Research_v0.7.zip,Towow_A2A_Independent_Research_v0.7/instrument/towow_fieldkit/towow_fieldkit/__main__.py,48,935a1c1166b0c1ea35a82256345000bf2c73ded718d77773bc27a71ecce28f7d,py,extracted-unique-text,02_derived/zip-text-search-corpus/files/93/935a1c1166b0c1ea35a82256345000bf2c73ded718d77773bc27a71ecce28f7d.py,,v0.7-opc-focus,instrument-or-code
02_WORKSPACE_SNAPSHOT/Towow_A2A_Independent_Research_v0.7.zip,Towow_A2A_Independent_Research_v0.7/instrument/towow_fieldkit/towow_fieldkit/cli.py,6144,117fcb9976e54a94eb1a9d7efec1b5511dab78aadbeb4cd7089c870e985abf63,py,extracted-unique-text,02_derived/zip-text-search-corpus/files/11/117fcb9976e54a94eb1a9d7efec1b5511dab78aadbeb4cd7089c870e985abf63.py,,v0.7-opc-focus,instrument-or-code
02_WORKSPACE_SNAPSHOT/Towow_A2A_Independent_Research_v0.7.zip,Towow_A2A_Independent_Research_v0.7/instrument/towow_fieldkit/towow_fieldkit/schema_change.py,17393,adf55cc061e4f6fcb022e410e7e37aac4dcd39b740793b381b95ce9ce337b306,py,extracted-unique-text,02_derived/zip-text-search-corpus/files/ad/adf55cc061e4f6fcb022e410e7e37aac4dcd39b740793b381b95ce9ce337b306.py,,v0.7-opc-focus,specification-or-protocol
02_WORKSPACE_SNAPSHOT/Towow_A2A_Independent_Research_v0.7.zip,Towow_A2A_Independent_Research_v0.7/instrument/towow_fieldkit/towow_fieldkit/store.py,13995,4629ecb3482d9909db825cee10721bb538e7001d0b79793a43c3e794af5f5956,py,extracted-unique-text,02_derived/zip-text-search-corpus/files/46/4629ecb3482d9909db825cee10721bb538e7001d0b79793a43c3e794af5f5956.py,,v0.7-opc-focus,instrument-or-code
02_WORKSPACE_SNAPSHOT/Towow_A2A_Independent_Research_v0.7.zip,Towow_A2A_Independent_Research_v0.7/methods/01_Relation_Schema历史过程编码手册_v0.5.md,2556,7b9571ed73655d744d1f65e1fa937ce5aff46b0640d64d5545c1434560011b65,md,extracted-unique-text,02_derived/zip-text-search-corpus/files/7b/7b9571ed73655d744d1f65e1fa937ce5aff46b0640d64d5545c1434560011b65.md,,v0.7-opc-focus,specification-or-protocol
02_WORKSPACE_SNAPSHOT/Towow_A2A_Independent_Research_v0.7.zip,Towow_A2A_Independent_Research_v0.7/methods/02_跨制度公开过程编码手册_v0.6.md,3638,b38ba94416be138fbac3daa7aaa0ddeaac6e52315d0b08b881d3fc88c677aca3,md,already-searchable-physical,,02_WORKSPACE_SNAPSHOT/Towow_A2A_Independent_Research_v0.6/methods/02_跨制度公开过程编码手册_v0.6.md,v0.7-opc-focus,text-source
02_WORKSPACE_SNAPSHOT/Towow_A2A_Independent_Research_v0.7.zip,Towow_A2A_Independent_Research_v0.7/methods/dual_coding_packet_v0.7/CODING_PROTOCOL.md,1480,c79c124dd83e39cac69733450455fed3552a513206bdec2fde38e615ada73dcf,md,extracted-unique-text,02_derived/zip-text-search-corpus/files/c7/c79c124dd83e39cac69733450455fed3552a513206bdec2fde38e615ada73dcf.md,,v0.7-opc-focus,specification-or-protocol
02_WORKSPACE_SNAPSHOT/Towow_A2A_Independent_Research_v0.7.zip,Towow_A2A_Independent_Research_v0.7/methods/dual_coding_packet_v0.7/README.md,927,9c697af78b8a82057a833be411c8d6ee8a21f460b0399d795fbb90e78e9b76f6,md,extracted-unique-text,02_derived/zip-text-search-corpus/files/9c/9c697af78b8a82057a833be411c8d6ee8a21f460b0399d795fbb90e78e9b76f6.md,,v0.7-opc-focus,orientation
02_WORKSPACE_SNAPSHOT/Towow_A2A_Independent_Research_v0.7.zip,Towow_A2A_Independent_Research_v0.7/methods/dual_coding_packet_v0.7/build_packets.py,5272,d55e293b756649db268a74933087a6fa8a321db799dd49e10c4cd2cf950f7a3a,py,extracted-unique-text,02_derived/zip-text-search-corpus/files/d5/d55e293b756649db268a74933087a6fa8a321db799dd49e10c4cd2cf950f7a3a.py,,v0.7-opc-focus,instrument-or-code
02_WORKSPACE_SNAPSHOT/Towow_A2A_Independent_Research_v0.7.zip,Towow_A2A_Independent_Research_v0.7/methods/dual_coding_packet_v0.7/calculate_agreement.py,2530,52b2550f21d1e12ea6f99bfb7bf01f506f4a0faa2182c78bc1dd40a53714accd,py,extracted-unique-text,02_derived/zip-text-search-corpus/files/52/52b2550f21d1e12ea6f99bfb7bf01f506f4a0faa2182c78bc1dd40a53714accd.py,,v0.7-opc-focus,instrument-or-code
02_WORKSPACE_SNAPSHOT/Towow_A2A_Independent_Research_v0.7.zip,Towow_A2A_Independent_Research_v0.7/methods/dual_coding_packet_v0.7/packet_manifest.json,734,ccdc7d86e84923b94d15985ccbd0f400c8eefaa9f55082be1e538129811090c4,json,extracted-unique-text,02_derived/zip-text-search-corpus/files/cc/ccdc7d86e84923b94d15985ccbd0f400c8eefaa9f55082be1e538129811090c4.json,,v0.7-opc-focus,manifest
02_WORKSPACE_SNAPSHOT/Towow_A2A_Independent_Research_v0.7.zip,Towow_A2A_Independent_Research_v0.7/paper/通爻_主权代理操作系统_统一论文_v0.7.md,41496,8780f12ed446fa05d9a80706f9e7a6371cde983e278f13e6d963cb8d64209745,md,already-searchable-physical,,02_WORKSPACE_SNAPSHOT/通爻_主权代理操作系统_统一论文_v0.7.md,v0.7-opc-focus,paper-or-monograph
02_WORKSPACE_SNAPSHOT/Towow_A2A_Independent_Research_v0.7.zip,Towow_A2A_Independent_Research_v0.7/public_evidence/00_EXECUTIVE_SYNTHESIS.md,4241,f4e584908a62d5c041ee9ec540ba9a66c5e1f2febee246e04ddcd322712ae634,md,extracted-unique-text,02_derived/zip-text-search-corpus/files/f4/f4e584908a62d5c041ee9ec540ba9a66c5e1f2febee246e04ddcd322712ae634.md,,v0.7-opc-focus,evidence-or-decision-ledger
02_WORKSPACE_SNAPSHOT/Towow_A2A_Independent_Research_v0.7.zip,Towow_A2A_Independent_Research_v0.7/public_evidence/01_PUBLIC_EVIDENCE_PROGRAM.md,3223,08806ed35f77d0acda6acb527653bf2a973519bb8536698d47ec52720391f0ca,md,extracted-unique-text,02_derived/zip-text-search-corpus/files/08/08806ed35f77d0acda6acb527653bf2a973519bb8536698d47ec52720391f0ca.md,,v0.7-opc-focus,evidence-or-decision-ledger
02_WORKSPACE_SNAPSHOT/Towow_A2A_Independent_Research_v0.7.zip,Towow_A2A_Independent_Research_v0.7/public_evidence/02_COMBINED_EVIDENCE_LEDGER.md,1698,de69e1d7a88576344f1e463641e1940ca61a90501ddda54972365d86bbea1c91,md,extracted-unique-text,02_derived/zip-text-search-corpus/files/de/de69e1d7a88576344f1e463641e1940ca61a90501ddda54972365d86bbea1c91.md,,v0.7-opc-focus,evidence-or-decision-ledger
02_WORKSPACE_SNAPSHOT/Towow_A2A_Independent_Research_v0.7.zip,Towow_A2A_Independent_Research_v0.7/public_evidence/archival_contrast/README.md,691,fd956188b2b4e01269133709a6f3418700e5e6249d45d3d32e0746020876148a,md,extracted-unique-text,02_derived/zip-text-search-corpus/files/fd/fd956188b2b4e01269133709a6f3418700e5e6249d45d3d32e0746020876148a.md,,v0.7-opc-focus,evidence-or-decision-ledger
02_WORKSPACE_SNAPSHOT/Towow_A2A_Independent_Research_v0.7.zip,Towow_A2A_Independent_Research_v0.7/public_evidence/archival_contrast/REPORT.md,1439,4a64017fe42869c8a9789b1036ee5c36b455430040090be637f220e355fc344f,md,extracted-unique-text,02_derived/zip-text-search-corpus/files/4a/4a64017fe42869c8a9789b1036ee5c36b455430040090be637f220e355fc344f.md,,v0.7-opc-focus,evidence-or-decision-ledger
02_WORKSPACE_SNAPSHOT/Towow_A2A_Independent_Research_v0.7.zip,Towow_A2A_Independent_Research_v0.7/public_evidence/archival_contrast/analysis/analyze.py,1351,e59b498f1c1499bd2e19ec279c8d8a62abaffae13e8809430a7993035dae100d,py,extracted-unique-text,02_derived/zip-text-search-corpus/files/e5/e59b498f1c1499bd2e19ec279c8d8a62abaffae13e8809430a7993035dae100d.py,,v0.7-opc-focus,evidence-or-decision-ledger
02_WORKSPACE_SNAPSHOT/Towow_A2A_Independent_Research_v0.7.zip,Towow_A2A_Independent_Research_v0.7/public_evidence/archival_contrast/analysis/results.json,1421,adb53a643c1ddba8d7c885fa89009398e93fb0f1ac0c4c7f77268f1749d94cd3,json,extracted-unique-text,02_derived/zip-text-search-corpus/files/ad/adb53a643c1ddba8d7c885fa89009398e93fb0f1ac0c4c7f77268f1749d94cd3.json,,v0.7-opc-focus,experiment-or-result
02_WORKSPACE_SNAPSHOT/Towow_A2A_Independent_Research_v0.7.zip,Towow_A2A_Independent_Research_v0.7/public_evidence/archival_contrast/case_matrix.csv,1956,54bf9a46220ff406f5dbc9f159a89f046a7f4c6705d574c759b65b5c740209c8,csv,extracted-unique-text,02_derived/zip-text-search-corpus/files/54/54bf9a46220ff406f5dbc9f159a89f046a7f4c6705d574c759b65b5c740209c8.csv,,v0.7-opc-focus,evidence-or-decision-ledger
02_WORKSPACE_SNAPSHOT/Towow_A2A_Independent_Research_v0.7.zip,Towow_A2A_Independent_Research_v0.7/public_evidence/archival_contrast/cases/PEA-01.md,1584,77dc668476a654cb770e8696dd520394be693b9b95b205b913f8d1bdf3682ced,md,extracted-unique-text,02_derived/zip-text-search-corpus/files/77/77dc668476a654cb770e8696dd520394be693b9b95b205b913f8d1bdf3682ced.md,,v0.7-opc-focus,evidence-or-decision-ledger
02_WORKSPACE_SNAPSHOT/Towow_A2A_Independent_Research_v0.7.zip,Towow_A2A_Independent_Research_v0.7/public_evidence/archival_contrast/cases/PEA-02.md,1430,ff9e8c3d5990526e1c818bfefd9966850888e32d1830bf14036fd238149e66fd,md,extracted-unique-text,02_derived/zip-text-search-corpus/files/ff/ff9e8c3d5990526e1c818bfefd9966850888e32d1830bf14036fd238149e66fd.md,,v0.7-opc-focus,evidence-or-decision-ledger
02_WORKSPACE_SNAPSHOT/Towow_A2A_Independent_Research_v0.7.zip,Towow_A2A_Independent_Research_v0.7/public_evidence/archival_contrast/cases/PEA-03.md,1428,571e4490e4b67ba06b9cd4a407e5347c75fd5bd8e83727a87e43239509e0f330,md,extracted-unique-text,02_derived/zip-text-search-corpus/files/57/571e4490e4b67ba06b9cd4a407e5347c75fd5bd8e83727a87e43239509e0f330.md,,v0.7-opc-focus,evidence-or-decision-ledger
02_WORKSPACE_SNAPSHOT/Towow_A2A_Independent_Research_v0.7.zip,Towow_A2A_Independent_Research_v0.7/public_evidence/archival_contrast/cases/PEA-04.md,1568,b484f4ae4e9472aa44cc3d2f75a043d8927ad205795e1f1a7ba2015def1e5174,md,extracted-unique-text,02_derived/zip-text-search-corpus/files/b4/b484f4ae4e9472aa44cc3d2f75a043d8927ad205795e1f1a7ba2015def1e5174.md,,v0.7-opc-focus,evidence-or-decision-ledger
02_WORKSPACE_SNAPSHOT/Towow_A2A_Independent_Research_v0.7.zip,Towow_A2A_Independent_Research_v0.7/public_evidence/archival_contrast/cases/PEA-05.md,1610,03ef81ef78dc53493f745ca7b1ff7ddd144be8df0b6ee74ec5413cfff15a652f,md,extracted-unique-text,02_derived/zip-text-search-corpus/files/03/03ef81ef78dc53493f745ca7b1ff7ddd144be8df0b6ee74ec5413cfff15a652f.md,,v0.7-opc-focus,evidence-or-decision-ledger
02_WORKSPACE_SNAPSHOT/Towow_A2A_Independent_Research_v0.7.zip,Towow_A2A_Independent_Research_v0.7/public_evidence/archival_contrast/cases/PEA-06.md,1482,96387b49460b32de348983f965c3077b2cf954e2abf14d25625f617814dea0a9,md,extracted-unique-text,02_derived/zip-text-search-corpus/files/96/96387b49460b32de348983f965c3077b2cf954e2abf14d25625f617814dea0a9.md,,v0.7-opc-focus,evidence-or-decision-ledger
02_WORKSPACE_SNAPSHOT/Towow_A2A_Independent_Research_v0.7.zip,Towow_A2A_Independent_Research_v0.7/public_evidence/archival_contrast/cases/PEA-07.md,1117,d72e9338a3c421b78581de1d4fe308b84fd90594faa6a500ff17430716c63e01,md,extracted-unique-text,02_derived/zip-text-search-corpus/files/d7/d72e9338a3c421b78581de1d4fe308b84fd90594faa6a500ff17430716c63e01.md,,v0.7-opc-focus,evidence-or-decision-ledger
02_WORKSPACE_SNAPSHOT/Towow_A2A_Independent_Research_v0.7.zip,Towow_A2A_Independent_Research_v0.7/public_evidence/archival_contrast/cases/PEA-08.md,1227,19358e81bf98c0a98ff05e570d2f360c5b7878d5bc3f85e7e02bc173d041d85b,md,extracted-unique-text,02_derived/zip-text-search-corpus/files/19/19358e81bf98c0a98ff05e570d2f360c5b7878d5bc3f85e7e02bc173d041d85b.md,,v0.7-opc-focus,evidence-or-decision-ledger
02_WORKSPACE_SNAPSHOT/Towow_A2A_Independent_Research_v0.7.zip,Towow_A2A_Independent_Research_v0.7/public_evidence/archival_contrast/cases/PEA-09.md,1095,89496d231d56e59b4e651282e75f21918ac1e993d49053c9b11dbb5c85c75d70,md,extracted-unique-text,02_derived/zip-text-search-corpus/files/89/89496d231d56e59b4e651282e75f21918ac1e993d49053c9b11dbb5c85c75d70.md,,v0.7-opc-focus,evidence-or-decision-ledger
02_WORKSPACE_SNAPSHOT/Towow_A2A_Independent_Research_v0.7.zip,Towow_A2A_Independent_Research_v0.7/public_evidence/archival_contrast/cases/PEA-10.md,1170,ec31ba498eb3a51da2fff1329ff4c5acd35d0db9ad2185f8904a3a3f6efcdc92,md,extracted-unique-text,02_derived/zip-text-search-corpus/files/ec/ec31ba498eb3a51da2fff1329ff4c5acd35d0db9ad2185f8904a3a3f6efcdc92.md,,v0.7-opc-focus,evidence-or-decision-ledger
02_WORKSPACE_SNAPSHOT/Towow_A2A_Independent_Research_v0.7.zip,Towow_A2A_Independent_Research_v0.7/public_evidence/archival_contrast/cases.json,32431,f8f9ef5e5977bc1b69500c89212fb3f10613dcc5b0da5d6fa88a5cf533639f73,json,extracted-unique-text,02_derived/zip-text-search-corpus/files/f8/f8f9ef5e5977bc1b69500c89212fb3f10613dcc5b0da5d6fa88a5cf533639f73.json,,v0.7-opc-focus,evidence-or-decision-ledger
02_WORKSPACE_SNAPSHOT/Towow_A2A_Independent_Research_v0.7.zip,Towow_A2A_Independent_Research_v0.7/public_evidence/archival_contrast/coding_schema.json,792,30ccf740f6abb19b596a7e79b9cd0012caed13585a8c2acd7b6202a1d40fca2b,json,extracted-unique-text,02_derived/zip-text-search-corpus/files/30/30ccf740f6abb19b596a7e79b9cd0012caed13585a8c2acd7b6202a1d40fca2b.json,,v0.7-opc-focus,evidence-or-decision-ledger
02_WORKSPACE_SNAPSHOT/Towow_A2A_Independent_Research_v0.7.zip,Towow_A2A_Independent_Research_v0.7/public_evidence/archival_contrast/shadow_reconstructions/README.md,388,8aa980f271f3e4f58dd6d5f7410329894f2126273987dbf13f1738ea45e3067b,md,extracted-unique-text,02_derived/zip-text-search-corpus/files/8a/8aa980f271f3e4f58dd6d5f7410329894f2126273987dbf13f1738ea45e3067b.md,,v0.7-opc-focus,evidence-or-decision-ledger
02_WORKSPACE_SNAPSHOT/Towow_A2A_Independent_Research_v0.7.zip,Towow_A2A_Independent_Research_v0.7/public_evidence/archival_contrast/shadow_reconstructions/REPORT.md,2514,c23b656c955c94c599eaa6891d5a766c6e53a2585eb5bb8811cafdef1714ddaa,md,extracted-unique-text,02_derived/zip-text-search-corpus/files/c2/c23b656c955c94c599eaa6891d5a766c6e53a2585eb5bb8811cafdef1714ddaa.md,,v0.7-opc-focus,evidence-or-decision-ledger
02_WORKSPACE_SNAPSHOT/Towow_A2A_Independent_Research_v0.7.zip,Towow_A2A_Independent_Research_v0.7/public_evidence/archival_contrast/shadow_reconstructions/build_shadow_cases.py,25046,9e336ce894066285a1f5217dfbd7fdefc9f6839ebb5c24c739aab6e8da3d8f84,py,extracted-unique-text,02_derived/zip-text-search-corpus/files/9e/9e336ce894066285a1f5217dfbd7fdefc9f6839ebb5c24c739aab6e8da3d8f84.py,,v0.7-opc-focus,evidence-or-decision-ledger
02_WORKSPACE_SNAPSHOT/Towow_A2A_Independent_Research_v0.7.zip,Towow_A2A_Independent_Research_v0.7/public_evidence/archival_contrast/shadow_reconstructions/generated/SHADOW-ACTIVISION/case.json,1186,15bb6c690f44d5516f80d5535ee3d336b1d535031f677a772901d6dbe2bab10c,json,extracted-unique-text,02_derived/zip-text-search-corpus/files/15/15bb6c690f44d5516f80d5535ee3d336b1d535031f677a772901d6dbe2bab10c.json,,v0.7-opc-focus,evidence-or-decision-ledger
02_WORKSPACE_SNAPSHOT/Towow_A2A_Independent_Research_v0.7.zip,Towow_A2A_Independent_Research_v0.7/public_evidence/archival_contrast/shadow_reconstructions/generated/SHADOW-ACTIVISION/outputs/shadow_change_reports.json,10584,6ac23ca2dda26510ac7b3dc4edf41742145f9c3b7438438dd3a548602a0a4ed0,json,extracted-unique-text,02_derived/zip-text-search-corpus/files/6a/6ac23ca2dda26510ac7b3dc4edf41742145f9c3b7438438dd3a548602a0a4ed0.json,,v0.7-opc-focus,evidence-or-decision-ledger
02_WORKSPACE_SNAPSHOT/Towow_A2A_Independent_Research_v0.7.zip,Towow_A2A_Independent_Research_v0.7/public_evidence/archival_contrast/shadow_reconstructions/generated/SHADOW-ACTIVISION/outputs/shadow_readiness.json,2260,e0a3e26c244bc5240a4fc36bc44bd62f147cd567374ff26e86632ea2fae812f4,json,extracted-unique-text,02_derived/zip-text-search-corpus/files/e0/e0a3e26c244bc5240a4fc36bc44bd62f147cd567374ff26e86632ea2fae812f4.json,,v0.7-opc-focus,evidence-or-decision-ledger
02_WORKSPACE_SNAPSHOT/Towow_A2A_Independent_Research_v0.7.zip,Towow_A2A_Independent_Research_v0.7/public_evidence/archival_contrast/shadow_reconstructions/generated/SHADOW-ACTIVISION/outputs/shadow_validation.json,127,a506992523eb92cc56e4e57607c1dcbc74d2629fb8b332dda644b4e055c9c759,json,extracted-unique-text,02_derived/zip-text-search-corpus/files/a5/a506992523eb92cc56e4e57607c1dcbc74d2629fb8b332dda644b4e055c9c759.json,,v0.7-opc-focus,evidence-or-decision-ledger
02_WORKSPACE_SNAPSHOT/Towow_A2A_Independent_Research_v0.7.zip,Towow_A2A_Independent_Research_v0.7/public_evidence/archival_contrast/shadow_reconstructions/generated/SHADOW-ACTIVISION/shared/events.jsonl,2274,148af4b013b66e8774c8e0612753cd866d2d418c21732e3da1fbea06818f1b71,jsonl,extracted-unique-text,02_derived/zip-text-search-corpus/files/14/148af4b013b66e8774c8e0612753cd866d2d418c21732e3da1fbea06818f1b71.jsonl,,v0.7-opc-focus,evidence-or-decision-ledger
02_WORKSPACE_SNAPSHOT/Towow_A2A_Independent_Research_v0.7.zip,Towow_A2A_Independent_Research_v0.7/public_evidence/archival_contrast/shadow_reconstructions/generated/SHADOW-ACTIVISION/shared/relation/current.json,4377,d7dddfe79228d72bdb91888a4d2c10ae3f681232f90df6f76e08fd6a9623beb8,json,extracted-unique-text,02_derived/zip-text-search-corpus/files/d7/d7dddfe79228d72bdb91888a4d2c10ae3f681232f90df6f76e08fd6a9623beb8.json,,v0.7-opc-focus,evidence-or-decision-ledger
02_WORKSPACE_SNAPSHOT/Towow_A2A_Independent_Research_v0.7.zip,Towow_A2A_Independent_Research_v0.7/public_evidence/archival_contrast/shadow_reconstructions/generated/SHADOW-ACTIVISION/shared/relation/versions/v0001.json,3165,46afa41b6bbd04644be0cdc6797a65a71fe22c428c398ffa9431b9d8cb37919a,json,extracted-unique-text,02_derived/zip-text-search-corpus/files/46/46afa41b6bbd04644be0cdc6797a65a71fe22c428c398ffa9431b9d8cb37919a.json,,v0.7-opc-focus,evidence-or-decision-ledger
02_WORKSPACE_SNAPSHOT/Towow_A2A_Independent_Research_v0.7.zip,Towow_A2A_Independent_Research_v0.7/public_evidence/archival_contrast/shadow_reconstructions/generated/SHADOW-ACTIVISION/shared/relation/versions/v0002.json,4377,d7dddfe79228d72bdb91888a4d2c10ae3f681232f90df6f76e08fd6a9623beb8,json,extracted-unique-text,02_derived/zip-text-search-corpus/files/d7/d7dddfe79228d72bdb91888a4d2c10ae3f681232f90df6f76e08fd6a9623beb8.json,,v0.7-opc-focus,evidence-or-decision-ledger
02_WORKSPACE_SNAPSHOT/Towow_A2A_Independent_Research_v0.7.zip,Towow_A2A_Independent_Research_v0.7/public_evidence/archival_contrast/shadow_reconstructions/generated/SHADOW-DELOITTE/case.json,1159,c4fecffe513c359c3df04699332e2c37f080e9f2943e0b923336b94bec3de306,json,extracted-unique-text,02_derived/zip-text-search-corpus/files/c4/c4fecffe513c359c3df04699332e2c37f080e9f2943e0b923336b94bec3de306.json,,v0.7-opc-focus,evidence-or-decision-ledger
02_WORKSPACE_SNAPSHOT/Towow_A2A_Independent_Research_v0.7.zip,Towow_A2A_Independent_Research_v0.7/public_evidence/archival_contrast/shadow_reconstructions/generated/SHADOW-DELOITTE/outputs/shadow_change_reports.json,7895,8fd0a0fc87353e66f979b12bd72afe82ea37e73e747d8b46ab65db2a04111c4c,json,extracted-unique-text,02_derived/zip-text-search-corpus/files/8f/8fd0a0fc87353e66f979b12bd72afe82ea37e73e747d8b46ab65db2a04111c4c.json,,v0.7-opc-focus,evidence-or-decision-ledger
02_WORKSPACE_SNAPSHOT/Towow_A2A_Independent_Research_v0.7.zip,Towow_A2A_Independent_Research_v0.7/public_evidence/archival_contrast/shadow_reconstructions/generated/SHADOW-DELOITTE/outputs/shadow_readiness.json,2112,3930285fb54098f966678091586f3e619e353fc665e47c80393ec132718ad0f1,json,extracted-unique-text,02_derived/zip-text-search-corpus/files/39/3930285fb54098f966678091586f3e619e353fc665e47c80393ec132718ad0f1.json,,v0.7-opc-focus,evidence-or-decision-ledger
02_WORKSPACE_SNAPSHOT/Towow_A2A_Independent_Research_v0.7.zip,Towow_A2A_Independent_Research_v0.7/public_evidence/archival_contrast/shadow_reconstructions/generated/SHADOW-DELOITTE/outputs/shadow_validation.json,127,a506992523eb92cc56e4e57607c1dcbc74d2629fb8b332dda644b4e055c9c759,json,extracted-unique-text,02_derived/zip-text-search-corpus/files/a5/a506992523eb92cc56e4e57607c1dcbc74d2629fb8b332dda644b4e055c9c759.json,,v0.7-opc-focus,evidence-or-decision-ledger
02_WORKSPACE_SNAPSHOT/Towow_A2A_Independent_Research_v0.7.zip,Towow_A2A_Independent_Research_v0.7/public_evidence/archival_contrast/shadow_reconstructions/generated/SHADOW-DELOITTE/shared/events.jsonl,2255,989d3d377650e3233a865a3d340a1ef7e06ec5388b62e7456f30ba1c982a91e7,jsonl,extracted-unique-text,02_derived/zip-text-search-corpus/files/98/989d3d377650e3233a865a3d340a1ef7e06ec5388b62e7456f30ba1c982a91e7.jsonl,,v0.7-opc-focus,evidence-or-decision-ledger
02_WORKSPACE_SNAPSHOT/Towow_A2A_Independent_Research_v0.7.zip,Towow_A2A_Independent_Research_v0.7/public_evidence/archival_contrast/shadow_reconstructions/generated/SHADOW-DELOITTE/shared/relation/current.json,2911,0f41d089019629bbdb24a012c4f36d16bda2c287b99a72e53f721904e528d533,json,extracted-unique-text,02_derived/zip-text-search-corpus/files/0f/0f41d089019629bbdb24a012c4f36d16bda2c287b99a72e53f721904e528d533.json,,v0.7-opc-focus,evidence-or-decision-ledger
02_WORKSPACE_SNAPSHOT/Towow_A2A_Independent_Research_v0.7.zip,Towow_A2A_Independent_Research_v0.7/public_evidence/archival_contrast/shadow_reconstructions/generated/SHADOW-DELOITTE/shared/relation/versions/v0001.json,3060,653a47f184465bbd00033ba8946011093d0bfbe432c1a20f64f9d8e12be19bd7,json,extracted-unique-text,02_derived/zip-text-search-corpus/files/65/653a47f184465bbd00033ba8946011093d0bfbe432c1a20f64f9d8e12be19bd7.json,,v0.7-opc-focus,evidence-or-decision-ledger
02_WORKSPACE_SNAPSHOT/Towow_A2A_Independent_Research_v0.7.zip,Towow_A2A_Independent_Research_v0.7/public_evidence/archival_contrast/shadow_reconstructions/generated/SHADOW-DELOITTE/shared/relation/versions/v0002.json,2911,0f41d089019629bbdb24a012c4f36d16bda2c287b99a72e53f721904e528d533,json,extracted-unique-text,02_derived/zip-text-search-corpus/files/0f/0f41d089019629bbdb24a012c4f36d16bda2c287b99a72e53f721904e528d533.json,,v0.7-opc-focus,evidence-or-decision-ledger
02_WORKSPACE_SNAPSHOT/Towow_A2A_Independent_Research_v0.7.zip,Towow_A2A_Independent_Research_v0.7/public_evidence/archival_contrast/shadow_reconstructions/generated/SHADOW-GIPHY/case.json,1364,43e0453d884d8f5ef228a423af252a9eb425d4b467042f149a7eda07641bde87,json,extracted-unique-text,02_derived/zip-text-search-corpus/files/43/43e0453d884d8f5ef228a423af252a9eb425d4b467042f149a7eda07641bde87.json,,v0.7-opc-focus,evidence-or-decision-ledger
02_WORKSPACE_SNAPSHOT/Towow_A2A_Independent_Research_v0.7.zip,Towow_A2A_Independent_Research_v0.7/public_evidence/archival_contrast/shadow_reconstructions/generated/SHADOW-GIPHY/outputs/shadow_change_reports.json,14390,da2b04f3c1d8d19d394b9117ab479e53016e1dc16a39f1f36957e3a54828bb79,json,extracted-unique-text,02_derived/zip-text-search-corpus/files/da/da2b04f3c1d8d19d394b9117ab479e53016e1dc16a39f1f36957e3a54828bb79.json,,v0.7-opc-focus,evidence-or-decision-ledger
02_WORKSPACE_SNAPSHOT/Towow_A2A_Independent_Research_v0.7.zip,Towow_A2A_Independent_Research_v0.7/public_evidence/archival_contrast/shadow_reconstructions/generated/SHADOW-GIPHY/outputs/shadow_readiness.json,3572,c25f9986a52f40458ab7c399cd0082cda7f57d214caa45eca1d36dd775c45925,json,extracted-unique-text,02_derived/zip-text-search-corpus/files/c2/c25f9986a52f40458ab7c399cd0082cda7f57d214caa45eca1d36dd775c45925.json,,v0.7-opc-focus,evidence-or-decision-ledger
02_WORKSPACE_SNAPSHOT/Towow_A2A_Independent_Research_v0.7.zip,Towow_A2A_Independent_Research_v0.7/public_evidence/archival_contrast/shadow_reconstructions/generated/SHADOW-GIPHY/outputs/shadow_validation.json,127,d39089b3e85574691da9fc74bfde4685daa6a291d6edaa865a8bb04395465631,json,extracted-unique-text,02_derived/zip-text-search-corpus/files/d3/d39089b3e85574691da9fc74bfde4685daa6a291d6edaa865a8bb04395465631.json,,v0.7-opc-focus,evidence-or-decision-ledger
02_WORKSPACE_SNAPSHOT/Towow_A2A_Independent_Research_v0.7.zip,Towow_A2A_Independent_Research_v0.7/public_evidence/archival_contrast/shadow_reconstructions/generated/SHADOW-GIPHY/shared/events.jsonl,3211,ac4e8ccf464a87b9842c7808792a2b4ed24fd351831518bac61189746cf93821,jsonl,extracted-unique-text,02_derived/zip-text-search-corpus/files/ac/ac4e8ccf464a87b9842c7808792a2b4ed24fd351831518bac61189746cf93821.jsonl,,v0.7-opc-focus,evidence-or-decision-ledger
02_WORKSPACE_SNAPSHOT/Towow_A2A_Independent_Research_v0.7.zip,Towow_A2A_Independent_Research_v0.7/public_evidence/archival_contrast/shadow_reconstructions/generated/SHADOW-GIPHY/shared/relation/current.json,3098,0f1c9bd5473dbde86d6358f319612e4e2f1126e2bcabcee8273ba4eba22f46a2,json,extracted-unique-text,02_derived/zip-text-search-corpus/files/0f/0f1c9bd5473dbde86d6358f319612e4e2f1126e2bcabcee8273ba4eba22f46a2.json,,v0.7-opc-focus,evidence-or-decision-ledger
02_WORKSPACE_SNAPSHOT/Towow_A2A_Independent_Research_v0.7.zip,Towow_A2A_Independent_Research_v0.7/public_evidence/archival_contrast/shadow_reconstructions/generated/SHADOW-GIPHY/shared/relation/versions/v0001.json,2664,0f3dfbf2cef826766c246686c01a1cac364705937aea0ce9b8dee2ce541adc2d,json,extracted-unique-text,02_derived/zip-text-search-corpus/files/0f/0f3dfbf2cef826766c246686c01a1cac364705937aea0ce9b8dee2ce541adc2d.json,,v0.7-opc-focus,evidence-or-decision-ledger
02_WORKSPACE_SNAPSHOT/Towow_A2A_Independent_Research_v0.7.zip,Towow_A2A_Independent_Research_v0.7/public_evidence/archival_contrast/shadow_reconstructions/generated/SHADOW-GIPHY/shared/relation/versions/v0002.json,3179,6e5d27624c3c7cf9cbfc4be17edc2c03e7b78abf3dd7c0b9c85ce496e000747d,json,extracted-unique-text,02_derived/zip-text-search-corpus/files/6e/6e5d27624c3c7cf9cbfc4be17edc2c03e7b78abf3dd7c0b9c85ce496e000747d.json,,v0.7-opc-focus,evidence-or-decision-ledger
02_WORKSPACE_SNAPSHOT/Towow_A2A_Independent_Research_v0.7.zip,Towow_A2A_Independent_Research_v0.7/public_evidence/archival_contrast/shadow_reconstructions/generated/SHADOW-GIPHY/shared/relation/versions/v0003.json,3098,0f1c9bd5473dbde86d6358f319612e4e2f1126e2bcabcee8273ba4eba22f46a2,json,extracted-unique-text,02_derived/zip-text-search-corpus/files/0f/0f1c9bd5473dbde86d6358f319612e4e2f1126e2bcabcee8273ba4eba22f46a2.json,,v0.7-opc-focus,evidence-or-decision-ledger
02_WORKSPACE_SNAPSHOT/Towow_A2A_Independent_Research_v0.7.zip,Towow_A2A_Independent_Research_v0.7/public_evidence/archival_contrast/shadow_reconstructions/results.json,1376,56707801e8927b12d46f1a3bfc8404eef8b5e3e4a0fe3e6cbd9e9421074f999a,json,extracted-unique-text,02_derived/zip-text-search-corpus/files/56/56707801e8927b12d46f1a3bfc8404eef8b5e3e4a0fe3e6cbd9e9421074f999a.json,,v0.7-opc-focus,experiment-or-result
02_WORKSPACE_SNAPSHOT/Towow_A2A_Independent_Research_v0.7.zip,Towow_A2A_Independent_Research_v0.7/public_evidence/archival_contrast/shadow_reconstructions/shadow_cases.json,4037,50d0fd5a5c66936fb7e02d92ef36e66ddb5287f892b2bcb4c0ad2b48db540637,json,extracted-unique-text,02_derived/zip-text-search-corpus/files/50/50d0fd5a5c66936fb7e02d92ef36e66ddb5287f892b2bcb4c0ad2b48db540637.json,,v0.7-opc-focus,evidence-or-decision-ledger
02_WORKSPACE_SNAPSHOT/Towow_A2A_Independent_Research_v0.7.zip,Towow_A2A_Independent_Research_v0.7/public_evidence/archival_contrast/source_manifest.json,11140,4127de909cd6501bd2fe126e4ed6c23bf6c16952a36f3c5bc4de2f15d49479bd,json,extracted-unique-text,02_derived/zip-text-search-corpus/files/41/4127de909cd6501bd2fe126e4ed6c23bf6c16952a36f3c5bc4de2f15d49479bd.json,,v0.7-opc-focus,manifest
02_WORKSPACE_SNAPSHOT/Towow_A2A_Independent_Research_v0.7.zip,Towow_A2A_Independent_Research_v0.7/public_evidence/archival_contrast/validation.json,124,98bdb2dc77fd56c60a6e99c80e8eef939f649a2b1b207ea4cfc88faf3526c33f,json,extracted-unique-text,02_derived/zip-text-search-corpus/files/98/98bdb2dc77fd56c60a6e99c80e8eef939f649a2b1b207ea4cfc88faf3526c33f.json,,v0.7-opc-focus,evidence-or-decision-ledger
02_WORKSPACE_SNAPSHOT/Towow_A2A_Independent_Research_v0.7.zip,Towow_A2A_Independent_Research_v0.7/public_evidence/claim_requirements.json,3286,da720de34e207852aa770f6dd9ad241d8383ff100951e3e5ec88020ed728d703,json,extracted-unique-text,02_derived/zip-text-search-corpus/files/da/da720de34e207852aa770f6dd9ad241d8383ff100951e3e5ec88020ed728d703.json,,v0.7-opc-focus,evidence-or-decision-ledger
02_WORKSPACE_SNAPSHOT/Towow_A2A_Independent_Research_v0.7.zip,Towow_A2A_Independent_Research_v0.7/public_evidence/claim_requirements_v0.6.json,3286,da720de34e207852aa770f6dd9ad241d8383ff100951e3e5ec88020ed728d703,json,extracted-unique-text,02_derived/zip-text-search-corpus/files/da/da720de34e207852aa770f6dd9ad241d8383ff100951e3e5ec88020ed728d703.json,,v0.7-opc-focus,evidence-or-decision-ledger
02_WORKSPACE_SNAPSHOT/Towow_A2A_Independent_Research_v0.7.zip,Towow_A2A_Independent_Research_v0.7/public_evidence/source_cache/README.md,501,592646514637ef9b07e6304e4b03d92e2727c4fc6b1187d0d29189fb3c6509e0,md,extracted-unique-text,02_derived/zip-text-search-corpus/files/59/592646514637ef9b07e6304e4b03d92e2727c4fc6b1187d0d29189fb3c6509e0.md,,v0.7-opc-focus,evidence-or-decision-ledger
02_WORKSPACE_SNAPSHOT/Towow_A2A_Independent_Research_v0.7.zip,Towow_A2A_Independent_Research_v0.7/public_evidence/source_cache/checksums.json,1898,6791cbbc9dcee8fca04638b1e5819435d8f9363d17a715196410763dcab8f609,json,extracted-unique-text,02_derived/zip-text-search-corpus/files/67/6791cbbc9dcee8fca04638b1e5819435d8f9363d17a715196410763dcab8f609.json,,v0.7-opc-focus,integrity-metadata
02_WORKSPACE_SNAPSHOT/Towow_A2A_Independent_Research_v0.7.zip,Towow_A2A_Independent_Research_v0.7/public_evidence/source_manifest.json,38158,27db76fa84d5a02eb10d604c248783a5dcbc100f8b1f248416e55371656ade7a,json,extracted-unique-text,02_derived/zip-text-search-corpus/files/27/27db76fa84d5a02eb10d604c248783a5dcbc100f8b1f248416e55371656ade7a.json,,v0.7-opc-focus,manifest
02_WORKSPACE_SNAPSHOT/Towow_A2A_Independent_Research_v0.7.zip,Towow_A2A_Independent_Research_v0.7/public_evidence/source_manifest_v0.6.json,38158,27db76fa84d5a02eb10d604c248783a5dcbc100f8b1f248416e55371656ade7a,json,extracted-unique-text,02_derived/zip-text-search-corpus/files/27/27db76fa84d5a02eb10d604c248783a5dcbc100f8b1f248416e55371656ade7a.json,,v0.7-opc-focus,manifest
02_WORKSPACE_SNAPSHOT/Towow_A2A_Independent_Research_v0.7.zip,Towow_A2A_Independent_Research_v0.7/qa/RELEASE_QA.md,1265,4734ba7e58fb1ddc0c9b68e2bae3488b438860032f2a4d8e5cfa4a4597392c01,md,already-searchable-physical,,02_WORKSPACE_SNAPSHOT/Towow_A2A_Independent_Research_v0.4/qa/RELEASE_QA.md,v0.7-opc-focus,qa-or-test
02_WORKSPACE_SNAPSHOT/Towow_A2A_Independent_Research_v0.7.zip,Towow_A2A_Independent_Research_v0.7/qa/V0_5_QA.json,36,ffa3b4d8faab382fd294f7bfae419468db4b226f8892f3926caaaa563c9a381f,json,extracted-unique-text,02_derived/zip-text-search-corpus/files/ff/ffa3b4d8faab382fd294f7bfae419468db4b226f8892f3926caaaa563c9a381f.json,,v0.7-opc-focus,qa-or-test
02_WORKSPACE_SNAPSHOT/Towow_A2A_Independent_Research_v0.7.zip,Towow_A2A_Independent_Research_v0.7/qa/V0_5_QA.md,169,f660c903984edb41f1b8ca3948419d182afa2580779a6e270dc05e7d3c1b4078,md,extracted-unique-text,02_derived/zip-text-search-corpus/files/f6/f660c903984edb41f1b8ca3948419d182afa2580779a6e270dc05e7d3c1b4078.md,,v0.7-opc-focus,qa-or-test
02_WORKSPACE_SNAPSHOT/Towow_A2A_Independent_Research_v0.7.zip,Towow_A2A_Independent_Research_v0.7/qa/V0_6_QA.json,13450,bcf1acd1f04393078cbc20f6400b13cff034e13aeef484b66ea83679c22be3db,json,extracted-unique-text,02_derived/zip-text-search-corpus/files/bc/bcf1acd1f04393078cbc20f6400b13cff034e13aeef484b66ea83679c22be3db.json,,v0.7-opc-focus,qa-or-test
02_WORKSPACE_SNAPSHOT/Towow_A2A_Independent_Research_v0.7.zip,Towow_A2A_Independent_Research_v0.7/qa/V0_6_QA.md,438,6c1fc67d9f992601e39a99f5f7f04c5ccd8c3d236e11aaad4f518415b7670d7b,md,already-searchable-physical,,02_WORKSPACE_SNAPSHOT/Towow_A2A_Independent_Research_v0.6/qa/V0_6_QA.md,v0.7-opc-focus,qa-or-test
02_WORKSPACE_SNAPSHOT/Towow_A2A_Independent_Research_v0.7.zip,Towow_A2A_Independent_Research_v0.7/qa/V0_7_QA.json,999,bf77a50619ea34fd1dd8b2c677f4cd27d1f8b92531ec6ec265836d3b5b4b18ca,json,extracted-unique-text,02_derived/zip-text-search-corpus/files/bf/bf77a50619ea34fd1dd8b2c677f4cd27d1f8b92531ec6ec265836d3b5b4b18ca.json,,v0.7-opc-focus,qa-or-test
02_WORKSPACE_SNAPSHOT/Towow_A2A_Independent_Research_v0.7.zip,Towow_A2A_Independent_Research_v0.7/qa/V0_7_QA.md,866,865343e421e260a2d47063d947a81bc013a6c9f1bb6656cd7c23a00b69ddd537,md,already-searchable-physical,,02_WORKSPACE_SNAPSHOT/Towow_A2A_v0.7_RELEASE_QA.md,v0.7-opc-focus,qa-or-test
02_WORKSPACE_SNAPSHOT/Towow_A2A_Independent_Research_v0.7.zip,Towow_A2A_Independent_Research_v0.7/qa/release_qa.json,1854,e574afeb22158a491472942dbdc71e87605182948016b7ee3889054ab85c88b5,json,extracted-unique-text,02_derived/zip-text-search-corpus/files/e5/e574afeb22158a491472942dbdc71e87605182948016b7ee3889054ab85c88b5.json,,v0.7-opc-focus,qa-or-test
02_WORKSPACE_SNAPSHOT/Towow_A2A_Independent_Research_v0.7.zip,Towow_A2A_Independent_Research_v0.7/qa/run_release_qa.py,5862,16be15b6b25df2748ef09d26ca3df6b106915b4b7c961f377088d88f2cbe815a,py,extracted-unique-text,02_derived/zip-text-search-corpus/files/16/16be15b6b25df2748ef09d26ca3df6b106915b4b7c961f377088d88f2cbe815a.py,,v0.7-opc-focus,qa-or-test
02_WORKSPACE_SNAPSHOT/Towow_A2A_Independent_Research_v0.7.zip,Towow_A2A_Independent_Research_v0.7/qa/run_release_qa_v0.6.py,5561,d38542d9ab57184fea76d3cfe1a7e46835d913944f7019cfac0180e997d4681e,py,extracted-unique-text,02_derived/zip-text-search-corpus/files/d3/d38542d9ab57184fea76d3cfe1a7e46835d913944f7019cfac0180e997d4681e.py,,v0.7-opc-focus,qa-or-test
02_WORKSPACE_SNAPSHOT/Towow_A2A_Independent_Research_v0.7.zip,Towow_A2A_Independent_Research_v0.7/qa/run_release_qa_v0.7.py,10467,50d5feae9a56a77ad7edafff4f91776ebd085e0196846f0f75c6226efb9fd328,py,extracted-unique-text,02_derived/zip-text-search-corpus/files/50/50d5feae9a56a77ad7edafff4f91776ebd085e0196846f0f75c6226efb9fd328.py,,v0.7-opc-focus,qa-or-test
02_WORKSPACE_SNAPSHOT/Towow_A2A_Independent_Research_v0.7.zip,Towow_A2A_Independent_Research_v0.7/qa/run_v05_qa.py,2228,74b22dd9cb42518c2a08df8d3dc4949dc139f4cffad9506824d900d8e82df6b7,py,extracted-unique-text,02_derived/zip-text-search-corpus/files/74/74b22dd9cb42518c2a08df8d3dc4949dc139f4cffad9506824d900d8e82df6b7.py,,v0.7-opc-focus,qa-or-test
02_WORKSPACE_SNAPSHOT/Towow_A2A_Independent_Research_v0.7.zip,Towow_A2A_Independent_Research_v0.7/real_world_protocol/00_READ_ME_FIRST.md,2182,dc177edad332224cad8e0b3600326f09628f57c3d63e57c43b1073c755e1b7c6,md,already-searchable-physical,,02_WORKSPACE_SNAPSHOT/Towow_A2A_Independent_Research_v0.4/real_world_protocol/00_READ_ME_FIRST.md,v0.7-opc-focus,specification-or-protocol
02_WORKSPACE_SNAPSHOT/Towow_A2A_Independent_Research_v0.7.zip,Towow_A2A_Independent_Research_v0.7/real_world_protocol/01_R7_最小原则性实验_v0.2.md,10375,0a212208acd594224d8860444c34c5854d5a61a56e8a133d2829b3b42b0f8708,md,already-searchable-physical,,02_WORKSPACE_SNAPSHOT/Towow_A2A_Independent_Research_v0.4/real_world_protocol/01_R7_最小原则性实验_v0.2.md,v0.7-opc-focus,specification-or-protocol
02_WORKSPACE_SNAPSHOT/Towow_A2A_Independent_Research_v0.7.zip,Towow_A2A_Independent_Research_v0.7/real_world_protocol/02_Owner_资源与执行手册.md,12894,ace4f9eb3eeaea742021526336e5dc2625fb60cf589d05b5c59e624288a119a8,md,already-searchable-physical,,02_WORKSPACE_SNAPSHOT/Towow_A2A_Independent_Research_v0.4/real_world_protocol/02_Owner_资源与执行手册.md,v0.7-opc-focus,specification-or-protocol
02_WORKSPACE_SNAPSHOT/Towow_A2A_Independent_Research_v0.7.zip,Towow_A2A_Independent_Research_v0.7/real_world_protocol/03_案例筛选与招募脚本.md,3587,018c168519c6b9affc7fda50bd62ef8befd4ef789403d5a9120513b5f44687ad,md,extracted-unique-text,02_derived/zip-text-search-corpus/files/01/018c168519c6b9affc7fda50bd62ef8befd4ef789403d5a9120513b5f44687ad.md,,v0.7-opc-focus,specification-or-protocol
02_WORKSPACE_SNAPSHOT/Towow_A2A_Independent_Research_v0.7.zip,Towow_A2A_Independent_Research_v0.7/real_world_protocol/04_示例案例_企业AI只读试点.md,5860,87941802972875c2298cf984da08239ff90692afe47cfdce31611d8d06fa99ec,md,already-searchable-physical,,02_WORKSPACE_SNAPSHOT/Towow_A2A_Independent_Research_v0.4/real_world_protocol/04_示例案例_企业AI只读试点.md,v0.7-opc-focus,specification-or-protocol
02_WORKSPACE_SNAPSHOT/Towow_A2A_Independent_Research_v0.7.zip,Towow_A2A_Independent_Research_v0.7/real_world_protocol/05_参与者操作清单.md,2336,a8e4b2818720012e80aced24df0f3d1731f17582434dcb53ee0a4ea26b53f188,md,extracted-unique-text,02_derived/zip-text-search-corpus/files/a8/a8e4b2818720012e80aced24df0f3d1731f17582434dcb53ee0a4ea26b53f188.md,,v0.7-opc-focus,specification-or-protocol
02_WORKSPACE_SNAPSHOT/Towow_A2A_Independent_Research_v0.7.zip,Towow_A2A_Independent_Research_v0.7/real_world_protocol/forms/01_case_screen.md,1251,d9908dbd1749feeb64fbdf4f3670d9aea7ddfcdab6632d187824cb176cb9ab3d,md,extracted-unique-text,02_derived/zip-text-search-corpus/files/d9/d9908dbd1749feeb64fbdf4f3670d9aea7ddfcdab6632d187824cb176cb9ab3d.md,,v0.7-opc-focus,specification-or-protocol
02_WORKSPACE_SNAPSHOT/Towow_A2A_Independent_Research_v0.7.zip,Towow_A2A_Independent_Research_v0.7/real_world_protocol/forms/02_private_intake.md,1215,f125d9555bbf23d282e27c3484668f2f4d304abcf72a3903dcba835f0c4b3373,md,extracted-unique-text,02_derived/zip-text-search-corpus/files/f1/f125d9555bbf23d282e27c3484668f2f4d304abcf72a3903dcba835f0c4b3373.md,,v0.7-opc-focus,specification-or-protocol
02_WORKSPACE_SNAPSHOT/Towow_A2A_Independent_Research_v0.7.zip,Towow_A2A_Independent_Research_v0.7/real_world_protocol/forms/03_mandate.md,1219,9f95fa7719ac4610ce4efb2f61e692489a77b48badf638ebcda555f189f875a3,md,extracted-unique-text,02_derived/zip-text-search-corpus/files/9f/9f95fa7719ac4610ce4efb2f61e692489a77b48badf638ebcda555f189f875a3.md,,v0.7-opc-focus,specification-or-protocol
02_WORKSPACE_SNAPSHOT/Towow_A2A_Independent_Research_v0.7.zip,Towow_A2A_Independent_Research_v0.7/real_world_protocol/forms/04_consent_and_data_boundary.md,1105,5df7e736a881f3f993a64a0dc27e620332dfc5176c0aeb5ed0443727781faa77,md,extracted-unique-text,02_derived/zip-text-search-corpus/files/5d/5df7e736a881f3f993a64a0dc27e620332dfc5176c0aeb5ed0443727781faa77.md,,v0.7-opc-focus,specification-or-protocol
02_WORKSPACE_SNAPSHOT/Towow_A2A_Independent_Research_v0.7.zip,Towow_A2A_Independent_Research_v0.7/real_world_protocol/forms/05_relation_stance_and_explainback.md,815,50ea2b5ba5f4504cc593d9d2ecae06aa0e6c1931c0ef68852df4a89f85461ac0,md,extracted-unique-text,02_derived/zip-text-search-corpus/files/50/50ea2b5ba5f4504cc593d9d2ecae06aa0e6c1931c0ef68852df4a89f85461ac0.md,,v0.7-opc-focus,specification-or-protocol
02_WORKSPACE_SNAPSHOT/Towow_A2A_Independent_Research_v0.7.zip,Towow_A2A_Independent_Research_v0.7/real_world_protocol/forms/06_followup.md,728,88d4f505bfd63b621e9ded9c1733fc781277b6aae109197183e3f918d0d08ae0,md,extracted-unique-text,02_derived/zip-text-search-corpus/files/88/88d4f505bfd63b621e9ded9c1733fc781277b6aae109197183e3f918d0d08ae0.md,,v0.7-opc-focus,specification-or-protocol
02_WORKSPACE_SNAPSHOT/Towow_A2A_Independent_Research_v0.7.zip,Towow_A2A_Independent_Research_v0.7/real_world_protocol/forms/07_independent_adjudication.md,1158,58487eea8df7930433f7d15b6886de75406dd6112c9a7afa78863ea4928af5d2,md,extracted-unique-text,02_derived/zip-text-search-corpus/files/58/58487eea8df7930433f7d15b6886de75406dd6112c9a7afa78863ea4928af5d2.md,,v0.7-opc-focus,specification-or-protocol
02_WORKSPACE_SNAPSHOT/Towow_A2A_Independent_Research_v0.7.zip,Towow_A2A_Independent_Research_v0.7/related_work/01_协议栈与相关理论边界.md,8389,6370463e62cd48a01ef04694190ed70548317ca4c53f1f5d1553324b59f94a7e,md,extracted-unique-text,02_derived/zip-text-search-corpus/files/63/6370463e62cd48a01ef04694190ed70548317ca4c53f1f5d1553324b59f94a7e.md,,v0.7-opc-focus,theory
02_WORKSPACE_SNAPSHOT/Towow_A2A_Independent_Research_v0.7.zip,Towow_A2A_Independent_Research_v0.7/related_work/02_组织协调与边界研究定位_v0.6.md,2279,a5416e849eaa9b2afa0f7e51ee71accc8434adb02bb5c3f40b3db0620602d1f6,md,extracted-unique-text,02_derived/zip-text-search-corpus/files/a5/a5416e849eaa9b2afa0f7e51ee71accc8434adb02bb5c3f40b3db0620602d1f6.md,,v0.7-opc-focus,text-source
02_WORKSPACE_SNAPSHOT/Towow_A2A_Independent_Research_v0.7.zip,Towow_A2A_Independent_Research_v0.7/release/RELEASE_NOTES_v0.4.md,2143,2866ceda94fb564710238b3895ac9a4e18e0bfceabc9ea77a280e176b05417a6,md,extracted-unique-text,02_derived/zip-text-search-corpus/files/28/2866ceda94fb564710238b3895ac9a4e18e0bfceabc9ea77a280e176b05417a6.md,,v0.7-opc-focus,text-source
02_WORKSPACE_SNAPSHOT/Towow_A2A_Independent_Research_v0.7.zip,Towow_A2A_Independent_Research_v0.7/release/RELEASE_NOTES_v0.5.md,1168,f10c14dee927bc078328b567600b555e849e39d7545486a84e788c4e78df28a0,md,extracted-unique-text,02_derived/zip-text-search-corpus/files/f1/f10c14dee927bc078328b567600b555e849e39d7545486a84e788c4e78df28a0.md,,v0.7-opc-focus,text-source
02_WORKSPACE_SNAPSHOT/Towow_A2A_Independent_Research_v0.7.zip,Towow_A2A_Independent_Research_v0.7/release/RELEASE_NOTES_v0.6.md,944,8083c7229140785a4b4f76f3e78cf64ba90055b4ea4371f49dc950d3240ae1f4,md,extracted-unique-text,02_derived/zip-text-search-corpus/files/80/8083c7229140785a4b4f76f3e78cf64ba90055b4ea4371f49dc950d3240ae1f4.md,,v0.7-opc-focus,text-source
02_WORKSPACE_SNAPSHOT/Towow_A2A_Independent_Research_v0.7.zip,Towow_A2A_Independent_Research_v0.7/release/RELEASE_NOTES_v0.7.md,3126,d61364d983459647101d64c9caadc999e95d3d9701eb6bc9eb108a55d129f5fc,md,extracted-unique-text,02_derived/zip-text-search-corpus/files/d6/d61364d983459647101d64c9caadc999e95d3d9701eb6bc9eb108a55d129f5fc.md,,v0.7-opc-focus,text-source
02_WORKSPACE_SNAPSHOT/Towow_A2A_Independent_Research_v0.7.zip,Towow_A2A_Independent_Research_v0.7/results.json,4622,e262f2f031c97c4767e84b8609791936b9d77a39eaed3ee7b4577f5336e0c2e9,json,extracted-unique-text,02_derived/zip-text-search-corpus/files/e2/e262f2f031c97c4767e84b8609791936b9d77a39eaed3ee7b4577f5336e0c2e9.json,,v0.7-opc-focus,experiment-or-result
02_WORKSPACE_SNAPSHOT/Towow_A2A_Independent_Research_v0.7.zip,Towow_A2A_Independent_Research_v0.7/roadmap/01_下一阶段研究程序.md,8486,f49dd8cee7a730e56e18e230c25af88f12dceee104dfcc27a20ab9ddfe4d8f11,md,already-searchable-physical,,02_WORKSPACE_SNAPSHOT/Towow_A2A_Independent_Research_v0.4/roadmap/01_下一阶段研究程序.md,v0.7-opc-focus,research-program
02_WORKSPACE_SNAPSHOT/Towow_A2A_Independent_Research_v0.7.zip,Towow_A2A_Independent_Research_v0.7/roadmap/02_公开证据下一阶段研究程序_v0.5.md,2506,8518032752a448a31c16d5e8d87e719e69021f9f72c72c3ebf90775f77deae40,md,extracted-unique-text,02_derived/zip-text-search-corpus/files/85/8518032752a448a31c16d5e8d87e719e69021f9f72c72c3ebf90775f77deae40.md,,v0.7-opc-focus,research-program
02_WORKSPACE_SNAPSHOT/Towow_A2A_Independent_Research_v0.7.zip,Towow_A2A_Independent_Research_v0.7/roadmap/02_公开证据到真实实验的桥接程序_v0.6.md,3559,53d8d61e24385e7a25bba1aa827f131860c1884e7126d4f33018d8f5be4a7632,md,extracted-unique-text,02_derived/zip-text-search-corpus/files/53/53d8d61e24385e7a25bba1aa827f131860c1884e7126d4f33018d8f5be4a7632.md,,v0.7-opc-focus,research-program
02_WORKSPACE_SNAPSHOT/Towow_A2A_Independent_Research_v0.7.zip,Towow_A2A_Independent_Research_v0.7/roadmap/02_公开证据桥接后的下一阶段计划_v0.5.md,3251,f92245370e3a3725417aec226f434fefcce56d3de9bd4d6b4d4f908b19f1e3f2,md,extracted-unique-text,02_derived/zip-text-search-corpus/files/f9/f92245370e3a3725417aec226f434fefcce56d3de9bd4d6b4d4f908b19f1e3f2.md,,v0.7-opc-focus,research-program
02_WORKSPACE_SNAPSHOT/Towow_A2A_Independent_Research_v0.7.zip,Towow_A2A_Independent_Research_v0.7/roadmap/03_v0.6之后的研究程序.md,1932,405dffa5e4b93813c61c812886646f3dea060c1ec44381e7709d8bc08aeac124,md,already-searchable-physical,,02_WORKSPACE_SNAPSHOT/Towow_A2A_Independent_Research_v0.6/roadmap/03_v0.6之后的研究程序.md,v0.7-opc-focus,research-program
02_WORKSPACE_SNAPSHOT/Towow_A2A_Independent_Research_v0.7.zip,Towow_A2A_Independent_Research_v0.7/roadmap/04_v0.7之后研究计划.md,2511,8410b1475e74de1ad658ef356a31f8cabc1f2308bc961bea8f95b7b7df64280e,md,extracted-unique-text,02_derived/zip-text-search-corpus/files/84/8410b1475e74de1ad658ef356a31f8cabc1f2308bc961bea8f95b7b7df64280e.md,,v0.7-opc-focus,research-program
02_WORKSPACE_SNAPSHOT/Towow_A2A_Independent_Research_v0.7.zip,Towow_A2A_Independent_Research_v0.7/sources/SOURCE_INDEX.json,21107,54c563d4693df49504f4bc7bdc1bb7ef1aa565522018b5c136e62bd2bf4d6297,json,extracted-unique-text,02_derived/zip-text-search-corpus/files/54/54c563d4693df49504f4bc7bdc1bb7ef1aa565522018b5c136e62bd2bf4d6297.json,,v0.7-opc-focus,structured-data
02_WORKSPACE_SNAPSHOT/Towow_A2A_Independent_Research_v0.7.zip,Towow_A2A_Independent_Research_v0.7/spec/01_最小协议内核_v0.4.md,5728,8ce9bf2bb9f9036f984396ed37b16fddc07b829626deb487ec9d1f26eb073154,md,already-searchable-physical,,02_WORKSPACE_SNAPSHOT/Towow_A2A_Independent_Research_v0.4/spec/01_最小协议内核_v0.4.md,v0.7-opc-focus,specification-or-protocol
02_WORKSPACE_SNAPSHOT/Towow_A2A_Independent_Research_v0.7.zip,Towow_A2A_Independent_Research_v0.7/spec/01_最小协议内核_v0.5.md,7029,e0dabfab029d13613d707263c106753a2311aa79670f2b421040f8abf8522a90,md,extracted-unique-text,02_derived/zip-text-search-corpus/files/e0/e0dabfab029d13613d707263c106753a2311aa79670f2b421040f8abf8522a90.md,,v0.7-opc-focus,specification-or-protocol
02_WORKSPACE_SNAPSHOT/Towow_A2A_Independent_Research_v0.7.zip,Towow_A2A_Independent_Research_v0.7/spec/02_OPC全流程系统规范_v0.7.md,4031,f6025ebc96cbddcf3d84684fb491a7fb9ef3550e8d3f36ab81108fd1efb30472,md,already-searchable-physical,,02_WORKSPACE_SNAPSHOT/Towow_A2A_Independent_Research_v0.7_release/spec/02_OPC全流程系统规范_v0.7.md,v0.7-opc-focus,specification-or-protocol
02_WORKSPACE_SNAPSHOT/Towow_A2A_Independent_Research_v0.7.zip,Towow_A2A_Independent_Research_v0.7/spec/object_materialization_decisions.json,2358,ca48ba503bd3ebf996d730f5841999826a9da81998d123d444ec92c0bab2dffa,json,extracted-unique-text,02_derived/zip-text-search-corpus/files/ca/ca48ba503bd3ebf996d730f5841999826a9da81998d123d444ec92c0bab2dffa.json,,v0.7-opc-focus,specification-or-protocol
02_WORKSPACE_SNAPSHOT/Towow_A2A_Independent_Research_v0.7.zip,Towow_A2A_Independent_Research_v0.7/theory/01_统一理论重建_v0.4.md,22220,c29dc4212e5e8bedb59098d4381b39a84f39be8e65b9f11d55795e3ccf75e1b6,md,already-searchable-physical,,02_WORKSPACE_SNAPSHOT/Towow_A2A_Independent_Research_v0.4/theory/01_统一理论重建_v0.4.md,v0.7-opc-focus,theory
02_WORKSPACE_SNAPSHOT/Towow_A2A_Independent_Research_v0.7.zip,Towow_A2A_Independent_Research_v0.7/theory/01_统一理论重建_v0.5.md,19884,cade753ff50a583c3cddcbbd5ba629115deab8819eafc50b1a55304dae5a6aad,md,extracted-unique-text,02_derived/zip-text-search-corpus/files/ca/cade753ff50a583c3cddcbbd5ba629115deab8819eafc50b1a55304dae5a6aad.md,,v0.7-opc-focus,theory
02_WORKSPACE_SNAPSHOT/Towow_A2A_Independent_Research_v0.7.zip,Towow_A2A_Independent_Research_v0.7/theory/02_关系模式操作化_v0.4.md,12905,67fb11d5150a706e4935e9fe7a351e3d4095ff4645553d2c066faf4bd4062d63,md,already-searchable-physical,,02_WORKSPACE_SNAPSHOT/Towow_A2A_Independent_Research_v0.4/theory/02_关系模式操作化_v0.4.md,v0.7-opc-focus,theory
02_WORKSPACE_SNAPSHOT/Towow_A2A_Independent_Research_v0.7.zip,Towow_A2A_Independent_Research_v0.7/theory/02_关系模式操作化_v0.5.md,14564,956136f723c3c2554e9f2ee492a846993a7f2308d53ef1a48f5f161157bbc424,md,extracted-unique-text,02_derived/zip-text-search-corpus/files/95/956136f723c3c2554e9f2ee492a846993a7f2308d53ef1a48f5f161157bbc424.md,,v0.7-opc-focus,theory
02_WORKSPACE_SNAPSHOT/Towow_A2A_Independent_Research_v0.7.zip,Towow_A2A_Independent_Research_v0.7/theory/03_最小本体与概念收敛_v0.4.md,10117,82f063338a2cc2eec7aa2858d6d85e74d857af449feb6f90ebcca65c8a7a1694,md,already-searchable-physical,,02_WORKSPACE_SNAPSHOT/Towow_A2A_Independent_Research_v0.4/theory/03_最小本体与概念收敛_v0.4.md,v0.7-opc-focus,theory
02_WORKSPACE_SNAPSHOT/Towow_A2A_Independent_Research_v0.7.zip,Towow_A2A_Independent_Research_v0.7/theory/03_最小本体与概念收敛_v0.5.md,11012,7700528e85aea0b1caa2674e76d53594f8077798a6d88fab56554ed126ff980e,md,extracted-unique-text,02_derived/zip-text-search-corpus/files/77/7700528e85aea0b1caa2674e76d53594f8077798a6d88fab56554ed126ff980e.md,,v0.7-opc-focus,theory
02_WORKSPACE_SNAPSHOT/Towow_A2A_Independent_Research_v0.7.zip,Towow_A2A_Independent_Research_v0.7/theory/04_形式命题与可反驳条件_v0.4.md,8461,870103c4ce6027ad4ab3383a84c2f7e0046288bbcc44f3c2a814de1d9cb8e396,md,extracted-unique-text,02_derived/zip-text-search-corpus/files/87/870103c4ce6027ad4ab3383a84c2f7e0046288bbcc44f3c2a814de1d9cb8e396.md,,v0.7-opc-focus,theory
02_WORKSPACE_SNAPSHOT/Towow_A2A_Independent_Research_v0.7.zip,Towow_A2A_Independent_Research_v0.7/theory/04_形式命题与可反驳条件_v0.5.md,8413,533b1a2046e8147f0a530c8ffbcf133a86bc55db883e0ea6bd8c5fc1249338b3,md,extracted-unique-text,02_derived/zip-text-search-corpus/files/53/533b1a2046e8147f0a530c8ffbcf133a86bc55db883e0ea6bd8c5fc1249338b3.md,,v0.7-opc-focus,theory
02_WORKSPACE_SNAPSHOT/Towow_A2A_Independent_Research_v0.7.zip,Towow_A2A_Independent_Research_v0.7/theory/05_公开现实证据后的理论修订_v0.5.md,6250,386af94250e19df51fd8be26808be3a5fd97d0dc6bf03f911d0d42ff7f6d4862,md,extracted-unique-text,02_derived/zip-text-search-corpus/files/38/386af94250e19df51fd8be26808be3a5fd97d0dc6bf03f911d0d42ff7f6d4862.md,,v0.7-opc-focus,theory
02_WORKSPACE_SNAPSHOT/Towow_A2A_Independent_Research_v0.7.zip,Towow_A2A_Independent_Research_v0.7/theory/05_公开现实证据后的理论修订_v0.6.md,6333,d04da75f747aa76435a567aa7fe54411e55ddf1286410f16cf3389f3e94286ed,md,extracted-unique-text,02_derived/zip-text-search-corpus/files/d0/d04da75f747aa76435a567aa7fe54411e55ddf1286410f16cf3389f3e94286ed.md,,v0.7-opc-focus,theory
02_WORKSPACE_SNAPSHOT/Towow_A2A_Independent_Research_v0.7.zip,Towow_A2A_Independent_Research_v0.7/theory/05_证据拓扑与公开材料边界_v0.5.md,3892,4bab6b8b8cd98dbd35486cb57a5d2a2bde4ef22577c0138a618f341fb6bb2b7e,md,extracted-unique-text,02_derived/zip-text-search-corpus/files/4b/4bab6b8b8cd98dbd35486cb57a5d2a2bde4ef22577c0138a618f341fb6bb2b7e.md,,v0.7-opc-focus,theory
02_WORKSPACE_SNAPSHOT/Towow_A2A_Independent_Research_v0.7.zip,Towow_A2A_Independent_Research_v0.7/theory/06_制度框架_关系版本与Standing_v0.6.md,2975,b700a251ce5a6bdd637c089f8b6ae28af0b09c3db701d9edbb844bb9756c5445,md,already-searchable-physical,,02_WORKSPACE_SNAPSHOT/Towow_A2A_Independent_Research_v0.6/theory/06_制度框架_关系版本与Standing_v0.6.md,v0.7-opc-focus,theory
02_WORKSPACE_SNAPSHOT/Towow_A2A_Independent_Research_v0.7.zip,Towow_A2A_Independent_Research_v0.7/theory/07_Enacted_Schema_稳定向量与编译_v0.6.md,2722,6a2b889c710734800e3992c2034ade4a3e4391739b609ca8ff615a3cb39418b4,md,already-searchable-physical,,02_WORKSPACE_SNAPSHOT/Towow_A2A_Independent_Research_v0.6/theory/07_Enacted_Schema_稳定向量与编译_v0.6.md,v0.7-opc-focus,theory
02_WORKSPACE_SNAPSHOT/Towow_A2A_Independent_Research_v0.7.zip,Towow_A2A_Independent_Research_v0.7/theory/08_OPC_主权代理操作系统_v0.7.md,6408,c4e558cd70dea7759c6f45778fd0616a5226447056e1a19e33e1819939687015,md,already-searchable-physical,,02_WORKSPACE_SNAPSHOT/Towow_A2A_Independent_Research_v0.7_release/theory/08_OPC_主权代理操作系统_v0.7.md,v0.7-opc-focus,theory
02_WORKSPACE_SNAPSHOT/Towow_A2A_Public_Evidence_Pack_v0.6.zip,Towow_A2A_Public_Evidence_Pack_v0.6/README.md,2268,10d99739258668c5381bb42190d84a12e67ef702dba8f7c7f0a1870723b258ae,md,extracted-unique-text,02_derived/zip-text-search-corpus/files/10/10d99739258668c5381bb42190d84a12e67ef702dba8f7c7f0a1870723b258ae.md,,v0.6-public-process,evidence-or-decision-ledger
02_WORKSPACE_SNAPSHOT/Towow_A2A_Public_Evidence_Pack_v0.6.zip,Towow_A2A_Public_Evidence_Pack_v0.6/00_EXECUTIVE_SYNTHESIS_v0.6.md,3666,a196141a028b8bf12363eb6fafdaa15785a8477c7508b117693c2f94a1e7e139,md,already-searchable-physical,,02_WORKSPACE_SNAPSHOT/Towow_A2A_Independent_Research_v0.6/00_EXECUTIVE_SYNTHESIS_v0.6.md,v0.6-public-process,evidence-or-decision-ledger
02_WORKSPACE_SNAPSHOT/Towow_A2A_Public_Evidence_Pack_v0.6.zip,Towow_A2A_Public_Evidence_Pack_v0.6/01_CURRENT_RESEARCH_STATE_v0.6.md,1349,8d00e87851b00963ed3d47da3c109eae886d0361eb3ddecede8c2098fc70126e,md,extracted-unique-text,02_derived/zip-text-search-corpus/files/8d/8d00e87851b00963ed3d47da3c109eae886d0361eb3ddecede8c2098fc70126e.md,,v0.6-public-process,evidence-or-decision-ledger
02_WORKSPACE_SNAPSHOT/Towow_A2A_Public_Evidence_Pack_v0.6.zip,Towow_A2A_Public_Evidence_Pack_v0.6/methods/02_跨制度公开过程编码手册_v0.6.md,3638,b38ba94416be138fbac3daa7aaa0ddeaac6e52315d0b08b881d3fc88c677aca3,md,already-searchable-physical,,02_WORKSPACE_SNAPSHOT/Towow_A2A_Independent_Research_v0.6/methods/02_跨制度公开过程编码手册_v0.6.md,v0.6-public-process,evidence-or-decision-ledger
02_WORKSPACE_SNAPSHOT/Towow_A2A_Public_Evidence_Pack_v0.6.zip,Towow_A2A_Public_Evidence_Pack_v0.6/theory/06_制度框架_关系版本与Standing_v0.6.md,2975,b700a251ce5a6bdd637c089f8b6ae28af0b09c3db701d9edbb844bb9756c5445,md,already-searchable-physical,,02_WORKSPACE_SNAPSHOT/Towow_A2A_Independent_Research_v0.6/theory/06_制度框架_关系版本与Standing_v0.6.md,v0.6-public-process,evidence-or-decision-ledger
02_WORKSPACE_SNAPSHOT/Towow_A2A_Public_Evidence_Pack_v0.6.zip,Towow_A2A_Public_Evidence_Pack_v0.6/theory/07_Enacted_Schema_稳定向量与编译_v0.6.md,2722,6a2b889c710734800e3992c2034ade4a3e4391739b609ca8ff615a3cb39418b4,md,already-searchable-physical,,02_WORKSPACE_SNAPSHOT/Towow_A2A_Independent_Research_v0.6/theory/07_Enacted_Schema_稳定向量与编译_v0.6.md,v0.6-public-process,evidence-or-decision-ledger
02_WORKSPACE_SNAPSHOT/Towow_A2A_Public_Evidence_Pack_v0.6.zip,Towow_A2A_Public_Evidence_Pack_v0.6/evidence/07_七案跨案例综合_v0.6.md,3232,c7e7116ba8634776b0f3d9e0ed12da7693ef5da32f196732326600d812d5d53e,md,already-searchable-physical,,02_WORKSPACE_SNAPSHOT/Towow_A2A_Independent_Research_v0.6/evidence/07_七案跨案例综合_v0.6.md,v0.6-public-process,evidence-or-decision-ledger
02_WORKSPACE_SNAPSHOT/Towow_A2A_Public_Evidence_Pack_v0.6.zip,Towow_A2A_Public_Evidence_Pack_v0.6/roadmap/03_v0.6之后的研究程序.md,1932,405dffa5e4b93813c61c812886646f3dea060c1ec44381e7709d8bc08aeac124,md,already-searchable-physical,,02_WORKSPACE_SNAPSHOT/Towow_A2A_Independent_Research_v0.6/roadmap/03_v0.6之后的研究程序.md,v0.6-public-process,evidence-or-decision-ledger
02_WORKSPACE_SNAPSHOT/Towow_A2A_Public_Evidence_Pack_v0.6.zip,Towow_A2A_Public_Evidence_Pack_v0.6/public_evidence/source_manifest_v0.6.json,38158,27db76fa84d5a02eb10d604c248783a5dcbc100f8b1f248416e55371656ade7a,json,extracted-unique-text,02_derived/zip-text-search-corpus/files/27/27db76fa84d5a02eb10d604c248783a5dcbc100f8b1f248416e55371656ade7a.json,,v0.6-public-process,manifest
02_WORKSPACE_SNAPSHOT/Towow_A2A_Public_Evidence_Pack_v0.6.zip,Towow_A2A_Public_Evidence_Pack_v0.6/public_evidence/claim_requirements_v0.6.json,3286,da720de34e207852aa770f6dd9ad241d8383ff100951e3e5ec88020ed728d703,json,extracted-unique-text,02_derived/zip-text-search-corpus/files/da/da720de34e207852aa770f6dd9ad241d8383ff100951e3e5ec88020ed728d703.json,,v0.6-public-process,evidence-or-decision-ledger
02_WORKSPACE_SNAPSHOT/Towow_A2A_Public_Evidence_Pack_v0.6.zip,Towow_A2A_Public_Evidence_Pack_v0.6/sources/SOURCE_INDEX.json,21107,54c563d4693df49504f4bc7bdc1bb7ef1aa565522018b5c136e62bd2bf4d6297,json,extracted-unique-text,02_derived/zip-text-search-corpus/files/54/54c563d4693df49504f4bc7bdc1bb7ef1aa565522018b5c136e62bd2bf4d6297.json,,v0.6-public-process,evidence-or-decision-ledger
02_WORKSPACE_SNAPSHOT/Towow_A2A_Public_Evidence_Pack_v0.6.zip,Towow_A2A_Public_Evidence_Pack_v0.6/qa/V0_6_QA.md,438,6c1fc67d9f992601e39a99f5f7f04c5ccd8c3d236e11aaad4f518415b7670d7b,md,already-searchable-physical,,02_WORKSPACE_SNAPSHOT/Towow_A2A_Independent_Research_v0.6/qa/V0_6_QA.md,v0.6-public-process,qa-or-test
02_WORKSPACE_SNAPSHOT/Towow_A2A_Public_Evidence_Pack_v0.6.zip,Towow_A2A_Public_Evidence_Pack_v0.6/qa/V0_6_QA.json,13450,bcf1acd1f04393078cbc20f6400b13cff034e13aeef484b66ea83679c22be3db,json,extracted-unique-text,02_derived/zip-text-search-corpus/files/bc/bcf1acd1f04393078cbc20f6400b13cff034e13aeef484b66ea83679c22be3db.json,,v0.6-public-process,qa-or-test
02_WORKSPACE_SNAPSHOT/Towow_A2A_Public_Evidence_Pack_v0.6.zip,Towow_A2A_Public_Evidence_Pack_v0.6/experiments/R7P_public_trace_extended/REPORT.md,6593,5876e2cd9a9c27704b9cb7e88f2da9769f7a952158bf8d096b389130e6f5c981,md,already-searchable-physical,,02_WORKSPACE_SNAPSHOT/Towow_A2A_Independent_Research_v0.6/experiments/R7P_public_trace_extended/REPORT.md,v0.6-public-process,experiment-or-result
02_WORKSPACE_SNAPSHOT/Towow_A2A_Public_Evidence_Pack_v0.6.zip,Towow_A2A_Public_Evidence_Pack_v0.6/experiments/R7P_public_trace_extended/analyze.py,8207,a5ef5bbb6481024e974fb6f7ffb0f0a2fdfeb285e392ac246b4f8c6941e01576,py,extracted-unique-text,02_derived/zip-text-search-corpus/files/a5/a5ef5bbb6481024e974fb6f7ffb0f0a2fdfeb285e392ac246b4f8c6941e01576.py,,v0.6-public-process,experiment-or-result
02_WORKSPACE_SNAPSHOT/Towow_A2A_Public_Evidence_Pack_v0.6.zip,Towow_A2A_Public_Evidence_Pack_v0.6/experiments/R7P_public_trace_extended/case_profiles.json,2765,0c6ce8d47b7582f23a816d166103327ed8fdd13193ae0323efb1fffa944151e4,json,extracted-unique-text,02_derived/zip-text-search-corpus/files/0c/0c6ce8d47b7582f23a816d166103327ed8fdd13193ae0323efb1fffa944151e4.json,,v0.6-public-process,experiment-or-result
02_WORKSPACE_SNAPSHOT/Towow_A2A_Public_Evidence_Pack_v0.6.zip,Towow_A2A_Public_Evidence_Pack_v0.6/experiments/R7P_public_trace_extended/coded_events.jsonl,107031,bd49bcd5e4f14aae11d824d7d1217ddfe4a9ec4922e391bc732844c1a134c82e,jsonl,extracted-unique-text,02_derived/zip-text-search-corpus/files/bd/bd49bcd5e4f14aae11d824d7d1217ddfe4a9ec4922e391bc732844c1a134c82e.jsonl,,v0.6-public-process,experiment-or-result
02_WORKSPACE_SNAPSHOT/Towow_A2A_Public_Evidence_Pack_v0.6.zip,Towow_A2A_Public_Evidence_Pack_v0.6/experiments/R7P_public_trace_extended/results.json,13439,d2d98089c93c80416adcaf3f89ec3c7fe647b6044cb8668f8ed60f96f1243402,json,extracted-unique-text,02_derived/zip-text-search-corpus/files/d2/d2d98089c93c80416adcaf3f89ec3c7fe647b6044cb8668f8ed60f96f1243402.json,,v0.6-public-process,experiment-or-result
02_WORKSPACE_SNAPSHOT/Towow_A2A_Public_Evidence_Pack_v0.6.zip,Towow_A2A_Public_Evidence_Pack_v0.6/archival_cases/crossrail/CASE_REPORT.md,6995,cd44d550567a07eea04d7ef6c793ca55b1fa5891751a3418f19dbbd0d6986803,md,extracted-unique-text,02_derived/zip-text-search-corpus/files/cd/cd44d550567a07eea04d7ef6c793ca55b1fa5891751a3418f19dbbd0d6986803.md,,v0.6-public-process,evidence-or-decision-ledger
02_WORKSPACE_SNAPSHOT/Towow_A2A_Public_Evidence_Pack_v0.6.zip,Towow_A2A_Public_Evidence_Pack_v0.6/archival_cases/crossrail/case.json,11900,08aaa6fd4edfeac7e7b2d9658902c8a351d8215c51b1c270444e1fa922e59386,json,extracted-unique-text,02_derived/zip-text-search-corpus/files/08/08aaa6fd4edfeac7e7b2d9658902c8a351d8215c51b1c270444e1fa922e59386.json,,v0.6-public-process,evidence-or-decision-ledger
02_WORKSPACE_SNAPSHOT/Towow_A2A_Public_Evidence_Pack_v0.6.zip,Towow_A2A_Public_Evidence_Pack_v0.6/archival_cases/microsoft_linkedin/CASE_REPORT.md,6928,6ffc155ddb5d5cff222b050a77bd65d8193dbff6c598c29f537316feb8cff54f,md,extracted-unique-text,02_derived/zip-text-search-corpus/files/6f/6ffc155ddb5d5cff222b050a77bd65d8193dbff6c598c29f537316feb8cff54f.md,,v0.6-public-process,evidence-or-decision-ledger
02_WORKSPACE_SNAPSHOT/Towow_A2A_Public_Evidence_Pack_v0.6.zip,Towow_A2A_Public_Evidence_Pack_v0.6/archival_cases/microsoft_linkedin/case.json,11430,9810bfab149cd138e376fabae830b4ec47d6c2d175bf10687bb7ab34495c54bd,json,extracted-unique-text,02_derived/zip-text-search-corpus/files/98/9810bfab149cd138e376fabae830b4ec47d6c2d175bf10687bb7ab34495c54bd.json,,v0.6-public-process,evidence-or-decision-ledger
02_WORKSPACE_SNAPSHOT/Towow_A2A_Public_Evidence_Pack_v0.6.zip,Towow_A2A_Public_Evidence_Pack_v0.6/archival_cases/sgma_coordination/CASE_REPORT.md,7453,769ccfc07be67e0463142e82c88e0689194bc87737b40c4bf304a6b20a7551d2,md,extracted-unique-text,02_derived/zip-text-search-corpus/files/76/769ccfc07be67e0463142e82c88e0689194bc87737b40c4bf304a6b20a7551d2.md,,v0.6-public-process,evidence-or-decision-ledger
02_WORKSPACE_SNAPSHOT/Towow_A2A_Public_Evidence_Pack_v0.6.zip,Towow_A2A_Public_Evidence_Pack_v0.6/archival_cases/sgma_coordination/case.json,11252,3427beb2b4108856a769c9ffd94f1036415af506d08642e18a24013d108cbb9c,json,extracted-unique-text,02_derived/zip-text-search-corpus/files/34/3427beb2b4108856a769c9ffd94f1036415af506d08642e18a24013d108cbb9c.json,,v0.6-public-process,evidence-or-decision-ledger
02_WORKSPACE_SNAPSHOT/Towow_A2A_Public_Evidence_Pack_v0.6.zip,Towow_A2A_Public_Evidence_Pack_v0.6/archival_cases/sidewalk_toronto/CASE_REPORT.md,7227,2e35f37e1a8d48f8391b092287f5db1a511f7ad43a60556b406c4763565817f8,md,extracted-unique-text,02_derived/zip-text-search-corpus/files/2e/2e35f37e1a8d48f8391b092287f5db1a511f7ad43a60556b406c4763565817f8.md,,v0.6-public-process,evidence-or-decision-ledger
02_WORKSPACE_SNAPSHOT/Towow_A2A_Public_Evidence_Pack_v0.6.zip,Towow_A2A_Public_Evidence_Pack_v0.6/archival_cases/sidewalk_toronto/case.json,11451,449123664352f3ff4f1dfa45794d980c4a7f997ebdbaa70aa9eae9d84b5298b3,json,extracted-unique-text,02_derived/zip-text-search-corpus/files/44/449123664352f3ff4f1dfa45794d980c4a7f997ebdbaa70aa9eae9d84b5298b3.json,,v0.6-public-process,evidence-or-decision-ledger
02_WORKSPACE_SNAPSHOT/Towow_A2A_Public_Evidence_Pack_v0.6.zip,Towow_A2A_Public_Evidence_Pack_v0.6/archival_cases/uk_open_banking/CASE_REPORT.md,6799,17232d972a9e86b65417a15eeae91a8006f6de7387944ab5a33bbef3d467988c,md,extracted-unique-text,02_derived/zip-text-search-corpus/files/17/17232d972a9e86b65417a15eeae91a8006f6de7387944ab5a33bbef3d467988c.md,,v0.6-public-process,evidence-or-decision-ledger
02_WORKSPACE_SNAPSHOT/Towow_A2A_Public_Evidence_Pack_v0.6.zip,Towow_A2A_Public_Evidence_Pack_v0.6/archival_cases/uk_open_banking/case.json,10930,19b043bc5eb821b62536ceefdc5408d90f4581e5c7874e8b6f2555e4d1ebaea9,json,extracted-unique-text,02_derived/zip-text-search-corpus/files/19/19b043bc5eb821b62536ceefdc5408d90f4581e5c7874e8b6f2555e4d1ebaea9.json,,v0.6-public-process,evidence-or-decision-ledger
02_WORKSPACE_SNAPSHOT/Towow_A2A_Public_Evidence_Pack_v0.6.zip,Towow_A2A_Public_Evidence_Pack_v0.6/public_evidence/source_cache/README.md,501,592646514637ef9b07e6304e4b03d92e2727c4fc6b1187d0d29189fb3c6509e0,md,extracted-unique-text,02_derived/zip-text-search-corpus/files/59/592646514637ef9b07e6304e4b03d92e2727c4fc6b1187d0d29189fb3c6509e0.md,,v0.6-public-process,evidence-or-decision-ledger
02_WORKSPACE_SNAPSHOT/Towow_A2A_Public_Evidence_Pack_v0.6.zip,Towow_A2A_Public_Evidence_Pack_v0.6/public_evidence/source_cache/checksums.json,1898,6791cbbc9dcee8fca04638b1e5819435d8f9363d17a715196410763dcab8f609,json,extracted-unique-text,02_derived/zip-text-search-corpus/files/67/6791cbbc9dcee8fca04638b1e5819435d8f9363d17a715196410763dcab8f609.json,,v0.6-public-process,integrity-metadata
02_WORKSPACE_SNAPSHOT/Towow_A2A_Public_Evidence_Pack_v0.6.zip,Towow_A2A_Public_Evidence_Pack_v0.6/instrument/archival_coder/README.md,1408,248ca8bdc7dec3368328732c4ee3f45091d79e5e83ff87506053ca10a9dd9cf6,md,extracted-unique-text,02_derived/zip-text-search-corpus/files/24/248ca8bdc7dec3368328732c4ee3f45091d79e5e83ff87506053ca10a9dd9cf6.md,,v0.6-public-process,evidence-or-decision-ledger
02_WORKSPACE_SNAPSHOT/Towow_A2A_Public_Evidence_Pack_v0.6.zip,Towow_A2A_Public_Evidence_Pack_v0.6/instrument/archival_coder/case_schema.json,2370,b38922eef7ada657b2be696546b274a507ddc6b1b9685f522a07d35fe7117f35,json,extracted-unique-text,02_derived/zip-text-search-corpus/files/b3/b38922eef7ada657b2be696546b274a507ddc6b1b9685f522a07d35fe7117f35.json,,v0.6-public-process,evidence-or-decision-ledger
02_WORKSPACE_SNAPSHOT/Towow_A2A_Public_Evidence_Pack_v0.6.zip,Towow_A2A_Public_Evidence_Pack_v0.6/instrument/archival_coder/output/summary.json,1376,762e1acd1453b632c70fc184c6c013cac39b18186cdd0ed8b0bdb136f3b50bdb,json,extracted-unique-text,02_derived/zip-text-search-corpus/files/76/762e1acd1453b632c70fc184c6c013cac39b18186cdd0ed8b0bdb136f3b50bdb.json,,v0.6-public-process,evidence-or-decision-ledger
02_WORKSPACE_SNAPSHOT/Towow_A2A_Public_Evidence_Pack_v0.6.zip,Towow_A2A_Public_Evidence_Pack_v0.6/instrument/archival_coder/output/summary.md,5672,5927d3eb6f10bf4d0e4cacf0ed9e7fa45dd257d34365d4aeb76cf2cc79b37da6,md,extracted-unique-text,02_derived/zip-text-search-corpus/files/59/5927d3eb6f10bf4d0e4cacf0ed9e7fa45dd257d34365d4aeb76cf2cc79b37da6.md,,v0.6-public-process,evidence-or-decision-ledger
02_WORKSPACE_SNAPSHOT/Towow_A2A_Public_Evidence_Pack_v0.6.zip,Towow_A2A_Public_Evidence_Pack_v0.6/instrument/archival_coder/output/validation.json,506,66d4750d31b8af5816c8a1c5dd663b0faa15a6216514b9e776cc4b913fa9a507,json,extracted-unique-text,02_derived/zip-text-search-corpus/files/66/66d4750d31b8af5816c8a1c5dd663b0faa15a6216514b9e776cc4b913fa9a507.json,,v0.6-public-process,evidence-or-decision-ledger
02_WORKSPACE_SNAPSHOT/Towow_A2A_Public_Evidence_Pack_v0.6.zip,Towow_A2A_Public_Evidence_Pack_v0.6/instrument/archival_coder/summarize_cases.py,1286,3d7406d949b037cf054306d4d9e15c415d6a7489f616baaba97989aca598f54a,py,extracted-unique-text,02_derived/zip-text-search-corpus/files/3d/3d7406d949b037cf054306d4d9e15c415d6a7489f616baaba97989aca598f54a.py,,v0.6-public-process,evidence-or-decision-ledger
02_WORKSPACE_SNAPSHOT/Towow_A2A_Public_Evidence_Pack_v0.6.zip,Towow_A2A_Public_Evidence_Pack_v0.6/instrument/archival_coder/validate_cases.py,3683,bdf0cf02e1334cb6804c1c21e070a3edcfa45fbc758a3359f462afd6377aca9e,py,extracted-unique-text,02_derived/zip-text-search-corpus/files/bd/bdf0cf02e1334cb6804c1c21e070a3edcfa45fbc758a3359f462afd6377aca9e.py,,v0.6-public-process,evidence-or-decision-ledger
02_WORKSPACE_SNAPSHOT/Towow_A2A_Public_Evidence_Pack_v0.6.zip,Towow_A2A_Public_Evidence_Pack_v0.6/instrument/public_trace_extension/README.md,707,1dd3fff4af2db0e7bd1b3ce43bb8eb36b2d13d09d88bab548a5beb97f8cbb60c,md,extracted-unique-text,02_derived/zip-text-search-corpus/files/1d/1dd3fff4af2db0e7bd1b3ce43bb8eb36b2d13d09d88bab548a5beb97f8cbb60c.md,,v0.6-public-process,experiment-or-result
02_WORKSPACE_SNAPSHOT/Towow_A2A_Public_Evidence_Pack_v0.6.zip,Towow_A2A_Public_Evidence_Pack_v0.6/instrument/public_trace_extension/import_public_trace.py,1382,aee120c8065606f5c4ebf73706cd22876216c21fe33c04c12e8174f1463272f3,py,extracted-unique-text,02_derived/zip-text-search-corpus/files/ae/aee120c8065606f5c4ebf73706cd22876216c21fe33c04c12e8174f1463272f3.py,,v0.6-public-process,experiment-or-result
02_WORKSPACE_SNAPSHOT/Towow_A2A_Public_Evidence_Pack_v0.6.zip,Towow_A2A_Public_Evidence_Pack_v0.6/instrument/public_trace_extension/public_trace_event.schema.json,1798,a2040a73b417c232a5630795ee3d4ae01cc8c1e1dcac672ac57ed1f083601419,json,extracted-unique-text,02_derived/zip-text-search-corpus/files/a2/a2040a73b417c232a5630795ee3d4ae01cc8c1e1dcac672ac57ed1f083601419.json,,v0.6-public-process,experiment-or-result
02_WORKSPACE_SNAPSHOT/Towow_A2A_Public_Evidence_Pack_v0.6.zip,Towow_A2A_Public_Evidence_Pack_v0.6/instrument/public_trace_extension/public_trace_event_v0.6.schema.json,3990,572234adc0d69e69a00913126d4ca9c819a54ea2875523384c46ce518f3e990e,json,extracted-unique-text,02_derived/zip-text-search-corpus/files/57/572234adc0d69e69a00913126d4ca9c819a54ea2875523384c46ce518f3e990e.json,,v0.6-public-process,experiment-or-result
02_WORKSPACE_SNAPSHOT/Towow_A2A_Public_Evidence_Pack_v0.6.zip,Towow_A2A_Public_Evidence_Pack_v0.6/instrument/public_trace_extension/sample_public_trace.jsonl,32051,8326df45e5a1db66f7e223c44b4f6bc16a7b90ab2f9151bc49820a5909f06c50,jsonl,extracted-unique-text,02_derived/zip-text-search-corpus/files/83/8326df45e5a1db66f7e223c44b4f6bc16a7b90ab2f9151bc49820a5909f06c50.jsonl,,v0.6-public-process,experiment-or-result
02_WORKSPACE_SNAPSHOT/Towow_A2A_Public_Evidence_Pack_v0.6.zip,Towow_A2A_Public_Evidence_Pack_v0.6/instrument/public_trace_extension/sample_public_trace_chain.jsonl,37595,65932dc8eb87af9d91dc2e3b4378c72c24e4d357d8000afbe6bb407f4c314df5,jsonl,extracted-unique-text,02_derived/zip-text-search-corpus/files/65/65932dc8eb87af9d91dc2e3b4378c72c24e4d357d8000afbe6bb407f4c314df5.jsonl,,v0.6-public-process,experiment-or-result
02_WORKSPACE_SNAPSHOT/Towow_A2A_R7_Field_Pack_v0.4.zip,Towow_A2A_R7_Field_Pack_v0.4/00_EXECUTIVE_SYNTHESIS.md,9952,84b85e08dbee2688719e163689845a302db6c667709cdc624d842ed84f881425,md,already-searchable-physical,,02_WORKSPACE_SNAPSHOT/Towow_A2A_Independent_Research_v0.4/00_EXECUTIVE_SYNTHESIS.md,v0.4-operationalization,orientation
02_WORKSPACE_SNAPSHOT/Towow_A2A_R7_Field_Pack_v0.4.zip,Towow_A2A_R7_Field_Pack_v0.4/02_RESEARCH_CHARTER.md,5174,61d0003c8a8f9000ab7b0baea713248ebcb194aad88d9d5316fab38de4689602,md,already-searchable-physical,,02_WORKSPACE_SNAPSHOT/Towow_A2A_Independent_Research_v0.4/02_RESEARCH_CHARTER.md,v0.4-operationalization,text-source
02_WORKSPACE_SNAPSHOT/Towow_A2A_R7_Field_Pack_v0.4.zip,Towow_A2A_R7_Field_Pack_v0.4/spec/01_最小协议内核_v0.4.md,5728,8ce9bf2bb9f9036f984396ed37b16fddc07b829626deb487ec9d1f26eb073154,md,already-searchable-physical,,02_WORKSPACE_SNAPSHOT/Towow_A2A_Independent_Research_v0.4/spec/01_最小协议内核_v0.4.md,v0.4-operationalization,specification-or-protocol
02_WORKSPACE_SNAPSHOT/Towow_A2A_R7_Field_Pack_v0.4.zip,Towow_A2A_R7_Field_Pack_v0.4/real_world_protocol/00_READ_ME_FIRST.md,2182,dc177edad332224cad8e0b3600326f09628f57c3d63e57c43b1073c755e1b7c6,md,already-searchable-physical,,02_WORKSPACE_SNAPSHOT/Towow_A2A_Independent_Research_v0.4/real_world_protocol/00_READ_ME_FIRST.md,v0.4-operationalization,specification-or-protocol
02_WORKSPACE_SNAPSHOT/Towow_A2A_R7_Field_Pack_v0.4.zip,Towow_A2A_R7_Field_Pack_v0.4/real_world_protocol/01_R7_最小原则性实验_v0.2.md,10375,0a212208acd594224d8860444c34c5854d5a61a56e8a133d2829b3b42b0f8708,md,already-searchable-physical,,02_WORKSPACE_SNAPSHOT/Towow_A2A_Independent_Research_v0.4/real_world_protocol/01_R7_最小原则性实验_v0.2.md,v0.4-operationalization,specification-or-protocol
02_WORKSPACE_SNAPSHOT/Towow_A2A_R7_Field_Pack_v0.4.zip,Towow_A2A_R7_Field_Pack_v0.4/real_world_protocol/02_Owner_资源与执行手册.md,12894,ace4f9eb3eeaea742021526336e5dc2625fb60cf589d05b5c59e624288a119a8,md,already-searchable-physical,,02_WORKSPACE_SNAPSHOT/Towow_A2A_Independent_Research_v0.4/real_world_protocol/02_Owner_资源与执行手册.md,v0.4-operationalization,specification-or-protocol
02_WORKSPACE_SNAPSHOT/Towow_A2A_R7_Field_Pack_v0.4.zip,Towow_A2A_R7_Field_Pack_v0.4/real_world_protocol/03_案例筛选与招募脚本.md,3587,018c168519c6b9affc7fda50bd62ef8befd4ef789403d5a9120513b5f44687ad,md,extracted-unique-text,02_derived/zip-text-search-corpus/files/01/018c168519c6b9affc7fda50bd62ef8befd4ef789403d5a9120513b5f44687ad.md,,v0.4-operationalization,specification-or-protocol
02_WORKSPACE_SNAPSHOT/Towow_A2A_R7_Field_Pack_v0.4.zip,Towow_A2A_R7_Field_Pack_v0.4/real_world_protocol/04_示例案例_企业AI只读试点.md,5860,87941802972875c2298cf984da08239ff90692afe47cfdce31611d8d06fa99ec,md,already-searchable-physical,,02_WORKSPACE_SNAPSHOT/Towow_A2A_Independent_Research_v0.4/real_world_protocol/04_示例案例_企业AI只读试点.md,v0.4-operationalization,specification-or-protocol
02_WORKSPACE_SNAPSHOT/Towow_A2A_R7_Field_Pack_v0.4.zip,Towow_A2A_R7_Field_Pack_v0.4/real_world_protocol/05_参与者操作清单.md,2336,a8e4b2818720012e80aced24df0f3d1731f17582434dcb53ee0a4ea26b53f188,md,extracted-unique-text,02_derived/zip-text-search-corpus/files/a8/a8e4b2818720012e80aced24df0f3d1731f17582434dcb53ee0a4ea26b53f188.md,,v0.4-operationalization,specification-or-protocol
02_WORKSPACE_SNAPSHOT/Towow_A2A_R7_Field_Pack_v0.4.zip,Towow_A2A_R7_Field_Pack_v0.4/real_world_protocol/forms/01_case_screen.md,1251,d9908dbd1749feeb64fbdf4f3670d9aea7ddfcdab6632d187824cb176cb9ab3d,md,extracted-unique-text,02_derived/zip-text-search-corpus/files/d9/d9908dbd1749feeb64fbdf4f3670d9aea7ddfcdab6632d187824cb176cb9ab3d.md,,v0.4-operationalization,specification-or-protocol
02_WORKSPACE_SNAPSHOT/Towow_A2A_R7_Field_Pack_v0.4.zip,Towow_A2A_R7_Field_Pack_v0.4/real_world_protocol/forms/02_private_intake.md,1215,f125d9555bbf23d282e27c3484668f2f4d304abcf72a3903dcba835f0c4b3373,md,extracted-unique-text,02_derived/zip-text-search-corpus/files/f1/f125d9555bbf23d282e27c3484668f2f4d304abcf72a3903dcba835f0c4b3373.md,,v0.4-operationalization,specification-or-protocol
02_WORKSPACE_SNAPSHOT/Towow_A2A_R7_Field_Pack_v0.4.zip,Towow_A2A_R7_Field_Pack_v0.4/real_world_protocol/forms/03_mandate.md,1219,9f95fa7719ac4610ce4efb2f61e692489a77b48badf638ebcda555f189f875a3,md,extracted-unique-text,02_derived/zip-text-search-corpus/files/9f/9f95fa7719ac4610ce4efb2f61e692489a77b48badf638ebcda555f189f875a3.md,,v0.4-operationalization,specification-or-protocol
02_WORKSPACE_SNAPSHOT/Towow_A2A_R7_Field_Pack_v0.4.zip,Towow_A2A_R7_Field_Pack_v0.4/real_world_protocol/forms/04_consent_and_data_boundary.md,1105,5df7e736a881f3f993a64a0dc27e620332dfc5176c0aeb5ed0443727781faa77,md,extracted-unique-text,02_derived/zip-text-search-corpus/files/5d/5df7e736a881f3f993a64a0dc27e620332dfc5176c0aeb5ed0443727781faa77.md,,v0.4-operationalization,specification-or-protocol
02_WORKSPACE_SNAPSHOT/Towow_A2A_R7_Field_Pack_v0.4.zip,Towow_A2A_R7_Field_Pack_v0.4/real_world_protocol/forms/05_relation_stance_and_explainback.md,815,50ea2b5ba5f4504cc593d9d2ecae06aa0e6c1931c0ef68852df4a89f85461ac0,md,extracted-unique-text,02_derived/zip-text-search-corpus/files/50/50ea2b5ba5f4504cc593d9d2ecae06aa0e6c1931c0ef68852df4a89f85461ac0.md,,v0.4-operationalization,specification-or-protocol
02_WORKSPACE_SNAPSHOT/Towow_A2A_R7_Field_Pack_v0.4.zip,Towow_A2A_R7_Field_Pack_v0.4/real_world_protocol/forms/06_followup.md,728,88d4f505bfd63b621e9ded9c1733fc781277b6aae109197183e3f918d0d08ae0,md,extracted-unique-text,02_derived/zip-text-search-corpus/files/88/88d4f505bfd63b621e9ded9c1733fc781277b6aae109197183e3f918d0d08ae0.md,,v0.4-operationalization,specification-or-protocol
02_WORKSPACE_SNAPSHOT/Towow_A2A_R7_Field_Pack_v0.4.zip,Towow_A2A_R7_Field_Pack_v0.4/real_world_protocol/forms/07_independent_adjudication.md,1158,58487eea8df7930433f7d15b6886de75406dd6112c9a7afa78863ea4928af5d2,md,extracted-unique-text,02_derived/zip-text-search-corpus/files/58/58487eea8df7930433f7d15b6886de75406dd6112c9a7afa78863ea4928af5d2.md,,v0.4-operationalization,specification-or-protocol
02_WORKSPACE_SNAPSHOT/Towow_A2A_R7_Field_Pack_v0.4.zip,Towow_A2A_R7_Field_Pack_v0.4/instrument/towow_fieldkit/README.md,5957,7a4c37713c5d083779920fc4f9fedf93af7bd0c84d2c4033b534faf852adef8b,md,already-searchable-physical,,02_WORKSPACE_SNAPSHOT/Towow_A2A_Independent_Research_v0.4/instrument/towow_fieldkit/README.md,v0.4-operationalization,instrument-or-code
02_WORKSPACE_SNAPSHOT/Towow_A2A_R7_Field_Pack_v0.4.zip,Towow_A2A_R7_Field_Pack_v0.4/instrument/towow_fieldkit/tests/test_fieldkit.py,7268,982f2a31c148cc833f55c8ba1bfdd8f8488bdf5f9c208a30201f40749c877c5c,py,extracted-unique-text,02_derived/zip-text-search-corpus/files/98/982f2a31c148cc833f55c8ba1bfdd8f8488bdf5f9c208a30201f40749c877c5c.py,,v0.4-operationalization,qa-or-test
02_WORKSPACE_SNAPSHOT/Towow_A2A_R7_Field_Pack_v0.4.zip,Towow_A2A_R7_Field_Pack_v0.4/instrument/towow_fieldkit/towow_fieldkit/__init__.py,209,1d33e27ab8535649071a318a9604e80f874f88bd0b5b1e32650d552116977871,py,extracted-unique-text,02_derived/zip-text-search-corpus/files/1d/1d33e27ab8535649071a318a9604e80f874f88bd0b5b1e32650d552116977871.py,,v0.4-operationalization,instrument-or-code
02_WORKSPACE_SNAPSHOT/Towow_A2A_R7_Field_Pack_v0.4.zip,Towow_A2A_R7_Field_Pack_v0.4/instrument/towow_fieldkit/towow_fieldkit/__main__.py,48,935a1c1166b0c1ea35a82256345000bf2c73ded718d77773bc27a71ecce28f7d,py,extracted-unique-text,02_derived/zip-text-search-corpus/files/93/935a1c1166b0c1ea35a82256345000bf2c73ded718d77773bc27a71ecce28f7d.py,,v0.4-operationalization,instrument-or-code
02_WORKSPACE_SNAPSHOT/Towow_A2A_R7_Field_Pack_v0.4.zip,Towow_A2A_R7_Field_Pack_v0.4/instrument/towow_fieldkit/towow_fieldkit/cli.py,6144,117fcb9976e54a94eb1a9d7efec1b5511dab78aadbeb4cd7089c870e985abf63,py,extracted-unique-text,02_derived/zip-text-search-corpus/files/11/117fcb9976e54a94eb1a9d7efec1b5511dab78aadbeb4cd7089c870e985abf63.py,,v0.4-operationalization,instrument-or-code
02_WORKSPACE_SNAPSHOT/Towow_A2A_R7_Field_Pack_v0.4.zip,Towow_A2A_R7_Field_Pack_v0.4/instrument/towow_fieldkit/towow_fieldkit/schema_change.py,13990,42e276501b93a6dc05358f3d672823a00f99dbe1d4cb6d76cfc8a6ad41de6cef,py,extracted-unique-text,02_derived/zip-text-search-corpus/files/42/42e276501b93a6dc05358f3d672823a00f99dbe1d4cb6d76cfc8a6ad41de6cef.py,,v0.4-operationalization,specification-or-protocol
02_WORKSPACE_SNAPSHOT/Towow_A2A_R7_Field_Pack_v0.4.zip,Towow_A2A_R7_Field_Pack_v0.4/instrument/towow_fieldkit/towow_fieldkit/store.py,13995,8827c08d906b1efddc7382ad4ca74ada56b2baf33c9d70cee93705e9738cf98d,py,extracted-unique-text,02_derived/zip-text-search-corpus/files/88/8827c08d906b1efddc7382ad4ca74ada56b2baf33c9d70cee93705e9738cf98d.py,,v0.4-operationalization,instrument-or-code
02_WORKSPACE_SNAPSHOT/Towow_A2A_R7_Field_Pack_v0.4.zip,Towow_A2A_R7_Field_Pack_v0.4/instrument/templates/README.md,671,3211252d292eed485b38e3eca57ac5e5a10881cdd0be84af9f86b31d0102e3f6,md,extracted-unique-text,02_derived/zip-text-search-corpus/files/32/3211252d292eed485b38e3eca57ac5e5a10881cdd0be84af9f86b31d0102e3f6.md,,v0.4-operationalization,instrument-or-code
02_WORKSPACE_SNAPSHOT/Towow_A2A_R7_Field_Pack_v0.4.zip,Towow_A2A_R7_Field_Pack_v0.4/instrument/templates/adjudication.json,536,37202b1979f65caa2b0e779102d945bb81ef4702822c4c9494dad697e28cdb2b,json,extracted-unique-text,02_derived/zip-text-search-corpus/files/37/37202b1979f65caa2b0e779102d945bb81ef4702822c4c9494dad697e28cdb2b.json,,v0.4-operationalization,instrument-or-code
02_WORKSPACE_SNAPSHOT/Towow_A2A_R7_Field_Pack_v0.4.zip,Towow_A2A_R7_Field_Pack_v0.4/instrument/templates/case_screen.json,627,7fa009914d1248d4cd9ed3a616a4c94e9bbeb483e0a52351100a99335d58b826,json,extracted-unique-text,02_derived/zip-text-search-corpus/files/7f/7fa009914d1248d4cd9ed3a616a4c94e9bbeb483e0a52351100a99335d58b826.json,,v0.4-operationalization,instrument-or-code
02_WORKSPACE_SNAPSHOT/Towow_A2A_R7_Field_Pack_v0.4.zip,Towow_A2A_R7_Field_Pack_v0.4/instrument/templates/event_payload.json,230,ef989ad1f2d072108ab3cb41872a003e58b772e185901035329f30d22029de81,json,extracted-unique-text,02_derived/zip-text-search-corpus/files/ef/ef989ad1f2d072108ab3cb41872a003e58b772e185901035329f30d22029de81.json,,v0.4-operationalization,instrument-or-code
02_WORKSPACE_SNAPSHOT/Towow_A2A_R7_Field_Pack_v0.4.zip,Towow_A2A_R7_Field_Pack_v0.4/instrument/templates/followup.json,371,b7f0b58ba8087db60b874ed08eb993a45f51ebdd035cc9397fd0795e04f5e919,json,extracted-unique-text,02_derived/zip-text-search-corpus/files/b7/b7f0b58ba8087db60b874ed08eb993a45f51ebdd035cc9397fd0795e04f5e919.json,,v0.4-operationalization,instrument-or-code
02_WORKSPACE_SNAPSHOT/Towow_A2A_R7_Field_Pack_v0.4.zip,Towow_A2A_R7_Field_Pack_v0.4/instrument/templates/mandate.json,550,367f4cd52f3ae051830e50429bafe8d3e8fb036bfcc1bf0d1d680e024cc4c302,json,extracted-unique-text,02_derived/zip-text-search-corpus/files/36/367f4cd52f3ae051830e50429bafe8d3e8fb036bfcc1bf0d1d680e024cc4c302.json,,v0.4-operationalization,instrument-or-code
02_WORKSPACE_SNAPSHOT/Towow_A2A_R7_Field_Pack_v0.4.zip,Towow_A2A_R7_Field_Pack_v0.4/instrument/templates/private_intake.json,662,923e47b3574963cb20bac6fb156612d864ed15a79875f147c7294313cc098bf4,json,extracted-unique-text,02_derived/zip-text-search-corpus/files/92/923e47b3574963cb20bac6fb156612d864ed15a79875f147c7294313cc098bf4.json,,v0.4-operationalization,instrument-or-code
02_WORKSPACE_SNAPSHOT/Towow_A2A_R7_Field_Pack_v0.4.zip,Towow_A2A_R7_Field_Pack_v0.4/instrument/templates/relation_version.json,772,7c91b2d1f2487043200a1154001043bed75a48b28eb344d44cfe989df260dc9d,json,extracted-unique-text,02_derived/zip-text-search-corpus/files/7c/7c91b2d1f2487043200a1154001043bed75a48b28eb344d44cfe989df260dc9d.json,,v0.4-operationalization,instrument-or-code
02_WORKSPACE_SNAPSHOT/Towow_A2A_R7_Field_Pack_v0.4.zip,Towow_A2A_R7_Field_Pack_v0.4/instrument/sample_case/README.md,2197,f52777b349847a30a86e92c45a1d56a7350f6083efcba3978ae3e81608874a7b,md,already-searchable-physical,,02_WORKSPACE_SNAPSHOT/Towow_A2A_Independent_Research_v0.4/instrument/sample_case/README.md,v0.4-operationalization,instrument-or-code
02_WORKSPACE_SNAPSHOT/Towow_A2A_R7_Field_Pack_v0.4.zip,Towow_A2A_R7_Field_Pack_v0.4/instrument/sample_case/build_sample.py,24676,e3e8f93d763267849a72b4b098e8f43015dd3810cbe03029c8cbd66b2b1ada52,py,extracted-unique-text,02_derived/zip-text-search-corpus/files/e3/e3e8f93d763267849a72b4b098e8f43015dd3810cbe03029c8cbd66b2b1ada52.py,,v0.4-operationalization,instrument-or-code
02_WORKSPACE_SNAPSHOT/Towow_A2A_R7_Field_Pack_v0.4.zip,Towow_A2A_R7_Field_Pack_v0.4/instrument/sample_case/case/case.json,1182,e52d36bd39a663da1553ebe6a84ed08d483a00901d99c15f8bed393ac2ee0419,json,extracted-unique-text,02_derived/zip-text-search-corpus/files/e5/e52d36bd39a663da1553ebe6a84ed08d483a00901d99c15f8bed393ac2ee0419.json,,v0.4-operationalization,instrument-or-code
02_WORKSPACE_SNAPSHOT/Towow_A2A_R7_Field_Pack_v0.4.zip,Towow_A2A_R7_Field_Pack_v0.4/instrument/sample_case/case/outputs/adj-828b3c4d381d.json,1137,247e24361aee514bab0e07caa171c803262194e108299bca80e7ce80f78c313b,json,extracted-unique-text,02_derived/zip-text-search-corpus/files/24/247e24361aee514bab0e07caa171c803262194e108299bca80e7ce80f78c313b.json,,v0.4-operationalization,instrument-or-code
02_WORKSPACE_SNAPSHOT/Towow_A2A_R7_Field_Pack_v0.4.zip,Towow_A2A_R7_Field_Pack_v0.4/instrument/sample_case/case/private/buyer_business/intake.json,732,fb3102da72365ba9bfb6382de266fa7c38b88f61d6f589544a961c8eb88f93c1,json,extracted-unique-text,02_derived/zip-text-search-corpus/files/fb/fb3102da72365ba9bfb6382de266fa7c38b88f61d6f589544a961c8eb88f93c1.json,,v0.4-operationalization,instrument-or-code
02_WORKSPACE_SNAPSHOT/Towow_A2A_R7_Field_Pack_v0.4.zip,Towow_A2A_R7_Field_Pack_v0.4/instrument/sample_case/case/private/buyer_business/mandate-buyer_business-v1.json,1063,b2ca385c6cb3678773ffa627f0490131c5b678daaee03f6bb97c1fef1db66df4,json,extracted-unique-text,02_derived/zip-text-search-corpus/files/b2/b2ca385c6cb3678773ffa627f0490131c5b678daaee03f6bb97c1fef1db66df4.json,,v0.4-operationalization,instrument-or-code
02_WORKSPACE_SNAPSHOT/Towow_A2A_R7_Field_Pack_v0.4.zip,Towow_A2A_R7_Field_Pack_v0.4/instrument/sample_case/case/private/buyer_data/intake.json,764,ec3f8223b58780a2e127991017ba2d7a6635a51ec4ada6c8226e5b495fde1818,json,extracted-unique-text,02_derived/zip-text-search-corpus/files/ec/ec3f8223b58780a2e127991017ba2d7a6635a51ec4ada6c8226e5b495fde1818.json,,v0.4-operationalization,instrument-or-code
02_WORKSPACE_SNAPSHOT/Towow_A2A_R7_Field_Pack_v0.4.zip,Towow_A2A_R7_Field_Pack_v0.4/instrument/sample_case/case/private/buyer_data/mandate-buyer_data-v1.json,1394,9a21020a28e0227e37c494df519a667625b7496671cd20c3336134e51c272a60,json,extracted-unique-text,02_derived/zip-text-search-corpus/files/9a/9a21020a28e0227e37c494df519a667625b7496671cd20c3336134e51c272a60.json,,v0.4-operationalization,instrument-or-code
02_WORKSPACE_SNAPSHOT/Towow_A2A_R7_Field_Pack_v0.4.zip,Towow_A2A_R7_Field_Pack_v0.4/instrument/sample_case/case/private/provider_business/intake.json,730,ac91b93f7f8dcbb2f39a8e31e9809c94512eeee6377dc986448f9016e525449c,json,extracted-unique-text,02_derived/zip-text-search-corpus/files/ac/ac91b93f7f8dcbb2f39a8e31e9809c94512eeee6377dc986448f9016e525449c.json,,v0.4-operationalization,instrument-or-code
02_WORKSPACE_SNAPSHOT/Towow_A2A_R7_Field_Pack_v0.4.zip,Towow_A2A_R7_Field_Pack_v0.4/instrument/sample_case/case/private/provider_business/mandate-provider_business-v1.json,1006,ccbe21492848f72361c4dc6f9fba94e79e4012478c2d21f3aa800623ea5765b1,json,extracted-unique-text,02_derived/zip-text-search-corpus/files/cc/ccbe21492848f72361c4dc6f9fba94e79e4012478c2d21f3aa800623ea5765b1.json,,v0.4-operationalization,instrument-or-code
02_WORKSPACE_SNAPSHOT/Towow_A2A_R7_Field_Pack_v0.4.zip,Towow_A2A_R7_Field_Pack_v0.4/instrument/sample_case/case/private/provider_tech/intake.json,714,d6e9e2d2dd5ee3e2a215892281100751c4dc97d8da1e154463f3d52ff95494f7,json,extracted-unique-text,02_derived/zip-text-search-corpus/files/d6/d6e9e2d2dd5ee3e2a215892281100751c4dc97d8da1e154463f3d52ff95494f7.json,,v0.4-operationalization,instrument-or-code
02_WORKSPACE_SNAPSHOT/Towow_A2A_R7_Field_Pack_v0.4.zip,Towow_A2A_R7_Field_Pack_v0.4/instrument/sample_case/case/private/provider_tech/mandate-provider_tech-v1.json,1296,1d4160ab887b1f8bcd38c3e3cdcad9d48356170775b619ecadfd4df9cec31567,json,extracted-unique-text,02_derived/zip-text-search-corpus/files/1d/1d4160ab887b1f8bcd38c3e3cdcad9d48356170775b619ecadfd4df9cec31567.json,,v0.4-operationalization,instrument-or-code
02_WORKSPACE_SNAPSHOT/Towow_A2A_R7_Field_Pack_v0.4.zip,Towow_A2A_R7_Field_Pack_v0.4/instrument/sample_case/case/shared/events.jsonl,10944,6d721c059e28ad68b6670e6a8bc18c70cb845cefc16f461b5bb39d5f5686b150,jsonl,extracted-unique-text,02_derived/zip-text-search-corpus/files/6d/6d721c059e28ad68b6670e6a8bc18c70cb845cefc16f461b5bb39d5f5686b150.jsonl,,v0.4-operationalization,instrument-or-code
02_WORKSPACE_SNAPSHOT/Towow_A2A_R7_Field_Pack_v0.4.zip,Towow_A2A_R7_Field_Pack_v0.4/instrument/sample_case/case/shared/relation/current.json,7975,66499282c8a5ef8535bfa51d0f0030513df758c3cdead84f556c19f5cad358cd,json,extracted-unique-text,02_derived/zip-text-search-corpus/files/66/66499282c8a5ef8535bfa51d0f0030513df758c3cdead84f556c19f5cad358cd.json,,v0.4-operationalization,instrument-or-code
02_WORKSPACE_SNAPSHOT/Towow_A2A_R7_Field_Pack_v0.4.zip,Towow_A2A_R7_Field_Pack_v0.4/instrument/sample_case/case/shared/relation/versions/v0001.json,5062,33df71aac5c206d3ef417c266cc0b977a9b392c5ff41cdb913ca9b558026df09,json,extracted-unique-text,02_derived/zip-text-search-corpus/files/33/33df71aac5c206d3ef417c266cc0b977a9b392c5ff41cdb913ca9b558026df09.json,,v0.4-operationalization,instrument-or-code
02_WORKSPACE_SNAPSHOT/Towow_A2A_R7_Field_Pack_v0.4.zip,Towow_A2A_R7_Field_Pack_v0.4/instrument/sample_case/case/shared/relation/versions/v0002.json,7975,66499282c8a5ef8535bfa51d0f0030513df758c3cdead84f556c19f5cad358cd,json,extracted-unique-text,02_derived/zip-text-search-corpus/files/66/66499282c8a5ef8535bfa51d0f0030513df758c3cdead84f556c19f5cad358cd.json,,v0.4-operationalization,instrument-or-code
02_WORKSPACE_SNAPSHOT/Towow_A2A_R7_Field_Pack_v0.4.zip,Towow_A2A_R7_Field_Pack_v0.4/instrument/sample_case/change_report.json,10987,fca0ace82d8ae63b0617bc2e63b67bedbde9a9f11aea2f48417ff63bb90604a9,json,already-searchable-physical,,02_WORKSPACE_SNAPSHOT/Towow_A2A_Independent_Research_v0.4/instrument/sample_case/change_report.json,v0.4-operationalization,instrument-or-code
02_WORKSPACE_SNAPSHOT/Towow_A2A_R7_Field_Pack_v0.4.zip,Towow_A2A_R7_Field_Pack_v0.4/instrument/sample_case/compile_readiness.json,463,96277f759b8f80d4952b1753e6711302f20552ba03a718a82a642a953cd40721,json,already-searchable-physical,,02_WORKSPACE_SNAPSHOT/Towow_A2A_Independent_Research_v0.4/instrument/sample_case/compile_readiness.json,v0.4-operationalization,instrument-or-code
02_WORKSPACE_SNAPSHOT/Towow_A2A_R7_Field_Pack_v0.4.zip,Towow_A2A_R7_Field_Pack_v0.4/instrument/sample_case/metrics.json,978,ffab74112b7711585fb36f64e00657232b5068ea79dd289d751dea37965e8940,json,extracted-unique-text,02_derived/zip-text-search-corpus/files/ff/ffab74112b7711585fb36f64e00657232b5068ea79dd289d751dea37965e8940.json,,v0.4-operationalization,instrument-or-code
02_WORKSPACE_SNAPSHOT/Towow_A2A_R7_Field_Pack_v0.4.zip,Towow_A2A_R7_Field_Pack_v0.4/instrument/sample_case/redacted_export/REDACTION_NOTICE.json,252,59c15d3456f91d87d0b8b2c3ed769efa05a99c078ea50fef23bc13a4e26244b2,json,extracted-unique-text,02_derived/zip-text-search-corpus/files/59/59c15d3456f91d87d0b8b2c3ed769efa05a99c078ea50fef23bc13a4e26244b2.json,,v0.4-operationalization,instrument-or-code
02_WORKSPACE_SNAPSHOT/Towow_A2A_R7_Field_Pack_v0.4.zip,Towow_A2A_R7_Field_Pack_v0.4/instrument/sample_case/redacted_export/case.json,1182,e52d36bd39a663da1553ebe6a84ed08d483a00901d99c15f8bed393ac2ee0419,json,extracted-unique-text,02_derived/zip-text-search-corpus/files/e5/e52d36bd39a663da1553ebe6a84ed08d483a00901d99c15f8bed393ac2ee0419.json,,v0.4-operationalization,instrument-or-code
02_WORKSPACE_SNAPSHOT/Towow_A2A_R7_Field_Pack_v0.4.zip,Towow_A2A_R7_Field_Pack_v0.4/instrument/sample_case/redacted_export/outputs/adj-828b3c4d381d.json,1137,247e24361aee514bab0e07caa171c803262194e108299bca80e7ce80f78c313b,json,extracted-unique-text,02_derived/zip-text-search-corpus/files/24/247e24361aee514bab0e07caa171c803262194e108299bca80e7ce80f78c313b.json,,v0.4-operationalization,instrument-or-code
02_WORKSPACE_SNAPSHOT/Towow_A2A_R7_Field_Pack_v0.4.zip,Towow_A2A_R7_Field_Pack_v0.4/instrument/sample_case/redacted_export/shared/events.jsonl,10944,6d721c059e28ad68b6670e6a8bc18c70cb845cefc16f461b5bb39d5f5686b150,jsonl,extracted-unique-text,02_derived/zip-text-search-corpus/files/6d/6d721c059e28ad68b6670e6a8bc18c70cb845cefc16f461b5bb39d5f5686b150.jsonl,,v0.4-operationalization,instrument-or-code
02_WORKSPACE_SNAPSHOT/Towow_A2A_R7_Field_Pack_v0.4.zip,Towow_A2A_R7_Field_Pack_v0.4/instrument/sample_case/redacted_export/shared/relation/current.json,7975,66499282c8a5ef8535bfa51d0f0030513df758c3cdead84f556c19f5cad358cd,json,extracted-unique-text,02_derived/zip-text-search-corpus/files/66/66499282c8a5ef8535bfa51d0f0030513df758c3cdead84f556c19f5cad358cd.json,,v0.4-operationalization,instrument-or-code
02_WORKSPACE_SNAPSHOT/Towow_A2A_R7_Field_Pack_v0.4.zip,Towow_A2A_R7_Field_Pack_v0.4/instrument/sample_case/redacted_export/shared/relation/versions/v0001.json,5062,33df71aac5c206d3ef417c266cc0b977a9b392c5ff41cdb913ca9b558026df09,json,extracted-unique-text,02_derived/zip-text-search-corpus/files/33/33df71aac5c206d3ef417c266cc0b977a9b392c5ff41cdb913ca9b558026df09.json,,v0.4-operationalization,instrument-or-code
02_WORKSPACE_SNAPSHOT/Towow_A2A_R7_Field_Pack_v0.4.zip,Towow_A2A_R7_Field_Pack_v0.4/instrument/sample_case/redacted_export/shared/relation/versions/v0002.json,7975,66499282c8a5ef8535bfa51d0f0030513df758c3cdead84f556c19f5cad358cd,json,extracted-unique-text,02_derived/zip-text-search-corpus/files/66/66499282c8a5ef8535bfa51d0f0030513df758c3cdead84f556c19f5cad358cd.json,,v0.4-operationalization,instrument-or-code
02_WORKSPACE_SNAPSHOT/Towow_A2A_R7_Field_Pack_v0.4.zip,Towow_A2A_R7_Field_Pack_v0.4/instrument/sample_case/sample_summary.json,1493,137300b07b7808b0dab2ab0abc9ec5dfcc9c96eb6f7f89ac99b9eb0685016743,json,extracted-unique-text,02_derived/zip-text-search-corpus/files/13/137300b07b7808b0dab2ab0abc9ec5dfcc9c96eb6f7f89ac99b9eb0685016743.json,,v0.4-operationalization,instrument-or-code
02_WORKSPACE_SNAPSHOT/Towow_A2A_R7_Field_Pack_v0.4.zip,Towow_A2A_R7_Field_Pack_v0.4/instrument/sample_case/validation.json,128,2191644eab70f28bafb0265836cd7773e376cf55de12e76eda66d740775134a5,json,extracted-unique-text,02_derived/zip-text-search-corpus/files/21/2191644eab70f28bafb0265836cd7773e376cf55de12e76eda66d740775134a5.json,,v0.4-operationalization,instrument-or-code
02_WORKSPACE_SNAPSHOT/Towow_A2A_R7_Field_Pack_v0.4.zip,Towow_A2A_R7_Field_Pack_v0.4/roadmap/01_下一阶段研究程序.md,8486,f49dd8cee7a730e56e18e230c25af88f12dceee104dfcc27a20ab9ddfe4d8f11,md,already-searchable-physical,,02_WORKSPACE_SNAPSHOT/Towow_A2A_Independent_Research_v0.4/roadmap/01_下一阶段研究程序.md,v0.4-operationalization,research-program
02_WORKSPACE_SNAPSHOT/Towow_A2A_Research_Handoff_Full_Archive_v1.0(1).zip,Towow_A2A_Research_Handoff_v1.0/diagrams/three_axes.dot,1669,385cf6c565c238589025d07048d58e89d13c39f6b3dc1be8ca74491887a83c57,dot,extracted-unique-text,02_derived/zip-text-search-corpus/files/38/385cf6c565c238589025d07048d58e89d13c39f6b3dc1be8ca74491887a83c57.dot,,pre-rebuild-handoff,text-source
02_WORKSPACE_SNAPSHOT/Towow_A2A_Research_Handoff_Full_Archive_v1.0(1).zip,Towow_A2A_Research_Handoff_v1.0/diagrams/handoff_workflow.dot,869,2597d965115691e0ebb64c7e07889cc33811e92443f884ad00c4036e09005980,dot,extracted-unique-text,02_derived/zip-text-search-corpus/files/25/2597d965115691e0ebb64c7e07889cc33811e92443f884ad00c4036e09005980.dot,,pre-rebuild-handoff,text-source
02_WORKSPACE_SNAPSHOT/Towow_A2A_Research_Handoff_Full_Archive_v1.0(1).zip,Towow_A2A_Research_Handoff_v1.0/diagrams/unified_chain.dot,1325,db68b4a1a85275ace17d99b774d25731f10864a507b3bc055fb4a5070fbb6061,dot,extracted-unique-text,02_derived/zip-text-search-corpus/files/db/db68b4a1a85275ace17d99b774d25731f10864a507b3bc055fb4a5070fbb6061.dot,,pre-rebuild-handoff,text-source
02_WORKSPACE_SNAPSHOT/Towow_A2A_Research_Handoff_Full_Archive_v1.0(1).zip,Towow_A2A_Research_Handoff_v1.0/manifests/concept_genealogy_seed.csv,5805,19eaaa0b313dfaff83df6c8e49dc7b7e9ae7008b208cfcce6df087db60edbf62,csv,extracted-unique-text,02_derived/zip-text-search-corpus/files/19/19eaaa0b313dfaff83df6c8e49dc7b7e9ae7008b208cfcce6df087db60edbf62.csv,,pre-rebuild-handoff,manifest
02_WORKSPACE_SNAPSHOT/Towow_A2A_Research_Handoff_Full_Archive_v1.0(1).zip,Towow_A2A_Research_Handoff_v1.0/manifests/claim_genealogy_seed.csv,5925,1637f93f5237019f1e22e67504bd52d33cf6b7efd6cb1c6adf75c9bd121c1aeb,csv,extracted-unique-text,02_derived/zip-text-search-corpus/files/16/1637f93f5237019f1e22e67504bd52d33cf6b7efd6cb1c6adf75c9bd121c1aeb.csv,,pre-rebuild-handoff,manifest
02_WORKSPACE_SNAPSHOT/Towow_A2A_Research_Handoff_Full_Archive_v1.0(1).zip,Towow_A2A_Research_Handoff_v1.0/manifests/research_work_products.csv,832,cffd25b16a217b70926fb4fd1413debd60e2ce7d573632048f1d1d4e127d66a9,csv,extracted-unique-text,02_derived/zip-text-search-corpus/files/cf/cffd25b16a217b70926fb4fd1413debd60e2ce7d573632048f1d1d4e127d66a9.csv,,pre-rebuild-handoff,manifest
02_WORKSPACE_SNAPSHOT/Towow_A2A_Research_Handoff_Full_Archive_v1.0(1).zip,Towow_A2A_Research_Handoff_v1.0/manifests/MANIFEST.json,460254,2ca15a574abbde800aeccbb98b2f8fba19a113ea583f04e39112ad2a16255393,json,extracted-unique-text,02_derived/zip-text-search-corpus/files/2c/2ca15a574abbde800aeccbb98b2f8fba19a113ea583f04e39112ad2a16255393.json,,pre-rebuild-handoff,manifest
02_WORKSPACE_SNAPSHOT/Towow_A2A_Research_Handoff_Full_Archive_v1.0(1).zip,Towow_A2A_Research_Handoff_v1.0/manifests/reading_priority.csv,3044,bbfb5983fcb20f7d5aa52e862d0f7f196a3d030230544ed8bcf2d29641a2f7e6,csv,extracted-unique-text,02_derived/zip-text-search-corpus/files/bb/bbfb5983fcb20f7d5aa52e862d0f7f196a3d030230544ed8bcf2d29641a2f7e6.csv,,pre-rebuild-handoff,manifest
02_WORKSPACE_SNAPSHOT/Towow_A2A_Research_Handoff_Full_Archive_v1.0(1).zip,Towow_A2A_Research_Handoff_v1.0/manifests/source_inventory.csv,304636,1f87523c3ff05453de595e85730e953eb7f3f8ca5c245cb67298639ce569793a,csv,extracted-unique-text,02_derived/zip-text-search-corpus/files/1f/1f87523c3ff05453de595e85730e953eb7f3f8ca5c245cb67298639ce569793a.csv,,pre-rebuild-handoff,manifest
02_WORKSPACE_SNAPSHOT/Towow_A2A_Research_Handoff_Full_Archive_v1.0(1).zip,Towow_A2A_Research_Handoff_v1.0/full_archive/current_synthesis/flagship_absorption/02_σ╜ôσëìτ╗ƒΣ╕ÇΣ╜ôτ│╗_µùùΦê░σ«₧Θ¬îσÉ╕µö╢τëê.md,5503,ab402524b41803745e2ee0c5ab83dc5f0ae82f75faa6bf70e2af4ab218fd9d80,md,extracted-unique-text,02_derived/zip-text-search-corpus/files/ab/ab402524b41803745e2ee0c5ab83dc5f0ae82f75faa6bf70e2af4ab218fd9d80.md,,pre-rebuild-handoff,text-source
02_WORKSPACE_SNAPSHOT/Towow_A2A_Research_Handoff_Full_Archive_v1.0(1).zip,Towow_A2A_Research_Handoff_v1.0/full_archive/current_synthesis/flagship_absorption/06_Φ┐öσ¢₧σîàΦ»üµì«σ«íΦ«íΦ»┤µÿÄ.md,732,e6c020704d228250f5c37108152f376d0f8d6c390634102452cf7703bd995bda,md,extracted-unique-text,02_derived/zip-text-search-corpus/files/e6/e6c020704d228250f5c37108152f376d0f8d6c390634102452cf7703bd995bda.md,,pre-rebuild-handoff,text-source
02_WORKSPACE_SNAPSHOT/Towow_A2A_Research_Handoff_Full_Archive_v1.0(1).zip,Towow_A2A_Research_Handoff_v1.0/full_archive/current_synthesis/flagship_absorption/01_µùùΦê░σ«₧Θ¬îΦºúΘçèΣ╕Äτáöτ⌐╢σêñµû¡.md,17333,dc62f5f53bf12a475c3a3470e8199d308f639f3a396fd3cbac966efe07c4244d,md,extracted-unique-text,02_derived/zip-text-search-corpus/files/dc/dc62f5f53bf12a475c3a3470e8199d308f639f3a396fd3cbac966efe07c4244d.md,,pre-rebuild-handoff,text-source
02_WORKSPACE_SNAPSHOT/Towow_A2A_Research_Handoff_Full_Archive_v1.0(1).zip,Towow_A2A_Research_Handoff_v1.0/full_archive/current_synthesis/flagship_absorption/03_σè¿µÇüτáöτ⌐╢σ£░σ¢╛_τÄ░σ«₧Σ╕╗Σ╜ôΦ╜¼σÉæ.md,3889,37dd36cfaedb1a7e65da0ec677854e6cefb5b41792f5134680303adc4399d6f6,md,extracted-unique-text,02_derived/zip-text-search-corpus/files/37/37dd36cfaedb1a7e65da0ec677854e6cefb5b41792f5134680303adc4399d6f6.md,,pre-rebuild-handoff,text-source
02_WORKSPACE_SNAPSHOT/Towow_A2A_Research_Handoff_Full_Archive_v1.0(1).zip,Towow_A2A_Research_Handoff_v1.0/full_archive/current_synthesis/flagship_absorption/04_DESIGN_DELTA.md,3242,2ad62982c5d8d5acefbd16289370b1d2b50ba3dba62d3c3ba91408a440abb3e4,md,extracted-unique-text,02_derived/zip-text-search-corpus/files/2a/2ad62982c5d8d5acefbd16289370b1d2b50ba3dba62d3c3ba91408a440abb3e4.md,,pre-rebuild-handoff,text-source
02_WORKSPACE_SNAPSHOT/Towow_A2A_Research_Handoff_Full_Archive_v1.0(1).zip,Towow_A2A_Research_Handoff_v1.0/full_archive/current_synthesis/flagship_absorption/05_CLAIM_EVIDENCE_UPDATE_CHIEF.csv,2043,1870a27faeb912bbf188219dac696f704e2e13cefbe623a394d9508e97a5e72d,csv,extracted-unique-text,02_derived/zip-text-search-corpus/files/18/1870a27faeb912bbf188219dac696f704e2e13cefbe623a394d9508e97a5e72d.csv,,pre-rebuild-handoff,evidence-or-decision-ledger
02_WORKSPACE_SNAPSHOT/Towow_A2A_Research_Handoff_Full_Archive_v1.0(1).zip,Towow_A2A_Research_Handoff_v1.0/full_archive/current_synthesis/unified_paper_source/header.tex,1844,71ccadb67e4f04124d3c9e80a0f4c9a198f4e47bf97bfb0ca991c684cc8e00a3,tex,extracted-unique-text,02_derived/zip-text-search-corpus/files/71/71ccadb67e4f04124d3c9e80a0f4c9a198f4e47bf97bfb0ca991c684cc8e00a3.tex,,pre-rebuild-handoff,paper-or-monograph
02_WORKSPACE_SNAPSHOT/Towow_A2A_Research_Handoff_Full_Archive_v1.0(1).zip,Towow_A2A_Research_Handoff_v1.0/full_archive/current_synthesis/unified_paper_source/main.md,55720,dd21711e325de293fa5197e97e8c9dd40b1d6167fb766e6f03d58823874cf3bd,md,extracted-unique-text,02_derived/zip-text-search-corpus/files/dd/dd21711e325de293fa5197e97e8c9dd40b1d6167fb766e6f03d58823874cf3bd.md,,pre-rebuild-handoff,paper-or-monograph
02_WORKSPACE_SNAPSHOT/Towow_A2A_Research_Handoff_Full_Archive_v1.0(1).zip,Towow_A2A_Research_Handoff_v1.0/full_archive/current_synthesis/unified_paper_source/metadata.yaml,330,43945ae68644dd5d5ad2efcdc43455972ddab7fdcaf7afec3ef216694a5ee9c7,yaml,extracted-unique-text,02_derived/zip-text-search-corpus/files/43/43945ae68644dd5d5ad2efcdc43455972ddab7fdcaf7afec3ef216694a5ee9c7.yaml,,pre-rebuild-handoff,paper-or-monograph
02_WORKSPACE_SNAPSHOT/Towow_A2A_Research_Handoff_Full_Archive_v1.0(1).zip,Towow_A2A_Research_Handoff_v1.0/full_archive/current_synthesis/unified_paper_source/style_docx.py,8913,1781a0f257e8899aa90bb072bac790922963add845271e42ab39d6713977c8de,py,extracted-unique-text,02_derived/zip-text-search-corpus/files/17/1781a0f257e8899aa90bb072bac790922963add845271e42ab39d6713977c8de.py,,pre-rebuild-handoff,instrument-or-code
02_WORKSPACE_SNAPSHOT/Towow_A2A_Research_Handoff_Full_Archive_v1.0(1).zip,Towow_A2A_Research_Handoff_v1.0/full_archive/current_synthesis/unified_paper_source/concept_decision_ledger.csv,5955,196bbb51399a709f8368efb7e96fd417f8844a15cca810bfc8b3e6b8d8764557,csv,extracted-unique-text,02_derived/zip-text-search-corpus/files/19/196bbb51399a709f8368efb7e96fd417f8844a15cca810bfc8b3e6b8d8764557.csv,,pre-rebuild-handoff,evidence-or-decision-ledger
02_WORKSPACE_SNAPSHOT/Towow_A2A_Research_Handoff_Full_Archive_v1.0(1).zip,Towow_A2A_Research_Handoff_v1.0/full_archive/current_synthesis/unified_paper_source/main_docx.md,58615,b107af3120786edbe4b3691ef42d60a65808235e84ec83eda44bce9e5ffabdf9,md,extracted-unique-text,02_derived/zip-text-search-corpus/files/b1/b107af3120786edbe4b3691ef42d60a65808235e84ec83eda44bce9e5ffabdf9.md,,pre-rebuild-handoff,paper-or-monograph
02_WORKSPACE_SNAPSHOT/Towow_A2A_Research_Handoff_Full_Archive_v1.0(1).zip,Towow_A2A_Research_Handoff_v1.0/full_archive/current_synthesis/unified_paper_source/claim_evidence_register.csv,4902,046bbdf4587bacc1ba92e37765c1b81568a3fe30e818e36fda0f6bd760c716b9,csv,extracted-unique-text,02_derived/zip-text-search-corpus/files/04/046bbdf4587bacc1ba92e37765c1b81568a3fe30e818e36fda0f6bd760c716b9.csv,,pre-rebuild-handoff,evidence-or-decision-ledger
02_WORKSPACE_SNAPSHOT/Towow_A2A_Research_Handoff_Full_Archive_v1.0(1).zip,Towow_A2A_Research_Handoff_v1.0/full_archive/current_synthesis/unified_paper_source/references.bib,10382,7c16d11688e54c85b13d8562b8f47c96b5e0dcd9522f4c22363cb4955d691b5a,bib,extracted-unique-text,02_derived/zip-text-search-corpus/files/7c/7c16d11688e54c85b13d8562b8f47c96b5e0dcd9522f4c22363cb4955d691b5a.bib,,pre-rebuild-handoff,paper-or-monograph
02_WORKSPACE_SNAPSHOT/Towow_A2A_Research_Handoff_Full_Archive_v1.0(1).zip,Towow_A2A_Research_Handoff_v1.0/full_archive/current_synthesis/constructive_packet_v1.5_key_files/10_CODEX_BOOTSTRAP_PROMPT.md,5788,e03bacade3ffb6a41efa7df8c70fd02577a769a9b676b8dde89f77df03ec1998,md,extracted-unique-text,02_derived/zip-text-search-corpus/files/e0/e03bacade3ffb6a41efa7df8c70fd02577a769a9b676b8dde89f77df03ec1998.md,,pre-rebuild-handoff,text-source
02_WORKSPACE_SNAPSHOT/Towow_A2A_Research_Handoff_Full_Archive_v1.0(1).zip,Towow_A2A_Research_Handoff_v1.0/full_archive/current_synthesis/constructive_packet_v1.5_key_files/04_FLAGSHIP_CONSTRUCTIVE_RESEARCH_CHARTER.md,3994,6b57460de56446c88337424dcef7ddf3c92cfacc1cc25de64414fd7bba153a98,md,extracted-unique-text,02_derived/zip-text-search-corpus/files/6b/6b57460de56446c88337424dcef7ddf3c92cfacc1cc25de64414fd7bba153a98.md,,pre-rebuild-handoff,text-source
02_WORKSPACE_SNAPSHOT/Towow_A2A_Research_Handoff_Full_Archive_v1.0(1).zip,Towow_A2A_Research_Handoff_v1.0/full_archive/current_synthesis/constructive_packet_v1.5_key_files/08_RESEARCH_DECISION_RULES.md,2864,58e3f3b0388155965f33ce6d9ad397479910925ee99e80d87a112a5c8b8182ba,md,extracted-unique-text,02_derived/zip-text-search-corpus/files/58/58e3f3b0388155965f33ce6d9ad397479910925ee99e80d87a112a5c8b8182ba.md,,pre-rebuild-handoff,text-source
02_WORKSPACE_SNAPSHOT/Towow_A2A_Research_Handoff_Full_Archive_v1.0(1).zip,Towow_A2A_Research_Handoff_v1.0/full_archive/current_synthesis/constructive_packet_v1.5_key_files/05_LOCAL_RESEARCH_MISSION.md,2208,e16be9990f1cb806cadeee1c04cd6f069a92199c4825d04b6420388eeb0018e8,md,extracted-unique-text,02_derived/zip-text-search-corpus/files/e1/e16be9990f1cb806cadeee1c04cd6f069a92199c4825d04b6420388eeb0018e8.md,,pre-rebuild-handoff,research-program
02_WORKSPACE_SNAPSHOT/Towow_A2A_Research_Handoff_Full_Archive_v1.0(1).zip,Towow_A2A_Research_Handoff_v1.0/full_archive/current_synthesis/constructive_packet_v1.5_key_files/11_TASK_SELECTION_SCORECARD.md,1792,b566692a63a78571533e7026d222fe591c0feab753eda98e2b1a22e2e479ae7c,md,extracted-unique-text,02_derived/zip-text-search-corpus/files/b5/b566692a63a78571533e7026d222fe591c0feab753eda98e2b1a22e2e479ae7c.md,,pre-rebuild-handoff,text-source
02_WORKSPACE_SNAPSHOT/Towow_A2A_Research_Handoff_Full_Archive_v1.0(1).zip,Towow_A2A_Research_Handoff_v1.0/full_archive/current_synthesis/constructive_packet_v1.5_key_files/01_CURRENT_SYSTEM_v0.7.2.md,5797,1e62ea94fa0a752e253964d95e7f3ba41eb2c7347764623cf9849c358da4ce7a,md,extracted-unique-text,02_derived/zip-text-search-corpus/files/1e/1e62ea94fa0a752e253964d95e7f3ba41eb2c7347764623cf9849c358da4ce7a.md,,pre-rebuild-handoff,text-source
02_WORKSPACE_SNAPSHOT/Towow_A2A_Research_Handoff_Full_Archive_v1.0(1).zip,Towow_A2A_Research_Handoff_v1.0/full_archive/current_synthesis/constructive_packet_v1.5_key_files/02_DYNAMIC_RESEARCH_MAP.md,3149,e1e2883a5c98fff4fb2b91dbe291de234e4341463c383c68073d028312a27647,md,extracted-unique-text,02_derived/zip-text-search-corpus/files/e1/e1e2883a5c98fff4fb2b91dbe291de234e4341463c383c68073d028312a27647.md,,pre-rebuild-handoff,text-source
02_WORKSPACE_SNAPSHOT/Towow_A2A_Research_Handoff_Full_Archive_v1.0(1).zip,Towow_A2A_Research_Handoff_v1.0/full_archive/current_synthesis/constructive_packet_v1.5_key_files/07_EVIDENCE_AND_CAUSALITY_CONTRACT.md,2915,765630906897d4748dec197b84af5a604778b381b9f89b9af1d1a59399cd3076,md,extracted-unique-text,02_derived/zip-text-search-corpus/files/76/765630906897d4748dec197b84af5a604778b381b9f89b9af1d1a59399cd3076.md,,pre-rebuild-handoff,evidence-or-decision-ledger
02_WORKSPACE_SNAPSHOT/Towow_A2A_Research_Handoff_Full_Archive_v1.0(1).zip,Towow_A2A_Research_Handoff_v1.0/full_archive/current_synthesis/constructive_packet_v1.5_key_files/03_DESIGN_GAP_DECISION_MAP.md,2696,1f01c9e62668b528bcc565ac56dc1347434d3e32681a585751b86b491c6d120f,md,extracted-unique-text,02_derived/zip-text-search-corpus/files/1f/1f01c9e62668b528bcc565ac56dc1347434d3e32681a585751b86b491c6d120f.md,,pre-rebuild-handoff,text-source
02_WORKSPACE_SNAPSHOT/Towow_A2A_Research_Handoff_Full_Archive_v1.0(1).zip,Towow_A2A_Research_Handoff_v1.0/full_archive/current_synthesis/unified_source_package/main.md,55720,dd21711e325de293fa5197e97e8c9dd40b1d6167fb766e6f03d58823874cf3bd,md,extracted-unique-text,02_derived/zip-text-search-corpus/files/dd/dd21711e325de293fa5197e97e8c9dd40b1d6167fb766e6f03d58823874cf3bd.md,,pre-rebuild-handoff,text-source
02_WORKSPACE_SNAPSHOT/Towow_A2A_Research_Handoff_Full_Archive_v1.0(1).zip,Towow_A2A_Research_Handoff_v1.0/full_archive/current_synthesis/unified_source_package/concept_decision_ledger.csv,5955,196bbb51399a709f8368efb7e96fd417f8844a15cca810bfc8b3e6b8d8764557,csv,extracted-unique-text,02_derived/zip-text-search-corpus/files/19/196bbb51399a709f8368efb7e96fd417f8844a15cca810bfc8b3e6b8d8764557.csv,,pre-rebuild-handoff,evidence-or-decision-ledger
02_WORKSPACE_SNAPSHOT/Towow_A2A_Research_Handoff_Full_Archive_v1.0(1).zip,Towow_A2A_Research_Handoff_v1.0/full_archive/current_synthesis/unified_source_package/QA_REPORT.md,1058,c2b89f15399bfb080c5d2981547bad08db24fddc60bdd40161385c919cbde1d7,md,extracted-unique-text,02_derived/zip-text-search-corpus/files/c2/c2b89f15399bfb080c5d2981547bad08db24fddc60bdd40161385c919cbde1d7.md,,pre-rebuild-handoff,qa-or-test
02_WORKSPACE_SNAPSHOT/Towow_A2A_Research_Handoff_Full_Archive_v1.0(1).zip,Towow_A2A_Research_Handoff_v1.0/full_archive/current_synthesis/unified_source_package/README.md,1146,e2f067f78c3cfb264d1e0477ba174c48e887ef70cbb4ae02641d4c0a88baeaea,md,extracted-unique-text,02_derived/zip-text-search-corpus/files/e2/e2f067f78c3cfb264d1e0477ba174c48e887ef70cbb4ae02641d4c0a88baeaea.md,,pre-rebuild-handoff,orientation
02_WORKSPACE_SNAPSHOT/Towow_A2A_Research_Handoff_Full_Archive_v1.0(1).zip,Towow_A2A_Research_Handoff_v1.0/full_archive/current_synthesis/unified_source_package/claim_evidence_register.csv,4902,046bbdf4587bacc1ba92e37765c1b81568a3fe30e818e36fda0f6bd760c716b9,csv,extracted-unique-text,02_derived/zip-text-search-corpus/files/04/046bbdf4587bacc1ba92e37765c1b81568a3fe30e818e36fda0f6bd760c716b9.csv,,pre-rebuild-handoff,evidence-or-decision-ledger
02_WORKSPACE_SNAPSHOT/Towow_A2A_Research_Handoff_Full_Archive_v1.0(1).zip,Towow_A2A_Research_Handoff_v1.0/full_archive/current_synthesis/unified_source_package/references.bib,10382,7c16d11688e54c85b13d8562b8f47c96b5e0dcd9522f4c22363cb4955d691b5a,bib,extracted-unique-text,02_derived/zip-text-search-corpus/files/7c/7c16d11688e54c85b13d8562b8f47c96b5e0dcd9522f4c22363cb4955d691b5a.bib,,pre-rebuild-handoff,text-source
02_WORKSPACE_SNAPSHOT/Towow_A2A_Research_Handoff_Full_Archive_v1.0(1).zip,Towow_A2A_Research_Handoff_v1.0/full_archive/current_synthesis/unified_paper_figures/fig1_problem_stack.dot,1367,a405f790c0a1f7fe240608f17457a007713b07f89553dcea55a6588c0e1ba50a,dot,extracted-unique-text,02_derived/zip-text-search-corpus/files/a4/a405f790c0a1f7fe240608f17457a007713b07f89553dcea55a6588c0e1ba50a.dot,,pre-rebuild-handoff,paper-or-monograph
02_WORKSPACE_SNAPSHOT/Towow_A2A_Research_Handoff_Full_Archive_v1.0(1).zip,Towow_A2A_Research_Handoff_v1.0/full_archive/current_synthesis/unified_paper_figures/fig5_two_regime.dot,991,f1ea42fcb7019704f6b043d466221cc98796f46b1664c2b619ff734183ed2343,dot,extracted-unique-text,02_derived/zip-text-search-corpus/files/f1/f1ea42fcb7019704f6b043d466221cc98796f46b1664c2b619ff734183ed2343.dot,,pre-rebuild-handoff,paper-or-monograph
02_WORKSPACE_SNAPSHOT/Towow_A2A_Research_Handoff_Full_Archive_v1.0(1).zip,Towow_A2A_Research_Handoff_v1.0/full_archive/current_synthesis/unified_paper_figures/fig6_protocol_stack.dot,1310,40dee68e80b0fbf0f5ab14aabafec3c162a911e729f744c5171b242a4a5cc955,dot,extracted-unique-text,02_derived/zip-text-search-corpus/files/40/40dee68e80b0fbf0f5ab14aabafec3c162a911e729f744c5171b242a4a5cc955.dot,,pre-rebuild-handoff,specification-or-protocol
02_WORKSPACE_SNAPSHOT/Towow_A2A_Research_Handoff_Full_Archive_v1.0(1).zip,Towow_A2A_Research_Handoff_v1.0/full_archive/current_synthesis/unified_paper_figures/fig3_formation_loop.dot,1144,09a3d2604b1149257be82b7378f8dab30f4d3c09b6ba4faa5f91ebbd12435b66,dot,extracted-unique-text,02_derived/zip-text-search-corpus/files/09/09a3d2604b1149257be82b7378f8dab30f4d3c09b6ba4faa5f91ebbd12435b66.dot,,pre-rebuild-handoff,paper-or-monograph
02_WORKSPACE_SNAPSHOT/Towow_A2A_Research_Handoff_Full_Archive_v1.0(1).zip,Towow_A2A_Research_Handoff_v1.0/full_archive/current_synthesis/unified_paper_figures/fig7_evidence_ladder.dot,915,8137d0cb8c7ead4e10c04ba709298fa13c72f770ec0de366aff4c398cac4ecdb,dot,extracted-unique-text,02_derived/zip-text-search-corpus/files/81/8137d0cb8c7ead4e10c04ba709298fa13c72f770ec0de366aff4c398cac4ecdb.dot,,pre-rebuild-handoff,evidence-or-decision-ledger
02_WORKSPACE_SNAPSHOT/Towow_A2A_Research_Handoff_Full_Archive_v1.0(1).zip,Towow_A2A_Research_Handoff_v1.0/full_archive/current_synthesis/unified_paper_figures/fig2_planes.dot,2269,8029f694a19a07a81becd92dc6790b06fce96875d0381913f3ce214166205401,dot,extracted-unique-text,02_derived/zip-text-search-corpus/files/80/8029f694a19a07a81becd92dc6790b06fce96875d0381913f3ce214166205401.dot,,pre-rebuild-handoff,paper-or-monograph
02_WORKSPACE_SNAPSHOT/Towow_A2A_Research_Handoff_Full_Archive_v1.0(1).zip,Towow_A2A_Research_Handoff_v1.0/full_archive/current_synthesis/unified_paper_figures/fig4_collapse_boundary.dot,1220,ca34097389f553a05db1a82ea8409a70534e6db47d5fc3fb9da5374d46c68eb8,dot,extracted-unique-text,02_derived/zip-text-search-corpus/files/ca/ca34097389f553a05db1a82ea8409a70534e6db47d5fc3fb9da5374d46c68eb8.dot,,pre-rebuild-handoff,paper-or-monograph
02_WORKSPACE_SNAPSHOT/Towow_A2A_Research_Handoff_Full_Archive_v1.0(1).zip,Towow_A2A_Research_Handoff_v1.0/full_archive/current_synthesis/r5_4_extracted/return-packet/CORE_A2A_EXPERIMENT.md,4255,c39b566e7014c1e37968cd99ae446139966df056d6d57dd9069e9e5e40eccff0,md,extracted-unique-text,02_derived/zip-text-search-corpus/files/c3/c39b566e7014c1e37968cd99ae446139966df056d6d57dd9069e9e5e40eccff0.md,,pre-rebuild-handoff,experiment-or-result
02_WORKSPACE_SNAPSHOT/Towow_A2A_Research_Handoff_Full_Archive_v1.0(1).zip,Towow_A2A_Research_Handoff_v1.0/full_archive/current_synthesis/r5_4_extracted/return-packet/ARCHITECTURE_AND_NET_VALUE.md,3212,d740400b255b5eb27f417ae592144cd4a67d28830af5bebe4b80745535808109,md,extracted-unique-text,02_derived/zip-text-search-corpus/files/d7/d740400b255b5eb27f417ae592144cd4a67d28830af5bebe4b80745535808109.md,,pre-rebuild-handoff,text-source
02_WORKSPACE_SNAPSHOT/Towow_A2A_Research_Handoff_Full_Archive_v1.0(1).zip,Towow_A2A_Research_Handoff_v1.0/full_archive/current_synthesis/r5_4_extracted/return-packet/DECISION_LOG.md,5738,4745826513f915518aafe860de08c542ec31840bde458aa7a690aa312351aded,md,extracted-unique-text,02_derived/zip-text-search-corpus/files/47/4745826513f915518aafe860de08c542ec31840bde458aa7a690aa312351aded.md,,pre-rebuild-handoff,text-source
02_WORKSPACE_SNAPSHOT/Towow_A2A_Research_Handoff_Full_Archive_v1.0(1).zip,Towow_A2A_Research_Handoff_v1.0/full_archive/current_synthesis/r5_4_extracted/return-packet/FORMATION_CAUSALITY.md,3082,882d3eedfa83a49040bc9130bac836230fbff23daf9669530537516750785751,md,extracted-unique-text,02_derived/zip-text-search-corpus/files/88/882d3eedfa83a49040bc9130bac836230fbff23daf9669530537516750785751.md,,pre-rebuild-handoff,text-source
02_WORKSPACE_SNAPSHOT/Towow_A2A_Research_Handoff_Full_Archive_v1.0(1).zip,Towow_A2A_Research_Handoff_v1.0/full_archive/current_synthesis/r5_4_extracted/return-packet/experiments/r5-4-run-001-source-identity/hypothesis.md,2059,de5e75bba90c66fac91152a65b53b3758db6b3b021032cf86e059073cf52480e,md,extracted-unique-text,02_derived/zip-text-search-corpus/files/de/de5e75bba90c66fac91152a65b53b3758db6b3b021032cf86e059073cf52480e.md,,pre-rebuild-handoff,experiment-or-result
02_WORKSPACE_SNAPSHOT/Towow_A2A_Research_Handoff_Full_Archive_v1.0(1).zip,Towow_A2A_Research_Handoff_v1.0/full_archive/current_synthesis/r5_4_extracted/return-packet/experiments/r5-4-run-001-source-identity/preregistration.json,5095,ba9720027f5d95344e553edfb79c0260a0f625fbd430cadbdb8d9b565df817ec,json,extracted-unique-text,02_derived/zip-text-search-corpus/files/ba/ba9720027f5d95344e553edfb79c0260a0f625fbd430cadbdb8d9b565df817ec.json,,pre-rebuild-handoff,experiment-or-result
02_WORKSPACE_SNAPSHOT/Towow_A2A_Research_Handoff_Full_Archive_v1.0(1).zip,Towow_A2A_Research_Handoff_v1.0/full_archive/current_synthesis/r5_4_extracted/return-packet/experiments/r5-4-run-001-source-identity/transcripts/a2a/round6_b/parsed.json,13351,d28d6ec13e885c7a8a3dc213160fddda5ad8aae44f8dbf82ed51d8e54c310607,json,extracted-unique-text,02_derived/zip-text-search-corpus/files/d2/d28d6ec13e885c7a8a3dc213160fddda5ad8aae44f8dbf82ed51d8e54c310607.json,,pre-rebuild-handoff,experiment-or-result
02_WORKSPACE_SNAPSHOT/Towow_A2A_Research_Handoff_Full_Archive_v1.0(1).zip,Towow_A2A_Research_Handoff_v1.0/full_archive/extracted_sources/Towow_A2A_R5_2_Harness_Reality_Transfer_Return_Packet_v1.1/return-packet/code_changes/source-or-patch/changes.patch,5867,94a49fbb4c6eb260d12cba8ef5d2de09fd0ec7a80b34e1ca79446c8e05ee9ea2,patch,extracted-unique-text,02_derived/zip-text-search-corpus/files/94/94a49fbb4c6eb260d12cba8ef5d2de09fd0ec7a80b34e1ca79446c8e05ee9ea2.patch,,pre-rebuild-handoff,text-source
02_WORKSPACE_SNAPSHOT/Towow_A2A_Research_Handoff_Full_Archive_v1.0(1).zip,Towow_A2A_Research_Handoff_v1.0/full_archive/extracted_sources/Towow_A2A_R5_2_Harness_Reality_Transfer_Return_Packet_v1.1/return-packet/code_changes/source-or-patch/harness/tests/unit/test_bg_worktree_poller.py,9853,dfee04276d01710a7236a16d87ac3e5b0ccdd3f0d61b71503d5041a67cc23816,py,extracted-unique-text,02_derived/zip-text-search-corpus/files/df/dfee04276d01710a7236a16d87ac3e5b0ccdd3f0d61b71503d5041a67cc23816.py,,pre-rebuild-handoff,qa-or-test
02_WORKSPACE_SNAPSHOT/Towow_A2A_Research_Handoff_Full_Archive_v1.0(1).zip,Towow_A2A_Research_Handoff_v1.0/full_archive/extracted_sources/Towow_A2A_R5_2_Harness_Reality_Transfer_Return_Packet_v1.1/return-packet/code_changes/source-or-patch/harness/src/towow/l2/bg_worktree_poller.py,8016,7068da03eb1021748cddd44b9dff4aff50e92c115517e91780b7bfbbc1f11c89,py,extracted-unique-text,02_derived/zip-text-search-corpus/files/70/7068da03eb1021748cddd44b9dff4aff50e92c115517e91780b7bfbbc1f11c89.py,,pre-rebuild-handoff,instrument-or-code
02_WORKSPACE_SNAPSHOT/Towow_A2A_Research_Handoff_Full_Archive_v1.0(1).zip,Towow_A2A_Research_Handoff_v1.0/full_archive/extracted_sources/Towow_A2A_R5_2_Harness_Reality_Transfer_Return_Packet_v1.1/return-packet/code_changes/ROLLBACK.md,485,86a87dea55e90eba252ec5a0a5416339348a44c42154698969764cb1be28d1b0,md,extracted-unique-text,02_derived/zip-text-search-corpus/files/86/86a87dea55e90eba252ec5a0a5416339348a44c42154698969764cb1be28d1b0.md,,pre-rebuild-handoff,text-source
02_WORKSPACE_SNAPSHOT/Towow_A2A_Research_Handoff_Full_Archive_v1.0(1).zip,Towow_A2A_Research_Handoff_v1.0/full_archive/extracted_sources/Towow_A2A_R5_2_Harness_Reality_Transfer_Return_Packet_v1.1/return-packet/code_changes/TEST_RESULTS.md,1222,c2db72894222b2bc81247ef3c334b53462408bf5339dbeec781eccd99d4e3294,md,extracted-unique-text,02_derived/zip-text-search-corpus/files/c2/c2db72894222b2bc81247ef3c334b53462408bf5339dbeec781eccd99d4e3294.md,,pre-rebuild-handoff,qa-or-test
02_WORKSPACE_SNAPSHOT/Towow_A2A_Research_Handoff_Full_Archive_v1.0(1).zip,Towow_A2A_Research_Handoff_v1.0/full_archive/extracted_sources/Towow_A2A_R5_2_Harness_Reality_Transfer_Return_Packet_v1.1/return-packet/code_changes/FILE_MAP.md,591,45a3d226693daa8ce0aeeeb60371bc4067d30b359fb02fc43e857579c0dbe834,md,extracted-unique-text,02_derived/zip-text-search-corpus/files/45/45a3d226693daa8ce0aeeeb60371bc4067d30b359fb02fc43e857579c0dbe834.md,,pre-rebuild-handoff,text-source
02_WORKSPACE_SNAPSHOT/Towow_A2A_Research_Handoff_Full_Archive_v1.0(1).zip,Towow_A2A_Research_Handoff_v1.0/full_archive/extracted_sources/Towow_A2A_R5_2_Harness_Reality_Transfer_Return_Packet_v1.1/return-packet/CURRENT_SYSTEM_PATCH.md,2556,37b396f539402433b0e5f2ad8f537cb44265b220d5d41e885de1b6935cde1012,md,extracted-unique-text,02_derived/zip-text-search-corpus/files/37/37b396f539402433b0e5f2ad8f537cb44265b220d5d41e885de1b6935cde1012.md,,pre-rebuild-handoff,text-source
02_WORKSPACE_SNAPSHOT/Towow_A2A_Research_Handoff_Full_Archive_v1.0(1).zip,Towow_A2A_Research_Handoff_v1.0/full_archive/extracted_sources/Towow_A2A_R5_2_Harness_Reality_Transfer_Return_Packet_v1.1/return-packet/NEXT_RESEARCH_ACTIONS.md,1215,aa197408615fdb0141a56acabc88b90975229d7d44b850bacba3a4e2909b59d7,md,extracted-unique-text,02_derived/zip-text-search-corpus/files/aa/aa197408615fdb0141a56acabc88b90975229d7d44b850bacba3a4e2909b59d7.md,,pre-rebuild-handoff,text-source
02_WORKSPACE_SNAPSHOT/Towow_A2A_Research_Handoff_Full_Archive_v1.0(1).zip,Towow_A2A_Research_Handoff_v1.0/full_archive/extracted_sources/Towow_A2A_R5_2_Harness_Reality_Transfer_Return_Packet_v1.1/return-packet/failures/KNOWN_FAILURES.md,1060,56d456767b2ab78bd4f46d9ea3539c4cacaed34712f34a41a7307eaf8ee58dc3,md,extracted-unique-text,02_derived/zip-text-search-corpus/files/56/56d456767b2ab78bd4f46d9ea3539c4cacaed34712f34a41a7307eaf8ee58dc3.md,,pre-rebuild-handoff,text-source
02_WORKSPACE_SNAPSHOT/Towow_A2A_Research_Handoff_Full_Archive_v1.0(1).zip,Towow_A2A_Research_Handoff_v1.0/full_archive/extracted_sources/Towow_A2A_R5_2_Harness_Reality_Transfer_Return_Packet_v1.1/return-packet/failures/SCOPE_EXCLUSION.md,256,f4ff1ca1dbcc652eab71e9567c8cf38777cf0a0e6413869ec0949cac4f62e3af,md,extracted-unique-text,02_derived/zip-text-search-corpus/files/f4/f4ff1ca1dbcc652eab71e9567c8cf38777cf0a0e6413869ec0949cac4f62e3af.md,,pre-rebuild-handoff,text-source
02_WORKSPACE_SNAPSHOT/Towow_A2A_Research_Handoff_Full_Archive_v1.0(1).zip,Towow_A2A_Research_Handoff_v1.0/full_archive/extracted_sources/Towow_A2A_R5_2_Harness_Reality_Transfer_Return_Packet_v1.1/return-packet/RESEARCH_STATE.yaml,4720,cbf1de13d5ee342fea559fd43e2a19213b6aaa116c43e11244f8ab1ca8fde06e,yaml,extracted-unique-text,02_derived/zip-text-search-corpus/files/cb/cbf1de13d5ee342fea559fd43e2a19213b6aaa116c43e11244f8ab1ca8fde06e.yaml,,pre-rebuild-handoff,structured-data
02_WORKSPACE_SNAPSHOT/Towow_A2A_Research_Handoff_Full_Archive_v1.0(1).zip,Towow_A2A_Research_Handoff_v1.0/full_archive/extracted_sources/Towow_A2A_R5_2_Harness_Reality_Transfer_Return_Packet_v1.1/return-packet/future_replication/glm-handoff/SOURCES.md,1977,5408c195ab59ccae2951a661866c448e2512e55baf8485a713c73a44920e5747,md,extracted-unique-text,02_derived/zip-text-search-corpus/files/54/5408c195ab59ccae2951a661866c448e2512e55baf8485a713c73a44920e5747.md,,pre-rebuild-handoff,text-source
02_WORKSPACE_SNAPSHOT/Towow_A2A_Research_Handoff_Full_Archive_v1.0(1).zip,Towow_A2A_Research_Handoff_v1.0/full_archive/extracted_sources/Towow_A2A_R5_2_Harness_Reality_Transfer_Return_Packet_v1.1/return-packet/future_replication/glm-handoff/smoke_chat_completion.py,1566,e77c687950da9ed5c6d3aaf83167b20269442b15c362c43ef8c9f60f978521e5,py,extracted-unique-text,02_derived/zip-text-search-corpus/files/e7/e77c687950da9ed5c6d3aaf83167b20269442b15c362c43ef8c9f60f978521e5.py,,pre-rebuild-handoff,instrument-or-code
02_WORKSPACE_SNAPSHOT/Towow_A2A_Research_Handoff_Full_Archive_v1.0(1).zip,Towow_A2A_Research_Handoff_v1.0/full_archive/extracted_sources/Towow_A2A_R5_2_Harness_Reality_Transfer_Return_Packet_v1.1/return-packet/future_replication/glm-handoff/README.md,4569,fa41d673df1083aa34338b93c8842c0b86b0d8b2f2ff77cce571f752166ef9ac,md,extracted-unique-text,02_derived/zip-text-search-corpus/files/fa/fa41d673df1083aa34338b93c8842c0b86b0d8b2f2ff77cce571f752166ef9ac.md,,pre-rebuild-handoff,orientation
02_WORKSPACE_SNAPSHOT/Towow_A2A_Research_Handoff_Full_Archive_v1.0(1).zip,Towow_A2A_Research_Handoff_v1.0/full_archive/extracted_sources/Towow_A2A_R5_2_Harness_Reality_Transfer_Return_Packet_v1.1/return-packet/future_replication/glm-handoff/launch-claude-glm52.sh,910,f03ca1c97891bb3f4bad32f2c4a41eb2dd94e7d6a229be223bf1bea4075e06fa,sh,extracted-unique-text,02_derived/zip-text-search-corpus/files/f0/f03ca1c97891bb3f4bad32f2c4a41eb2dd94e7d6a229be223bf1bea4075e06fa.sh,,pre-rebuild-handoff,instrument-or-code
02_WORKSPACE_SNAPSHOT/Towow_A2A_Research_Handoff_Full_Archive_v1.0(1).zip,Towow_A2A_Research_Handoff_v1.0/full_archive/extracted_sources/Towow_A2A_R5_2_Harness_Reality_Transfer_Return_Packet_v1.1/return-packet/THEORY_ENGINEERING_CHANGELOG.md,1695,c320344141a7ccc1cff1bb9839009420160d1f645bd4047a04cb9c50bbf6d3ac,md,extracted-unique-text,02_derived/zip-text-search-corpus/files/c3/c320344141a7ccc1cff1bb9839009420160d1f645bd4047a04cb9c50bbf6d3ac.md,,pre-rebuild-handoff,theory
02_WORKSPACE_SNAPSHOT/Towow_A2A_Research_Handoff_Full_Archive_v1.0(1).zip,Towow_A2A_Research_Handoff_v1.0/full_archive/extracted_sources/Towow_A2A_R5_2_Harness_Reality_Transfer_Return_Packet_v1.1/return-packet/DECISION_LOG.md,6314,7a588a29bb34f9ee190c5fd609257468acba3621929a3f2c1673b54354b2f890,md,extracted-unique-text,02_derived/zip-text-search-corpus/files/7a/7a588a29bb34f9ee190c5fd609257468acba3621929a3f2c1673b54354b2f890.md,,pre-rebuild-handoff,text-source
02_WORKSPACE_SNAPSHOT/Towow_A2A_Research_Handoff_Full_Archive_v1.0(1).zip,Towow_A2A_Research_Handoff_v1.0/full_archive/extracted_sources/Towow_A2A_R5_2_Harness_Reality_Transfer_Return_Packet_v1.1/return-packet/manifests/RELOCATION_TEST.json,1498,387fd3a26df1e032a6246c36116bf7a9dc309251424f9bdc066ff9cf413fedb7,json,extracted-unique-text,02_derived/zip-text-search-corpus/files/38/387fd3a26df1e032a6246c36116bf7a9dc309251424f9bdc066ff9cf413fedb7.json,,pre-rebuild-handoff,manifest
02_WORKSPACE_SNAPSHOT/Towow_A2A_Research_Handoff_Full_Archive_v1.0(1).zip,Towow_A2A_Research_Handoff_v1.0/full_archive/extracted_sources/Towow_A2A_R5_2_Harness_Reality_Transfer_Return_Packet_v1.1/return-packet/manifests/MANIFEST.json,23388,20cba7429bd5eb9b91f13236c0ad2ac7388afbf657e8ab1f6b4e528a63dd2278,json,extracted-unique-text,02_derived/zip-text-search-corpus/files/20/20cba7429bd5eb9b91f13236c0ad2ac7388afbf657e8ab1f6b4e528a63dd2278.json,,pre-rebuild-handoff,manifest
02_WORKSPACE_SNAPSHOT/Towow_A2A_Research_Handoff_Full_Archive_v1.0(1).zip,Towow_A2A_Research_Handoff_v1.0/full_archive/extracted_sources/Towow_A2A_R5_2_Harness_Reality_Transfer_Return_Packet_v1.1/return-packet/manifests/REPLAY_TEST.json,628,e6ded5a6662844b89e7ecff6133bfaad4b9fa988c21a39c56f6a5d54935f4263,json,extracted-unique-text,02_derived/zip-text-search-corpus/files/e6/e6ded5a6662844b89e7ecff6133bfaad4b9fa988c21a39c56f6a5d54935f4263.json,,pre-rebuild-handoff,manifest
02_WORKSPACE_SNAPSHOT/Towow_A2A_Research_Handoff_Full_Archive_v1.0(1).zip,Towow_A2A_Research_Handoff_v1.0/full_archive/extracted_sources/Towow_A2A_R5_2_Harness_Reality_Transfer_Return_Packet_v1.1/return-packet/requirements.txt,18,ea2ec52222f29d9cb1e88db678fc7c2b5f5526fa73a0a69c418d871a414735a4,txt,extracted-unique-text,02_derived/zip-text-search-corpus/files/ea/ea2ec52222f29d9cb1e88db678fc7c2b5f5526fa73a0a69c418d871a414735a4.txt,,pre-rebuild-handoff,text-source
02_WORKSPACE_SNAPSHOT/Towow_A2A_Research_Handoff_Full_Archive_v1.0(1).zip,Towow_A2A_Research_Handoff_v1.0/full_archive/extracted_sources/Towow_A2A_R5_2_Harness_Reality_Transfer_Return_Packet_v1.1/return-packet/RETURN_SUMMARY.md,3851,f5c64cb89efc570f871ea72e01cbc2b31b8cdb1d77f7be5666d06b0b9bf549dd,md,extracted-unique-text,02_derived/zip-text-search-corpus/files/f5/f5c64cb89efc570f871ea72e01cbc2b31b8cdb1d77f7be5666d06b0b9bf549dd.md,,pre-rebuild-handoff,text-source
02_WORKSPACE_SNAPSHOT/Towow_A2A_Research_Handoff_Full_Archive_v1.0(1).zip,Towow_A2A_Research_Handoff_v1.0/full_archive/extracted_sources/Towow_A2A_R5_2_Harness_Reality_Transfer_Return_Packet_v1.1/return-packet/ENVIRONMENT_FACTS.json,9014,097b5fd038f7a55ff5eebfcda53bea13c64e439d8abb05c9f5e9fa400613458e,json,extracted-unique-text,02_derived/zip-text-search-corpus/files/09/097b5fd038f7a55ff5eebfcda53bea13c64e439d8abb05c9f5e9fa400613458e.json,,pre-rebuild-handoff,structured-data
02_WORKSPACE_SNAPSHOT/Towow_A2A_Research_Handoff_Full_Archive_v1.0(1).zip,Towow_A2A_Research_Handoff_v1.0/full_archive/extracted_sources/Towow_A2A_R5_2_Harness_Reality_Transfer_Return_Packet_v1.1/return-packet/real_tasks/coordination_baseline_comparison.md,2687,ba945e100d06d9763d34175d25cf17f491b544e202e74aaf36084d5207263e6b,md,extracted-unique-text,02_derived/zip-text-search-corpus/files/ba/ba945e100d06d9763d34175d25cf17f491b544e202e74aaf36084d5207263e6b.md,,pre-rebuild-handoff,text-source
02_WORKSPACE_SNAPSHOT/Towow_A2A_Research_Handoff_Full_Archive_v1.0(1).zip,Towow_A2A_Research_Handoff_v1.0/full_archive/extracted_sources/Towow_A2A_R5_2_Harness_Reality_Transfer_Return_Packet_v1.1/return-packet/CLAIM_EVIDENCE_UPDATE.csv,5935,9465476117aa4bce3658dfd9768d3745312dd8e5865c2bda776454cc00e7006c,csv,extracted-unique-text,02_derived/zip-text-search-corpus/files/94/9465476117aa4bce3658dfd9768d3745312dd8e5865c2bda776454cc00e7006c.csv,,pre-rebuild-handoff,evidence-or-decision-ledger
02_WORKSPACE_SNAPSHOT/Towow_A2A_Research_Handoff_Full_Archive_v1.0(1).zip,Towow_A2A_Research_Handoff_v1.0/full_archive/extracted_sources/Towow_A2A_R5_2_Harness_Reality_Transfer_Return_Packet_v1.1/return-packet/blockers/BLOCKERS.md,514,5df6088d062e89e7fdef3911db82b8092eb1e4b4afd53356d2e10f90267d3801,md,extracted-unique-text,02_derived/zip-text-search-corpus/files/5d/5df6088d062e89e7fdef3911db82b8092eb1e4b4afd53356d2e10f90267d3801.md,,pre-rebuild-handoff,text-source
02_WORKSPACE_SNAPSHOT/Towow_A2A_Research_Handoff_Full_Archive_v1.0(1).zip,Towow_A2A_Research_Handoff_v1.0/full_archive/extracted_sources/Towow_A2A_R5_2_Harness_Reality_Transfer_Return_Packet_v1.1/return-packet/git/status.txt,737,c89a4d8fe62d3d2f0e47ae5ae4ce0c0638c39e9f4cb744bb1fadc879d136546e,txt,extracted-unique-text,02_derived/zip-text-search-corpus/files/c8/c89a4d8fe62d3d2f0e47ae5ae4ce0c0638c39e9f4cb744bb1fadc879d136546e.txt,,pre-rebuild-handoff,text-source
02_WORKSPACE_SNAPSHOT/Towow_A2A_Research_Handoff_Full_Archive_v1.0(1).zip,Towow_A2A_Research_Handoff_v1.0/full_archive/extracted_sources/Towow_A2A_R5_2_Harness_Reality_Transfer_Return_Packet_v1.1/return-packet/git/changes.patch,5867,94a49fbb4c6eb260d12cba8ef5d2de09fd0ec7a80b34e1ca79446c8e05ee9ea2,patch,extracted-unique-text,02_derived/zip-text-search-corpus/files/94/94a49fbb4c6eb260d12cba8ef5d2de09fd0ec7a80b34e1ca79446c8e05ee9ea2.patch,,pre-rebuild-handoff,text-source
02_WORKSPACE_SNAPSHOT/Towow_A2A_Research_Handoff_Full_Archive_v1.0(1).zip,Towow_A2A_Research_Handoff_v1.0/full_archive/extracted_sources/Towow_A2A_R5_2_Harness_Reality_Transfer_Return_Packet_v1.1/return-packet/git/commits.txt,302,c1f90725cbcbb0c19646bbec1a5b306b8b26b4d0836fae1872071b2af968c136,txt,extracted-unique-text,02_derived/zip-text-search-corpus/files/c1/c1f90725cbcbb0c19646bbec1a5b306b8b26b4d0836fae1872071b2af968c136.txt,,pre-rebuild-handoff,text-source
02_WORKSPACE_SNAPSHOT/Towow_A2A_Research_Handoff_Full_Archive_v1.0(1).zip,Towow_A2A_Research_Handoff_v1.0/full_archive/extracted_sources/Towow_A2A_R5_2_Harness_Reality_Transfer_Return_Packet_v1.1/return-packet/git/baseline.txt,449,92fe2d607093f73af174947cbc8af90e66109db038e5eb985209c1deba3ceb1a,txt,extracted-unique-text,02_derived/zip-text-search-corpus/files/92/92fe2d607093f73af174947cbc8af90e66109db038e5eb985209c1deba3ceb1a.txt,,pre-rebuild-handoff,text-source
02_WORKSPACE_SNAPSHOT/Towow_A2A_Research_Handoff_Full_Archive_v1.0(1).zip,Towow_A2A_Research_Handoff_v1.0/full_archive/extracted_sources/Towow_A2A_R5_2_Harness_Reality_Transfer_Return_Packet_v1.1/return-packet/git/final.txt,646,f1bd3152f9161878324aaca26760b7d67cc17bd0860f65b51f6273784e46f096,txt,extracted-unique-text,02_derived/zip-text-search-corpus/files/f1/f1bd3152f9161878324aaca26760b7d67cc17bd0860f65b51f6273784e46f096.txt,,pre-rebuild-handoff,text-source
02_WORKSPACE_SNAPSHOT/Towow_A2A_Research_Handoff_Full_Archive_v1.0(1).zip,Towow_A2A_Research_Handoff_v1.0/full_archive/extracted_sources/Towow_A2A_R5_2_Harness_Reality_Transfer_Return_Packet_v1.1/return-packet/experiments/r5-2-run-001-effect-reality/human_interventions.jsonl,299,d99b8da1a6e346520d753c86c6786affd9774336e120e4bcf4538337b0885d01,jsonl,extracted-unique-text,02_derived/zip-text-search-corpus/files/d9/d99b8da1a6e346520d753c86c6786affd9774336e120e4bcf4538337b0885d01.jsonl,,pre-rebuild-handoff,experiment-or-result
02_WORKSPACE_SNAPSHOT/Towow_A2A_Research_Handoff_Full_Archive_v1.0(1).zip,Towow_A2A_Research_Handoff_v1.0/full_archive/extracted_sources/Towow_A2A_R5_2_Harness_Reality_Transfer_Return_Packet_v1.1/return-packet/experiments/r5-2-run-001-effect-reality/outputs/scenario_matrix.csv,5261,98ea6dbc0567085d2e31aba9ef77ccf1ac7613db8a04ea7681fa2d3f25dc178b,csv,extracted-unique-text,02_derived/zip-text-search-corpus/files/98/98ea6dbc0567085d2e31aba9ef77ccf1ac7613db8a04ea7681fa2d3f25dc178b.csv,,pre-rebuild-handoff,experiment-or-result
02_WORKSPACE_SNAPSHOT/Towow_A2A_Research_Handoff_Full_Archive_v1.0(1).zip,Towow_A2A_Research_Handoff_v1.0/full_archive/extracted_sources/Towow_A2A_R5_2_Harness_Reality_Transfer_Return_Packet_v1.1/return-packet/experiments/r5-2-run-001-effect-reality/boundary_and_disclosure.json,691,c7c1712b6d089b8e9523d193920fd27917c81b306538a4ac2c73cd6de7d6f1f4,json,extracted-unique-text,02_derived/zip-text-search-corpus/files/c7/c7c1712b6d089b8e9523d193920fd27917c81b306538a4ac2c73cd6de7d6f1f4.json,,pre-rebuild-handoff,experiment-or-result
02_WORKSPACE_SNAPSHOT/Towow_A2A_Research_Handoff_Full_Archive_v1.0(1).zip,Towow_A2A_Research_Handoff_v1.0/full_archive/extracted_sources/Towow_A2A_R5_2_Harness_Reality_Transfer_Return_Packet_v1.1/return-packet/experiments/r5-2-run-001-effect-reality/traces/poller-suite-final.json,831,0f7486372631d109148d46f3a48d5cbd943c61a26bffe00849f6ea774428ace7,json,extracted-unique-text,02_derived/zip-text-search-corpus/files/0f/0f7486372631d109148d46f3a48d5cbd943c61a26bffe00849f6ea774428ace7.json,,pre-rebuild-handoff,experiment-or-result
02_WORKSPACE_SNAPSHOT/Towow_A2A_Research_Handoff_Full_Archive_v1.0(1).zip,Towow_A2A_Research_Handoff_v1.0/full_archive/extracted_sources/Towow_A2A_R5_2_Harness_Reality_Transfer_Return_Packet_v1.1/return-packet/experiments/r5-2-run-001-effect-reality/traces/ruff-final.json,461,50566e3c07dd62254012754dee570db413499474d223ac6519edc01a47aaaf1a,json,extracted-unique-text,02_derived/zip-text-search-corpus/files/50/50566e3c07dd62254012754dee570db413499474d223ac6519edc01a47aaaf1a.json,,pre-rebuild-handoff,experiment-or-result
02_WORKSPACE_SNAPSHOT/Towow_A2A_Research_Handoff_Full_Archive_v1.0(1).zip,Towow_A2A_Research_Handoff_v1.0/full_archive/extracted_sources/Towow_A2A_R5_2_Harness_Reality_Transfer_Return_Packet_v1.1/return-packet/experiments/r5-2-run-001-effect-reality/traces/poller-eventlog-readback-baseline-attempt2.json,3938,e0acb3278e6680a8bee752cd3d977f6573ca20a645357b47dcf63495a5b9de81,json,extracted-unique-text,02_derived/zip-text-search-corpus/files/e0/e0acb3278e6680a8bee752cd3d977f6573ca20a645357b47dcf63495a5b9de81.json,,pre-rebuild-handoff,experiment-or-result
02_WORKSPACE_SNAPSHOT/Towow_A2A_Research_Handoff_Full_Archive_v1.0(1).zip,Towow_A2A_Research_Handoff_v1.0/full_archive/extracted_sources/Towow_A2A_R5_2_Harness_Reality_Transfer_Return_Packet_v1.1/return-packet/experiments/r5-2-run-001-effect-reality/traces/mypy-final.json,596,4b42548802d346605deb15debfcd80d8bf444728f6d1fec5270c56fa32f8d6ca,json,extracted-unique-text,02_derived/zip-text-search-corpus/files/4b/4b42548802d346605deb15debfcd80d8bf444728f6d1fec5270c56fa32f8d6ca.json,,pre-rebuild-handoff,experiment-or-result
02_WORKSPACE_SNAPSHOT/Towow_A2A_Research_Handoff_Full_Archive_v1.0(1).zip,Towow_A2A_Research_Handoff_v1.0/full_archive/extracted_sources/Towow_A2A_R5_2_Harness_Reality_Transfer_Return_Packet_v1.1/return-packet/experiments/r5-2-run-001-effect-reality/traces/poller-eventlog-readback-baseline.json,962,369d49f8cb7c1af8fa9740e5ebb786697f9aff1328ebb53520f47951671cfa91,json,extracted-unique-text,02_derived/zip-text-search-corpus/files/36/369d49f8cb7c1af8fa9740e5ebb786697f9aff1328ebb53520f47951671cfa91.json,,pre-rebuild-handoff,experiment-or-result
02_WORKSPACE_SNAPSHOT/Towow_A2A_Research_Handoff_Full_Archive_v1.0(1).zip,Towow_A2A_Research_Handoff_v1.0/full_archive/extracted_sources/Towow_A2A_R5_2_Harness_Reality_Transfer_Return_Packet_v1.1/return-packet/experiments/r5-2-run-001-effect-reality/traces/poller-suite-fixed.json,832,85fd969c21e578891b4c0f4be42d3d23e00009e1a5bb9f58a2c6ab1d0d275a01,json,extracted-unique-text,02_derived/zip-text-search-corpus/files/85/85fd969c21e578891b4c0f4be42d3d23e00009e1a5bb9f58a2c6ab1d0d275a01.json,,pre-rebuild-handoff,experiment-or-result
02_WORKSPACE_SNAPSHOT/Towow_A2A_Research_Handoff_Full_Archive_v1.0(1).zip,Towow_A2A_Research_Handoff_v1.0/full_archive/extracted_sources/Towow_A2A_R5_2_Harness_Reality_Transfer_Return_Packet_v1.1/return-packet/experiments/r5-2-run-001-effect-reality/traces/eventlog-regression-suite.json,935,55430f6a2451c78a0bc3c5ec6d5d07a0101c9e0b75af36839cac31d532f0ad78,json,extracted-unique-text,02_derived/zip-text-search-corpus/files/55/55430f6a2451c78a0bc3c5ec6d5d07a0101c9e0b75af36839cac31d532f0ad78.json,,pre-rebuild-handoff,experiment-or-result
02_WORKSPACE_SNAPSHOT/Towow_A2A_Research_Handoff_Full_Archive_v1.0(1).zip,Towow_A2A_Research_Handoff_v1.0/full_archive/extracted_sources/Towow_A2A_R5_2_Harness_Reality_Transfer_Return_Packet_v1.1/return-packet/experiments/r5-2-run-001-effect-reality/traces/poller-eventlog-readback-fixed-target.json,886,bb23849c9d14846e59bd359fff4f6704b3ab6f39baeebabaf6267baba1bd57f3,json,extracted-unique-text,02_derived/zip-text-search-corpus/files/bb/bb23849c9d14846e59bd359fff4f6704b3ab6f39baeebabaf6267baba1bd57f3.json,,pre-rebuild-handoff,experiment-or-result
02_WORKSPACE_SNAPSHOT/Towow_A2A_Research_Handoff_Full_Archive_v1.0(1).zip,Towow_A2A_Research_Handoff_v1.0/full_archive/extracted_sources/Towow_A2A_R5_2_Harness_Reality_Transfer_Return_Packet_v1.1/return-packet/experiments/r5-2-run-001-effect-reality/analysis.md,5671,4d7087c58f96a463e730dbb84cc3b5d4be817efa237dad4bbc598978e3e61171,md,extracted-unique-text,02_derived/zip-text-search-corpus/files/4d/4d7087c58f96a463e730dbb84cc3b5d4be817efa237dad4bbc598978e3e61171.md,,pre-rebuild-handoff,experiment-or-result
02_WORKSPACE_SNAPSHOT/Towow_A2A_Research_Handoff_Full_Archive_v1.0(1).zip,Towow_A2A_Research_Handoff_v1.0/full_archive/extracted_sources/Towow_A2A_R5_2_Harness_Reality_Transfer_Return_Packet_v1.1/return-packet/experiments/r5-2-run-001-effect-reality/hypothesis.md,6438,3cc4ccda281ed82012af7949f34ebea958b4c3e32a315b7ec328be39258aacd1,md,extracted-unique-text,02_derived/zip-text-search-corpus/files/3c/3cc4ccda281ed82012af7949f34ebea958b4c3e32a315b7ec328be39258aacd1.md,,pre-rebuild-handoff,experiment-or-result
02_WORKSPACE_SNAPSHOT/Towow_A2A_Research_Handoff_Full_Archive_v1.0(1).zip,Towow_A2A_Research_Handoff_v1.0/full_archive/extracted_sources/Towow_A2A_R5_2_Harness_Reality_Transfer_Return_Packet_v1.1/return-packet/experiments/r5-2-run-001-effect-reality/inputs/transfer_case_preregistration.json,2868,8da43b22c3a5c7a07deee3c478774d695712e3392b4575f995de8687c495c0bf,json,extracted-unique-text,02_derived/zip-text-search-corpus/files/8d/8da43b22c3a5c7a07deee3c478774d695712e3392b4575f995de8687c495c0bf.json,,pre-rebuild-handoff,experiment-or-result
02_WORKSPACE_SNAPSHOT/Towow_A2A_Research_Handoff_Full_Archive_v1.0(1).zip,Towow_A2A_Research_Handoff_v1.0/full_archive/extracted_sources/Towow_A2A_R5_2_Harness_Reality_Transfer_Return_Packet_v1.1/return-packet/experiments/r5-2-run-001-effect-reality/costs.json,549,828e0377ad64db42f7a32d01ef7229b52a2ccf9cec78d2d4d381b602655d4a72,json,extracted-unique-text,02_derived/zip-text-search-corpus/files/82/828e0377ad64db42f7a32d01ef7229b52a2ccf9cec78d2d4d381b602655d4a72.json,,pre-rebuild-handoff,experiment-or-result
02_WORKSPACE_SNAPSHOT/Towow_A2A_Research_Handoff_Full_Archive_v1.0(1).zip,Towow_A2A_Research_Handoff_v1.0/full_archive/extracted_sources/Towow_A2A_R5_2_Harness_Reality_Transfer_Return_Packet_v1.1/return-packet/experiments/r5-2-run-001-effect-reality/run.json,8062,986666b1370ce618a556525d8ce1deb6a3388d53676bc794df34239709306cee,json,extracted-unique-text,02_derived/zip-text-search-corpus/files/98/986666b1370ce618a556525d8ce1deb6a3388d53676bc794df34239709306cee.json,,pre-rebuild-handoff,experiment-or-result
02_WORKSPACE_SNAPSHOT/Towow_A2A_Research_Handoff_Full_Archive_v1.0(1).zip,Towow_A2A_Research_Handoff_v1.0/full_archive/extracted_sources/Towow_A2A_R5_2_Harness_Reality_Transfer_Return_Packet_v1.1/return-packet/experiments/r5-2-run-002-capability-holdout/human_interventions.jsonl,358,548e69e2bda1787c05c5e0c47d1825802659a2c92d7282451299cc70f9d01d02,jsonl,extracted-unique-text,02_derived/zip-text-search-corpus/files/54/548e69e2bda1787c05c5e0c47d1825802659a2c92d7282451299cc70f9d01d02.jsonl,,pre-rebuild-handoff,experiment-or-result
02_WORKSPACE_SNAPSHOT/Towow_A2A_Research_Handoff_Full_Archive_v1.0(1).zip,Towow_A2A_Research_Handoff_v1.0/full_archive/extracted_sources/Towow_A2A_R5_2_Harness_Reality_Transfer_Return_Packet_v1.1/return-packet/experiments/r5-2-run-002-capability-holdout/outputs/scorecard.csv,2102,484cabaf8d2eca5281a7a9afe5beaa7abc159b1d53b1aa7b295ff96e827b7dbe,csv,extracted-unique-text,02_derived/zip-text-search-corpus/files/48/484cabaf8d2eca5281a7a9afe5beaa7abc159b1d53b1aa7b295ff96e827b7dbe.csv,,pre-rebuild-handoff,experiment-or-result
02_WORKSPACE_SNAPSHOT/Towow_A2A_Research_Handoff_Full_Archive_v1.0(1).zip,Towow_A2A_Research_Handoff_v1.0/full_archive/extracted_sources/Towow_A2A_R5_2_Harness_Reality_Transfer_Return_Packet_v1.1/return-packet/experiments/r5-2-run-002-capability-holdout/boundary_and_disclosure.json,582,d070cd54b97712ccdcfe18b2d5a07fdc9d1d4565248cadf577a03f60c085c782,json,extracted-unique-text,02_derived/zip-text-search-corpus/files/d0/d070cd54b97712ccdcfe18b2d5a07fdc9d1d4565248cadf577a03f60c085c782.json,,pre-rebuild-handoff,experiment-or-result
02_WORKSPACE_SNAPSHOT/Towow_A2A_Research_Handoff_Full_Archive_v1.0(1).zip,Towow_A2A_Research_Handoff_v1.0/full_archive/extracted_sources/Towow_A2A_R5_2_Harness_Reality_Transfer_Return_Packet_v1.1/return-packet/experiments/r5-2-run-002-capability-holdout/traces/cap-test-04-escalation-reflow.json,75776,b96492bd50ea850fecf0d95d59c07a58bfcbe6939a216e06191decd710e0ea74,json,extracted-unique-text,02_derived/zip-text-search-corpus/files/b9/b96492bd50ea850fecf0d95d59c07a58bfcbe6939a216e06191decd710e0ea74.json,,pre-rebuild-handoff,qa-or-test
02_WORKSPACE_SNAPSHOT/Towow_A2A_Research_Handoff_Full_Archive_v1.0(1).zip,Towow_A2A_Research_Handoff_v1.0/full_archive/extracted_sources/Towow_A2A_R5_2_Harness_Reality_Transfer_Return_Packet_v1.1/return-packet/experiments/r5-2-run-002-capability-holdout/traces/cap-test-03-fork-timeout-retry-attempt2.json,859,5b111e3ce282b9b2e73d2b59a6ba6aef5e8572ac18c8157f5f8130e7221ae71c,json,extracted-unique-text,02_derived/zip-text-search-corpus/files/5b/5b111e3ce282b9b2e73d2b59a6ba6aef5e8572ac18c8157f5f8130e7221ae71c.json,,pre-rebuild-handoff,qa-or-test
02_WORKSPACE_SNAPSHOT/Towow_A2A_Research_Handoff_Full_Archive_v1.0(1).zip,Towow_A2A_Research_Handoff_v1.0/full_archive/extracted_sources/Towow_A2A_R5_2_Harness_Reality_Transfer_Return_Packet_v1.1/return-packet/experiments/r5-2-run-002-capability-holdout/traces/cap-test-04-escalation-reflow-attempt3.json,865,98b45c6e94551cf822e7d72d341599dc070ceb3f285176b9dddcceb21e23ae63,json,extracted-unique-text,02_derived/zip-text-search-corpus/files/98/98b45c6e94551cf822e7d72d341599dc070ceb3f285176b9dddcceb21e23ae63.json,,pre-rebuild-handoff,qa-or-test
02_WORKSPACE_SNAPSHOT/Towow_A2A_Research_Handoff_Full_Archive_v1.0(1).zip,Towow_A2A_Research_Handoff_v1.0/full_archive/extracted_sources/Towow_A2A_R5_2_Harness_Reality_Transfer_Return_Packet_v1.1/return-packet/experiments/r5-2-run-002-capability-holdout/traces/cap-test-05-index-freshness.json,1301,20305eb8eef1a8d2b61192e3020eed3f545cb9d48d970f74fb6b7ea3f416a628,json,extracted-unique-text,02_derived/zip-text-search-corpus/files/20/20305eb8eef1a8d2b61192e3020eed3f545cb9d48d970f74fb6b7ea3f416a628.json,,pre-rebuild-handoff,qa-or-test
02_WORKSPACE_SNAPSHOT/Towow_A2A_Research_Handoff_Full_Archive_v1.0(1).zip,Towow_A2A_Research_Handoff_v1.0/full_archive/extracted_sources/Towow_A2A_R5_2_Harness_Reality_Transfer_Return_Packet_v1.1/return-packet/experiments/r5-2-run-002-capability-holdout/traces/cap-test-03-fork-timeout-retry.json,5204,709da0478c07557967aa7d0408dbd4637b5c52197111b883f3f8342d81f28a1f,json,extracted-unique-text,02_derived/zip-text-search-corpus/files/70/709da0478c07557967aa7d0408dbd4637b5c52197111b883f3f8342d81f28a1f.json,,pre-rebuild-handoff,qa-or-test
02_WORKSPACE_SNAPSHOT/Towow_A2A_Research_Handoff_Full_Archive_v1.0(1).zip,Towow_A2A_Research_Handoff_v1.0/full_archive/extracted_sources/Towow_A2A_R5_2_Harness_Reality_Transfer_Return_Packet_v1.1/return-packet/experiments/r5-2-run-002-capability-holdout/traces/cap-test-06-semantic-toctou.json,861,216bf5a318b7431324ba75f4d695f7e0d56d86468bc372833d0aab9b349bb491,json,extracted-unique-text,02_derived/zip-text-search-corpus/files/21/216bf5a318b7431324ba75f4d695f7e0d56d86468bc372833d0aab9b349bb491.json,,pre-rebuild-handoff,qa-or-test
02_WORKSPACE_SNAPSHOT/Towow_A2A_Research_Handoff_Full_Archive_v1.0(1).zip,Towow_A2A_Research_Handoff_v1.0/full_archive/extracted_sources/Towow_A2A_R5_2_Harness_Reality_Transfer_Return_Packet_v1.1/return-packet/experiments/r5-2-run-002-capability-holdout/traces/cap-env-02-unqualified-shared-venv.json,536,eb0eb36d3fe6c916d2e56c3b7b7c82c3285fe92d7d6dc580e30bb42ddc4c42f9,json,extracted-unique-text,02_derived/zip-text-search-corpus/files/eb/eb0eb36d3fe6c916d2e56c3b7b7c82c3285fe92d7d6dc580e30bb42ddc4c42f9.json,,pre-rebuild-handoff,experiment-or-result
02_WORKSPACE_SNAPSHOT/Towow_A2A_Research_Handoff_Full_Archive_v1.0(1).zip,Towow_A2A_Research_Handoff_v1.0/full_archive/extracted_sources/Towow_A2A_R5_2_Harness_Reality_Transfer_Return_Packet_v1.1/return-packet/experiments/r5-2-run-002-capability-holdout/traces/cap-test-04-escalation-reflow-attempt2.json,73283,1fd670abb2eab65c19c3af73e6262db8ba853464a5218d9e8fff8d074af40285,json,extracted-unique-text,02_derived/zip-text-search-corpus/files/1f/1fd670abb2eab65c19c3af73e6262db8ba853464a5218d9e8fff8d074af40285.json,,pre-rebuild-handoff,qa-or-test
02_WORKSPACE_SNAPSHOT/Towow_A2A_Research_Handoff_Full_Archive_v1.0(1).zip,Towow_A2A_Research_Handoff_v1.0/full_archive/extracted_sources/Towow_A2A_R5_2_Harness_Reality_Transfer_Return_Packet_v1.1/return-packet/experiments/r5-2-run-002-capability-holdout/traces/cap-env-01-explicit-worktree-import.json,610,d8218d4928fe46f0827b9ac2ea69c33df47f25528449a2e6efa95f877316a01a,json,extracted-unique-text,02_derived/zip-text-search-corpus/files/d8/d8218d4928fe46f0827b9ac2ea69c33df47f25528449a2e6efa95f877316a01a.json,,pre-rebuild-handoff,experiment-or-result
02_WORKSPACE_SNAPSHOT/Towow_A2A_Research_Handoff_Full_Archive_v1.0(1).zip,Towow_A2A_Research_Handoff_v1.0/full_archive/extracted_sources/Towow_A2A_R5_2_Harness_Reality_Transfer_Return_Packet_v1.1/return-packet/experiments/r5-2-run-002-capability-holdout/analysis.md,3961,12bf20bc6fa0d7a9afc76f6cd9bd819723f55df4c2c9d6c73d2f04deec7385f9,md,extracted-unique-text,02_derived/zip-text-search-corpus/files/12/12bf20bc6fa0d7a9afc76f6cd9bd819723f55df4c2c9d6c73d2f04deec7385f9.md,,pre-rebuild-handoff,experiment-or-result
02_WORKSPACE_SNAPSHOT/Towow_A2A_Research_Handoff_Full_Archive_v1.0(1).zip,Towow_A2A_Research_Handoff_v1.0/full_archive/extracted_sources/Towow_A2A_R5_2_Harness_Reality_Transfer_Return_Packet_v1.1/return-packet/experiments/r5-2-run-002-capability-holdout/hypothesis.md,2863,621bb9e5575df1c4f957d049a1ae7adb6932bca2420ff950d65a8832c3769ab4,md,extracted-unique-text,02_derived/zip-text-search-corpus/files/62/621bb9e5575df1c4f957d049a1ae7adb6932bca2420ff950d65a8832c3769ab4.md,,pre-rebuild-handoff,experiment-or-result
02_WORKSPACE_SNAPSHOT/Towow_A2A_Research_Handoff_Full_Archive_v1.0(1).zip,Towow_A2A_Research_Handoff_v1.0/full_archive/extracted_sources/Towow_A2A_R5_2_Harness_Reality_Transfer_Return_Packet_v1.1/return-packet/experiments/r5-2-run-002-capability-holdout/inputs/predictions_before.json,3794,0d3f7fd77de02bde83b46c04ae012aebbf334c49b07c700ae0aceaee43a6034e,json,extracted-unique-text,02_derived/zip-text-search-corpus/files/0d/0d3f7fd77de02bde83b46c04ae012aebbf334c49b07c700ae0aceaee43a6034e.json,,pre-rebuild-handoff,experiment-or-result
02_WORKSPACE_SNAPSHOT/Towow_A2A_Research_Handoff_Full_Archive_v1.0(1).zip,Towow_A2A_Research_Handoff_v1.0/full_archive/extracted_sources/Towow_A2A_R5_2_Harness_Reality_Transfer_Return_Packet_v1.1/return-packet/experiments/r5-2-run-002-capability-holdout/costs.json,426,b67b19450226dd36cae218a5c5a2f4c35ee1cf343023d9f69cbe5906e4893512,json,extracted-unique-text,02_derived/zip-text-search-corpus/files/b6/b67b19450226dd36cae218a5c5a2f4c35ee1cf343023d9f69cbe5906e4893512.json,,pre-rebuild-handoff,experiment-or-result
02_WORKSPACE_SNAPSHOT/Towow_A2A_Research_Handoff_Full_Archive_v1.0(1).zip,Towow_A2A_Research_Handoff_v1.0/full_archive/extracted_sources/Towow_A2A_R5_2_Harness_Reality_Transfer_Return_Packet_v1.1/return-packet/experiments/r5-2-run-002-capability-holdout/run.json,7142,1c24567aebf82f98e187672982f996cfacfaef33692cb89daee258aca08f2f56,json,extracted-unique-text,02_derived/zip-text-search-corpus/files/1c/1c24567aebf82f98e187672982f996cfacfaef33692cb89daee258aca08f2f56.json,,pre-rebuild-handoff,experiment-or-result
02_WORKSPACE_SNAPSHOT/Towow_A2A_Research_Handoff_Full_Archive_v1.0(1).zip,Towow_A2A_Research_Handoff_v1.0/full_archive/extracted_sources/Towow_A2A_R5_2_Harness_Reality_Transfer_Return_Packet_v1.1/return-packet/schemas/evidence_item.schema.json,2333,955b4fbad513d0445d5ece3896880ac71eb8028b76f999455cf3aeeb7935b6d9,json,extracted-unique-text,02_derived/zip-text-search-corpus/files/95/955b4fbad513d0445d5ece3896880ac71eb8028b76f999455cf3aeeb7935b6d9.json,,pre-rebuild-handoff,evidence-or-decision-ledger
02_WORKSPACE_SNAPSHOT/Towow_A2A_Research_Handoff_Full_Archive_v1.0(1).zip,Towow_A2A_Research_Handoff_v1.0/full_archive/extracted_sources/Towow_A2A_R5_2_Harness_Reality_Transfer_Return_Packet_v1.1/return-packet/schemas/experiment_record.schema.json,5082,a87069927efdce6f2ee366c44aff946041bbf73bad99a866b3b9df8e61601b76,json,extracted-unique-text,02_derived/zip-text-search-corpus/files/a8/a87069927efdce6f2ee366c44aff946041bbf73bad99a866b3b9df8e61601b76.json,,pre-rebuild-handoff,experiment-or-result
02_WORKSPACE_SNAPSHOT/Towow_A2A_Research_Handoff_Full_Archive_v1.0(1).zip,Towow_A2A_Research_Handoff_v1.0/full_archive/extracted_sources/Towow_A2A_R5_2_Harness_Reality_Transfer_Return_Packet_v1.1/return-packet/schemas/return_packet_manifest.schema.json,3305,3c1ee6d801d7ce70ae10c55a7f69444e1cfc0700fc2ddea9a65e0855f89505b4,json,extracted-unique-text,02_derived/zip-text-search-corpus/files/3c/3c1ee6d801d7ce70ae10c55a7f69444e1cfc0700fc2ddea9a65e0855f89505b4.json,,pre-rebuild-handoff,manifest
02_WORKSPACE_SNAPSHOT/Towow_A2A_Research_Handoff_Full_Archive_v1.0(1).zip,Towow_A2A_Research_Handoff_v1.0/full_archive/extracted_sources/Towow_A2A_R5_2_Harness_Reality_Transfer_Return_Packet_v1.1/return-packet/independent_reviews/effect-reality-independent-review.md,2162,d1ee7421e9cf3a396c2afb8722318521f53b05ac19b70549853f6ed41fc75985,md,extracted-unique-text,02_derived/zip-text-search-corpus/files/d1/d1ee7421e9cf3a396c2afb8722318521f53b05ac19b70549853f6ed41fc75985.md,,pre-rebuild-handoff,interaction-or-review
02_WORKSPACE_SNAPSHOT/Towow_A2A_Research_Handoff_Full_Archive_v1.0(1).zip,Towow_A2A_Research_Handoff_v1.0/full_archive/extracted_sources/Towow_A2A_R5_2_Harness_Reality_Transfer_Return_Packet_v1.1/return-packet/independent_reviews/return-packet-contract-review.md,1738,67ce4e3d1da79d68031b1c977beae543c4cd200346892e875a82f46f464da66a,md,extracted-unique-text,02_derived/zip-text-search-corpus/files/67/67ce4e3d1da79d68031b1c977beae543c4cd200346892e875a82f46f464da66a.md,,pre-rebuild-handoff,interaction-or-review
02_WORKSPACE_SNAPSHOT/Towow_A2A_Research_Handoff_Full_Archive_v1.0(1).zip,Towow_A2A_Research_Handoff_v1.0/full_archive/extracted_sources/Towow_A2A_R5_2_Harness_Reality_Transfer_Return_Packet_v1.1/return-packet/tools/recompute_research_metrics.py,4087,563a05fd248ed7bd716ae085de40093fc22eb4ea0cca7649b6bdb05d4fb7c7fc,py,extracted-unique-text,02_derived/zip-text-search-corpus/files/56/563a05fd248ed7bd716ae085de40093fc22eb4ea0cca7649b6bdb05d4fb7c7fc.py,,pre-rebuild-handoff,instrument-or-code
02_WORKSPACE_SNAPSHOT/Towow_A2A_Research_Handoff_Full_Archive_v1.0(1).zip,Towow_A2A_Research_Handoff_v1.0/full_archive/extracted_sources/Towow_A2A_R5_2_Harness_Reality_Transfer_Return_Packet_v1.1/return-packet/tools/portable_return_verifier.py,6551,4a79f7f92d5484a237836b2c369e9d7b837bb9447bc1c7f882981e089877d0e3,py,extracted-unique-text,02_derived/zip-text-search-corpus/files/4a/4a79f7f92d5484a237836b2c369e9d7b837bb9447bc1c7f882981e089877d0e3.py,,pre-rebuild-handoff,instrument-or-code
02_WORKSPACE_SNAPSHOT/Towow_A2A_Research_Handoff_Full_Archive_v1.0(1).zip,Towow_A2A_Research_Handoff_v1.0/full_archive/extracted_sources/Towow_A2A_R5_2_Harness_Reality_Transfer_Return_Packet_v1.1/return-packet/tools/build_manifest.py,5680,48492779fa2e3aedc6abfffbe75ca8d8a383fe65c6b42b98111a279712a2820f,py,extracted-unique-text,02_derived/zip-text-search-corpus/files/48/48492779fa2e3aedc6abfffbe75ca8d8a383fe65c6b42b98111a279712a2820f.py,,pre-rebuild-handoff,manifest
02_WORKSPACE_SNAPSHOT/Towow_A2A_Research_Handoff_Full_Archive_v1.0(1).zip,Towow_A2A_Research_Handoff_v1.0/full_archive/extracted_sources/ΘÇÜτê╗_A2A_τ¼¼Σ║îΦ╜«τáöτ⌐╢_σ«îµò┤τáöτ⌐╢σîà(1)/towow_round2_release/reference_engine/tests/test_core.py,2505,6bd73a4e72add474c303300c1757bf27a1e5e613f5cb896793e5b1061ab510f4,py,extracted-unique-text,02_derived/zip-text-search-corpus/files/6b/6bd73a4e72add474c303300c1757bf27a1e5e613f5cb896793e5b1061ab510f4.py,,pre-rebuild-handoff,qa-or-test
02_WORKSPACE_SNAPSHOT/Towow_A2A_Research_Handoff_Full_Archive_v1.0(1).zip,Towow_A2A_Research_Handoff_v1.0/full_archive/extracted_sources/ΘÇÜτê╗_A2A_τ¼¼Σ║îΦ╜«τáöτ⌐╢_σ«îµò┤τáöτ⌐╢σîà(1)/towow_round2_release/reference_engine/towow_sjac/trust.py,4083,cca1bda4b019564f5e3ee3abda7c9645a4fa835700d1ec6fbb9c85ec3aa83f7f,py,extracted-unique-text,02_derived/zip-text-search-corpus/files/cc/cca1bda4b019564f5e3ee3abda7c9645a4fa835700d1ec6fbb9c85ec3aa83f7f.py,,pre-rebuild-handoff,instrument-or-code
02_WORKSPACE_SNAPSHOT/Towow_A2A_Research_Handoff_Full_Archive_v1.0(1).zip,Towow_A2A_Research_Handoff_v1.0/full_archive/extracted_sources/ΘÇÜτê╗_A2A_τ¼¼Σ║îΦ╜«τáöτ⌐╢_σ«îµò┤τáöτ⌐╢σîà(1)/towow_round2_release/reference_engine/towow_sjac/models.py,5777,e55bc4db4a9fd3c604f558425bdbd954bea322a2f9c1c2420f71d5ecbacc7776,py,extracted-unique-text,02_derived/zip-text-search-corpus/files/e5/e55bc4db4a9fd3c604f558425bdbd954bea322a2f9c1c2420f71d5ecbacc7776.py,,pre-rebuild-handoff,instrument-or-code
02_WORKSPACE_SNAPSHOT/Towow_A2A_Research_Handoff_Full_Archive_v1.0(1).zip,Towow_A2A_Research_Handoff_v1.0/full_archive/extracted_sources/ΘÇÜτê╗_A2A_τ¼¼Σ║îΦ╜«τáöτ⌐╢_σ«îµò┤τáöτ⌐╢σîà(1)/towow_round2_release/reference_engine/towow_sjac/events.py,1996,07024ae55b64bf526034859e72a1703dcdee7988b42cab9aeca8e23c9324ccd8,py,extracted-unique-text,02_derived/zip-text-search-corpus/files/07/07024ae55b64bf526034859e72a1703dcdee7988b42cab9aeca8e23c9324ccd8.py,,pre-rebuild-handoff,instrument-or-code
02_WORKSPACE_SNAPSHOT/Towow_A2A_Research_Handoff_Full_Archive_v1.0(1).zip,Towow_A2A_Research_Handoff_v1.0/full_archive/extracted_sources/ΘÇÜτê╗_A2A_τ¼¼Σ║îΦ╜«τáöτ⌐╢_σ«îµò┤τáöτ⌐╢σîà(1)/towow_round2_release/reference_engine/towow_sjac/column_generation.py,3736,92a7c8dbed8e09c780ddd3213096acc5bda3dd6f8779a92ef5b08280bf5e44ba,py,extracted-unique-text,02_derived/zip-text-search-corpus/files/92/92a7c8dbed8e09c780ddd3213096acc5bda3dd6f8779a92ef5b08280bf5e44ba.py,,pre-rebuild-handoff,instrument-or-code
02_WORKSPACE_SNAPSHOT/Towow_A2A_Research_Handoff_Full_Archive_v1.0(1).zip,Towow_A2A_Research_Handoff_v1.0/full_archive/extracted_sources/ΘÇÜτê╗_A2A_τ¼¼Σ║îΦ╜«τáöτ⌐╢_σ«îµò┤τáöτ⌐╢σîà(1)/towow_round2_release/reference_engine/towow_sjac/oracles.py,1946,c753dadb855bdf11c77602ddc4531ed99c806e0a80d227e41bc967af3d660d1a,py,extracted-unique-text,02_derived/zip-text-search-corpus/files/c7/c753dadb855bdf11c77602ddc4531ed99c806e0a80d227e41bc967af3d660d1a.py,,pre-rebuild-handoff,instrument-or-code
02_WORKSPACE_SNAPSHOT/Towow_A2A_Research_Handoff_Full_Archive_v1.0(1).zip,Towow_A2A_Research_Handoff_v1.0/full_archive/extracted_sources/ΘÇÜτê╗_A2A_τ¼¼Σ║îΦ╜«τáöτ⌐╢_σ«îµò┤τáöτ⌐╢σîà(1)/towow_round2_release/reference_engine/towow_sjac/engine.py,5013,9c04f7bf9cc5d48a6f25112e057861ab88720f4397e3c435544d11980e1b65ca,py,extracted-unique-text,02_derived/zip-text-search-corpus/files/9c/9c04f7bf9cc5d48a6f25112e057861ab88720f4397e3c435544d11980e1b65ca.py,,pre-rebuild-handoff,instrument-or-code
02_WORKSPACE_SNAPSHOT/Towow_A2A_Research_Handoff_Full_Archive_v1.0(1).zip,Towow_A2A_Research_Handoff_v1.0/full_archive/extracted_sources/ΘÇÜτê╗_A2A_τ¼¼Σ║îΦ╜«τáöτ⌐╢_σ«îµò┤τáöτ⌐╢σîà(1)/towow_round2_release/reference_engine/towow_sjac/__init__.py,731,47bcf536d17ce6ad946de6ae7d0a36f97a2e2981c8e0cd58b3a292b620e2a5c3,py,extracted-unique-text,02_derived/zip-text-search-corpus/files/47/47bcf536d17ce6ad946de6ae7d0a36f97a2e2981c8e0cd58b3a292b620e2a5c3.py,,pre-rebuild-handoff,instrument-or-code
02_WORKSPACE_SNAPSHOT/Towow_A2A_Research_Handoff_Full_Archive_v1.0(1).zip,Towow_A2A_Research_Handoff_v1.0/full_archive/extracted_sources/ΘÇÜτê╗_A2A_τ¼¼Σ║îΦ╜«τáöτ⌐╢_σ«îµò┤τáöτ⌐╢σîà(1)/towow_round2_release/reference_engine/README.md,871,bf985b9d453dcecb194eeba980d56cb5ca45d417960375b9fa046614c69545f4,md,extracted-unique-text,02_derived/zip-text-search-corpus/files/bf/bf985b9d453dcecb194eeba980d56cb5ca45d417960375b9fa046614c69545f4.md,,pre-rebuild-handoff,orientation
02_WORKSPACE_SNAPSHOT/Towow_A2A_Research_Handoff_Full_Archive_v1.0(1).zip,Towow_A2A_Research_Handoff_v1.0/full_archive/extracted_sources/ΘÇÜτê╗_A2A_τ¼¼Σ║îΦ╜«τáöτ⌐╢_σ«îµò┤τáöτ⌐╢σîà(1)/towow_round2_release/papers/Φ«║µûçI_Σ╗ÄµÉ£τ┤óσê░Φíîσè¿µ₧äµêÉ.md,34641,e2777bd62c7b93319d3115d4ccf3e04047da4967ab8ec954377fdc455492448b,md,extracted-unique-text,02_derived/zip-text-search-corpus/files/e2/e2777bd62c7b93319d3115d4ccf3e04047da4967ab8ec954377fdc455492448b.md,,pre-rebuild-handoff,paper-or-monograph
02_WORKSPACE_SNAPSHOT/Towow_A2A_Research_Handoff_Full_Archive_v1.0(1).zip,Towow_A2A_Research_Handoff_v1.0/full_archive/extracted_sources/ΘÇÜτê╗_A2A_τ¼¼Σ║îΦ╜«τáöτ⌐╢_σ«îµò┤τáöτ⌐╢σîà(1)/towow_round2_release/papers/references.bib,11487,51783641fb176ff2f16503b05dc20d8f4fde2523329e1d45566245f764b5f75a,bib,extracted-unique-text,02_derived/zip-text-search-corpus/files/51/51783641fb176ff2f16503b05dc20d8f4fde2523329e1d45566245f764b5f75a.bib,,pre-rebuild-handoff,paper-or-monograph
02_WORKSPACE_SNAPSHOT/Towow_A2A_Research_Handoff_Full_Archive_v1.0(1).zip,Towow_A2A_Research_Handoff_v1.0/full_archive/extracted_sources/ΘÇÜτê╗_A2A_τ¼¼Σ║îΦ╜«τáöτ⌐╢_σ«îµò┤τáöτ⌐╢σîà(1)/towow_round2_release/papers/Φ«║µûçII_Φ╛╣τòîΘóäΦ¿Çµ£║τöƒµêÉσ╝ÅσìÅΦ░âσ╝òµôÄ.md,39624,b623a1001de7684b6812fee6de4850a0c957b0db9cba68ab5f74589f1cc0e6f7,md,extracted-unique-text,02_derived/zip-text-search-corpus/files/b6/b623a1001de7684b6812fee6de4850a0c957b0db9cba68ab5f74589f1cc0e6f7.md,,pre-rebuild-handoff,paper-or-monograph
02_WORKSPACE_SNAPSHOT/Towow_A2A_Research_Handoff_Full_Archive_v1.0(1).zip,Towow_A2A_Research_Handoff_v1.0/full_archive/extracted_sources/ΘÇÜτê╗_A2A_τ¼¼Σ║îΦ╜«τáöτ⌐╢_σ«îµò┤τáöτ⌐╢σîà(1)/towow_round2_release/results/trust_concurrency_summary.csv,85,2e5a702f9de5786228fe94b0c8009f7022afb79cb1b682cb8bbd920e628a9d8d,csv,extracted-unique-text,02_derived/zip-text-search-corpus/files/2e/2e5a702f9de5786228fe94b0c8009f7022afb79cb1b682cb8bbd920e628a9d8d.csv,,pre-rebuild-handoff,experiment-or-result
02_WORKSPACE_SNAPSHOT/Towow_A2A_Research_Handoff_Full_Archive_v1.0(1).zip,Towow_A2A_Research_Handoff_v1.0/full_archive/extracted_sources/ΘÇÜτê╗_A2A_τ¼¼Σ║îΦ╜«τáöτ⌐╢_σ«îµò┤τáöτ⌐╢σîà(1)/towow_round2_release/results/boundary_oracle_trials.csv,191947,ba166a6a3ffd43eb1257975d7875d31ff6924bae0db725cb97481825def9e5ac,csv,extracted-unique-text,02_derived/zip-text-search-corpus/files/ba/ba166a6a3ffd43eb1257975d7875d31ff6924bae0db725cb97481825def9e5ac.csv,,pre-rebuild-handoff,experiment-or-result
02_WORKSPACE_SNAPSHOT/Towow_A2A_Research_Handoff_Full_Archive_v1.0(1).zip,Towow_A2A_Research_Handoff_v1.0/full_archive/extracted_sources/ΘÇÜτê╗_A2A_τ¼¼Σ║îΦ╜«τáöτ⌐╢_σ«îµò┤τáöτ⌐╢σîà(1)/towow_round2_release/results/probabilistic_oracle_summary.csv,398,53fd5bcbf0f5a7c312292f86d23d9bf71da3ce197386ab471408d61df1d22ab5,csv,extracted-unique-text,02_derived/zip-text-search-corpus/files/53/53fd5bcbf0f5a7c312292f86d23d9bf71da3ce197386ab471408d61df1d22ab5.csv,,pre-rebuild-handoff,experiment-or-result
02_WORKSPACE_SNAPSHOT/Towow_A2A_Research_Handoff_Full_Archive_v1.0(1).zip,Towow_A2A_Research_Handoff_v1.0/full_archive/extracted_sources/ΘÇÜτê╗_A2A_τ¼¼Σ║îΦ╜«τáöτ⌐╢_σ«îµò┤τáöτ⌐╢σîà(1)/towow_round2_release/results/team_constitution_trials.csv,52886,1d28f66efd996f0acd13a1b1818078a8ca5f9bc114d2df194e43effe9657dfbf,csv,extracted-unique-text,02_derived/zip-text-search-corpus/files/1d/1d28f66efd996f0acd13a1b1818078a8ca5f9bc114d2df194e43effe9657dfbf.csv,,pre-rebuild-handoff,experiment-or-result
02_WORKSPACE_SNAPSHOT/Towow_A2A_Research_Handoff_Full_Archive_v1.0(1).zip,Towow_A2A_Research_Handoff_v1.0/full_archive/extracted_sources/ΘÇÜτê╗_A2A_τ¼¼Σ║îΦ╜«τáöτ⌐╢_σ«îµò┤τáöτ⌐╢σîà(1)/towow_round2_release/results/manifest.json,4199,f0dd5a60c6bb42835b58e811bd6cbb92c7c94b90fe0fd0bb4fda59153a6e2893,json,extracted-unique-text,02_derived/zip-text-search-corpus/files/f0/f0dd5a60c6bb42835b58e811bd6cbb92c7c94b90fe0fd0bb4fda59153a6e2893.json,,pre-rebuild-handoff,manifest
02_WORKSPACE_SNAPSHOT/Towow_A2A_Research_Handoff_Full_Archive_v1.0(1).zip,Towow_A2A_Research_Handoff_v1.0/full_archive/extracted_sources/ΘÇÜτê╗_A2A_τ¼¼Σ║îΦ╜«τáöτ⌐╢_σ«îµò┤τáöτ⌐╢σîà(1)/towow_round2_release/results/boundary_oracle_summary.csv,604,205cbe9aacefade34bbe9cb75d57d85665a60b5d46814d6f0dd4ef76a4cb5bd6,csv,extracted-unique-text,02_derived/zip-text-search-corpus/files/20/205cbe9aacefade34bbe9cb75d57d85665a60b5d46814d6f0dd4ef76a4cb5bd6.csv,,pre-rebuild-handoff,experiment-or-result
02_WORKSPACE_SNAPSHOT/Towow_A2A_Research_Handoff_Full_Archive_v1.0(1).zip,Towow_A2A_Research_Handoff_v1.0/full_archive/extracted_sources/ΘÇÜτê╗_A2A_τ¼¼Σ║îΦ╜«τáöτ⌐╢_σ«îµò┤τáöτ⌐╢σîà(1)/towow_round2_release/results/team_constitution_summary.csv,308,bd4b11c660609ab78f7ec98bf70f4107ed6fad724a2392657caa080f7c2d3446,csv,extracted-unique-text,02_derived/zip-text-search-corpus/files/bd/bd4b11c660609ab78f7ec98bf70f4107ed6fad724a2392657caa080f7c2d3446.csv,,pre-rebuild-handoff,experiment-or-result
02_WORKSPACE_SNAPSHOT/Towow_A2A_Research_Handoff_Full_Archive_v1.0(1).zip,Towow_A2A_Research_Handoff_v1.0/full_archive/extracted_sources/ΘÇÜτê╗_A2A_τ¼¼Σ║îΦ╜«τáöτ⌐╢_σ«îµò┤τáöτ⌐╢σîà(1)/towow_round2_release/README.md,2880,1cf7a4c1fc4a9814e56a0660f9bf574336e2899da1c96407c347c50c137e38d0,md,extracted-unique-text,02_derived/zip-text-search-corpus/files/1c/1cf7a4c1fc4a9814e56a0660f9bf574336e2899da1c96407c347c50c137e38d0.md,,pre-rebuild-handoff,orientation
02_WORKSPACE_SNAPSHOT/Towow_A2A_Research_Handoff_Full_Archive_v1.0(1).zip,Towow_A2A_Research_Handoff_v1.0/full_archive/extracted_sources/ΘÇÜτê╗_A2A_τ¼¼Σ║îΦ╜«τáöτ⌐╢_σ«îµò┤τáöτ⌐╢σîà(1)/towow_round2_release/experiments/run_all.py,17729,1c18513d7a4a999ddda66139dc3832834fab9e2e5be5d55c704ee067291ead03,py,extracted-unique-text,02_derived/zip-text-search-corpus/files/1c/1c18513d7a4a999ddda66139dc3832834fab9e2e5be5d55c704ee067291ead03.py,,pre-rebuild-handoff,experiment-or-result
02_WORKSPACE_SNAPSHOT/Towow_A2A_Research_Handoff_Full_Archive_v1.0(1).zip,Towow_A2A_Research_Handoff_v1.0/full_archive/extracted_sources/ΘÇÜτê╗_A2A_τ¼¼Σ║îΦ╜«τáöτ⌐╢_σ«îµò┤τáöτ⌐╢σîà(1)/towow_round2_release/experiments/make_diagrams.py,7528,af215294628ed812378bb20fa0ba0c9819085017252a903b7f24aa02aed066ea,py,extracted-unique-text,02_derived/zip-text-search-corpus/files/af/af215294628ed812378bb20fa0ba0c9819085017252a903b7f24aa02aed066ea.py,,pre-rebuild-handoff,experiment-or-result
02_WORKSPACE_SNAPSHOT/Towow_A2A_Research_Handoff_Full_Archive_v1.0(1).zip,Towow_A2A_Research_Handoff_v1.0/full_archive/extracted_sources/ΘÇÜτê╗_A2A_τ¼¼Σ║îΦ╜«τáöτ⌐╢_σ«îµò┤τáöτ⌐╢σîà(1)/towow_round2_release/SHA256SUMS.txt,3862,84060de5fe5671a382dd5a7bea2e025a6486a27e7b0855de34975259e4dfbb81,txt,extracted-unique-text,02_derived/zip-text-search-corpus/files/84/84060de5fe5671a382dd5a7bea2e025a6486a27e7b0855de34975259e4dfbb81.txt,,pre-rebuild-handoff,text-source
02_WORKSPACE_SNAPSHOT/Towow_A2A_Research_Handoff_Full_Archive_v1.0(1).zip,Towow_A2A_Research_Handoff_v1.0/full_archive/extracted_sources/Towow_A2A_Flagship_Experiment_Chief_Research_Absorption/02_σ╜ôσëìτ╗ƒΣ╕ÇΣ╜ôτ│╗_µùùΦê░σ«₧Θ¬îσÉ╕µö╢τëê.md,5503,ab402524b41803745e2ee0c5ab83dc5f0ae82f75faa6bf70e2af4ab218fd9d80,md,extracted-unique-text,02_derived/zip-text-search-corpus/files/ab/ab402524b41803745e2ee0c5ab83dc5f0ae82f75faa6bf70e2af4ab218fd9d80.md,,pre-rebuild-handoff,experiment-or-result
02_WORKSPACE_SNAPSHOT/Towow_A2A_Research_Handoff_Full_Archive_v1.0(1).zip,Towow_A2A_Research_Handoff_v1.0/full_archive/extracted_sources/Towow_A2A_Flagship_Experiment_Chief_Research_Absorption/06_Φ┐öσ¢₧σîàΦ»üµì«σ«íΦ«íΦ»┤µÿÄ.md,732,e6c020704d228250f5c37108152f376d0f8d6c390634102452cf7703bd995bda,md,extracted-unique-text,02_derived/zip-text-search-corpus/files/e6/e6c020704d228250f5c37108152f376d0f8d6c390634102452cf7703bd995bda.md,,pre-rebuild-handoff,experiment-or-result
02_WORKSPACE_SNAPSHOT/Towow_A2A_Research_Handoff_Full_Archive_v1.0(1).zip,Towow_A2A_Research_Handoff_v1.0/full_archive/extracted_sources/Towow_A2A_Flagship_Experiment_Chief_Research_Absorption/01_µùùΦê░σ«₧Θ¬îΦºúΘçèΣ╕Äτáöτ⌐╢σêñµû¡.md,17333,dc62f5f53bf12a475c3a3470e8199d308f639f3a396fd3cbac966efe07c4244d,md,extracted-unique-text,02_derived/zip-text-search-corpus/files/dc/dc62f5f53bf12a475c3a3470e8199d308f639f3a396fd3cbac966efe07c4244d.md,,pre-rebuild-handoff,experiment-or-result
02_WORKSPACE_SNAPSHOT/Towow_A2A_Research_Handoff_Full_Archive_v1.0(1).zip,Towow_A2A_Research_Handoff_v1.0/full_archive/extracted_sources/Towow_A2A_Flagship_Experiment_Chief_Research_Absorption/03_σè¿µÇüτáöτ⌐╢σ£░σ¢╛_τÄ░σ«₧Σ╕╗Σ╜ôΦ╜¼σÉæ.md,3889,37dd36cfaedb1a7e65da0ec677854e6cefb5b41792f5134680303adc4399d6f6,md,extracted-unique-text,02_derived/zip-text-search-corpus/files/37/37dd36cfaedb1a7e65da0ec677854e6cefb5b41792f5134680303adc4399d6f6.md,,pre-rebuild-handoff,experiment-or-result
02_WORKSPACE_SNAPSHOT/Towow_A2A_Research_Handoff_Full_Archive_v1.0(1).zip,Towow_A2A_Research_Handoff_v1.0/full_archive/extracted_sources/Towow_A2A_Flagship_Experiment_Chief_Research_Absorption/04_DESIGN_DELTA.md,3242,2ad62982c5d8d5acefbd16289370b1d2b50ba3dba62d3c3ba91408a440abb3e4,md,extracted-unique-text,02_derived/zip-text-search-corpus/files/2a/2ad62982c5d8d5acefbd16289370b1d2b50ba3dba62d3c3ba91408a440abb3e4.md,,pre-rebuild-handoff,experiment-or-result
02_WORKSPACE_SNAPSHOT/Towow_A2A_Research_Handoff_Full_Archive_v1.0(1).zip,Towow_A2A_Research_Handoff_v1.0/full_archive/extracted_sources/Towow_A2A_Flagship_Experiment_Chief_Research_Absorption/05_CLAIM_EVIDENCE_UPDATE_CHIEF.csv,2043,1870a27faeb912bbf188219dac696f704e2e13cefbe623a394d9508e97a5e72d,csv,extracted-unique-text,02_derived/zip-text-search-corpus/files/18/1870a27faeb912bbf188219dac696f704e2e13cefbe623a394d9508e97a5e72d.csv,,pre-rebuild-handoff,experiment-or-result
02_WORKSPACE_SNAPSHOT/Towow_A2A_Research_Handoff_Full_Archive_v1.0(1).zip,Towow_A2A_Research_Handoff_v1.0/full_archive/extracted_sources/R5C-RETURN-001/R5C-RETURN-001/RETURN_MANIFEST.json,17290,30a116d2630310f94046cb5715503fbbb34a9182d6886594ba0c7157ac49523e,json,extracted-unique-text,02_derived/zip-text-search-corpus/files/30/30a116d2630310f94046cb5715503fbbb34a9182d6886594ba0c7157ac49523e.json,,pre-rebuild-handoff,manifest
02_WORKSPACE_SNAPSHOT/Towow_A2A_Research_Handoff_Full_Archive_v1.0(1).zip,Towow_A2A_Research_Handoff_v1.0/full_archive/extracted_sources/R5C-RETURN-001/R5C-RETURN-001/CURRENT_SYSTEM_PATCH.md,2405,b638b95098fa28c57f169fe30938c0552eae80da2373570066a2468decd2716d,md,extracted-unique-text,02_derived/zip-text-search-corpus/files/b6/b638b95098fa28c57f169fe30938c0552eae80da2373570066a2468decd2716d.md,,pre-rebuild-handoff,text-source
02_WORKSPACE_SNAPSHOT/Towow_A2A_Research_Handoff_Full_Archive_v1.0(1).zip,Towow_A2A_Research_Handoff_v1.0/full_archive/extracted_sources/R5C-RETURN-001/R5C-RETURN-001/ECONOMIC_AND_ATTENTION_ACCOUNTING.md,2167,0a1c685d39021caa032d312aab3edb440d30d58e79ffae47eda8420cad90b763,md,extracted-unique-text,02_derived/zip-text-search-corpus/files/0a/0a1c685d39021caa032d312aab3edb440d30d58e79ffae47eda8420cad90b763.md,,pre-rebuild-handoff,text-source
02_WORKSPACE_SNAPSHOT/Towow_A2A_Research_Handoff_Full_Archive_v1.0(1).zip,Towow_A2A_Research_Handoff_v1.0/full_archive/extracted_sources/R5C-RETURN-001/R5C-RETURN-001/INPUTS/R5_4_NEGATIVE_CONTROL_SUMMARY.md,1166,f5f38234facc8cf502d919d1af84bbe12ed2d8630bf0ae2c48248aea0ed3be1b,md,extracted-unique-text,02_derived/zip-text-search-corpus/files/f5/f5f38234facc8cf502d919d1af84bbe12ed2d8630bf0ae2c48248aea0ed3be1b.md,,pre-rebuild-handoff,text-source
02_WORKSPACE_SNAPSHOT/Towow_A2A_Research_Handoff_Full_Archive_v1.0(1).zip,Towow_A2A_Research_Handoff_v1.0/full_archive/extracted_sources/R5C-RETURN-001/R5C-RETURN-001/INPUTS/10_CODEX_BOOTSTRAP_PROMPT.md,5788,e03bacade3ffb6a41efa7df8c70fd02577a769a9b676b8dde89f77df03ec1998,md,extracted-unique-text,02_derived/zip-text-search-corpus/files/e0/e03bacade3ffb6a41efa7df8c70fd02577a769a9b676b8dde89f77df03ec1998.md,,pre-rebuild-handoff,text-source
02_WORKSPACE_SNAPSHOT/Towow_A2A_Research_Handoff_Full_Archive_v1.0(1).zip,Towow_A2A_Research_Handoff_v1.0/full_archive/extracted_sources/R5C-RETURN-001/R5C-RETURN-001/INPUTS/06_EXECUTION_AND_SAFETY_CHARTER.md,1685,7f112928695a248e5b6100b62d10fdb15635d2a01a9ddc51879ea766e50afae4,md,extracted-unique-text,02_derived/zip-text-search-corpus/files/7f/7f112928695a248e5b6100b62d10fdb15635d2a01a9ddc51879ea766e50afae4.md,,pre-rebuild-handoff,text-source
02_WORKSPACE_SNAPSHOT/Towow_A2A_Research_Handoff_Full_Archive_v1.0(1).zip,Towow_A2A_Research_Handoff_v1.0/full_archive/extracted_sources/R5C-RETURN-001/R5C-RETURN-001/INPUTS/04_FLAGSHIP_CONSTRUCTIVE_RESEARCH_CHARTER.md,3994,6b57460de56446c88337424dcef7ddf3c92cfacc1cc25de64414fd7bba153a98,md,extracted-unique-text,02_derived/zip-text-search-corpus/files/6b/6b57460de56446c88337424dcef7ddf3c92cfacc1cc25de64414fd7bba153a98.md,,pre-rebuild-handoff,text-source
02_WORKSPACE_SNAPSHOT/Towow_A2A_Research_Handoff_Full_Archive_v1.0(1).zip,Towow_A2A_Research_Handoff_v1.0/full_archive/extracted_sources/R5C-RETURN-001/R5C-RETURN-001/INPUTS/08_RESEARCH_DECISION_RULES.md,2864,58e3f3b0388155965f33ce6d9ad397479910925ee99e80d87a112a5c8b8182ba,md,extracted-unique-text,02_derived/zip-text-search-corpus/files/58/58e3f3b0388155965f33ce6d9ad397479910925ee99e80d87a112a5c8b8182ba.md,,pre-rebuild-handoff,text-source
02_WORKSPACE_SNAPSHOT/Towow_A2A_Research_Handoff_Full_Archive_v1.0(1).zip,Towow_A2A_Research_Handoff_v1.0/full_archive/extracted_sources/R5C-RETURN-001/R5C-RETURN-001/INPUTS/05_LOCAL_RESEARCH_MISSION.md,2208,e16be9990f1cb806cadeee1c04cd6f069a92199c4825d04b6420388eeb0018e8,md,extracted-unique-text,02_derived/zip-text-search-corpus/files/e1/e16be9990f1cb806cadeee1c04cd6f069a92199c4825d04b6420388eeb0018e8.md,,pre-rebuild-handoff,research-program
02_WORKSPACE_SNAPSHOT/Towow_A2A_Research_Handoff_Full_Archive_v1.0(1).zip,Towow_A2A_Research_Handoff_v1.0/full_archive/extracted_sources/R5C-RETURN-001/R5C-RETURN-001/INPUTS/MANIFEST.json,4527,f99edf9a1e7c493801487c6c1a83de119a83c5c114875317568de65f96ec0f8e,json,extracted-unique-text,02_derived/zip-text-search-corpus/files/f9/f99edf9a1e7c493801487c6c1a83de119a83c5c114875317568de65f96ec0f8e.json,,pre-rebuild-handoff,manifest
02_WORKSPACE_SNAPSHOT/Towow_A2A_Research_Handoff_Full_Archive_v1.0(1).zip,Towow_A2A_Research_Handoff_v1.0/full_archive/extracted_sources/R5C-RETURN-001/R5C-RETURN-001/INPUTS/11_TASK_SELECTION_SCORECARD.md,1792,b566692a63a78571533e7026d222fe591c0feab753eda98e2b1a22e2e479ae7c,md,extracted-unique-text,02_derived/zip-text-search-corpus/files/b5/b566692a63a78571533e7026d222fe591c0feab753eda98e2b1a22e2e479ae7c.md,,pre-rebuild-handoff,text-source
02_WORKSPACE_SNAPSHOT/Towow_A2A_Research_Handoff_Full_Archive_v1.0(1).zip,Towow_A2A_Research_Handoff_v1.0/full_archive/extracted_sources/R5C-RETURN-001/R5C-RETURN-001/INPUTS/01_CURRENT_SYSTEM_v0.7.2.md,5797,1e62ea94fa0a752e253964d95e7f3ba41eb2c7347764623cf9849c358da4ce7a,md,extracted-unique-text,02_derived/zip-text-search-corpus/files/1e/1e62ea94fa0a752e253964d95e7f3ba41eb2c7347764623cf9849c358da4ce7a.md,,pre-rebuild-handoff,text-source
02_WORKSPACE_SNAPSHOT/Towow_A2A_Research_Handoff_Full_Archive_v1.0(1).zip,Towow_A2A_Research_Handoff_v1.0/full_archive/extracted_sources/R5C-RETURN-001/R5C-RETURN-001/INPUTS/templates/EPISODE_CARD.md,1563,66155f7d6f958cc2a23fd42ce17c582ec57f604cb5a04df2c63b189a3095e571,md,extracted-unique-text,02_derived/zip-text-search-corpus/files/66/66155f7d6f958cc2a23fd42ce17c582ec57f604cb5a04df2c63b189a3095e571.md,,pre-rebuild-handoff,text-source
02_WORKSPACE_SNAPSHOT/Towow_A2A_Research_Handoff_Full_Archive_v1.0(1).zip,Towow_A2A_Research_Handoff_v1.0/full_archive/extracted_sources/R5C-RETURN-001/R5C-RETURN-001/INPUTS/templates/RESEARCH_STATE.yaml,496,03871e3e409f9fdbd392066fcaed770ee655b68c3bc2ac89e132adf0fe1ec1dd,yaml,extracted-unique-text,02_derived/zip-text-search-corpus/files/03/03871e3e409f9fdbd392066fcaed770ee655b68c3bc2ac89e132adf0fe1ec1dd.yaml,,pre-rebuild-handoff,structured-data
02_WORKSPACE_SNAPSHOT/Towow_A2A_Research_Handoff_Full_Archive_v1.0(1).zip,Towow_A2A_Research_Handoff_v1.0/full_archive/extracted_sources/R5C-RETURN-001/R5C-RETURN-001/INPUTS/templates/DECISION_LOG.md,257,0089a27fa64361159a84915507f7cf3f00b5f3f125ee331b664d4b090b4580b8,md,extracted-unique-text,02_derived/zip-text-search-corpus/files/00/0089a27fa64361159a84915507f7cf3f00b5f3f125ee331b664d4b090b4580b8.md,,pre-rebuild-handoff,text-source
02_WORKSPACE_SNAPSHOT/Towow_A2A_Research_Handoff_Full_Archive_v1.0(1).zip,Towow_A2A_Research_Handoff_v1.0/full_archive/extracted_sources/R5C-RETURN-001/R5C-RETURN-001/INPUTS/templates/TASK_CANDIDATE.md,531,aafa1a13ef2867d35f0682aff83bd218028503154699ee47c69d5f309b80684c,md,extracted-unique-text,02_derived/zip-text-search-corpus/files/aa/aafa1a13ef2867d35f0682aff83bd218028503154699ee47c69d5f309b80684c.md,,pre-rebuild-handoff,text-source
02_WORKSPACE_SNAPSHOT/Towow_A2A_Research_Handoff_Full_Archive_v1.0(1).zip,Towow_A2A_Research_Handoff_v1.0/full_archive/extracted_sources/R5C-RETURN-001/R5C-RETURN-001/INPUTS/templates/DESIGN_DELTA.md,367,3ec2082279267e3d2fc81d36ff369c86d1849ad73a7b5a0f87594d36ea4510af,md,extracted-unique-text,02_derived/zip-text-search-corpus/files/3e/3ec2082279267e3d2fc81d36ff369c86d1849ad73a7b5a0f87594d36ea4510af.md,,pre-rebuild-handoff,text-source
02_WORKSPACE_SNAPSHOT/Towow_A2A_Research_Handoff_Full_Archive_v1.0(1).zip,Towow_A2A_Research_Handoff_v1.0/full_archive/extracted_sources/R5C-RETURN-001/R5C-RETURN-001/INPUTS/02_DYNAMIC_RESEARCH_MAP.md,3149,e1e2883a5c98fff4fb2b91dbe291de234e4341463c383c68073d028312a27647,md,extracted-unique-text,02_derived/zip-text-search-corpus/files/e1/e1e2883a5c98fff4fb2b91dbe291de234e4341463c383c68073d028312a27647.md,,pre-rebuild-handoff,text-source
02_WORKSPACE_SNAPSHOT/Towow_A2A_Research_Handoff_Full_Archive_v1.0(1).zip,Towow_A2A_Research_Handoff_v1.0/full_archive/extracted_sources/R5C-RETURN-001/R5C-RETURN-001/INPUTS/baseline/R5_4_NEGATIVE_CONTROL_SUMMARY.md,1166,f5f38234facc8cf502d919d1af84bbe12ed2d8630bf0ae2c48248aea0ed3be1b,md,extracted-unique-text,02_derived/zip-text-search-corpus/files/f5/f5f38234facc8cf502d919d1af84bbe12ed2d8630bf0ae2c48248aea0ed3be1b.md,,pre-rebuild-handoff,text-source
02_WORKSPACE_SNAPSHOT/Towow_A2A_Research_Handoff_Full_Archive_v1.0(1).zip,Towow_A2A_Research_Handoff_v1.0/full_archive/extracted_sources/R5C-RETURN-001/R5C-RETURN-001/INPUTS/baseline/CLAIM_EVIDENCE_BASELINE.csv,823,63f4ef50d98e29691c0adf6d9c87498640f8b698b38c5c96c234f1aea9196328,csv,extracted-unique-text,02_derived/zip-text-search-corpus/files/63/63f4ef50d98e29691c0adf6d9c87498640f8b698b38c5c96c234f1aea9196328.csv,,pre-rebuild-handoff,evidence-or-decision-ledger
02_WORKSPACE_SNAPSHOT/Towow_A2A_Research_Handoff_Full_Archive_v1.0(1).zip,Towow_A2A_Research_Handoff_v1.0/full_archive/extracted_sources/R5C-RETURN-001/R5C-RETURN-001/INPUTS/07_EVIDENCE_AND_CAUSALITY_CONTRACT.md,2915,765630906897d4748dec197b84af5a604778b381b9f89b9af1d1a59399cd3076,md,extracted-unique-text,02_derived/zip-text-search-corpus/files/76/765630906897d4748dec197b84af5a604778b381b9f89b9af1d1a59399cd3076.md,,pre-rebuild-handoff,evidence-or-decision-ledger
02_WORKSPACE_SNAPSHOT/Towow_A2A_Research_Handoff_Full_Archive_v1.0(1).zip,Towow_A2A_Research_Handoff_v1.0/full_archive/extracted_sources/R5C-RETURN-001/R5C-RETURN-001/INPUTS/09_RETURN_PACKET_TEMPLATE.md,2744,15ad89083be9a9b1bd5687750b3f69666a5cd5391268d618f7d0476f33064820,md,extracted-unique-text,02_derived/zip-text-search-corpus/files/15/15ad89083be9a9b1bd5687750b3f69666a5cd5391268d618f7d0476f33064820.md,,pre-rebuild-handoff,text-source
02_WORKSPACE_SNAPSHOT/Towow_A2A_Research_Handoff_Full_Archive_v1.0(1).zip,Towow_A2A_Research_Handoff_v1.0/full_archive/extracted_sources/R5C-RETURN-001/R5C-RETURN-001/INPUTS/CLAIM_EVIDENCE_BASELINE.csv,823,63f4ef50d98e29691c0adf6d9c87498640f8b698b38c5c96c234f1aea9196328,csv,extracted-unique-text,02_derived/zip-text-search-corpus/files/63/63f4ef50d98e29691c0adf6d9c87498640f8b698b38c5c96c234f1aea9196328.csv,,pre-rebuild-handoff,evidence-or-decision-ledger
02_WORKSPACE_SNAPSHOT/Towow_A2A_Research_Handoff_Full_Archive_v1.0(1).zip,Towow_A2A_Research_Handoff_v1.0/full_archive/extracted_sources/R5C-RETURN-001/R5C-RETURN-001/INPUTS/00_README_START_HERE.md,2444,059973f58be8735daff8b0f2b527a75f916550f9162c6f8b0a4a97f58990a1b5,md,extracted-unique-text,02_derived/zip-text-search-corpus/files/05/059973f58be8735daff8b0f2b527a75f916550f9162c6f8b0a4a97f58990a1b5.md,,pre-rebuild-handoff,orientation
02_WORKSPACE_SNAPSHOT/Towow_A2A_Research_Handoff_Full_Archive_v1.0(1).zip,Towow_A2A_Research_Handoff_v1.0/full_archive/extracted_sources/R5C-RETURN-001/R5C-RETURN-001/INPUTS/03_DESIGN_GAP_DECISION_MAP.md,2696,1f01c9e62668b528bcc565ac56dc1347434d3e32681a585751b86b491c6d120f,md,extracted-unique-text,02_derived/zip-text-search-corpus/files/1f/1f01c9e62668b528bcc565ac56dc1347434d3e32681a585751b86b491c6d120f.md,,pre-rebuild-handoff,text-source
02_WORKSPACE_SNAPSHOT/Towow_A2A_Research_Handoff_Full_Archive_v1.0(1).zip,Towow_A2A_Research_Handoff_v1.0/full_archive/extracted_sources/R5C-RETURN-001/R5C-RETURN-001/INPUTS/03_DESIGN_DECISION_MAP.csv,1376,f906f49de60e42cee04d12206c12ad0ea204f47b4e286455991b09adf49e2df8,csv,extracted-unique-text,02_derived/zip-text-search-corpus/files/f9/f906f49de60e42cee04d12206c12ad0ea204f47b4e286455991b09adf49e2df8.csv,,pre-rebuild-handoff,structured-data
02_WORKSPACE_SNAPSHOT/Towow_A2A_Research_Handoff_Full_Archive_v1.0(1).zip,Towow_A2A_Research_Handoff_v1.0/full_archive/extracted_sources/R5C-RETURN-001/R5C-RETURN-001/INPUTS/12_RESEARCH_REFERENCES.md,1287,75e19c2000a2ee87d8d9cfb27ff25e14ba24e70eda04289533dfe9df94318dd8,md,extracted-unique-text,02_derived/zip-text-search-corpus/files/75/75e19c2000a2ee87d8d9cfb27ff25e14ba24e70eda04289533dfe9df94318dd8.md,,pre-rebuild-handoff,text-source
02_WORKSPACE_SNAPSHOT/Towow_A2A_Research_Handoff_Full_Archive_v1.0(1).zip,Towow_A2A_Research_Handoff_v1.0/full_archive/extracted_sources/R5C-RETURN-001/R5C-RETURN-001/INPUTS/schemas/formation_episode.schema.json,4002,102fd1bde6686d42662a76207f8a5fb3091722b4fe4affa55206ed2c023961ac,json,extracted-unique-text,02_derived/zip-text-search-corpus/files/10/102fd1bde6686d42662a76207f8a5fb3091722b4fe4affa55206ed2c023961ac.json,,pre-rebuild-handoff,specification-or-protocol
02_WORKSPACE_SNAPSHOT/Towow_A2A_Research_Handoff_Full_Archive_v1.0(1).zip,Towow_A2A_Research_Handoff_v1.0/full_archive/extracted_sources/R5C-RETURN-001/R5C-RETURN-001/INPUTS/schemas/return_manifest.schema.json,1633,069dbba68d2cbab21703ea030a55bf88ae5df27aa11c469abddebe8438ac5a5a,json,extracted-unique-text,02_derived/zip-text-search-corpus/files/06/069dbba68d2cbab21703ea030a55bf88ae5df27aa11c469abddebe8438ac5a5a.json,,pre-rebuild-handoff,manifest
02_WORKSPACE_SNAPSHOT/Towow_A2A_Research_Handoff_Full_Archive_v1.0(1).zip,Towow_A2A_Research_Handoff_v1.0/full_archive/extracted_sources/R5C-RETURN-001/R5C-RETURN-001/INPUTS/tools/verify_task_packet.py,691,95b3f5132d1a8e6a24f27117314824590205971cc942cd770de112e2e8ca953a,py,extracted-unique-text,02_derived/zip-text-search-corpus/files/95/95b3f5132d1a8e6a24f27117314824590205971cc942cd770de112e2e8ca953a.py,,pre-rebuild-handoff,instrument-or-code
02_WORKSPACE_SNAPSHOT/Towow_A2A_Research_Handoff_Full_Archive_v1.0(1).zip,Towow_A2A_Research_Handoff_v1.0/full_archive/extracted_sources/R5C-RETURN-001/R5C-RETURN-001/RAW_EVIDENCE/MODEL_AGENT_ENVIRONMENT.md,1958,bdecd489640d38c6b3592e238e310871536bb07e644ebc9313c22e7b2436ecac,md,extracted-unique-text,02_derived/zip-text-search-corpus/files/bd/bdecd489640d38c6b3592e238e310871536bb07e644ebc9313c22e7b2436ecac.md,,pre-rebuild-handoff,evidence-or-decision-ledger
02_WORKSPACE_SNAPSHOT/Towow_A2A_Research_Handoff_Full_Archive_v1.0(1).zip,Towow_A2A_Research_Handoff_v1.0/full_archive/extracted_sources/R5C-RETURN-001/R5C-RETURN-001/RAW_EVIDENCE/COMMAND_EXIT_STATUS.md,1769,6d4fd92d0d47ce604c9572c6ddee939a1c01afa485b9ba5e4640c9531f781763,md,extracted-unique-text,02_derived/zip-text-search-corpus/files/6d/6d4fd92d0d47ce604c9572c6ddee939a1c01afa485b9ba5e4640c9531f781763.md,,pre-rebuild-handoff,evidence-or-decision-ledger
02_WORKSPACE_SNAPSHOT/Towow_A2A_Research_Handoff_Full_Archive_v1.0(1).zip,Towow_A2A_Research_Handoff_v1.0/full_archive/extracted_sources/R5C-RETURN-001/R5C-RETURN-001/RAW_EVIDENCE/PROVENANCE_LIMITATIONS.md,1901,1fba27d8dca7f03fe52fc023628977fdc959e95a039980eea7e5b7b03f7d2d4d,md,extracted-unique-text,02_derived/zip-text-search-corpus/files/1f/1fba27d8dca7f03fe52fc023628977fdc959e95a039980eea7e5b7b03f7d2d4d.md,,pre-rebuild-handoff,evidence-or-decision-ledger
02_WORKSPACE_SNAPSHOT/Towow_A2A_Research_Handoff_Full_Archive_v1.0(1).zip,Towow_A2A_Research_Handoff_v1.0/full_archive/extracted_sources/R5C-RETURN-001/R5C-RETURN-001/RAW_EVIDENCE/SCHEMA_AND_DEPENDENCIES.md,1395,c3507993a9a3ad46be8310ea8874cdaebfdd27475af3f122518049e872836eab,md,extracted-unique-text,02_derived/zip-text-search-corpus/files/c3/c3507993a9a3ad46be8310ea8874cdaebfdd27475af3f122518049e872836eab.md,,pre-rebuild-handoff,evidence-or-decision-ledger
02_WORKSPACE_SNAPSHOT/Towow_A2A_Research_Handoff_Full_Archive_v1.0(1).zip,Towow_A2A_Research_Handoff_v1.0/full_archive/extracted_sources/R5C-RETURN-001/R5C-RETURN-001/DISCOVERY/R5C-DISCOVERY-001/ENVIRONMENT.md,1057,dede9e9d7fe2b6ca06dc3ab5228c51cf604c690e3549d113775756f1fea965ac,md,extracted-unique-text,02_derived/zip-text-search-corpus/files/de/dede9e9d7fe2b6ca06dc3ab5228c51cf604c690e3549d113775756f1fea965ac.md,,pre-rebuild-handoff,text-source
02_WORKSPACE_SNAPSHOT/Towow_A2A_Research_Handoff_Full_Archive_v1.0(1).zip,Towow_A2A_Research_Handoff_v1.0/full_archive/extracted_sources/R5C-RETURN-001/R5C-RETURN-001/DISCOVERY/R5C-DISCOVERY-001/TASK_CANDIDATE.md,3424,beb80c87d59c3a9b3dcdf7ee010096507e31f51ce5fb03698e9fd6b2547d0901,md,extracted-unique-text,02_derived/zip-text-search-corpus/files/be/beb80c87d59c3a9b3dcdf7ee010096507e31f51ce5fb03698e9fd6b2547d0901.md,,pre-rebuild-handoff,text-source
02_WORKSPACE_SNAPSHOT/Towow_A2A_Research_Handoff_Full_Archive_v1.0(1).zip,Towow_A2A_Research_Handoff_v1.0/full_archive/extracted_sources/R5C-RETURN-001/R5C-RETURN-001/DISCOVERY/R5C-DISCOVERY-001/CANDIDATE_COMPARISON.md,3219,13230ff131a313b90dc18851d99e137e46785d573d99119ad260791c068bdc79,md,extracted-unique-text,02_derived/zip-text-search-corpus/files/13/13230ff131a313b90dc18851d99e137e46785d573d99119ad260791c068bdc79.md,,pre-rebuild-handoff,text-source
02_WORKSPACE_SNAPSHOT/Towow_A2A_Research_Handoff_Full_Archive_v1.0(1).zip,Towow_A2A_Research_Handoff_v1.0/full_archive/extracted_sources/R5C-RETURN-001/R5C-RETURN-001/SCHEMAS/formation_episode.schema.json,4002,102fd1bde6686d42662a76207f8a5fb3091722b4fe4affa55206ed2c023961ac,json,extracted-unique-text,02_derived/zip-text-search-corpus/files/10/102fd1bde6686d42662a76207f8a5fb3091722b4fe4affa55206ed2c023961ac.json,,pre-rebuild-handoff,specification-or-protocol
02_WORKSPACE_SNAPSHOT/Towow_A2A_Research_Handoff_Full_Archive_v1.0(1).zip,Towow_A2A_Research_Handoff_v1.0/full_archive/extracted_sources/R5C-RETURN-001/R5C-RETURN-001/SCHEMAS/return_manifest.schema.json,1633,069dbba68d2cbab21703ea030a55bf88ae5df27aa11c469abddebe8438ac5a5a,json,extracted-unique-text,02_derived/zip-text-search-corpus/files/06/069dbba68d2cbab21703ea030a55bf88ae5df27aa11c469abddebe8438ac5a5a.json,,pre-rebuild-handoff,manifest
02_WORKSPACE_SNAPSHOT/Towow_A2A_Research_Handoff_Full_Archive_v1.0(1).zip,Towow_A2A_Research_Handoff_v1.0/full_archive/extracted_sources/R5C-RETURN-001/R5C-RETURN-001/RETURN_SUMMARY.md,4483,004142f8275b76a91ce5d9b994395d7bf843e5e5cf1f49654e4039fe4ff019bd,md,extracted-unique-text,02_derived/zip-text-search-corpus/files/00/004142f8275b76a91ce5d9b994395d7bf843e5e5cf1f49654e4039fe4ff019bd.md,,pre-rebuild-handoff,text-source
02_WORKSPACE_SNAPSHOT/Towow_A2A_Research_Handoff_Full_Archive_v1.0(1).zip,Towow_A2A_Research_Handoff_v1.0/full_archive/extracted_sources/R5C-RETURN-001/R5C-RETURN-001/FORMATION_EPISODES/README.md,2123,43e7bf31d3500210842c95bb8a35a4fffb861c7b2443a75d05b91566305d17b9,md,extracted-unique-text,02_derived/zip-text-search-corpus/files/43/43e7bf31d3500210842c95bb8a35a4fffb861c7b2443a75d05b91566305d17b9.md,,pre-rebuild-handoff,orientation
02_WORKSPACE_SNAPSHOT/Towow_A2A_Research_Handoff_Full_Archive_v1.0(1).zip,Towow_A2A_Research_Handoff_v1.0/full_archive/extracted_sources/R5C-RETURN-001/R5C-RETURN-001/FORMATION_EPISODES/R5C-EP-001/WORLD_OPEN_REREVIEW_03.md,1072,cf6568520b81249895c45156421868efbaf5baf066da5722f9fe841852bef0bb,md,extracted-unique-text,02_derived/zip-text-search-corpus/files/cf/cf6568520b81249895c45156421868efbaf5baf066da5722f9fe841852bef0bb.md,,pre-rebuild-handoff,interaction-or-review
02_WORKSPACE_SNAPSHOT/Towow_A2A_Research_Handoff_Full_Archive_v1.0(1).zip,Towow_A2A_Research_Handoff_v1.0/full_archive/extracted_sources/R5C-RETURN-001/R5C-RETURN-001/FORMATION_EPISODES/R5C-EP-001/PRESTATE.md,2935,12e2f59333e34308de0fcfdf03d54b291da5007d5eeb2f7ecb0d1543614f833c,md,extracted-unique-text,02_derived/zip-text-search-corpus/files/12/12e2f59333e34308de0fcfdf03d54b291da5007d5eeb2f7ecb0d1543614f833c.md,,pre-rebuild-handoff,text-source
02_WORKSPACE_SNAPSHOT/Towow_A2A_Research_Handoff_Full_Archive_v1.0(1).zip,Towow_A2A_Research_Handoff_v1.0/full_archive/extracted_sources/R5C-RETURN-001/R5C-RETURN-001/FORMATION_EPISODES/R5C-EP-001/CAPABILITY_CLAIM_FROZEN_BEFORE_HOLDOUT.md,2876,7cd894136cfee42e4df393f84b6a0f692b09a4c641d347a5793833160453d51d,md,extracted-unique-text,02_derived/zip-text-search-corpus/files/7c/7cd894136cfee42e4df393f84b6a0f692b09a4c641d347a5793833160453d51d.md,,pre-rebuild-handoff,evidence-or-decision-ledger
02_WORKSPACE_SNAPSHOT/Towow_A2A_Research_Handoff_Full_Archive_v1.0(1).zip,Towow_A2A_Research_Handoff_v1.0/full_archive/extracted_sources/R5C-RETURN-001/R5C-RETURN-001/FORMATION_EPISODES/R5C-EP-001/OPEN_REREVIEW_04.md,1869,3febcdcae822525d8513e7f00534e0445a815970a0531e5085b72d7ab346bcb9,md,extracted-unique-text,02_derived/zip-text-search-corpus/files/3f/3febcdcae822525d8513e7f00534e0445a815970a0531e5085b72d7ab346bcb9.md,,pre-rebuild-handoff,interaction-or-review
02_WORKSPACE_SNAPSHOT/Towow_A2A_Research_Handoff_Full_Archive_v1.0(1).zip,Towow_A2A_Research_Handoff_v1.0/full_archive/extracted_sources/R5C-RETURN-001/R5C-RETURN-001/FORMATION_EPISODES/R5C-EP-001/ROUND_02_ALLBUDDY.md,2264,acf8606967f958535c0f608b567c54020d6903ab734881f22d93b5101978acb5,md,extracted-unique-text,02_derived/zip-text-search-corpus/files/ac/acf8606967f958535c0f608b567c54020d6903ab734881f22d93b5101978acb5.md,,pre-rebuild-handoff,text-source
02_WORKSPACE_SNAPSHOT/Towow_A2A_Research_Handoff_Full_Archive_v1.0(1).zip,Towow_A2A_Research_Handoff_v1.0/full_archive/extracted_sources/R5C-RETURN-001/R5C-RETURN-001/FORMATION_EPISODES/R5C-EP-001/ROUND_05_RECOVERY_ALIGNMENT.md,1352,6a9bb3dd2feef6fd3de8eddaa7c2389cc6bbd1b0edc49d1e469c5abd0d0ff58c,md,extracted-unique-text,02_derived/zip-text-search-corpus/files/6a/6a9bb3dd2feef6fd3de8eddaa7c2389cc6bbd1b0edc49d1e469c5abd0d0ff58c.md,,pre-rebuild-handoff,text-source
02_WORKSPACE_SNAPSHOT/Towow_A2A_Research_Handoff_Full_Archive_v1.0(1).zip,Towow_A2A_Research_Handoff_v1.0/full_archive/extracted_sources/R5C-RETURN-001/R5C-RETURN-001/FORMATION_EPISODES/R5C-EP-001/ROUND_01_ALLBUDDY.md,2821,eebc8fbffd4542296b8a1a8d096b15f40fa9b97b38c83a66db6fa1ed728cf9d0,md,extracted-unique-text,02_derived/zip-text-search-corpus/files/ee/eebc8fbffd4542296b8a1a8d096b15f40fa9b97b38c83a66db6fa1ed728cf9d0.md,,pre-rebuild-handoff,text-source
02_WORKSPACE_SNAPSHOT/Towow_A2A_Research_Handoff_Full_Archive_v1.0(1).zip,Towow_A2A_Research_Handoff_v1.0/full_archive/extracted_sources/R5C-RETURN-001/R5C-RETURN-001/FORMATION_EPISODES/R5C-EP-001/OPEN_REREVIEW_01.md,2231,9f4037b5e39af0742d0634e257b1189e1e6cdf97125be1f71ac5c7f29a998c47,md,extracted-unique-text,02_derived/zip-text-search-corpus/files/9f/9f4037b5e39af0742d0634e257b1189e1e6cdf97125be1f71ac5c7f29a998c47.md,,pre-rebuild-handoff,interaction-or-review
02_WORKSPACE_SNAPSHOT/Towow_A2A_Research_Handoff_Full_Archive_v1.0(1).zip,Towow_A2A_Research_Handoff_v1.0/full_archive/extracted_sources/R5C-RETURN-001/R5C-RETURN-001/FORMATION_EPISODES/R5C-EP-001/ALLBUDDY_IMPLEMENTATION_03.md,5190,179287d9799cfa5a721f1b0f315e5d51dc69ad874b6fc8431643cf7f533c339e,md,extracted-unique-text,02_derived/zip-text-search-corpus/files/17/179287d9799cfa5a721f1b0f315e5d51dc69ad874b6fc8431643cf7f533c339e.md,,pre-rebuild-handoff,text-source
02_WORKSPACE_SNAPSHOT/Towow_A2A_Research_Handoff_Full_Archive_v1.0(1).zip,Towow_A2A_Research_Handoff_v1.0/full_archive/extracted_sources/R5C-RETURN-001/R5C-RETURN-001/FORMATION_EPISODES/R5C-EP-001/allbuddy_v4_e2e_redacted_readback.json,1262,c8e821da3b3b96f20d000f5805b2147f351dc05963bcd113ef6b252d2d1fe7a3,json,extracted-unique-text,02_derived/zip-text-search-corpus/files/c8/c8e821da3b3b96f20d000f5805b2147f351dc05963bcd113ef6b252d2d1fe7a3.json,,pre-rebuild-handoff,structured-data
02_WORKSPACE_SNAPSHOT/Towow_A2A_Research_Handoff_Full_Archive_v1.0(1).zip,Towow_A2A_Research_Handoff_v1.0/full_archive/extracted_sources/R5C-RETURN-001/R5C-RETURN-001/FORMATION_EPISODES/R5C-EP-001/PROMPTS.md,972,2cced1be93840345d9082bff271dbcf2fd2154325a831c29d24edd79567c3609,md,extracted-unique-text,02_derived/zip-text-search-corpus/files/2c/2cced1be93840345d9082bff271dbcf2fd2154325a831c29d24edd79567c3609.md,,pre-rebuild-handoff,text-source
02_WORKSPACE_SNAPSHOT/Towow_A2A_Research_Handoff_Full_Archive_v1.0(1).zip,Towow_A2A_Research_Handoff_v1.0/full_archive/extracted_sources/R5C-RETURN-001/R5C-RETURN-001/FORMATION_EPISODES/R5C-EP-001/ROUND_02_WORLD.md,1452,af7efdd8cc79778102cad748f1f0b44a6f183a59d9a1a37ed06513c1cfc3ebef,md,extracted-unique-text,02_derived/zip-text-search-corpus/files/af/af7efdd8cc79778102cad748f1f0b44a6f183a59d9a1a37ed06513c1cfc3ebef.md,,pre-rebuild-handoff,text-source
02_WORKSPACE_SNAPSHOT/Towow_A2A_Research_Handoff_Full_Archive_v1.0(1).zip,Towow_A2A_Research_Handoff_v1.0/full_archive/extracted_sources/R5C-RETURN-001/R5C-RETURN-001/FORMATION_EPISODES/R5C-EP-001/allbuddy_e2e_redacted_readback.json,588,a82c411c7cf69b57eba855d82c2dcd89d8e032df2135d96688706d5ec0b779c2,json,extracted-unique-text,02_derived/zip-text-search-corpus/files/a8/a82c411c7cf69b57eba855d82c2dcd89d8e032df2135d96688706d5ec0b779c2.json,,pre-rebuild-handoff,structured-data
02_WORKSPACE_SNAPSHOT/Towow_A2A_Research_Handoff_Full_Archive_v1.0(1).zip,Towow_A2A_Research_Handoff_v1.0/full_archive/extracted_sources/R5C-RETURN-001/R5C-RETURN-001/FORMATION_EPISODES/R5C-EP-001/WORLD_PLAN_REVIEW_02.md,1770,79539a6bd2d72387a6ceca367f831b810117a31fff779c1a6221e049f64a436b,md,extracted-unique-text,02_derived/zip-text-search-corpus/files/79/79539a6bd2d72387a6ceca367f831b810117a31fff779c1a6221e049f64a436b.md,,pre-rebuild-handoff,interaction-or-review
02_WORKSPACE_SNAPSHOT/Towow_A2A_Research_Handoff_Full_Archive_v1.0(1).zip,Towow_A2A_Research_Handoff_v1.0/full_archive/extracted_sources/R5C-RETURN-001/R5C-RETURN-001/FORMATION_EPISODES/R5C-EP-001/FORMATION_ORACLE.md,2134,b3f850ccb20b891b1da9653ae4f06953df2b1ff8f705ad1df8d0e70ebbf48c1d,md,extracted-unique-text,02_derived/zip-text-search-corpus/files/b3/b3f850ccb20b891b1da9653ae4f06953df2b1ff8f705ad1df8d0e70ebbf48c1d.md,,pre-rebuild-handoff,text-source
02_WORKSPACE_SNAPSHOT/Towow_A2A_Research_Handoff_Full_Archive_v1.0(1).zip,Towow_A2A_Research_Handoff_v1.0/full_archive/extracted_sources/R5C-RETURN-001/R5C-RETURN-001/FORMATION_EPISODES/R5C-EP-001/GIT_AND_VERIFICATION_FINAL.md,1925,93a6ac010564a3069ba5d2fbf376a6ed6bf391894b4e291a71607ece5a17bdce,md,extracted-unique-text,02_derived/zip-text-search-corpus/files/93/93a6ac010564a3069ba5d2fbf376a6ed6bf391894b4e291a71607ece5a17bdce.md,,pre-rebuild-handoff,text-source
02_WORKSPACE_SNAPSHOT/Towow_A2A_Research_Handoff_Full_Archive_v1.0(1).zip,Towow_A2A_Research_Handoff_v1.0/full_archive/extracted_sources/R5C-RETURN-001/R5C-RETURN-001/FORMATION_EPISODES/R5C-EP-001/allbuddy_v5_cancel_race_redacted.json,1327,20f658077d5d41ef1cb0ca40ec900e9717ebbfe2c6021152cc87c0b103e419fa,json,extracted-unique-text,02_derived/zip-text-search-corpus/files/20/20f658077d5d41ef1cb0ca40ec900e9717ebbfe2c6021152cc87c0b103e419fa.json,,pre-rebuild-handoff,structured-data
02_WORKSPACE_SNAPSHOT/Towow_A2A_Research_Handoff_Full_Archive_v1.0(1).zip,Towow_A2A_Research_Handoff_v1.0/full_archive/extracted_sources/R5C-RETURN-001/R5C-RETURN-001/FORMATION_EPISODES/R5C-EP-001/LIVE_CROSS_REPO_EPISODE.md,6260,459bd6b98fb45ec88fe98bc39a68137e330f5130a1f66a3152a7427715efc50b,md,extracted-unique-text,02_derived/zip-text-search-corpus/files/45/459bd6b98fb45ec88fe98bc39a68137e330f5130a1f66a3152a7427715efc50b.md,,pre-rebuild-handoff,text-source
02_WORKSPACE_SNAPSHOT/Towow_A2A_Research_Handoff_Full_Archive_v1.0(1).zip,Towow_A2A_Research_Handoff_v1.0/full_archive/extracted_sources/R5C-RETURN-001/R5C-RETURN-001/FORMATION_EPISODES/R5C-EP-001/WORLD_PLAN_REVIEW_01.md,2266,ba8295992fd6f3b00da2d9cb9d4aefc96b2b0639104f319b88d17edc444e0c4c,md,extracted-unique-text,02_derived/zip-text-search-corpus/files/ba/ba8295992fd6f3b00da2d9cb9d4aefc96b2b0639104f319b88d17edc444e0c4c.md,,pre-rebuild-handoff,interaction-or-review
02_WORKSPACE_SNAPSHOT/Towow_A2A_Research_Handoff_Full_Archive_v1.0(1).zip,Towow_A2A_Research_Handoff_v1.0/full_archive/extracted_sources/R5C-RETURN-001/R5C-RETURN-001/FORMATION_EPISODES/R5C-EP-001/WORLD_OPEN_REREVIEW_04.md,1359,2e18e92a2970cd1c932ecc7c36364cdbe836aeee905521d22140ff3cd0e04ace,md,extracted-unique-text,02_derived/zip-text-search-corpus/files/2e/2e18e92a2970cd1c932ecc7c36364cdbe836aeee905521d22140ff3cd0e04ace.md,,pre-rebuild-handoff,interaction-or-review
02_WORKSPACE_SNAPSHOT/Towow_A2A_Research_Handoff_Full_Archive_v1.0(1).zip,Towow_A2A_Research_Handoff_v1.0/full_archive/extracted_sources/R5C-RETURN-001/R5C-RETURN-001/FORMATION_EPISODES/R5C-EP-001/ROUND_01_WORLD.md,3919,29be3a40dc2a47223e67a155e6c2dcb1f375b6063f7d59b39e1c32d80206db2d,md,extracted-unique-text,02_derived/zip-text-search-corpus/files/29/29be3a40dc2a47223e67a155e6c2dcb1f375b6063f7d59b39e1c32d80206db2d.md,,pre-rebuild-handoff,text-source
02_WORKSPACE_SNAPSHOT/Towow_A2A_Research_Handoff_Full_Archive_v1.0(1).zip,Towow_A2A_Research_Handoff_v1.0/full_archive/extracted_sources/R5C-RETURN-001/R5C-RETURN-001/FORMATION_EPISODES/R5C-EP-001/EPISODE.json,2962,860d028e4506ae32e0462882e29e3cd820199565d0c0672d9fbad1e8cbcbdfbe,json,extracted-unique-text,02_derived/zip-text-search-corpus/files/86/860d028e4506ae32e0462882e29e3cd820199565d0c0672d9fbad1e8cbcbdfbe.json,,pre-rebuild-handoff,structured-data
02_WORKSPACE_SNAPSHOT/Towow_A2A_Research_Handoff_Full_Archive_v1.0(1).zip,Towow_A2A_Research_Handoff_v1.0/full_archive/extracted_sources/R5C-RETURN-001/R5C-RETURN-001/FORMATION_EPISODES/R5C-EP-001/allbuddy_v3_e2e_redacted_readback.json,750,5f4224a1043d4c1d21f099cd0ada142c8b0c014cb27f1add89f8f2db78f31474,json,extracted-unique-text,02_derived/zip-text-search-corpus/files/5f/5f4224a1043d4c1d21f099cd0ada142c8b0c014cb27f1add89f8f2db78f31474.json,,pre-rebuild-handoff,structured-data
02_WORKSPACE_SNAPSHOT/Towow_A2A_Research_Handoff_Full_Archive_v1.0(1).zip,Towow_A2A_Research_Handoff_v1.0/full_archive/extracted_sources/R5C-RETURN-001/R5C-RETURN-001/FORMATION_EPISODES/R5C-EP-001/WORLD_OPEN_REREVIEW_07_FINAL.md,1464,b27a9319aa7672f89b432e3d64fce0799a96aecd8bf839027c85b6831c3a49e4,md,extracted-unique-text,02_derived/zip-text-search-corpus/files/b2/b27a9319aa7672f89b432e3d64fce0799a96aecd8bf839027c85b6831c3a49e4.md,,pre-rebuild-handoff,interaction-or-review
02_WORKSPACE_SNAPSHOT/Towow_A2A_Research_Handoff_Full_Archive_v1.0(1).zip,Towow_A2A_Research_Handoff_v1.0/full_archive/extracted_sources/R5C-RETURN-001/R5C-RETURN-001/FORMATION_EPISODES/R5C-EP-001/OPEN_REREVIEW_02.md,2027,cc3f66f55b9c3cb62de9f5c09c38a0264660a20a78b0758da75373a9edca21b0,md,extracted-unique-text,02_derived/zip-text-search-corpus/files/cc/cc3f66f55b9c3cb62de9f5c09c38a0264660a20a78b0758da75373a9edca21b0.md,,pre-rebuild-handoff,interaction-or-review
02_WORKSPACE_SNAPSHOT/Towow_A2A_Research_Handoff_Full_Archive_v1.0(1).zip,Towow_A2A_Research_Handoff_v1.0/full_archive/extracted_sources/R5C-RETURN-001/R5C-RETURN-001/FORMATION_EPISODES/R5C-EP-001/COMPARISON_AND_ABLATION_PLAN.md,2179,da746a205b777f5c82262fa6683af11fcd6bbe9b298c6d16492f1beda9b1e125,md,extracted-unique-text,02_derived/zip-text-search-corpus/files/da/da746a205b777f5c82262fa6683af11fcd6bbe9b298c6d16492f1beda9b1e125.md,,pre-rebuild-handoff,text-source
02_WORKSPACE_SNAPSHOT/Towow_A2A_Research_Handoff_Full_Archive_v1.0(1).zip,Towow_A2A_Research_Handoff_v1.0/full_archive/extracted_sources/R5C-RETURN-001/R5C-RETURN-001/FORMATION_EPISODES/R5C-EP-001/OPEN_REREVIEW_05.md,1546,16757076d0aa808a732b7eedd56d913bf22a84a37d19a9b56190f2df5b5f2009,md,extracted-unique-text,02_derived/zip-text-search-corpus/files/16/16757076d0aa808a732b7eedd56d913bf22a84a37d19a9b56190f2df5b5f2009.md,,pre-rebuild-handoff,interaction-or-review
02_WORKSPACE_SNAPSHOT/Towow_A2A_Research_Handoff_Full_Archive_v1.0(1).zip,Towow_A2A_Research_Handoff_v1.0/full_archive/extracted_sources/R5C-RETURN-001/R5C-RETURN-001/FORMATION_EPISODES/R5C-EP-001/WORLD_OPEN_REREVIEW_05.md,992,f24d93378d8a1ed670c32989e135ac558e30407851be9a0aeeaee92d0e51d61f,md,extracted-unique-text,02_derived/zip-text-search-corpus/files/f2/f24d93378d8a1ed670c32989e135ac558e30407851be9a0aeeaee92d0e51d61f.md,,pre-rebuild-handoff,interaction-or-review
02_WORKSPACE_SNAPSHOT/Towow_A2A_Research_Handoff_Full_Archive_v1.0(1).zip,Towow_A2A_Research_Handoff_v1.0/full_archive/extracted_sources/R5C-RETURN-001/R5C-RETURN-001/FORMATION_EPISODES/R5C-EP-001/BASELINE_CENTRAL_RESULT.md,1387,e0a74486196cd0f0815dc9e80f7a2c608ea8939a2166ed6a2038ba3c452f4b03,md,extracted-unique-text,02_derived/zip-text-search-corpus/files/e0/e0a74486196cd0f0815dc9e80f7a2c608ea8939a2166ed6a2038ba3c452f4b03.md,,pre-rebuild-handoff,experiment-or-result
02_WORKSPACE_SNAPSHOT/Towow_A2A_Research_Handoff_Full_Archive_v1.0(1).zip,Towow_A2A_Research_Handoff_v1.0/full_archive/extracted_sources/R5C-RETURN-001/R5C-RETURN-001/FORMATION_EPISODES/R5C-EP-001/BASELINE_STATIC_RESULT.md,1855,cd05d9f08ae8ae94d288fca2dbf3b619c6c87a718a3f0a3e7cee5cee180d2efe,md,extracted-unique-text,02_derived/zip-text-search-corpus/files/cd/cd05d9f08ae8ae94d288fca2dbf3b619c6c87a718a3f0a3e7cee5cee180d2efe.md,,pre-rebuild-handoff,experiment-or-result
02_WORKSPACE_SNAPSHOT/Towow_A2A_Research_Handoff_Full_Archive_v1.0(1).zip,Towow_A2A_Research_Handoff_v1.0/full_archive/extracted_sources/R5C-RETURN-001/R5C-RETURN-001/FORMATION_EPISODES/R5C-EP-001/WORLD_OPEN_REREVIEW_06.md,891,808f2473b7fbd203ec0ea097179c75fae6680b206b90e97578bfd972992d2f36,md,extracted-unique-text,02_derived/zip-text-search-corpus/files/80/808f2473b7fbd203ec0ea097179c75fae6680b206b90e97578bfd972992d2f36.md,,pre-rebuild-handoff,interaction-or-review
02_WORKSPACE_SNAPSHOT/Towow_A2A_Research_Handoff_Full_Archive_v1.0(1).zip,Towow_A2A_Research_Handoff_v1.0/full_archive/extracted_sources/R5C-RETURN-001/R5C-RETURN-001/FORMATION_EPISODES/R5C-EP-001/ALLBUDDY_IMPLEMENTATION_02.md,2668,add37adb370d5e5f0e941dad7b47dc09eed0fd041698e9786d7eab69fc3d3f54,md,extracted-unique-text,02_derived/zip-text-search-corpus/files/ad/add37adb370d5e5f0e941dad7b47dc09eed0fd041698e9786d7eab69fc3d3f54.md,,pre-rebuild-handoff,text-source
02_WORKSPACE_SNAPSHOT/Towow_A2A_Research_Handoff_Full_Archive_v1.0(1).zip,Towow_A2A_Research_Handoff_v1.0/full_archive/extracted_sources/R5C-RETURN-001/R5C-RETURN-001/FORMATION_EPISODES/R5C-EP-001/ROUND_03_ALIGNMENT.md,1913,fda49ebc0d755c9f55e9cca7b054875653c7ccbdd575a001b32090681aadfea1,md,extracted-unique-text,02_derived/zip-text-search-corpus/files/fd/fda49ebc0d755c9f55e9cca7b054875653c7ccbdd575a001b32090681aadfea1.md,,pre-rebuild-handoff,text-source
02_WORKSPACE_SNAPSHOT/Towow_A2A_Research_Handoff_Full_Archive_v1.0(1).zip,Towow_A2A_Research_Handoff_v1.0/full_archive/extracted_sources/R5C-RETURN-001/R5C-RETURN-001/FORMATION_EPISODES/R5C-EP-001/OPEN_REREVIEW_03.md,2605,22d2face109185b3dc29174cab29423d8ce12894defb3e90c260ac241bfc045c,md,extracted-unique-text,02_derived/zip-text-search-corpus/files/22/22d2face109185b3dc29174cab29423d8ce12894defb3e90c260ac241bfc045c.md,,pre-rebuild-handoff,interaction-or-review
02_WORKSPACE_SNAPSHOT/Towow_A2A_Research_Handoff_Full_Archive_v1.0(1).zip,Towow_A2A_Research_Handoff_v1.0/full_archive/extracted_sources/R5C-RETURN-001/R5C-RETURN-001/FORMATION_EPISODES/R5C-EP-001/HOLDOUT_RESULT.md,1606,8315afb9d2b1c51a95a9d970f0d3ff4147e9aa2a218d7ea528da48f15f988174,md,extracted-unique-text,02_derived/zip-text-search-corpus/files/83/8315afb9d2b1c51a95a9d970f0d3ff4147e9aa2a218d7ea528da48f15f988174.md,,pre-rebuild-handoff,experiment-or-result
02_WORKSPACE_SNAPSHOT/Towow_A2A_Research_Handoff_Full_Archive_v1.0(1).zip,Towow_A2A_Research_Handoff_v1.0/full_archive/extracted_sources/R5C-RETURN-001/R5C-RETURN-001/HUMAN_RECOGNITION_AND_VALUE.md,915,64f7a7c74327766165d6367faf65f59bfc66a54d88d768e471cd8af5c4907b28,md,extracted-unique-text,02_derived/zip-text-search-corpus/files/64/64f7a7c74327766165d6367faf65f59bfc66a54d88d768e471cd8af5c4907b28.md,,pre-rebuild-handoff,text-source
02_WORKSPACE_SNAPSHOT/Towow_A2A_Research_Handoff_Full_Archive_v1.0(1).zip,Towow_A2A_Research_Handoff_v1.0/full_archive/extracted_sources/R5C-RETURN-001/R5C-RETURN-001/CLAIM_EVIDENCE_UPDATE.csv,7389,4e72915417a1dd163e43583a4bf48bf20b8bd5cf882dfb976df8d0105d11c238,csv,extracted-unique-text,02_derived/zip-text-search-corpus/files/4e/4e72915417a1dd163e43583a4bf48bf20b8bd5cf882dfb976df8d0105d11c238.csv,,pre-rebuild-handoff,evidence-or-decision-ledger
02_WORKSPACE_SNAPSHOT/Towow_A2A_Research_Handoff_Full_Archive_v1.0(1).zip,Towow_A2A_Research_Handoff_v1.0/full_archive/extracted_sources/R5C-RETURN-001/R5C-RETURN-001/SOURCE_PATCHES/AGENT_WORLD_393b08e_to_bfff6d0.patch,102377,60cd832cb89c1020c8bc3dcc5457023ae465a74edcc429b1eebefcb5f4ecb2f2,patch,extracted-unique-text,02_derived/zip-text-search-corpus/files/60/60cd832cb89c1020c8bc3dcc5457023ae465a74edcc429b1eebefcb5f4ecb2f2.patch,,pre-rebuild-handoff,text-source
02_WORKSPACE_SNAPSHOT/Towow_A2A_Research_Handoff_Full_Archive_v1.0(1).zip,Towow_A2A_Research_Handoff_v1.0/full_archive/extracted_sources/R5C-RETURN-001/R5C-RETURN-001/SOURCE_PATCHES/ALLBUDDY_1a70fb5_to_6e55534.patch,100274,17bd77d96a8229ffc2bfc0ab8c3a879acdd60805340cacb6b7a1df28458b14c7,patch,extracted-unique-text,02_derived/zip-text-search-corpus/files/17/17bd77d96a8229ffc2bfc0ab8c3a879acdd60805340cacb6b7a1df28458b14c7.patch,,pre-rebuild-handoff,text-source
02_WORKSPACE_SNAPSHOT/Towow_A2A_Research_Handoff_Full_Archive_v1.0(1).zip,Towow_A2A_Research_Handoff_v1.0/full_archive/extracted_sources/R5C-RETURN-001/R5C-RETURN-001/SOURCE_PATCHES/GIT_PROVENANCE.md,1644,0affc9c0a47659390b840defd2998ae4b019fdf0e27fc57a4bfa50d3bd53115b,md,extracted-unique-text,02_derived/zip-text-search-corpus/files/0a/0affc9c0a47659390b840defd2998ae4b019fdf0e27fc57a4bfa50d3bd53115b.md,,pre-rebuild-handoff,text-source
02_WORKSPACE_SNAPSHOT/Towow_A2A_Research_Handoff_Full_Archive_v1.0(1).zip,Towow_A2A_Research_Handoff_v1.0/full_archive/extracted_sources/R5C-RETURN-001/R5C-RETURN-001/BASELINES_AND_ABLATIONS.md,2419,54656efe70b7fd1b94bc6ad5d0dfc4a51b61222845647b9e1d0961551ec8dbca,md,extracted-unique-text,02_derived/zip-text-search-corpus/files/54/54656efe70b7fd1b94bc6ad5d0dfc4a51b61222845647b9e1d0961551ec8dbca.md,,pre-rebuild-handoff,text-source
02_WORKSPACE_SNAPSHOT/Towow_A2A_Research_Handoff_Full_Archive_v1.0(1).zip,Towow_A2A_Research_Handoff_v1.0/full_archive/extracted_sources/R5C-RETURN-001/R5C-RETURN-001/PACKET_README.md,1794,8c6971a8599e5cd7f2f1e13b35e3ab9fcdf9decbcbd834cd0e6de49eae777064,md,extracted-unique-text,02_derived/zip-text-search-corpus/files/8c/8c6971a8599e5cd7f2f1e13b35e3ab9fcdf9decbcbd834cd0e6de49eae777064.md,,pre-rebuild-handoff,text-source
02_WORKSPACE_SNAPSHOT/Towow_A2A_Research_Handoff_Full_Archive_v1.0(1).zip,Towow_A2A_Research_Handoff_v1.0/full_archive/extracted_sources/R5C-RETURN-001/R5C-RETURN-001/STATE/RESEARCH_STATE.yaml,6684,526112d19793937f0f6faf513477dc0dc44b25dfcb1f8ee7b33548c08a4798fc,yaml,extracted-unique-text,02_derived/zip-text-search-corpus/files/52/526112d19793937f0f6faf513477dc0dc44b25dfcb1f8ee7b33548c08a4798fc.yaml,,pre-rebuild-handoff,structured-data
02_WORKSPACE_SNAPSHOT/Towow_A2A_Research_Handoff_Full_Archive_v1.0(1).zip,Towow_A2A_Research_Handoff_v1.0/full_archive/extracted_sources/R5C-RETURN-001/R5C-RETURN-001/STATE/DECISION_LOG.md,17445,ade840e4b6944c073cf6a7850cc0895decfbd32e10a1021af4f5f50490404446,md,extracted-unique-text,02_derived/zip-text-search-corpus/files/ad/ade840e4b6944c073cf6a7850cc0895decfbd32e10a1021af4f5f50490404446.md,,pre-rebuild-handoff,text-source
02_WORKSPACE_SNAPSHOT/Towow_A2A_Research_Handoff_Full_Archive_v1.0(1).zip,Towow_A2A_Research_Handoff_v1.0/full_archive/extracted_sources/R5C-RETURN-001/R5C-RETURN-001/verify_return_packet.py,13555,6b3bd8659c29ad2eacc2219a0186832f45c460644936e0d0a3f0dc070d566487,py,extracted-unique-text,02_derived/zip-text-search-corpus/files/6b/6b3bd8659c29ad2eacc2219a0186832f45c460644936e0d0a3f0dc070d566487.py,,pre-rebuild-handoff,instrument-or-code
02_WORKSPACE_SNAPSHOT/Towow_A2A_Research_Handoff_Full_Archive_v1.0(1).zip,Towow_A2A_Research_Handoff_v1.0/full_archive/extracted_sources/R5C-RETURN-001/R5C-RETURN-001/DESIGN_METHOD_RESULT.md,3239,938949f5c145310b046381720f27aef8a36327d4ea7e73c75529f1ce3eaaa2d7,md,extracted-unique-text,02_derived/zip-text-search-corpus/files/93/938949f5c145310b046381720f27aef8a36327d4ea7e73c75529f1ce3eaaa2d7.md,,pre-rebuild-handoff,experiment-or-result
02_WORKSPACE_SNAPSHOT/Towow_A2A_Research_Handoff_Full_Archive_v1.0(1).zip,Towow_A2A_Research_Handoff_v1.0/full_archive/extracted_sources/R5C-RETURN-001/R5C-RETURN-001/CAPABILITY_HOLDOUT.md,891,1af944f3d1af20562f836f13e38afee70b6ff21cc7da47a2d030a60eba05e91c,md,extracted-unique-text,02_derived/zip-text-search-corpus/files/1a/1af944f3d1af20562f836f13e38afee70b6ff21cc7da47a2d030a60eba05e91c.md,,pre-rebuild-handoff,text-source
02_WORKSPACE_SNAPSHOT/Towow_A2A_Research_Handoff_Full_Archive_v1.0(1).zip,Towow_A2A_Research_Handoff_v1.0/full_archive/extracted_sources/PRSE-OS_σ«îµò┤σ╝ÇσÅæσîà_v0.3-dev_σÅ»Σ║ñµÄÑµ£¼σ£░σ¢óΘÿƒ(1)/PRSE-OS_σ«îµò┤σ╝ÇσÅæσîà_v0.3-dev/05_CONTEXT_PACKS/routing_policy.md,439,164cf47f9264902219d05258c6a36eba7b5c10a64e668aa5ac68ec647bedd5cf,md,extracted-unique-text,02_derived/zip-text-search-corpus/files/16/164cf47f9264902219d05258c6a36eba7b5c10a64e668aa5ac68ec647bedd5cf.md,,pre-rebuild-handoff,text-source
02_WORKSPACE_SNAPSHOT/Towow_A2A_Research_Handoff_Full_Archive_v1.0(1).zip,Towow_A2A_Research_Handoff_v1.0/full_archive/extracted_sources/PRSE-OS_σ«îµò┤σ╝ÇσÅæσîà_v0.3-dev_σÅ»Σ║ñµÄÑµ£¼σ£░σ¢óΘÿƒ(1)/PRSE-OS_σ«îµò┤σ╝ÇσÅæσîà_v0.3-dev/05_CONTEXT_PACKS/templates/current_state.context.yaml,407,6d83782ee180254e178ee5a3b3465111ed16475095eadb5c1db26b34acda9b98,yaml,extracted-unique-text,02_derived/zip-text-search-corpus/files/6d/6d83782ee180254e178ee5a3b3465111ed16475095eadb5c1db26b34acda9b98.yaml,,pre-rebuild-handoff,structured-data
02_WORKSPACE_SNAPSHOT/Towow_A2A_Research_Handoff_Full_Archive_v1.0(1).zip,Towow_A2A_Research_Handoff_v1.0/full_archive/extracted_sources/PRSE-OS_σ«îµò┤σ╝ÇσÅæσîà_v0.3-dev_σÅ»Σ║ñµÄÑµ£¼σ£░σ¢óΘÿƒ(1)/PRSE-OS_σ«îµò┤σ╝ÇσÅæσîà_v0.3-dev/05_CONTEXT_PACKS/templates/core_method.context.yaml,403,cf6411d019381bf7770f6d1783d11ed5a52ec83e00cfc6942ff4e60b1bc06e7c,yaml,extracted-unique-text,02_derived/zip-text-search-corpus/files/cf/cf6411d019381bf7770f6d1783d11ed5a52ec83e00cfc6942ff4e60b1bc06e7c.yaml,,pre-rebuild-handoff,structured-data
02_WORKSPACE_SNAPSHOT/Towow_A2A_Research_Handoff_Full_Archive_v1.0(1).zip,Towow_A2A_Research_Handoff_v1.0/full_archive/extracted_sources/PRSE-OS_σ«îµò┤σ╝ÇσÅæσîà_v0.3-dev_σÅ»Σ║ñµÄÑµ£¼σ£░σ¢óΘÿƒ(1)/PRSE-OS_σ«îµò┤σ╝ÇσÅæσîà_v0.3-dev/05_CONTEXT_PACKS/templates/negative.context.yaml,397,f6fc5ff616b51db0718570d407e91cbe2dd548c856889d1bc1ced727333d01b1,yaml,extracted-unique-text,02_derived/zip-text-search-corpus/files/f6/f6fc5ff616b51db0718570d407e91cbe2dd548c856889d1bc1ced727333d01b1.yaml,,pre-rebuild-handoff,structured-data
02_WORKSPACE_SNAPSHOT/Towow_A2A_Research_Handoff_Full_Archive_v1.0(1).zip,Towow_A2A_Research_Handoff_v1.0/full_archive/extracted_sources/PRSE-OS_σ«îµò┤σ╝ÇσÅæσîà_v0.3-dev_σÅ»Σ║ñµÄÑµ£¼σ£░σ¢óΘÿƒ(1)/PRSE-OS_σ«îµò┤σ╝ÇσÅæσîà_v0.3-dev/05_CONTEXT_PACKS/templates/task.context.yaml,389,eca16bf7a2cbf6bca7fe60b836f4c0ac15d7ae793cb89b4760f8b6df5c74d3de,yaml,extracted-unique-text,02_derived/zip-text-search-corpus/files/ec/eca16bf7a2cbf6bca7fe60b836f4c0ac15d7ae793cb89b4760f8b6df5c74d3de.yaml,,pre-rebuild-handoff,structured-data
02_WORKSPACE_SNAPSHOT/Towow_A2A_Research_Handoff_Full_Archive_v1.0(1).zip,Towow_A2A_Research_Handoff_v1.0/full_archive/extracted_sources/PRSE-OS_σ«îµò┤σ╝ÇσÅæσîà_v0.3-dev_σÅ»Σ║ñµÄÑµ£¼σ£░σ¢óΘÿƒ(1)/PRSE-OS_σ«îµò┤σ╝ÇσÅæσîà_v0.3-dev/05_CONTEXT_PACKS/templates/project_core.context.yaml,405,877d1e313cacb6bad3913b212eb993fdeca2ec14638fd80b6f8f249cb3e7374e,yaml,extracted-unique-text,02_derived/zip-text-search-corpus/files/87/877d1e313cacb6bad3913b212eb993fdeca2ec14638fd80b6f8f249cb3e7374e.yaml,,pre-rebuild-handoff,structured-data
02_WORKSPACE_SNAPSHOT/Towow_A2A_Research_Handoff_Full_Archive_v1.0(1).zip,Towow_A2A_Research_Handoff_v1.0/full_archive/extracted_sources/PRSE-OS_σ«îµò┤σ╝ÇσÅæσîà_v0.3-dev_σÅ»Σ║ñµÄÑµ£¼σ£░σ¢óΘÿƒ(1)/PRSE-OS_σ«îµò┤σ╝ÇσÅæσîà_v0.3-dev/05_CONTEXT_PACKS/templates/language.context.yaml,397,8c5709f9226513527df7febb99779ea6e67c82afc0c12bf07bd52ac364ce9dcb,yaml,extracted-unique-text,02_derived/zip-text-search-corpus/files/8c/8c5709f9226513527df7febb99779ea6e67c82afc0c12bf07bd52ac364ce9dcb.yaml,,pre-rebuild-handoff,structured-data
02_WORKSPACE_SNAPSHOT/Towow_A2A_Research_Handoff_Full_Archive_v1.0(1).zip,Towow_A2A_Research_Handoff_v1.0/full_archive/extracted_sources/PRSE-OS_σ«îµò┤σ╝ÇσÅæσîà_v0.3-dev_σÅ»Σ║ñµÄÑµ£¼σ£░σ¢óΘÿƒ(1)/PRSE-OS_σ«îµò┤σ╝ÇσÅæσîà_v0.3-dev/05_CONTEXT_PACKS/templates/evidence.context.yaml,397,b4c6b679235d734834ae68cbd41c774e9fe3b8a476486716fcbf667374f38247,yaml,extracted-unique-text,02_derived/zip-text-search-corpus/files/b4/b4c6b679235d734834ae68cbd41c774e9fe3b8a476486716fcbf667374f38247.yaml,,pre-rebuild-handoff,evidence-or-decision-ledger
02_WORKSPACE_SNAPSHOT/Towow_A2A_Research_Handoff_Full_Archive_v1.0(1).zip,Towow_A2A_Research_Handoff_v1.0/full_archive/extracted_sources/PRSE-OS_σ«îµò┤σ╝ÇσÅæσîà_v0.3-dev_σÅ»Σ║ñµÄÑµ£¼σ£░σ¢óΘÿƒ(1)/PRSE-OS_σ«îµò┤σ╝ÇσÅæσîà_v0.3-dev/05_CONTEXT_PACKS/templates/concern.context.yaml,395,f4ff60b69359762ff998c361df7d16ed9daf4fa31330bbf30c6c753014130e21,yaml,extracted-unique-text,02_derived/zip-text-search-corpus/files/f4/f4ff60b69359762ff998c361df7d16ed9daf4fa31330bbf30c6c753014130e21.yaml,,pre-rebuild-handoff,structured-data
02_WORKSPACE_SNAPSHOT/Towow_A2A_Research_Handoff_Full_Archive_v1.0(1).zip,Towow_A2A_Research_Handoff_v1.0/full_archive/extracted_sources/PRSE-OS_σ«îµò┤σ╝ÇσÅæσîà_v0.3-dev_σÅ»Σ║ñµÄÑµ£¼σ£░σ¢óΘÿƒ(1)/PRSE-OS_σ«îµò┤σ╝ÇσÅæσîà_v0.3-dev/05_CONTEXT_PACKS/context_conflict_policy.md,254,fd1f96e56f13744d8f9426fb558cebec0838244bd1a844d7280ed2b392d7a82d,md,extracted-unique-text,02_derived/zip-text-search-corpus/files/fd/fd1f96e56f13744d8f9426fb558cebec0838244bd1a844d7280ed2b392d7a82d.md,,pre-rebuild-handoff,text-source
02_WORKSPACE_SNAPSHOT/Towow_A2A_Research_Handoff_Full_Archive_v1.0(1).zip,Towow_A2A_Research_Handoff_v1.0/full_archive/extracted_sources/PRSE-OS_σ«îµò┤σ╝ÇσÅæσîà_v0.3-dev_σÅ»Σ║ñµÄÑµ£¼σ£░σ¢óΘÿƒ(1)/PRSE-OS_σ«îµò┤σ╝ÇσÅæσîà_v0.3-dev/05_CONTEXT_PACKS/context-pack.schema.json,1208,9767cee36e79a7d1acf816e357b3759d152306cc30bc13ec34dfbede8bad1419,json,extracted-unique-text,02_derived/zip-text-search-corpus/files/97/9767cee36e79a7d1acf816e357b3759d152306cc30bc13ec34dfbede8bad1419.json,,pre-rebuild-handoff,specification-or-protocol
02_WORKSPACE_SNAPSHOT/Towow_A2A_Research_Handoff_Full_Archive_v1.0(1).zip,Towow_A2A_Research_Handoff_v1.0/full_archive/extracted_sources/PRSE-OS_σ«îµò┤σ╝ÇσÅæσîà_v0.3-dev_σÅ»Σ║ñµÄÑµ£¼σ£░σ¢óΘÿƒ(1)/PRSE-OS_σ«îµò┤σ╝ÇσÅæσîà_v0.3-dev/15_TOOLING/validate_package.py,1555,c8bd8035d94873b18837982f5ca5518f5b50a9b3af39d0eb7ed7c1c8588f3067,py,extracted-unique-text,02_derived/zip-text-search-corpus/files/c8/c8bd8035d94873b18837982f5ca5518f5b50a9b3af39d0eb7ed7c1c8588f3067.py,,pre-rebuild-handoff,instrument-or-code
02_WORKSPACE_SNAPSHOT/Towow_A2A_Research_Handoff_Full_Archive_v1.0(1).zip,Towow_A2A_Research_Handoff_v1.0/full_archive/extracted_sources/PRSE-OS_σ«îµò┤σ╝ÇσÅæσîà_v0.3-dev_σÅ»Σ║ñµÄÑµ£¼σ£░σ¢óΘÿƒ(1)/PRSE-OS_σ«îµò┤σ╝ÇσÅæσîà_v0.3-dev/15_TOOLING/bootstrap_project.py,302,4eaa554d229b92da2077a6202b7843fcb741713ab626bfabd81731330feaa567,py,extracted-unique-text,02_derived/zip-text-search-corpus/files/4e/4eaa554d229b92da2077a6202b7843fcb741713ab626bfabd81731330feaa567.py,,pre-rebuild-handoff,instrument-or-code
02_WORKSPACE_SNAPSHOT/Towow_A2A_Research_Handoff_Full_Archive_v1.0(1).zip,Towow_A2A_Research_Handoff_v1.0/full_archive/extracted_sources/PRSE-OS_σ«îµò┤σ╝ÇσÅæσîà_v0.3-dev_σÅ»Σ║ñµÄÑµ£¼σ£░σ¢óΘÿƒ(1)/PRSE-OS_σ«îµò┤σ╝ÇσÅæσîà_v0.3-dev/15_TOOLING/generate_inventory.py,514,a35cee98f1c8347f2f11dbed0d301ba3c7a3b65be0045819e3279b6fc4af1e77,py,extracted-unique-text,02_derived/zip-text-search-corpus/files/a3/a35cee98f1c8347f2f11dbed0d301ba3c7a3b65be0045819e3279b6fc4af1e77.py,,pre-rebuild-handoff,instrument-or-code
02_WORKSPACE_SNAPSHOT/Towow_A2A_Research_Handoff_Full_Archive_v1.0(1).zip,Towow_A2A_Research_Handoff_v1.0/full_archive/extracted_sources/PRSE-OS_σ«îµò┤σ╝ÇσÅæσîà_v0.3-dev_σÅ»Σ║ñµÄÑµ£¼σ£░σ¢óΘÿƒ(1)/PRSE-OS_σ«îµò┤σ╝ÇσÅæσîà_v0.3-dev/15_TOOLING/README.md,193,ef9612dc01055860cd997c5dd80919c9e533e4884a3d6e580717ff8d74e7b8e3,md,extracted-unique-text,02_derived/zip-text-search-corpus/files/ef/ef9612dc01055860cd997c5dd80919c9e533e4884a3d6e580717ff8d74e7b8e3.md,,pre-rebuild-handoff,orientation
02_WORKSPACE_SNAPSHOT/Towow_A2A_Research_Handoff_Full_Archive_v1.0(1).zip,Towow_A2A_Research_Handoff_v1.0/full_archive/extracted_sources/PRSE-OS_σ«îµò┤σ╝ÇσÅæσîà_v0.3-dev_σÅ»Σ║ñµÄÑµ£¼σ£░σ¢óΘÿƒ(1)/PRSE-OS_σ«îµò┤σ╝ÇσÅæσîà_v0.3-dev/12_ROADMAP/risk_register.yaml,844,1b8edc79071360de51356c253686b05e72504f2285ff8a328fc44a1f854899ce,yaml,extracted-unique-text,02_derived/zip-text-search-corpus/files/1b/1b8edc79071360de51356c253686b05e72504f2285ff8a328fc44a1f854899ce.yaml,,pre-rebuild-handoff,research-program
02_WORKSPACE_SNAPSHOT/Towow_A2A_Research_Handoff_Full_Archive_v1.0(1).zip,Towow_A2A_Research_Handoff_v1.0/full_archive/extracted_sources/PRSE-OS_σ«îµò┤σ╝ÇσÅæσîà_v0.3-dev_σÅ»Σ║ñµÄÑµ£¼σ£░σ¢óΘÿƒ(1)/PRSE-OS_σ«îµò┤σ╝ÇσÅæσîà_v0.3-dev/12_ROADMAP/engineering_backlog.yaml,606,cf7518437ea1be93a9014ec02578c3e9951fa845e20fc39eef9203fb971c3a41,yaml,extracted-unique-text,02_derived/zip-text-search-corpus/files/cf/cf7518437ea1be93a9014ec02578c3e9951fa845e20fc39eef9203fb971c3a41.yaml,,pre-rebuild-handoff,research-program
02_WORKSPACE_SNAPSHOT/Towow_A2A_Research_Handoff_Full_Archive_v1.0(1).zip,Towow_A2A_Research_Handoff_v1.0/full_archive/extracted_sources/PRSE-OS_σ«îµò┤σ╝ÇσÅæσîà_v0.3-dev_σÅ»Σ║ñµÄÑµ£¼σ£░σ¢óΘÿƒ(1)/PRSE-OS_σ«îµò┤σ╝ÇσÅæσîà_v0.3-dev/12_ROADMAP/roadmap_v0.3_to_v1.0.md,1685,62408ffe5b71639a49238ff5842624ef53245d3a01087471adf69d84ff11e6c1,md,extracted-unique-text,02_derived/zip-text-search-corpus/files/62/62408ffe5b71639a49238ff5842624ef53245d3a01087471adf69d84ff11e6c1.md,,pre-rebuild-handoff,research-program
02_WORKSPACE_SNAPSHOT/Towow_A2A_Research_Handoff_Full_Archive_v1.0(1).zip,Towow_A2A_Research_Handoff_v1.0/full_archive/extracted_sources/PRSE-OS_σ«îµò┤σ╝ÇσÅæσîà_v0.3-dev_σÅ»Σ║ñµÄÑµ£¼σ£░σ¢óΘÿƒ(1)/PRSE-OS_σ«îµò┤σ╝ÇσÅæσîà_v0.3-dev/12_ROADMAP/research_backlog.yaml,770,0550d515777e80f01812f85a2ec419ea5d655c80ac87abfa84d5917c973da31f,yaml,extracted-unique-text,02_derived/zip-text-search-corpus/files/05/0550d515777e80f01812f85a2ec419ea5d655c80ac87abfa84d5917c973da31f.yaml,,pre-rebuild-handoff,research-program
02_WORKSPACE_SNAPSHOT/Towow_A2A_Research_Handoff_Full_Archive_v1.0(1).zip,Towow_A2A_Research_Handoff_v1.0/full_archive/extracted_sources/PRSE-OS_σ«îµò┤σ╝ÇσÅæσîà_v0.3-dev_σÅ»Σ║ñµÄÑµ£¼σ£░σ¢óΘÿƒ(1)/PRSE-OS_σ«îµò┤σ╝ÇσÅæσîà_v0.3-dev/12_ROADMAP/governance_options.md,402,48815ec89b1f335afb99c94512c797dc87b16e89290c53edced8a30b3ba5d970,md,extracted-unique-text,02_derived/zip-text-search-corpus/files/48/48815ec89b1f335afb99c94512c797dc87b16e89290c53edced8a30b3ba5d970.md,,pre-rebuild-handoff,research-program
02_WORKSPACE_SNAPSHOT/Towow_A2A_Research_Handoff_Full_Archive_v1.0(1).zip,Towow_A2A_Research_Handoff_v1.0/full_archive/extracted_sources/PRSE-OS_σ«îµò┤σ╝ÇσÅæσîà_v0.3-dev_σÅ»Σ║ñµÄÑµ£¼σ£░σ¢óΘÿƒ(1)/PRSE-OS_σ«îµò┤σ╝ÇσÅæσîà_v0.3-dev/12_ROADMAP/adoption_experiments.md,325,91dae4cc04f70784764ae1db322cd0a0efcd5d3b2bbed437983ed6728d3e42b6,md,extracted-unique-text,02_derived/zip-text-search-corpus/files/91/91dae4cc04f70784764ae1db322cd0a0efcd5d3b2bbed437983ed6728d3e42b6.md,,pre-rebuild-handoff,experiment-or-result
02_WORKSPACE_SNAPSHOT/Towow_A2A_Research_Handoff_Full_Archive_v1.0(1).zip,Towow_A2A_Research_Handoff_v1.0/full_archive/extracted_sources/PRSE-OS_σ«îµò┤σ╝ÇσÅæσîà_v0.3-dev_σÅ»Σ║ñµÄÑµ£¼σ£░σ¢óΘÿƒ(1)/PRSE-OS_σ«îµò┤σ╝ÇσÅæσîà_v0.3-dev/VALIDATION_REPORT.txt,34,d7dc6ab4c8bb75b5b88737ac882b113842e4e2d3afe766d2df0345d05cd6448f,txt,extracted-unique-text,02_derived/zip-text-search-corpus/files/d7/d7dc6ab4c8bb75b5b88737ac882b113842e4e2d3afe766d2df0345d05cd6448f.txt,,pre-rebuild-handoff,text-source
02_WORKSPACE_SNAPSHOT/Towow_A2A_Research_Handoff_Full_Archive_v1.0(1).zip,Towow_A2A_Research_Handoff_v1.0/full_archive/extracted_sources/PRSE-OS_σ«îµò┤σ╝ÇσÅæσîà_v0.3-dev_σÅ»Σ║ñµÄÑµ£¼σ£░σ¢óΘÿƒ(1)/PRSE-OS_σ«îµò┤σ╝ÇσÅæσîà_v0.3-dev/06_VALIDATORS/cards/experience_projection.validator.yaml,540,ab4fa183b1a628fff5fd6b1bac61918d1a827ce36293b2f91fb71e5b84ff75cd,yaml,extracted-unique-text,02_derived/zip-text-search-corpus/files/ab/ab4fa183b1a628fff5fd6b1bac61918d1a827ce36293b2f91fb71e5b84ff75cd.yaml,,pre-rebuild-handoff,structured-data
02_WORKSPACE_SNAPSHOT/Towow_A2A_Research_Handoff_Full_Archive_v1.0(1).zip,Towow_A2A_Research_Handoff_v1.0/full_archive/extracted_sources/PRSE-OS_σ«îµò┤σ╝ÇσÅæσîà_v0.3-dev_σÅ»Σ║ñµÄÑµ£¼σ£░σ¢óΘÿƒ(1)/PRSE-OS_σ«îµò┤σ╝ÇσÅæσîà_v0.3-dev/06_VALIDATORS/cards/evidence_ready.validator.yaml,517,8dbf2734d158a150338f10a87b70a12968567b55b4be0db7bae200f2a60f52ea,yaml,extracted-unique-text,02_derived/zip-text-search-corpus/files/8d/8dbf2734d158a150338f10a87b70a12968567b55b4be0db7bae200f2a60f52ea.yaml,,pre-rebuild-handoff,evidence-or-decision-ledger
02_WORKSPACE_SNAPSHOT/Towow_A2A_Research_Handoff_Full_Archive_v1.0(1).zip,Towow_A2A_Research_Handoff_v1.0/full_archive/extracted_sources/PRSE-OS_σ«îµò┤σ╝ÇσÅæσîà_v0.3-dev_σÅ»Σ║ñµÄÑµ£¼σ£░σ¢óΘÿƒ(1)/PRSE-OS_σ«îµò┤σ╝ÇσÅæσîà_v0.3-dev/06_VALIDATORS/cards/prototype_anchoring.validator.yaml,548,d7b9d61252b7df8ad9c0fda19d95a31eadef20a7e16a572b5bd8bf151507cf88,yaml,extracted-unique-text,02_derived/zip-text-search-corpus/files/d7/d7b9d61252b7df8ad9c0fda19d95a31eadef20a7e16a572b5bd8bf151507cf88.yaml,,pre-rebuild-handoff,structured-data
02_WORKSPACE_SNAPSHOT/Towow_A2A_Research_Handoff_Full_Archive_v1.0(1).zip,Towow_A2A_Research_Handoff_v1.0/full_archive/extracted_sources/PRSE-OS_σ«îµò┤σ╝ÇσÅæσîà_v0.3-dev_σÅ»Σ║ñµÄÑµ£¼σ£░σ¢óΘÿƒ(1)/PRSE-OS_σ«îµò┤σ╝ÇσÅæσîà_v0.3-dev/06_VALIDATORS/cards/semantic_consistency.validator.yaml,551,776273f0b2f7d114897c4e3a78ba9c26275edcf31c2007f581be1e60b7979aea,yaml,extracted-unique-text,02_derived/zip-text-search-corpus/files/77/776273f0b2f7d114897c4e3a78ba9c26275edcf31c2007f581be1e60b7979aea.yaml,,pre-rebuild-handoff,structured-data
02_WORKSPACE_SNAPSHOT/Towow_A2A_Research_Handoff_Full_Archive_v1.0(1).zip,Towow_A2A_Research_Handoff_v1.0/full_archive/extracted_sources/PRSE-OS_σ«îµò┤σ╝ÇσÅæσîà_v0.3-dev_σÅ»Σ║ñµÄÑµ£¼σ£░σ¢óΘÿƒ(1)/PRSE-OS_σ«îµò┤σ╝ÇσÅæσîà_v0.3-dev/06_VALIDATORS/cards/assurance.validator.yaml,492,497b6d369808907378fc6b273d04896649aeb3649db063a5a35b3df1e9428bbd,yaml,extracted-unique-text,02_derived/zip-text-search-corpus/files/49/497b6d369808907378fc6b273d04896649aeb3649db063a5a35b3df1e9428bbd.yaml,,pre-rebuild-handoff,structured-data
02_WORKSPACE_SNAPSHOT/Towow_A2A_Research_Handoff_Full_Archive_v1.0(1).zip,Towow_A2A_Research_Handoff_v1.0/full_archive/extracted_sources/PRSE-OS_σ«îµò┤σ╝ÇσÅæσîà_v0.3-dev_σÅ»Σ║ñµÄÑµ£¼σ£░σ¢óΘÿƒ(1)/PRSE-OS_σ«îµò┤σ╝ÇσÅæσîà_v0.3-dev/06_VALIDATORS/cards/change_propagation.validator.yaml,518,94fac600caf89ab57a35f7aade7c35754ea370cc4bcb0c8ccb13607a11ad7887,yaml,extracted-unique-text,02_derived/zip-text-search-corpus/files/94/94fac600caf89ab57a35f7aade7c35754ea370cc4bcb0c8ccb13607a11ad7887.yaml,,pre-rebuild-handoff,structured-data
02_WORKSPACE_SNAPSHOT/Towow_A2A_Research_Handoff_Full_Archive_v1.0(1).zip,Towow_A2A_Research_Handoff_v1.0/full_archive/extracted_sources/PRSE-OS_σ«îµò┤σ╝ÇσÅæσîà_v0.3-dev_σÅ»Σ║ñµÄÑµ£¼σ£░σ¢óΘÿƒ(1)/PRSE-OS_σ«îµò┤σ╝ÇσÅæσîà_v0.3-dev/06_VALIDATORS/cards/handoff_portability.validator.yaml,532,0ffac1051d0b949c9fd685704bdc51b820099dd41d7a017471e57557f17708d2,yaml,extracted-unique-text,02_derived/zip-text-search-corpus/files/0f/0ffac1051d0b949c9fd685704bdc51b820099dd41d7a017471e57557f17708d2.yaml,,pre-rebuild-handoff,structured-data
02_WORKSPACE_SNAPSHOT/Towow_A2A_Research_Handoff_Full_Archive_v1.0(1).zip,Towow_A2A_Research_Handoff_v1.0/full_archive/extracted_sources/PRSE-OS_σ«îµò┤σ╝ÇσÅæσîà_v0.3-dev_σÅ»Σ║ñµÄÑµ£¼σ£░σ¢óΘÿƒ(1)/PRSE-OS_σ«îµò┤σ╝ÇσÅæσîà_v0.3-dev/06_VALIDATORS/cards/mission_ready.validator.yaml,512,8c06c003cf8384a11979fb158e67ab1881c95e430c808ef82499bb11d91377d9,yaml,extracted-unique-text,02_derived/zip-text-search-corpus/files/8c/8c06c003cf8384a11979fb158e67ab1881c95e430c808ef82499bb11d91377d9.yaml,,pre-rebuild-handoff,research-program
02_WORKSPACE_SNAPSHOT/Towow_A2A_Research_Handoff_Full_Archive_v1.0(1).zip,Towow_A2A_Research_Handoff_v1.0/full_archive/extracted_sources/PRSE-OS_σ«îµò┤σ╝ÇσÅæσîà_v0.3-dev_σÅ»Σ║ñµÄÑµ£¼σ£░σ¢óΘÿƒ(1)/PRSE-OS_σ«îµò┤σ╝ÇσÅæσîà_v0.3-dev/06_VALIDATORS/cards/closed_loop_completeness.validator.yaml,528,e2359e356823587118bec15f1876bdfa2f1695861442f91a0caf8adb56148264,yaml,extracted-unique-text,02_derived/zip-text-search-corpus/files/e2/e2359e356823587118bec15f1876bdfa2f1695861442f91a0caf8adb56148264.yaml,,pre-rebuild-handoff,structured-data
02_WORKSPACE_SNAPSHOT/Towow_A2A_Research_Handoff_Full_Archive_v1.0(1).zip,Towow_A2A_Research_Handoff_v1.0/full_archive/extracted_sources/PRSE-OS_σ«îµò┤σ╝ÇσÅæσîà_v0.3-dev_σÅ»Σ║ñµÄÑµ£¼σ£░σ¢óΘÿƒ(1)/PRSE-OS_σ«îµò┤σ╝ÇσÅæσîà_v0.3-dev/06_VALIDATORS/cards/language_fidelity.validator.yaml,529,a3ba2090fd10ef793922c452cd1b19e1d0758061287bcf85d2bdb4bbaaf92261,yaml,extracted-unique-text,02_derived/zip-text-search-corpus/files/a3/a3ba2090fd10ef793922c452cd1b19e1d0758061287bcf85d2bdb4bbaaf92261.yaml,,pre-rebuild-handoff,structured-data
02_WORKSPACE_SNAPSHOT/Towow_A2A_Research_Handoff_Full_Archive_v1.0(1).zip,Towow_A2A_Research_Handoff_v1.0/full_archive/extracted_sources/PRSE-OS_σ«îµò┤σ╝ÇσÅæσîà_v0.3-dev_σÅ»Σ║ñµÄÑµ£¼σ£░σ¢óΘÿƒ(1)/PRSE-OS_σ«îµò┤σ╝ÇσÅæσîà_v0.3-dev/06_VALIDATORS/registry.yaml,730,c9b65d20c23ade0edf4ca82e0a6250bab1468e9103ef8da5bbb0efdb5cd339f4,yaml,extracted-unique-text,02_derived/zip-text-search-corpus/files/c9/c9b65d20c23ade0edf4ca82e0a6250bab1468e9103ef8da5bbb0efdb5cd339f4.yaml,,pre-rebuild-handoff,structured-data
02_WORKSPACE_SNAPSHOT/Towow_A2A_Research_Handoff_Full_Archive_v1.0(1).zip,Towow_A2A_Research_Handoff_v1.0/full_archive/extracted_sources/PRSE-OS_σ«îµò┤σ╝ÇσÅæσîà_v0.3-dev_σÅ»Σ║ñµÄÑµ£¼σ£░σ¢óΘÿƒ(1)/PRSE-OS_σ«îµò┤σ╝ÇσÅæσîà_v0.3-dev/06_VALIDATORS/validation-report.schema.json,711,a5ed81abcb7e9c2d55c8042ded42e2dae0b7b5ad1d9381f4a72ac7bb9782bff0,json,extracted-unique-text,02_derived/zip-text-search-corpus/files/a5/a5ed81abcb7e9c2d55c8042ded42e2dae0b7b5ad1d9381f4a72ac7bb9782bff0.json,,pre-rebuild-handoff,specification-or-protocol
02_WORKSPACE_SNAPSHOT/Towow_A2A_Research_Handoff_Full_Archive_v1.0(1).zip,Towow_A2A_Research_Handoff_v1.0/full_archive/extracted_sources/PRSE-OS_σ«îµò┤σ╝ÇσÅæσîà_v0.3-dev_σÅ»Σ║ñµÄÑµ£¼σ£░σ¢óΘÿƒ(1)/PRSE-OS_σ«îµò┤σ╝ÇσÅæσîà_v0.3-dev/06_VALIDATORS/validator.schema.json,806,c91baee4e292595592d9f9f859e88960c04c9d64ea3ab0a79ccafa6e335b77ac,json,extracted-unique-text,02_derived/zip-text-search-corpus/files/c9/c91baee4e292595592d9f9f859e88960c04c9d64ea3ab0a79ccafa6e335b77ac.json,,pre-rebuild-handoff,specification-or-protocol
02_WORKSPACE_SNAPSHOT/Towow_A2A_Research_Handoff_Full_Archive_v1.0(1).zip,Towow_A2A_Research_Handoff_v1.0/full_archive/extracted_sources/PRSE-OS_σ«îµò┤σ╝ÇσÅæσîà_v0.3-dev_σÅ»Σ║ñµÄÑµ£¼σ£░σ¢óΘÿƒ(1)/PRSE-OS_σ«îµò┤σ╝ÇσÅæσîà_v0.3-dev/06_VALIDATORS/independence_policy.md,295,9f6007cbc83da30335a2dbb91ffc39483f853ba01445cf78253518ea91ec54af,md,extracted-unique-text,02_derived/zip-text-search-corpus/files/9f/9f6007cbc83da30335a2dbb91ffc39483f853ba01445cf78253518ea91ec54af.md,,pre-rebuild-handoff,text-source
02_WORKSPACE_SNAPSHOT/Towow_A2A_Research_Handoff_Full_Archive_v1.0(1).zip,Towow_A2A_Research_Handoff_v1.0/full_archive/extracted_sources/PRSE-OS_σ«îµò┤σ╝ÇσÅæσîà_v0.3-dev_σÅ»Σ║ñµÄÑµ£¼σ£░σ¢óΘÿƒ(1)/PRSE-OS_σ«îµò┤σ╝ÇσÅæσîà_v0.3-dev/02_DESIGN_PROCESS/03_key_corrections.md,2054,94017a28a792cae71c456fe43541b1d56a0d6922528109b01fc267687e82ec9a,md,extracted-unique-text,02_derived/zip-text-search-corpus/files/94/94017a28a792cae71c456fe43541b1d56a0d6922528109b01fc267687e82ec9a.md,,pre-rebuild-handoff,interaction-or-review
02_WORKSPACE_SNAPSHOT/Towow_A2A_Research_Handoff_Full_Archive_v1.0(1).zip,Towow_A2A_Research_Handoff_v1.0/full_archive/extracted_sources/PRSE-OS_σ«îµò┤σ╝ÇσÅæσîà_v0.3-dev_σÅ»Σ║ñµÄÑµ£¼σ£░σ¢óΘÿƒ(1)/PRSE-OS_σ«îµò┤σ╝ÇσÅæσîà_v0.3-dev/02_DESIGN_PROCESS/01_timeline.md,1967,604d7643f10f79764ac5796c2f563990e754187d765ad3a56067a145aa83537c,md,extracted-unique-text,02_derived/zip-text-search-corpus/files/60/604d7643f10f79764ac5796c2f563990e754187d765ad3a56067a145aa83537c.md,,pre-rebuild-handoff,text-source
02_WORKSPACE_SNAPSHOT/Towow_A2A_Research_Handoff_Full_Archive_v1.0(1).zip,Towow_A2A_Research_Handoff_v1.0/full_archive/extracted_sources/PRSE-OS_σ«îµò┤σ╝ÇσÅæσîà_v0.3-dev_σÅ»Σ║ñµÄÑµ£¼σ£░σ¢óΘÿƒ(1)/PRSE-OS_σ«îµò┤σ╝ÇσÅæσîà_v0.3-dev/02_DESIGN_PROCESS/04_decision_ledger.yaml,2414,b5f1992f29f931b1e67f02774fba7351b167181d354057d29c20d4e78ea06e9d,yaml,extracted-unique-text,02_derived/zip-text-search-corpus/files/b5/b5f1992f29f931b1e67f02774fba7351b167181d354057d29c20d4e78ea06e9d.yaml,,pre-rebuild-handoff,evidence-or-decision-ledger
02_WORKSPACE_SNAPSHOT/Towow_A2A_Research_Handoff_Full_Archive_v1.0(1).zip,Towow_A2A_Research_Handoff_v1.0/full_archive/extracted_sources/PRSE-OS_σ«îµò┤σ╝ÇσÅæσîà_v0.3-dev_σÅ»Σ║ñµÄÑµ£¼σ£░σ¢óΘÿƒ(1)/PRSE-OS_σ«îµò┤σ╝ÇσÅæσîà_v0.3-dev/02_DESIGN_PROCESS/00_process_overview.md,1072,0748b42f782de61ff0900e9181b0af555401302ad3bcce90f1aefcc12cf7acea,md,extracted-unique-text,02_derived/zip-text-search-corpus/files/07/0748b42f782de61ff0900e9181b0af555401302ad3bcce90f1aefcc12cf7acea.md,,pre-rebuild-handoff,orientation
02_WORKSPACE_SNAPSHOT/Towow_A2A_Research_Handoff_Full_Archive_v1.0(1).zip,Towow_A2A_Research_Handoff_v1.0/full_archive/extracted_sources/PRSE-OS_σ«îµò┤σ╝ÇσÅæσîà_v0.3-dev_σÅ»Σ║ñµÄÑµ£¼σ£░σ¢óΘÿƒ(1)/PRSE-OS_σ«îµò┤σ╝ÇσÅæσîà_v0.3-dev/02_DESIGN_PROCESS/02_problem_evolution.md,1026,03b74050919f82af50a7130de63adf8be641e51ab0477fbc39f00bfc53c5d819,md,extracted-unique-text,02_derived/zip-text-search-corpus/files/03/03b74050919f82af50a7130de63adf8be641e51ab0477fbc39f00bfc53c5d819.md,,pre-rebuild-handoff,text-source
02_WORKSPACE_SNAPSHOT/Towow_A2A_Research_Handoff_Full_Archive_v1.0(1).zip,Towow_A2A_Research_Handoff_v1.0/full_archive/extracted_sources/PRSE-OS_σ«îµò┤σ╝ÇσÅæσîà_v0.3-dev_σÅ»Σ║ñµÄÑµ£¼σ£░σ¢óΘÿƒ(1)/PRSE-OS_σ«îµò┤σ╝ÇσÅæσîà_v0.3-dev/02_DESIGN_PROCESS/09_conversation_reconstruction.md,1760,72361a42bee30abb4cc2c72cca5bc65f1b4f4adecdcff715f2db795c7b2e4f11,md,extracted-unique-text,02_derived/zip-text-search-corpus/files/72/72361a42bee30abb4cc2c72cca5bc65f1b4f4adecdcff715f2db795c7b2e4f11.md,,pre-rebuild-handoff,text-source
02_WORKSPACE_SNAPSHOT/Towow_A2A_Research_Handoff_Full_Archive_v1.0(1).zip,Towow_A2A_Research_Handoff_v1.0/full_archive/extracted_sources/PRSE-OS_σ«îµò┤σ╝ÇσÅæσîà_v0.3-dev_σÅ»Σ║ñµÄÑµ£¼σ£░σ¢óΘÿƒ(1)/PRSE-OS_σ«îµò┤σ╝ÇσÅæσîà_v0.3-dev/02_DESIGN_PROCESS/07_source_traceability.md,763,f1b6c867828ca8d66c9676ba02e5f7dd908cfdbee893964be86daa19d9e2e1a7,md,extracted-unique-text,02_derived/zip-text-search-corpus/files/f1/f1b6c867828ca8d66c9676ba02e5f7dd908cfdbee893964be86daa19d9e2e1a7.md,,pre-rebuild-handoff,experiment-or-result
02_WORKSPACE_SNAPSHOT/Towow_A2A_Research_Handoff_Full_Archive_v1.0(1).zip,Towow_A2A_Research_Handoff_v1.0/full_archive/extracted_sources/PRSE-OS_σ«îµò┤σ╝ÇσÅæσîà_v0.3-dev_σÅ»Σ║ñµÄÑµ£¼σ£░σ¢óΘÿƒ(1)/PRSE-OS_σ«îµò┤σ╝ÇσÅæσîà_v0.3-dev/02_DESIGN_PROCESS/05_rejected_and_deferred.md,1041,06d9171c1949dbad82a5bc84b88878ec37bdb8ad2513c89c425eeb2de2690611,md,extracted-unique-text,02_derived/zip-text-search-corpus/files/06/06d9171c1949dbad82a5bc84b88878ec37bdb8ad2513c89c425eeb2de2690611.md,,pre-rebuild-handoff,text-source
02_WORKSPACE_SNAPSHOT/Towow_A2A_Research_Handoff_Full_Archive_v1.0(1).zip,Towow_A2A_Research_Handoff_v1.0/full_archive/extracted_sources/PRSE-OS_σ«îµò┤σ╝ÇσÅæσîà_v0.3-dev_σÅ»Σ║ñµÄÑµ£¼σ£░σ¢óΘÿƒ(1)/PRSE-OS_σ«îµò┤σ╝ÇσÅæσîà_v0.3-dev/02_DESIGN_PROCESS/08_prototype_method.md,778,f0e5ab8acb02c3e1975859e2e6bd02bf95c49095bcd428c96f02af147af9932e,md,extracted-unique-text,02_derived/zip-text-search-corpus/files/f0/f0e5ab8acb02c3e1975859e2e6bd02bf95c49095bcd428c96f02af147af9932e.md,,pre-rebuild-handoff,text-source
02_WORKSPACE_SNAPSHOT/Towow_A2A_Research_Handoff_Full_Archive_v1.0(1).zip,Towow_A2A_Research_Handoff_v1.0/full_archive/extracted_sources/PRSE-OS_σ«îµò┤σ╝ÇσÅæσîà_v0.3-dev_σÅ»Σ║ñµÄÑµ£¼σ£░σ¢óΘÿƒ(1)/PRSE-OS_σ«îµò┤σ╝ÇσÅæσîà_v0.3-dev/14_PROJECT_TEMPLATE/tests/conformance_cases.yaml,10,67fd4cc91da7c4d6870049981fed4d367327a4bb687e73666652796d80b533b8,yaml,extracted-unique-text,02_derived/zip-text-search-corpus/files/67/67fd4cc91da7c4d6870049981fed4d367327a4bb687e73666652796d80b533b8.yaml,,pre-rebuild-handoff,qa-or-test
02_WORKSPACE_SNAPSHOT/Towow_A2A_Research_Handoff_Full_Archive_v1.0(1).zip,Towow_A2A_Research_Handoff_v1.0/full_archive/extracted_sources/PRSE-OS_σ«îµò┤σ╝ÇσÅæσîà_v0.3-dev_σÅ»Σ║ñµÄÑµ£¼σ£░σ¢óΘÿƒ(1)/PRSE-OS_σ«îµò┤σ╝ÇσÅæσîà_v0.3-dev/14_PROJECT_TEMPLATE/constitution/spec_nodes.yaml,10,704056ab12a52a1a941fd543cb0207a1117d3fb8884a0428a7c7ccce5feb946e,yaml,extracted-unique-text,02_derived/zip-text-search-corpus/files/70/704056ab12a52a1a941fd543cb0207a1117d3fb8884a0428a7c7ccce5feb946e.yaml,,pre-rebuild-handoff,specification-or-protocol
02_WORKSPACE_SNAPSHOT/Towow_A2A_Research_Handoff_Full_Archive_v1.0(1).zip,Towow_A2A_Research_Handoff_v1.0/full_archive/extracted_sources/PRSE-OS_σ«îµò┤σ╝ÇσÅæσîà_v0.3-dev_σÅ»Σ║ñµÄÑµ£¼σ£░σ¢óΘÿƒ(1)/PRSE-OS_σ«îµò┤σ╝ÇσÅæσîà_v0.3-dev/14_PROJECT_TEMPLATE/context/project_core.context.yaml,261,568aefafdbdf6077ed057a56655077f3cd4fb9e0586ddc4acc7699442377d943,yaml,extracted-unique-text,02_derived/zip-text-search-corpus/files/56/568aefafdbdf6077ed057a56655077f3cd4fb9e0586ddc4acc7699442377d943.yaml,,pre-rebuild-handoff,structured-data
02_WORKSPACE_SNAPSHOT/Towow_A2A_Research_Handoff_Full_Archive_v1.0(1).zip,Towow_A2A_Research_Handoff_v1.0/full_archive/extracted_sources/PRSE-OS_σ«îµò┤σ╝ÇσÅæσîà_v0.3-dev_σÅ»Σ║ñµÄÑµ£¼σ£░σ¢óΘÿƒ(1)/PRSE-OS_σ«îµò┤σ╝ÇσÅæσîà_v0.3-dev/14_PROJECT_TEMPLATE/loops/core_loops.yaml,10,3f85ee0d0543e87e8788e039cfbdcca48124e5e98330246a797004712960d55f,yaml,extracted-unique-text,02_derived/zip-text-search-corpus/files/3f/3f85ee0d0543e87e8788e039cfbdcca48124e5e98330246a797004712960d55f.yaml,,pre-rebuild-handoff,structured-data
02_WORKSPACE_SNAPSHOT/Towow_A2A_Research_Handoff_Full_Archive_v1.0(1).zip,Towow_A2A_Research_Handoff_v1.0/full_archive/extracted_sources/PRSE-OS_σ«îµò┤σ╝ÇσÅæσîà_v0.3-dev_σÅ»Σ║ñµÄÑµ£¼σ£░σ¢óΘÿƒ(1)/PRSE-OS_σ«îµò┤σ╝ÇσÅæσîà_v0.3-dev/14_PROJECT_TEMPLATE/ontology/core_objects.yaml,12,1c7a5b841e940c226969c64f7820eb758551c0a8b18c41d31e9922c5278c5b1d,yaml,extracted-unique-text,02_derived/zip-text-search-corpus/files/1c/1c7a5b841e940c226969c64f7820eb758551c0a8b18c41d31e9922c5278c5b1d.yaml,,pre-rebuild-handoff,structured-data
02_WORKSPACE_SNAPSHOT/Towow_A2A_Research_Handoff_Full_Archive_v1.0(1).zip,Towow_A2A_Research_Handoff_v1.0/full_archive/extracted_sources/PRSE-OS_σ«îµò┤σ╝ÇσÅæσîà_v0.3-dev_σÅ»Σ║ñµÄÑµ£¼σ£░σ¢óΘÿƒ(1)/PRSE-OS_σ«îµò┤σ╝ÇσÅæσîà_v0.3-dev/14_PROJECT_TEMPLATE/project.manifest.yaml,313,14f6854350f29bebd21030b2cf7fda31fe7c3a069f6e324af660a1fc3ee71f9d,yaml,extracted-unique-text,02_derived/zip-text-search-corpus/files/14/14f6854350f29bebd21030b2cf7fda31fe7c3a069f6e324af660a1fc3ee71f9d.yaml,,pre-rebuild-handoff,manifest
02_WORKSPACE_SNAPSHOT/Towow_A2A_Research_Handoff_Full_Archive_v1.0(1).zip,Towow_A2A_Research_Handoff_v1.0/full_archive/extracted_sources/PRSE-OS_σ«îµò┤σ╝ÇσÅæσîà_v0.3-dev_σÅ»Σ║ñµÄÑµ£¼σ£░σ¢óΘÿƒ(1)/PRSE-OS_σ«îµò┤σ╝ÇσÅæσîà_v0.3-dev/14_PROJECT_TEMPLATE/README.md,127,435fadc456a5c945d25fd6006a0546483d62281485994d68f26793deec546043,md,extracted-unique-text,02_derived/zip-text-search-corpus/files/43/435fadc456a5c945d25fd6006a0546483d62281485994d68f26793deec546043.md,,pre-rebuild-handoff,orientation
02_WORKSPACE_SNAPSHOT/Towow_A2A_Research_Handoff_Full_Archive_v1.0(1).zip,Towow_A2A_Research_Handoff_v1.0/full_archive/extracted_sources/PRSE-OS_σ«îµò┤σ╝ÇσÅæσîà_v0.3-dev_σÅ»Σ║ñµÄÑµ£¼σ£░σ¢óΘÿƒ(1)/PRSE-OS_σ«îµò┤σ╝ÇσÅæσîà_v0.3-dev/14_PROJECT_TEMPLATE/run.manifest.example.yaml,149,3ce514376703c991a6aba1803b2ba4549f595fc6ab8d13c930ebd5a3f0f6b1f5,yaml,extracted-unique-text,02_derived/zip-text-search-corpus/files/3c/3ce514376703c991a6aba1803b2ba4549f595fc6ab8d13c930ebd5a3f0f6b1f5.yaml,,pre-rebuild-handoff,manifest
02_WORKSPACE_SNAPSHOT/Towow_A2A_Research_Handoff_Full_Archive_v1.0(1).zip,Towow_A2A_Research_Handoff_v1.0/full_archive/extracted_sources/PRSE-OS_σ«îµò┤σ╝ÇσÅæσîà_v0.3-dev_σÅ»Σ║ñµÄÑµ£¼σ£░σ¢óΘÿƒ(1)/PRSE-OS_σ«îµò┤σ╝ÇσÅæσîà_v0.3-dev/14_PROJECT_TEMPLATE/views/index.yaml,10,96f38c29a06a779a354059c40c74130771b33df5743d2e3c18f9ce1851a17f26,yaml,extracted-unique-text,02_derived/zip-text-search-corpus/files/96/96f38c29a06a779a354059c40c74130771b33df5743d2e3c18f9ce1851a17f26.yaml,,pre-rebuild-handoff,structured-data
02_WORKSPACE_SNAPSHOT/Towow_A2A_Research_Handoff_Full_Archive_v1.0(1).zip,Towow_A2A_Research_Handoff_v1.0/full_archive/extracted_sources/PRSE-OS_σ«îµò┤σ╝ÇσÅæσîà_v0.3-dev_σÅ»Σ║ñµÄÑµ£¼σ£░σ¢óΘÿƒ(1)/PRSE-OS_σ«îµò┤σ╝ÇσÅæσîà_v0.3-dev/09_OBSERVABILITY/metrics.yaml,677,096b9760079f0e74f46a20eab2c02f8b461d8b183296e0d326ac41ad72b6f888,yaml,extracted-unique-text,02_derived/zip-text-search-corpus/files/09/096b9760079f0e74f46a20eab2c02f8b461d8b183296e0d326ac41ad72b6f888.yaml,,pre-rebuild-handoff,structured-data
02_WORKSPACE_SNAPSHOT/Towow_A2A_Research_Handoff_Full_Archive_v1.0(1).zip,Towow_A2A_Research_Handoff_v1.0/full_archive/extracted_sources/PRSE-OS_σ«îµò┤σ╝ÇσÅæσîà_v0.3-dev_σÅ»Σ║ñµÄÑµ£¼σ£░σ¢óΘÿƒ(1)/PRSE-OS_σ«îµò┤σ╝ÇσÅæσîà_v0.3-dev/09_OBSERVABILITY/method-event.schema.json,681,d086dc6725552822e97ae688e5d701f63cc1c5520ef0ddb866bc63f5acf7241d,json,extracted-unique-text,02_derived/zip-text-search-corpus/files/d0/d086dc6725552822e97ae688e5d701f63cc1c5520ef0ddb866bc63f5acf7241d.json,,pre-rebuild-handoff,specification-or-protocol
02_WORKSPACE_SNAPSHOT/Towow_A2A_Research_Handoff_Full_Archive_v1.0(1).zip,Towow_A2A_Research_Handoff_v1.0/full_archive/extracted_sources/PRSE-OS_σ«îµò┤σ╝ÇσÅæσîà_v0.3-dev_σÅ»Σ║ñµÄÑµ£¼σ£░σ¢óΘÿƒ(1)/PRSE-OS_σ«îµò┤σ╝ÇσÅæσîà_v0.3-dev/09_OBSERVABILITY/event_types.yaml,369,b4ee1b740da0c1fb3c1de1c8c1ae77a6664b2150479d35b155510d7decc3d70b,yaml,extracted-unique-text,02_derived/zip-text-search-corpus/files/b4/b4ee1b740da0c1fb3c1de1c8c1ae77a6664b2150479d35b155510d7decc3d70b.yaml,,pre-rebuild-handoff,structured-data
02_WORKSPACE_SNAPSHOT/Towow_A2A_Research_Handoff_Full_Archive_v1.0(1).zip,Towow_A2A_Research_Handoff_v1.0/full_archive/extracted_sources/PRSE-OS_σ«îµò┤σ╝ÇσÅæσîà_v0.3-dev_σÅ»Σ║ñµÄÑµ£¼σ£░σ¢óΘÿƒ(1)/PRSE-OS_σ«îµò┤σ╝ÇσÅæσîà_v0.3-dev/09_OBSERVABILITY/dashboard_spec.md,441,6b5c4535202beb853f3435c72abcdf596289e1d5759a1ef9e264080f8deb32f4,md,extracted-unique-text,02_derived/zip-text-search-corpus/files/6b/6b5c4535202beb853f3435c72abcdf596289e1d5759a1ef9e264080f8deb32f4.md,,pre-rebuild-handoff,specification-or-protocol
02_WORKSPACE_SNAPSHOT/Towow_A2A_Research_Handoff_Full_Archive_v1.0(1).zip,Towow_A2A_Research_Handoff_v1.0/full_archive/extracted_sources/PRSE-OS_σ«îµò┤σ╝ÇσÅæσîà_v0.3-dev_σÅ»Σ║ñµÄÑµ£¼σ£░σ¢óΘÿƒ(1)/PRSE-OS_σ«îµò┤σ╝ÇσÅæσîà_v0.3-dev/09_OBSERVABILITY/failure_localization.md,401,8eec7f7862b878129229236736839925c9e3f9d100b230704bc3f44aaa40ae6a,md,extracted-unique-text,02_derived/zip-text-search-corpus/files/8e/8eec7f7862b878129229236736839925c9e3f9d100b230704bc3f44aaa40ae6a.md,,pre-rebuild-handoff,text-source
02_WORKSPACE_SNAPSHOT/Towow_A2A_Research_Handoff_Full_Archive_v1.0(1).zip,Towow_A2A_Research_Handoff_v1.0/full_archive/extracted_sources/PRSE-OS_σ«îµò┤σ╝ÇσÅæσîà_v0.3-dev_σÅ»Σ║ñµÄÑµ£¼σ£░σ¢óΘÿƒ(1)/PRSE-OS_σ«îµò┤σ╝ÇσÅæσîà_v0.3-dev/09_OBSERVABILITY/sample_events.jsonl,2046,f43c7f1a4eda37de4dfa41f5609c69a9d2ef322dfe67b5f9bb915a0d4f4d66f9,jsonl,extracted-unique-text,02_derived/zip-text-search-corpus/files/f4/f43c7f1a4eda37de4dfa41f5609c69a9d2ef322dfe67b5f9bb915a0d4f4d66f9.jsonl,,pre-rebuild-handoff,structured-data
02_WORKSPACE_SNAPSHOT/Towow_A2A_Research_Handoff_Full_Archive_v1.0(1).zip,Towow_A2A_Research_Handoff_v1.0/full_archive/extracted_sources/PRSE-OS_σ«îµò┤σ╝ÇσÅæσîà_v0.3-dev_σÅ»Σ║ñµÄÑµ£¼σ£░σ¢óΘÿƒ(1)/PRSE-OS_σ«îµò┤σ╝ÇσÅæσîà_v0.3-dev/PACKAGE_SUMMARY.json,224,10c5e18b1eb1e5b72a4c18dbff6ea49600bfc915985375abc3da8a52f63f08ae,json,extracted-unique-text,02_derived/zip-text-search-corpus/files/10/10c5e18b1eb1e5b72a4c18dbff6ea49600bfc915985375abc3da8a52f63f08ae.json,,pre-rebuild-handoff,structured-data
02_WORKSPACE_SNAPSHOT/Towow_A2A_Research_Handoff_Full_Archive_v1.0(1).zip,Towow_A2A_Research_Handoff_v1.0/full_archive/extracted_sources/PRSE-OS_σ«îµò┤σ╝ÇσÅæσîà_v0.3-dev_σÅ»Σ║ñµÄÑµ£¼σ£░σ¢óΘÿƒ(1)/PRSE-OS_σ«îµò┤σ╝ÇσÅæσîà_v0.3-dev/10_TESTS/change_propagation_test.md,244,2e064989a8afc8c96ac3a3cf4e3d94156de174b216ed5fa7c90fba4bedca24a6,md,extracted-unique-text,02_derived/zip-text-search-corpus/files/2e/2e064989a8afc8c96ac3a3cf4e3d94156de174b216ed5fa7c90fba4bedca24a6.md,,pre-rebuild-handoff,qa-or-test
02_WORKSPACE_SNAPSHOT/Towow_A2A_Research_Handoff_Full_Archive_v1.0(1).zip,Towow_A2A_Research_Handoff_v1.0/full_archive/extracted_sources/PRSE-OS_σ«îµò┤σ╝ÇσÅæσîà_v0.3-dev_σÅ»Σ║ñµÄÑµ£¼σ£░σ¢óΘÿƒ(1)/PRSE-OS_σ«îµò┤σ╝ÇσÅæσîà_v0.3-dev/10_TESTS/smoke_tests.yaml,763,c368a81b4630178d43f332aa8b6311b3207c3fcb4e7d0d563c6a8a2e1200c4a5,yaml,extracted-unique-text,02_derived/zip-text-search-corpus/files/c3/c368a81b4630178d43f332aa8b6311b3207c3fcb4e7d0d563c6a8a2e1200c4a5.yaml,,pre-rebuild-handoff,qa-or-test
02_WORKSPACE_SNAPSHOT/Towow_A2A_Research_Handoff_Full_Archive_v1.0(1).zip,Towow_A2A_Research_Handoff_v1.0/full_archive/extracted_sources/PRSE-OS_σ«îµò┤σ╝ÇσÅæσîà_v0.3-dev_σÅ»Σ║ñµÄÑµ£¼σ£░σ¢óΘÿƒ(1)/PRSE-OS_σ«îµò┤σ╝ÇσÅæσîà_v0.3-dev/10_TESTS/cross_runtime_portability.md,233,f0a5cb0f60e683304485267e23151c2a25ab7d8c2ca4b6921c702726b274048a,md,extracted-unique-text,02_derived/zip-text-search-corpus/files/f0/f0a5cb0f60e683304485267e23151c2a25ab7d8c2ca4b6921c702726b274048a.md,,pre-rebuild-handoff,qa-or-test
02_WORKSPACE_SNAPSHOT/Towow_A2A_Research_Handoff_Full_Archive_v1.0(1).zip,Towow_A2A_Research_Handoff_v1.0/full_archive/extracted_sources/PRSE-OS_σ«îµò┤σ╝ÇσÅæσîà_v0.3-dev_σÅ»Σ║ñµÄÑµ£¼σ£░σ¢óΘÿƒ(1)/PRSE-OS_σ«îµò┤σ╝ÇσÅæσîà_v0.3-dev/10_TESTS/blind_consumer_test.md,377,1ccd4c9ea90907501698db6787455b87421c3c90c95a4f2be49b57c52e790137,md,extracted-unique-text,02_derived/zip-text-search-corpus/files/1c/1ccd4c9ea90907501698db6787455b87421c3c90c95a4f2be49b57c52e790137.md,,pre-rebuild-handoff,qa-or-test
02_WORKSPACE_SNAPSHOT/Towow_A2A_Research_Handoff_Full_Archive_v1.0(1).zip,Towow_A2A_Research_Handoff_v1.0/full_archive/extracted_sources/PRSE-OS_σ«îµò┤σ╝ÇσÅæσîà_v0.3-dev_σÅ»Σ║ñµÄÑµ£¼σ£░σ¢óΘÿƒ(1)/PRSE-OS_σ«îµò┤σ╝ÇσÅæσîà_v0.3-dev/10_TESTS/language_drift_test.md,186,294b25d6be1b5ebab084d69e6e01c2bf0df3715d265dc02485757c04fada0c98,md,extracted-unique-text,02_derived/zip-text-search-corpus/files/29/294b25d6be1b5ebab084d69e6e01c2bf0df3715d265dc02485757c04fada0c98.md,,pre-rebuild-handoff,qa-or-test
02_WORKSPACE_SNAPSHOT/Towow_A2A_Research_Handoff_Full_Archive_v1.0(1).zip,Towow_A2A_Research_Handoff_v1.0/full_archive/extracted_sources/PRSE-OS_σ«îµò┤σ╝ÇσÅæσîà_v0.3-dev_σÅ»Σ║ñµÄÑµ£¼σ£░σ¢óΘÿƒ(1)/PRSE-OS_σ«îµò┤σ╝ÇσÅæσîà_v0.3-dev/10_TESTS/integration_acceptance.md,225,bb52d50f491cac93d16b6789e5f9d03f97c06dcef8fcaf12ca1d6e02be644797,md,extracted-unique-text,02_derived/zip-text-search-corpus/files/bb/bb52d50f491cac93d16b6789e5f9d03f97c06dcef8fcaf12ca1d6e02be644797.md,,pre-rebuild-handoff,qa-or-test
02_WORKSPACE_SNAPSHOT/Towow_A2A_Research_Handoff_Full_Archive_v1.0(1).zip,Towow_A2A_Research_Handoff_v1.0/full_archive/extracted_sources/PRSE-OS_σ«îµò┤σ╝ÇσÅæσîà_v0.3-dev_σÅ»Σ║ñµÄÑµ£¼σ£░σ¢óΘÿƒ(1)/PRSE-OS_σ«îµò┤σ╝ÇσÅæσîà_v0.3-dev/10_TESTS/prototype_anchoring_experiment.md,265,5c04b9445a24739254935fb3496b0e736c6d064935c69f52fc478962a02d5414,md,extracted-unique-text,02_derived/zip-text-search-corpus/files/5c/5c04b9445a24739254935fb3496b0e736c6d064935c69f52fc478962a02d5414.md,,pre-rebuild-handoff,qa-or-test
02_WORKSPACE_SNAPSHOT/Towow_A2A_Research_Handoff_Full_Archive_v1.0(1).zip,Towow_A2A_Research_Handoff_v1.0/full_archive/extracted_sources/PRSE-OS_σ«îµò┤σ╝ÇσÅæσîà_v0.3-dev_σÅ»Σ║ñµÄÑµ£¼σ£░σ¢óΘÿƒ(1)/PRSE-OS_σ«îµò┤σ╝ÇσÅæσîà_v0.3-dev/13_ARCHIVE/v0.1/expanded/PRSE-OS_v0.1/method.manifest.yaml,1570,e2eebeddfb26584340de49c425dcd78cb200ccbc66474a3876d44b54d5ab6213,yaml,extracted-unique-text,02_derived/zip-text-search-corpus/files/e2/e2eebeddfb26584340de49c425dcd78cb200ccbc66474a3876d44b54d5ab6213.yaml,,pre-rebuild-handoff,manifest
02_WORKSPACE_SNAPSHOT/Towow_A2A_Research_Handoff_Full_Archive_v1.0(1).zip,Towow_A2A_Research_Handoff_v1.0/full_archive/extracted_sources/PRSE-OS_σ«îµò┤σ╝ÇσÅæσîà_v0.3-dev_σÅ»Σ║ñµÄÑµ£¼σ£░σ¢óΘÿƒ(1)/PRSE-OS_σ«îµò┤σ╝ÇσÅæσîà_v0.3-dev/13_ARCHIVE/v0.1/expanded/PRSE-OS_v0.1/08_observability/metrics.yaml,1279,ef6bb801f263fedd29eaca4af3131dcc49fa50398f1b8d1eae208afded656fad,yaml,extracted-unique-text,02_derived/zip-text-search-corpus/files/ef/ef6bb801f263fedd29eaca4af3131dcc49fa50398f1b8d1eae208afded656fad.yaml,,pre-rebuild-handoff,structured-data
02_WORKSPACE_SNAPSHOT/Towow_A2A_Research_Handoff_Full_Archive_v1.0(1).zip,Towow_A2A_Research_Handoff_v1.0/full_archive/extracted_sources/PRSE-OS_σ«îµò┤σ╝ÇσÅæσîà_v0.3-dev_σÅ»Σ║ñµÄÑµ£¼σ£░σ¢óΘÿƒ(1)/PRSE-OS_σ«îµò┤σ╝ÇσÅæσîà_v0.3-dev/13_ARCHIVE/v0.1/expanded/PRSE-OS_v0.1/08_observability/event_schema.json,1539,86f94691ed25daf586d71400becf675501d677fb58fd2f810c1ead2694b3bac8,json,extracted-unique-text,02_derived/zip-text-search-corpus/files/86/86f94691ed25daf586d71400becf675501d677fb58fd2f810c1ead2694b3bac8.json,,pre-rebuild-handoff,specification-or-protocol
02_WORKSPACE_SNAPSHOT/Towow_A2A_Research_Handoff_Full_Archive_v1.0(1).zip,Towow_A2A_Research_Handoff_v1.0/full_archive/extracted_sources/PRSE-OS_σ«îµò┤σ╝ÇσÅæσîà_v0.3-dev_σÅ»Σ║ñµÄÑµ£¼σ£░σ¢óΘÿƒ(1)/PRSE-OS_σ«îµò┤σ╝ÇσÅæσîà_v0.3-dev/13_ARCHIVE/v0.1/expanded/PRSE-OS_v0.1/AGENT_START_HERE.md,2160,1326021659768ab043a708af63592939c429a4ced47a3e1f6487ffebda397280,md,extracted-unique-text,02_derived/zip-text-search-corpus/files/13/1326021659768ab043a708af63592939c429a4ced47a3e1f6487ffebda397280.md,,pre-rebuild-handoff,text-source
02_WORKSPACE_SNAPSHOT/Towow_A2A_Research_Handoff_Full_Archive_v1.0(1).zip,Towow_A2A_Research_Handoff_v1.0/full_archive/extracted_sources/PRSE-OS_σ«îµò┤σ╝ÇσÅæσîà_v0.3-dev_σÅ»Σ║ñµÄÑµ£¼σ£░σ¢óΘÿƒ(1)/PRSE-OS_σ«îµò┤σ╝ÇσÅæσîà_v0.3-dev/13_ARCHIVE/v0.1/expanded/PRSE-OS_v0.1/02_capabilities/capability_registry.example.yaml,1410,d77dfe43c08165ce3eef4dcf73087187690fa2f55f831ad6c8ab54a6d420f768,yaml,extracted-unique-text,02_derived/zip-text-search-corpus/files/d7/d77dfe43c08165ce3eef4dcf73087187690fa2f55f831ad6c8ab54a6d420f768.yaml,,pre-rebuild-handoff,structured-data
02_WORKSPACE_SNAPSHOT/Towow_A2A_Research_Handoff_Full_Archive_v1.0(1).zip,Towow_A2A_Research_Handoff_v1.0/full_archive/extracted_sources/PRSE-OS_σ«îµò┤σ╝ÇσÅæσîà_v0.3-dev_σÅ»Σ║ñµÄÑµ£¼σ£░σ¢óΘÿƒ(1)/PRSE-OS_σ«îµò┤σ╝ÇσÅæσîà_v0.3-dev/13_ARCHIVE/v0.1/expanded/PRSE-OS_v0.1/02_capabilities/capability_model.md,1762,07460534fa0a34244f5f8a38225c652b2f6ea9d1aff146fca0f3eea373855b3d,md,extracted-unique-text,02_derived/zip-text-search-corpus/files/07/07460534fa0a34244f5f8a38225c652b2f6ea9d1aff146fca0f3eea373855b3d.md,,pre-rebuild-handoff,text-source
02_WORKSPACE_SNAPSHOT/Towow_A2A_Research_Handoff_Full_Archive_v1.0(1).zip,Towow_A2A_Research_Handoff_v1.0/full_archive/extracted_sources/PRSE-OS_σ«îµò┤σ╝ÇσÅæσîà_v0.3-dev_σÅ»Σ║ñµÄÑµ£¼σ£░σ¢óΘÿƒ(1)/PRSE-OS_σ«îµò┤σ╝ÇσÅæσîà_v0.3-dev/13_ARCHIVE/v0.1/expanded/PRSE-OS_v0.1/11_governance/versioning_and_change.md,1310,dc371f2e9d190f07c761fbf9b3d1bf14a34aee85356626c08069729dd7e1b0ca,md,extracted-unique-text,02_derived/zip-text-search-corpus/files/dc/dc371f2e9d190f07c761fbf9b3d1bf14a34aee85356626c08069729dd7e1b0ca.md,,pre-rebuild-handoff,text-source
02_WORKSPACE_SNAPSHOT/Towow_A2A_Research_Handoff_Full_Archive_v1.0(1).zip,Towow_A2A_Research_Handoff_v1.0/full_archive/extracted_sources/PRSE-OS_σ«îµò┤σ╝ÇσÅæσîà_v0.3-dev_σÅ»Σ║ñµÄÑµ£¼σ£░σ¢óΘÿƒ(1)/PRSE-OS_σ«îµò┤σ╝ÇσÅæσîà_v0.3-dev/13_ARCHIVE/v0.1/expanded/PRSE-OS_v0.1/09_language/translation_registry.example.yaml,738,6fe98a25e40d6ee7c5005f8ceea5d576419d31403f14ba9f2b04006c0f95e49f,yaml,extracted-unique-text,02_derived/zip-text-search-corpus/files/6f/6fe98a25e40d6ee7c5005f8ceea5d576419d31403f14ba9f2b04006c0f95e49f.yaml,,pre-rebuild-handoff,structured-data
02_WORKSPACE_SNAPSHOT/Towow_A2A_Research_Handoff_Full_Archive_v1.0(1).zip,Towow_A2A_Research_Handoff_v1.0/full_archive/extracted_sources/PRSE-OS_σ«îµò┤σ╝ÇσÅæσîà_v0.3-dev_σÅ»Σ║ñµÄÑµ£¼σ£░σ¢óΘÿƒ(1)/PRSE-OS_σ«îµò┤σ╝ÇσÅæσîà_v0.3-dev/13_ARCHIVE/v0.1/expanded/PRSE-OS_v0.1/09_language/language_architecture.md,1402,3582da6ce0a962e9dfca9ce5d3e12513fe01a9b15cb11428e530981c2fa0c17f,md,extracted-unique-text,02_derived/zip-text-search-corpus/files/35/3582da6ce0a962e9dfca9ce5d3e12513fe01a9b15cb11428e530981c2fa0c17f.md,,pre-rebuild-handoff,text-source
02_WORKSPACE_SNAPSHOT/Towow_A2A_Research_Handoff_Full_Archive_v1.0(1).zip,Towow_A2A_Research_Handoff_v1.0/full_archive/extracted_sources/PRSE-OS_σ«îµò┤σ╝ÇσÅæσîà_v0.3-dev_σÅ»Σ║ñµÄÑµ£¼σ£░σ¢óΘÿƒ(1)/PRSE-OS_σ«îµò┤σ╝ÇσÅæσîà_v0.3-dev/13_ARCHIVE/v0.1/expanded/PRSE-OS_v0.1/01_ontology/method_objects.yaml,2799,ae7f3d6821424e349391a1fa7a1b2864a679160f2167f2127c17608aadb50e50,yaml,extracted-unique-text,02_derived/zip-text-search-corpus/files/ae/ae7f3d6821424e349391a1fa7a1b2864a679160f2167f2127c17608aadb50e50.yaml,,pre-rebuild-handoff,structured-data
02_WORKSPACE_SNAPSHOT/Towow_A2A_Research_Handoff_Full_Archive_v1.0(1).zip,Towow_A2A_Research_Handoff_v1.0/full_archive/extracted_sources/PRSE-OS_σ«îµò┤σ╝ÇσÅæσîà_v0.3-dev_σÅ»Σ║ñµÄÑµ£¼σ£░σ¢óΘÿƒ(1)/PRSE-OS_σ«îµò┤σ╝ÇσÅæσîà_v0.3-dev/13_ARCHIVE/v0.1/expanded/PRSE-OS_v0.1/05_workflows/new_product.yaml,1747,4ee1106da5c44b2b1a8e1ab76ca6b0d9e67fadeda7a623a088ea00906e881763,yaml,extracted-unique-text,02_derived/zip-text-search-corpus/files/4e/4ee1106da5c44b2b1a8e1ab76ca6b0d9e67fadeda7a623a088ea00906e881763.yaml,,pre-rebuild-handoff,structured-data
02_WORKSPACE_SNAPSHOT/Towow_A2A_Research_Handoff_Full_Archive_v1.0(1).zip,Towow_A2A_Research_Handoff_v1.0/full_archive/extracted_sources/PRSE-OS_σ«îµò┤σ╝ÇσÅæσîà_v0.3-dev_σÅ»Σ║ñµÄÑµ£¼σ£░σ¢óΘÿƒ(1)/PRSE-OS_σ«îµò┤σ╝ÇσÅæσîà_v0.3-dev/13_ARCHIVE/v0.1/expanded/PRSE-OS_v0.1/05_workflows/spec_audit.yaml,643,45fd1552b5e1e4bced42ebfa61c8dc4679db9233d3ba773b5f0590bd95088604,yaml,extracted-unique-text,02_derived/zip-text-search-corpus/files/45/45fd1552b5e1e4bced42ebfa61c8dc4679db9233d3ba773b5f0590bd95088604.yaml,,pre-rebuild-handoff,specification-or-protocol
02_WORKSPACE_SNAPSHOT/Towow_A2A_Research_Handoff_Full_Archive_v1.0(1).zip,Towow_A2A_Research_Handoff_v1.0/full_archive/extracted_sources/PRSE-OS_σ«îµò┤σ╝ÇσÅæσîà_v0.3-dev_σÅ»Σ║ñµÄÑµ£¼σ£░σ¢óΘÿƒ(1)/PRSE-OS_σ«îµò┤σ╝ÇσÅæσîà_v0.3-dev/13_ARCHIVE/v0.1/expanded/PRSE-OS_v0.1/05_workflows/iteration.yaml,989,664a442b7924e469faad709daf6fed4be3c470059d20ce5c897c6642ed1b585c,yaml,extracted-unique-text,02_derived/zip-text-search-corpus/files/66/664a442b7924e469faad709daf6fed4be3c470059d20ce5c897c6642ed1b585c.yaml,,pre-rebuild-handoff,structured-data
02_WORKSPACE_SNAPSHOT/Towow_A2A_Research_Handoff_Full_Archive_v1.0(1).zip,Towow_A2A_Research_Handoff_v1.0/full_archive/extracted_sources/PRSE-OS_σ«îµò┤σ╝ÇσÅæσîà_v0.3-dev_σÅ»Σ║ñµÄÑµ£¼σ£░σ¢óΘÿƒ(1)/PRSE-OS_σ«îµò┤σ╝ÇσÅæσîà_v0.3-dev/13_ARCHIVE/v0.1/expanded/PRSE-OS_v0.1/05_workflows/language_translation.yaml,479,f31e1459fade544c4fb45a25d6c1da4adf7c0d016fdd9d749b52b0e5ba311fe5,yaml,extracted-unique-text,02_derived/zip-text-search-corpus/files/f3/f31e1459fade544c4fb45a25d6c1da4adf7c0d016fdd9d749b52b0e5ba311fe5.yaml,,pre-rebuild-handoff,structured-data
02_WORKSPACE_SNAPSHOT/Towow_A2A_Research_Handoff_Full_Archive_v1.0(1).zip,Towow_A2A_Research_Handoff_v1.0/full_archive/extracted_sources/PRSE-OS_σ«îµò┤σ╝ÇσÅæσîà_v0.3-dev_σÅ»Σ║ñµÄÑµ£¼σ£░σ¢óΘÿƒ(1)/PRSE-OS_σ«îµò┤σ╝ÇσÅæσîà_v0.3-dev/13_ARCHIVE/v0.1/expanded/PRSE-OS_v0.1/03_context/context_pack.schema.json,2090,4d93ee31fd3e67be5cc6efc1363bacd06cbada79164d0eb2e3b3e2522bcc6e35,json,extracted-unique-text,02_derived/zip-text-search-corpus/files/4d/4d93ee31fd3e67be5cc6efc1363bacd06cbada79164d0eb2e3b3e2522bcc6e35.json,,pre-rebuild-handoff,specification-or-protocol
02_WORKSPACE_SNAPSHOT/Towow_A2A_Research_Handoff_Full_Archive_v1.0(1).zip,Towow_A2A_Research_Handoff_v1.0/full_archive/extracted_sources/PRSE-OS_σ«îµò┤σ╝ÇσÅæσîà_v0.3-dev_σÅ»Σ║ñµÄÑµ£¼σ£░σ¢óΘÿƒ(1)/PRSE-OS_σ«îµò┤σ╝ÇσÅæσîà_v0.3-dev/13_ARCHIVE/v0.1/expanded/PRSE-OS_v0.1/03_context/routing_policy.md,1519,5effe0dbefd04efcbf1ac72b12e53d49c2cacc2535b64777df6e934cd568f088,md,extracted-unique-text,02_derived/zip-text-search-corpus/files/5e/5effe0dbefd04efcbf1ac72b12e53d49c2cacc2535b64777df6e934cd568f088.md,,pre-rebuild-handoff,text-source
02_WORKSPACE_SNAPSHOT/Towow_A2A_Research_Handoff_Full_Archive_v1.0(1).zip,Towow_A2A_Research_Handoff_v1.0/full_archive/extracted_sources/PRSE-OS_σ«îµò┤σ╝ÇσÅæσîà_v0.3-dev_σÅ»Σ║ñµÄÑµ£¼σ£░σ¢óΘÿƒ(1)/PRSE-OS_σ«îµò┤σ╝ÇσÅæσîà_v0.3-dev/13_ARCHIVE/v0.1/expanded/PRSE-OS_v0.1/10_examples/summon_table/capability_plan.yaml,695,bee839798c959e27877b84c2e35a7d5d476deccf878c3b3fdd4c6c2a52272848,yaml,extracted-unique-text,02_derived/zip-text-search-corpus/files/be/bee839798c959e27877b84c2e35a7d5d476deccf878c3b3fdd4c6c2a52272848.yaml,,pre-rebuild-handoff,structured-data
02_WORKSPACE_SNAPSHOT/Towow_A2A_Research_Handoff_Full_Archive_v1.0(1).zip,Towow_A2A_Research_Handoff_v1.0/full_archive/extracted_sources/PRSE-OS_σ«îµò┤σ╝ÇσÅæσîà_v0.3-dev_σÅ»Σ║ñµÄÑµ£¼σ£░σ¢óΘÿƒ(1)/PRSE-OS_σ«îµò┤σ╝ÇσÅæσîà_v0.3-dev/13_ARCHIVE/v0.1/expanded/PRSE-OS_v0.1/10_examples/summon_table/run_manifest.yaml,874,50b5cb529a9cda5afb5006e57bdcde248676254e5b9a4b5148c084950f5fe5f2,yaml,extracted-unique-text,02_derived/zip-text-search-corpus/files/50/50b5cb529a9cda5afb5006e57bdcde248676254e5b9a4b5148c084950f5fe5f2.yaml,,pre-rebuild-handoff,manifest
02_WORKSPACE_SNAPSHOT/Towow_A2A_Research_Handoff_Full_Archive_v1.0(1).zip,Towow_A2A_Research_Handoff_v1.0/full_archive/extracted_sources/PRSE-OS_σ«îµò┤σ╝ÇσÅæσîà_v0.3-dev_σÅ»Σ║ñµÄÑµ£¼σ£░σ¢óΘÿƒ(1)/PRSE-OS_σ«îµò┤σ╝ÇσÅæσîà_v0.3-dev/13_ARCHIVE/v0.1/expanded/PRSE-OS_v0.1/07_validation/quality_gates.yaml,2391,842b3040bbc2e202d4fd078f8563cda2a45015f87059575e2eb0d0daa03779a3,yaml,extracted-unique-text,02_derived/zip-text-search-corpus/files/84/842b3040bbc2e202d4fd078f8563cda2a45015f87059575e2eb0d0daa03779a3.yaml,,pre-rebuild-handoff,structured-data
02_WORKSPACE_SNAPSHOT/Towow_A2A_Research_Handoff_Full_Archive_v1.0(1).zip,Towow_A2A_Research_Handoff_v1.0/full_archive/extracted_sources/PRSE-OS_σ«îµò┤σ╝ÇσÅæσîà_v0.3-dev_σÅ»Σ║ñµÄÑµ£¼σ£░σ¢óΘÿƒ(1)/PRSE-OS_σ«îµò┤σ╝ÇσÅæσîà_v0.3-dev/13_ARCHIVE/v0.1/expanded/PRSE-OS_v0.1/07_validation/escalation_policy.md,1210,460f3906298dca8296ea3a895de5da2e1b31f8c9ffc96a694ab8bf1b700fd3a2,md,extracted-unique-text,02_derived/zip-text-search-corpus/files/46/460f3906298dca8296ea3a895de5da2e1b31f8c9ffc96a694ab8bf1b700fd3a2.md,,pre-rebuild-handoff,text-source
02_WORKSPACE_SNAPSHOT/Towow_A2A_Research_Handoff_Full_Archive_v1.0(1).zip,Towow_A2A_Research_Handoff_v1.0/full_archive/extracted_sources/PRSE-OS_σ«îµò┤σ╝ÇσÅæσîà_v0.3-dev_σÅ»Σ║ñµÄÑµ£¼σ£░σ¢óΘÿƒ(1)/PRSE-OS_σ«îµò┤σ╝ÇσÅæσîà_v0.3-dev/13_ARCHIVE/v0.1/expanded/PRSE-OS_v0.1/README.md,2876,5e161ed3480e01e5bdbc563d333aa7633ec2830eb93d47c2dc5cee108ae68b01,md,extracted-unique-text,02_derived/zip-text-search-corpus/files/5e/5e161ed3480e01e5bdbc563d333aa7633ec2830eb93d47c2dc5cee108ae68b01.md,,pre-rebuild-handoff,orientation
02_WORKSPACE_SNAPSHOT/Towow_A2A_Research_Handoff_Full_Archive_v1.0(1).zip,Towow_A2A_Research_Handoff_v1.0/full_archive/extracted_sources/PRSE-OS_σ«îµò┤σ╝ÇσÅæσîà_v0.3-dev_σÅ»Σ║ñµÄÑµ£¼σ£░σ¢óΘÿƒ(1)/PRSE-OS_σ«îµò┤σ╝ÇσÅæσîà_v0.3-dev/13_ARCHIVE/v0.1/expanded/PRSE-OS_v0.1/06_artifacts/templates/claim_record.md,295,7b5f1a88dcf1a6bf285c61be820f0602d26cef1d8a25c7b50d352262376939d7,md,extracted-unique-text,02_derived/zip-text-search-corpus/files/7b/7b5f1a88dcf1a6bf285c61be820f0602d26cef1d8a25c7b50d352262376939d7.md,,pre-rebuild-handoff,evidence-or-decision-ledger
02_WORKSPACE_SNAPSHOT/Towow_A2A_Research_Handoff_Full_Archive_v1.0(1).zip,Towow_A2A_Research_Handoff_v1.0/full_archive/extracted_sources/PRSE-OS_σ«îµò┤σ╝ÇσÅæσîà_v0.3-dev_σÅ»Σ║ñµÄÑµ£¼σ£░σ¢óΘÿƒ(1)/PRSE-OS_σ«îµò┤σ╝ÇσÅæσîà_v0.3-dev/13_ARCHIVE/v0.1/expanded/PRSE-OS_v0.1/06_artifacts/templates/view_card.md,330,c2dca2d6b5e45e10e6582460b86959ef8e76f4b93dd9411ce9b2b43aca5841ac,md,extracted-unique-text,02_derived/zip-text-search-corpus/files/c2/c2dca2d6b5e45e10e6582460b86959ef8e76f4b93dd9411ce9b2b43aca5841ac.md,,pre-rebuild-handoff,text-source
02_WORKSPACE_SNAPSHOT/Towow_A2A_Research_Handoff_Full_Archive_v1.0(1).zip,Towow_A2A_Research_Handoff_v1.0/full_archive/extracted_sources/PRSE-OS_σ«îµò┤σ╝ÇσÅæσîà_v0.3-dev_σÅ»Σ║ñµÄÑµ£¼σ£░σ¢óΘÿƒ(1)/PRSE-OS_σ«îµò┤σ╝ÇσÅæσîà_v0.3-dev/13_ARCHIVE/v0.1/expanded/PRSE-OS_v0.1/06_artifacts/templates/closed_loop_card.md,318,09277207c838c97dcc0e0f6991e1b19f49033bd76f411a81cd027c1a32a2f315,md,extracted-unique-text,02_derived/zip-text-search-corpus/files/09/09277207c838c97dcc0e0f6991e1b19f49033bd76f411a81cd027c1a32a2f315.md,,pre-rebuild-handoff,text-source
02_WORKSPACE_SNAPSHOT/Towow_A2A_Research_Handoff_Full_Archive_v1.0(1).zip,Towow_A2A_Research_Handoff_v1.0/full_archive/extracted_sources/PRSE-OS_σ«îµò┤σ╝ÇσÅæσîà_v0.3-dev_σÅ»Σ║ñµÄÑµ£¼σ£░σ¢óΘÿƒ(1)/PRSE-OS_σ«îµò┤σ╝ÇσÅæσîà_v0.3-dev/13_ARCHIVE/v0.1/expanded/PRSE-OS_v0.1/06_artifacts/templates/decision_record.md,314,afa13d2c48f085a446ddab3d9a196db9c0e971ae5024080df63ac22e85044667,md,extracted-unique-text,02_derived/zip-text-search-corpus/files/af/afa13d2c48f085a446ddab3d9a196db9c0e971ae5024080df63ac22e85044667.md,,pre-rebuild-handoff,text-source
02_WORKSPACE_SNAPSHOT/Towow_A2A_Research_Handoff_Full_Archive_v1.0(1).zip,Towow_A2A_Research_Handoff_v1.0/full_archive/extracted_sources/PRSE-OS_σ«îµò┤σ╝ÇσÅæσîà_v0.3-dev_σÅ»Σ║ñµÄÑµ£¼σ£░σ¢óΘÿƒ(1)/PRSE-OS_σ«îµò┤σ╝ÇσÅæσîà_v0.3-dev/13_ARCHIVE/v0.1/expanded/PRSE-OS_v0.1/06_artifacts/templates/object_card.md,298,04e0eaeef6549faea8ff6471fef1ea8c68b7e597ac5ddeed12148b35837cb8b0,md,extracted-unique-text,02_derived/zip-text-search-corpus/files/04/04e0eaeef6549faea8ff6471fef1ea8c68b7e597ac5ddeed12148b35837cb8b0.md,,pre-rebuild-handoff,text-source
02_WORKSPACE_SNAPSHOT/Towow_A2A_Research_Handoff_Full_Archive_v1.0(1).zip,Towow_A2A_Research_Handoff_v1.0/full_archive/extracted_sources/PRSE-OS_σ«îµò┤σ╝ÇσÅæσîà_v0.3-dev_σÅ»Σ║ñµÄÑµ£¼σ£░σ¢óΘÿƒ(1)/PRSE-OS_σ«îµò┤σ╝ÇσÅæσîà_v0.3-dev/13_ARCHIVE/v0.1/expanded/PRSE-OS_v0.1/06_artifacts/artifact_catalog.yaml,1788,7945cd1d8898d8320b1704d9677cf1ab40669a6ad7d7c97a662e9bed4666f6c6,yaml,extracted-unique-text,02_derived/zip-text-search-corpus/files/79/7945cd1d8898d8320b1704d9677cf1ab40669a6ad7d7c97a662e9bed4666f6c6.yaml,,pre-rebuild-handoff,structured-data
02_WORKSPACE_SNAPSHOT/Towow_A2A_Research_Handoff_Full_Archive_v1.0(1).zip,Towow_A2A_Research_Handoff_v1.0/full_archive/extracted_sources/PRSE-OS_σ«îµò┤σ╝ÇσÅæσîà_v0.3-dev_σÅ»Σ║ñµÄÑµ£¼σ£░σ¢óΘÿƒ(1)/PRSE-OS_σ«îµò┤σ╝ÇσÅæσîà_v0.3-dev/13_ARCHIVE/v0.1/expanded/PRSE-OS_v0.1/00_constitution/constitution.md,2279,0f65f4c98dc98e0daf68d3c6580268a97ce909e2c3a557daed5f537fa7fe6b4a,md,extracted-unique-text,02_derived/zip-text-search-corpus/files/0f/0f65f4c98dc98e0daf68d3c6580268a97ce909e2c3a557daed5f537fa7fe6b4a.md,,pre-rebuild-handoff,text-source
02_WORKSPACE_SNAPSHOT/Towow_A2A_Research_Handoff_Full_Archive_v1.0(1).zip,Towow_A2A_Research_Handoff_v1.0/full_archive/extracted_sources/PRSE-OS_σ«îµò┤σ╝ÇσÅæσîà_v0.3-dev_σÅ»Σ║ñµÄÑµ£¼σ£░σ¢óΘÿƒ(1)/PRSE-OS_σ«îµò┤σ╝ÇσÅæσîà_v0.3-dev/13_ARCHIVE/v0.1/expanded/PRSE-OS_v0.1/04_methods/cards/ontology_modeling.md,954,f83bcaaccf69a7f254246213136365005b5fd2c54f1516afd0a42ae914dbdaea,md,extracted-unique-text,02_derived/zip-text-search-corpus/files/f8/f83bcaaccf69a7f254246213136365005b5fd2c54f1516afd0a42ae914dbdaea.md,,pre-rebuild-handoff,text-source
02_WORKSPACE_SNAPSHOT/Towow_A2A_Research_Handoff_Full_Archive_v1.0(1).zip,Towow_A2A_Research_Handoff_v1.0/full_archive/extracted_sources/PRSE-OS_σ«îµò┤σ╝ÇσÅæσîà_v0.3-dev_σÅ»Σ║ñµÄÑµ£¼σ£░σ¢óΘÿƒ(1)/PRSE-OS_σ«îµò┤σ╝ÇσÅæσîà_v0.3-dev/13_ARCHIVE/v0.1/expanded/PRSE-OS_v0.1/04_methods/cards/historical_solution_scan.md,1010,1e3f67c8ea839b15931ddfa8528fdc31a3d07c04df52a392b38fa74c5bf63acf,md,extracted-unique-text,02_derived/zip-text-search-corpus/files/1e/1e3f67c8ea839b15931ddfa8528fdc31a3d07c04df52a392b38fa74c5bf63acf.md,,pre-rebuild-handoff,text-source
02_WORKSPACE_SNAPSHOT/Towow_A2A_Research_Handoff_Full_Archive_v1.0(1).zip,Towow_A2A_Research_Handoff_v1.0/full_archive/extracted_sources/PRSE-OS_σ«îµò┤σ╝ÇσÅæσîà_v0.3-dev_σÅ»Σ║ñµÄÑµ£¼σ£░σ¢óΘÿƒ(1)/PRSE-OS_σ«îµò┤σ╝ÇσÅæσîà_v0.3-dev/13_ARCHIVE/v0.1/expanded/PRSE-OS_v0.1/04_methods/cards/closed_loop_design.md,940,7d391dca52a23a34fffa8097aa574aabca57defeeb086b5e6deafad390aa8fc3,md,extracted-unique-text,02_derived/zip-text-search-corpus/files/7d/7d391dca52a23a34fffa8097aa574aabca57defeeb086b5e6deafad390aa8fc3.md,,pre-rebuild-handoff,text-source
02_WORKSPACE_SNAPSHOT/Towow_A2A_Research_Handoff_Full_Archive_v1.0(1).zip,Towow_A2A_Research_Handoff_v1.0/full_archive/extracted_sources/PRSE-OS_σ«îµò┤σ╝ÇσÅæσîà_v0.3-dev_σÅ»Σ║ñµÄÑµ£¼σ£░σ¢óΘÿƒ(1)/PRSE-OS_σ«îµò┤σ╝ÇσÅæσîà_v0.3-dev/13_ARCHIVE/v0.1/expanded/PRSE-OS_v0.1/04_methods/cards/interface_projection.md,1076,03aa9997be629bf12f94b651fd29d4ec4e3d646d1fcc70beaf78a36f51b1d283,md,extracted-unique-text,02_derived/zip-text-search-corpus/files/03/03aa9997be629bf12f94b651fd29d4ec4e3d646d1fcc70beaf78a36f51b1d283.md,,pre-rebuild-handoff,text-source
02_WORKSPACE_SNAPSHOT/Towow_A2A_Research_Handoff_Full_Archive_v1.0(1).zip,Towow_A2A_Research_Handoff_v1.0/full_archive/extracted_sources/PRSE-OS_σ«îµò┤σ╝ÇσÅæσîà_v0.3-dev_σÅ»Σ║ñµÄÑµ£¼σ£░σ¢óΘÿƒ(1)/PRSE-OS_σ«îµò┤σ╝ÇσÅæσîà_v0.3-dev/13_ARCHIVE/v0.1/expanded/PRSE-OS_v0.1/04_methods/cards/language_compilation.md,1042,12ff42af2e04a6f114a8f5286c470498521841868c3b9e03fc3ae22f48ddf4e6,md,extracted-unique-text,02_derived/zip-text-search-corpus/files/12/12ff42af2e04a6f114a8f5286c470498521841868c3b9e03fc3ae22f48ddf4e6.md,,pre-rebuild-handoff,text-source
02_WORKSPACE_SNAPSHOT/Towow_A2A_Research_Handoff_Full_Archive_v1.0(1).zip,Towow_A2A_Research_Handoff_v1.0/full_archive/extracted_sources/PRSE-OS_σ«îµò┤σ╝ÇσÅæσîà_v0.3-dev_σÅ»Σ║ñµÄÑµ£¼σ£░σ¢óΘÿƒ(1)/PRSE-OS_σ«îµò┤σ╝ÇσÅæσîà_v0.3-dev/13_ARCHIVE/v0.1/expanded/PRSE-OS_v0.1/04_methods/method_card.schema.json,1266,227b07dcf403d5f23fe9103cae1230a9fde9faa1433ed1509f703c28fb208116,json,extracted-unique-text,02_derived/zip-text-search-corpus/files/22/227b07dcf403d5f23fe9103cae1230a9fde9faa1433ed1509f703c28fb208116.json,,pre-rebuild-handoff,specification-or-protocol
02_WORKSPACE_SNAPSHOT/Towow_A2A_Research_Handoff_Full_Archive_v1.0(1).zip,Towow_A2A_Research_Handoff_v1.0/full_archive/extracted_sources/PRSE-OS_σ«îµò┤σ╝ÇσÅæσîà_v0.3-dev_σÅ»Σ║ñµÄÑµ£¼σ£░σ¢óΘÿƒ(1)/PRSE-OS_σ«îµò┤σ╝ÇσÅæσîà_v0.3-dev/13_ARCHIVE/v0.1/expanded/PRSE-OS_v0.1/PRSE-OS_v0.1_µÇ╗τ║▓.md,1881,484ffb87ce5f5a96b7f9a27777ffb571f93ab7554e6e62a3a31c2fffd7b5a3ef,md,extracted-unique-text,02_derived/zip-text-search-corpus/files/48/484ffb87ce5f5a96b7f9a27777ffb571f93ab7554e6e62a3a31c2fffd7b5a3ef.md,,pre-rebuild-handoff,text-source
02_WORKSPACE_SNAPSHOT/Towow_A2A_Research_Handoff_Full_Archive_v1.0(1).zip,Towow_A2A_Research_Handoff_v1.0/full_archive/extracted_sources/PRSE-OS_σ«îµò┤σ╝ÇσÅæσîà_v0.3-dev_σÅ»Σ║ñµÄÑµ£¼σ£░σ¢óΘÿƒ(1)/PRSE-OS_σ«îµò┤σ╝ÇσÅæσîà_v0.3-dev/13_ARCHIVE/v0.1/PRSE-OS_v0.1_µÇ╗τ║▓.md,1881,484ffb87ce5f5a96b7f9a27777ffb571f93ab7554e6e62a3a31c2fffd7b5a3ef,md,extracted-unique-text,02_derived/zip-text-search-corpus/files/48/484ffb87ce5f5a96b7f9a27777ffb571f93ab7554e6e62a3a31c2fffd7b5a3ef.md,,pre-rebuild-handoff,text-source
02_WORKSPACE_SNAPSHOT/Towow_A2A_Research_Handoff_Full_Archive_v1.0(1).zip,Towow_A2A_Research_Handoff_v1.0/full_archive/extracted_sources/PRSE-OS_σ«îµò┤σ╝ÇσÅæσîà_v0.3-dev_σÅ»Σ║ñµÄÑµ£¼σ£░σ¢óΘÿƒ(1)/PRSE-OS_σ«îµò┤σ╝ÇσÅæσîà_v0.3-dev/13_ARCHIVE/README.md,218,72b2c3a4ccb709921f0b1227c7993913ec477ca514d347a75e1c486c821005e5,md,extracted-unique-text,02_derived/zip-text-search-corpus/files/72/72b2c3a4ccb709921f0b1227c7993913ec477ca514d347a75e1c486c821005e5.md,,pre-rebuild-handoff,orientation
02_WORKSPACE_SNAPSHOT/Towow_A2A_Research_Handoff_Full_Archive_v1.0(1).zip,Towow_A2A_Research_Handoff_v1.0/full_archive/extracted_sources/PRSE-OS_σ«îµò┤σ╝ÇσÅæσîà_v0.3-dev_σÅ»Σ║ñµÄÑµ£¼σ£░σ¢óΘÿƒ(1)/PRSE-OS_σ«îµò┤σ╝ÇσÅæσîà_v0.3-dev/13_ARCHIVE/v0.2/µÄÑσàÑΣ╕Äσ╜▒σôìΦ»┤µÿÄ.md,4790,50a031dc9fe2ea6e6f8e7f0b7febfde1c555a8c6552f696038153851985ddf46,md,extracted-unique-text,02_derived/zip-text-search-corpus/files/50/50a031dc9fe2ea6e6f8e7f0b7febfde1c555a8c6552f696038153851985ddf46.md,,pre-rebuild-handoff,text-source
02_WORKSPACE_SNAPSHOT/Towow_A2A_Research_Handoff_Full_Archive_v1.0(1).zip,Towow_A2A_Research_Handoff_v1.0/full_archive/extracted_sources/PRSE-OS_σ«îµò┤σ╝ÇσÅæσîà_v0.3-dev_σÅ»Σ║ñµÄÑµ£¼σ£░σ¢óΘÿƒ(1)/PRSE-OS_σ«îµò┤σ╝ÇσÅæσîà_v0.3-dev/13_ARCHIVE/v0.2/expanded/PRSE-AI-Native-SpecKit_v0.2/MIGRATION_FROM_PRSE_V0.1.md,832,edbbcd4830bc9179887fc65ede147508c3b25d59e7c818611812a55d5925bf15,md,extracted-unique-text,02_derived/zip-text-search-corpus/files/ed/edbbcd4830bc9179887fc65ede147508c3b25d59e7c818611812a55d5925bf15.md,,pre-rebuild-handoff,specification-or-protocol
02_WORKSPACE_SNAPSHOT/Towow_A2A_Research_Handoff_Full_Archive_v1.0(1).zip,Towow_A2A_Research_Handoff_v1.0/full_archive/extracted_sources/PRSE-OS_σ«îµò┤σ╝ÇσÅæσîà_v0.3-dev_σÅ»Σ║ñµÄÑµ£¼σ£░σ¢óΘÿƒ(1)/PRSE-OS_σ«îµò┤σ╝ÇσÅæσîà_v0.3-dev/13_ARCHIVE/v0.2/expanded/PRSE-AI-Native-SpecKit_v0.2/02_method_runtime/skills_and_processes.md,1053,dc7dcb47d2d8f688597546e2d4a1e03eb8b57ad94a962f20894babe1bceae93c,md,extracted-unique-text,02_derived/zip-text-search-corpus/files/dc/dc7dcb47d2d8f688597546e2d4a1e03eb8b57ad94a962f20894babe1bceae93c.md,,pre-rebuild-handoff,specification-or-protocol
02_WORKSPACE_SNAPSHOT/Towow_A2A_Research_Handoff_Full_Archive_v1.0(1).zip,Towow_A2A_Research_Handoff_v1.0/full_archive/extracted_sources/PRSE-OS_σ«îµò┤σ╝ÇσÅæσîà_v0.3-dev_σÅ»Σ║ñµÄÑµ£¼σ£░σ¢óΘÿƒ(1)/PRSE-OS_σ«îµò┤σ╝ÇσÅæσîà_v0.3-dev/13_ARCHIVE/v0.2/expanded/PRSE-AI-Native-SpecKit_v0.2/02_method_runtime/default_workflow.yaml,892,d6251052b3db4be9a3429aed9f2ab3b254f6b4ee62d82b5531525bd28d1b0242,yaml,extracted-unique-text,02_derived/zip-text-search-corpus/files/d6/d6251052b3db4be9a3429aed9f2ab3b254f6b4ee62d82b5531525bd28d1b0242.yaml,,pre-rebuild-handoff,specification-or-protocol
02_WORKSPACE_SNAPSHOT/Towow_A2A_Research_Handoff_Full_Archive_v1.0(1).zip,Towow_A2A_Research_Handoff_v1.0/full_archive/extracted_sources/PRSE-OS_σ«îµò┤σ╝ÇσÅæσîà_v0.3-dev_σÅ»Σ║ñµÄÑµ£¼σ£░σ¢óΘÿƒ(1)/PRSE-OS_σ«îµò┤σ╝ÇσÅæσîà_v0.3-dev/13_ARCHIVE/v0.2/expanded/PRSE-AI-Native-SpecKit_v0.2/02_method_runtime/runtime.contract.yaml,1068,0449a44ccf81de4d053c2c5573d095f74d50c2c0ce03c83e526eac840ecc2528,yaml,extracted-unique-text,02_derived/zip-text-search-corpus/files/04/0449a44ccf81de4d053c2c5573d095f74d50c2c0ce03c83e526eac840ecc2528.yaml,,pre-rebuild-handoff,specification-or-protocol
02_WORKSPACE_SNAPSHOT/Towow_A2A_Research_Handoff_Full_Archive_v1.0(1).zip,Towow_A2A_Research_Handoff_v1.0/full_archive/extracted_sources/PRSE-OS_σ«îµò┤σ╝ÇσÅæσîà_v0.3-dev_σÅ»Σ║ñµÄÑµ£¼σ£░σ¢óΘÿƒ(1)/PRSE-OS_σ«îµò┤σ╝ÇσÅæσîà_v0.3-dev/13_ARCHIVE/v0.2/expanded/PRSE-AI-Native-SpecKit_v0.2/install_to_local.sh,426,f38556c841af087c0303a6d7fd22f74b01c96ab9ed417a7787c27f8c62f71b9b,sh,extracted-unique-text,02_derived/zip-text-search-corpus/files/f3/f38556c841af087c0303a6d7fd22f74b01c96ab9ed417a7787c27f8c62f71b9b.sh,,pre-rebuild-handoff,specification-or-protocol
02_WORKSPACE_SNAPSHOT/Towow_A2A_Research_Handoff_Full_Archive_v1.0(1).zip,Towow_A2A_Research_Handoff_v1.0/full_archive/extracted_sources/PRSE-OS_σ«îµò┤σ╝ÇσÅæσîà_v0.3-dev_σÅ»Σ║ñµÄÑµ£¼σ£░σ¢óΘÿƒ(1)/PRSE-OS_σ«îµò┤σ╝ÇσÅæσîà_v0.3-dev/13_ARCHIVE/v0.2/expanded/PRSE-AI-Native-SpecKit_v0.2/AGENT_START_HERE.md,1893,9535650797ee360fcfe2967807b91f4025191ce6472b09c151b1793ebae223f6,md,extracted-unique-text,02_derived/zip-text-search-corpus/files/95/9535650797ee360fcfe2967807b91f4025191ce6472b09c151b1793ebae223f6.md,,pre-rebuild-handoff,specification-or-protocol
02_WORKSPACE_SNAPSHOT/Towow_A2A_Research_Handoff_Full_Archive_v1.0(1).zip,Towow_A2A_Research_Handoff_v1.0/full_archive/extracted_sources/PRSE-OS_σ«îµò┤σ╝ÇσÅæσîà_v0.3-dev_σÅ»Σ║ñµÄÑµ£¼σ£░σ¢óΘÿƒ(1)/PRSE-OS_σ«îµò┤σ╝ÇσÅæσîà_v0.3-dev/13_ARCHIVE/v0.2/expanded/PRSE-AI-Native-SpecKit_v0.2/04_observability/metrics.yaml,741,f1a06a1020200601d366489580ab7611226edf940d128c04935dae849b04ddad,yaml,extracted-unique-text,02_derived/zip-text-search-corpus/files/f1/f1a06a1020200601d366489580ab7611226edf940d128c04935dae849b04ddad.yaml,,pre-rebuild-handoff,specification-or-protocol
02_WORKSPACE_SNAPSHOT/Towow_A2A_Research_Handoff_Full_Archive_v1.0(1).zip,Towow_A2A_Research_Handoff_v1.0/full_archive/extracted_sources/PRSE-OS_σ«îµò┤σ╝ÇσÅæσîà_v0.3-dev_σÅ»Σ║ñµÄÑµ£¼σ£░σ¢óΘÿƒ(1)/PRSE-OS_σ«îµò┤σ╝ÇσÅæσîà_v0.3-dev/13_ARCHIVE/v0.2/expanded/PRSE-AI-Native-SpecKit_v0.2/04_observability/method-event.schema.json,1628,7f887ac2c403bb41e71a0eb32f25e5644cd7a0a1117a164013b5e675f9a0cc72,json,extracted-unique-text,02_derived/zip-text-search-corpus/files/7f/7f887ac2c403bb41e71a0eb32f25e5644cd7a0a1117a164013b5e675f9a0cc72.json,,pre-rebuild-handoff,specification-or-protocol
02_WORKSPACE_SNAPSHOT/Towow_A2A_Research_Handoff_Full_Archive_v1.0(1).zip,Towow_A2A_Research_Handoff_v1.0/full_archive/extracted_sources/PRSE-OS_σ«îµò┤σ╝ÇσÅæσîà_v0.3-dev_σÅ»Σ║ñµÄÑµ£¼σ£░σ¢óΘÿƒ(1)/PRSE-OS_σ«îµò┤σ╝ÇσÅæσîà_v0.3-dev/13_ARCHIVE/v0.2/expanded/PRSE-AI-Native-SpecKit_v0.2/04_observability/observability_model.md,749,19610d40739a2182c6ab9e5e1b4f710d6503c156e4230fa6e5aafb0031bdd3af,md,extracted-unique-text,02_derived/zip-text-search-corpus/files/19/19610d40739a2182c6ab9e5e1b4f710d6503c156e4230fa6e5aafb0031bdd3af.md,,pre-rebuild-handoff,specification-or-protocol
02_WORKSPACE_SNAPSHOT/Towow_A2A_Research_Handoff_Full_Archive_v1.0(1).zip,Towow_A2A_Research_Handoff_v1.0/full_archive/extracted_sources/PRSE-OS_σ«îµò┤σ╝ÇσÅæσîà_v0.3-dev_σÅ»Σ║ñµÄÑµ£¼σ£░σ¢óΘÿƒ(1)/PRSE-OS_σ«îµò┤σ╝ÇσÅæσîà_v0.3-dev/13_ARCHIVE/v0.2/expanded/PRSE-AI-Native-SpecKit_v0.2/06_projects/summon/tests/conformance_cases.yaml,1158,b4eeb60e6784423fb548196f07e18803798ac9953d7e02e0b6c8eb21c20c3cc1,yaml,extracted-unique-text,02_derived/zip-text-search-corpus/files/b4/b4eeb60e6784423fb548196f07e18803798ac9953d7e02e0b6c8eb21c20c3cc1.yaml,,pre-rebuild-handoff,qa-or-test
02_WORKSPACE_SNAPSHOT/Towow_A2A_Research_Handoff_Full_Archive_v1.0(1).zip,Towow_A2A_Research_Handoff_v1.0/full_archive/extracted_sources/PRSE-OS_σ«îµò┤σ╝ÇσÅæσîà_v0.3-dev_σÅ»Σ║ñµÄÑµ£¼σ£░σ¢óΘÿƒ(1)/PRSE-OS_σ«îµò┤σ╝ÇσÅæσîà_v0.3-dev/13_ARCHIVE/v0.2/expanded/PRSE-AI-Native-SpecKit_v0.2/06_projects/summon/constitution/spec_nodes.yaml,2072,16353884c4e5cc7d8b7592cc1585d5880ded4c54d9fc8069a00d8cf5ec742c73,yaml,extracted-unique-text,02_derived/zip-text-search-corpus/files/16/16353884c4e5cc7d8b7592cc1585d5880ded4c54d9fc8069a00d8cf5ec742c73.yaml,,pre-rebuild-handoff,specification-or-protocol
02_WORKSPACE_SNAPSHOT/Towow_A2A_Research_Handoff_Full_Archive_v1.0(1).zip,Towow_A2A_Research_Handoff_v1.0/full_archive/extracted_sources/PRSE-OS_σ«îµò┤σ╝ÇσÅæσîà_v0.3-dev_σÅ»Σ║ñµÄÑµ£¼σ£░σ¢óΘÿƒ(1)/PRSE-OS_σ«îµò┤σ╝ÇσÅæσîà_v0.3-dev/13_ARCHIVE/v0.2/expanded/PRSE-AI-Native-SpecKit_v0.2/06_projects/summon/loops/core_loops.yaml,1689,3998ebbda8b8277fa90a961f22f70c7198695d63ace4c9448712fb09c5837a8b,yaml,extracted-unique-text,02_derived/zip-text-search-corpus/files/39/3998ebbda8b8277fa90a961f22f70c7198695d63ace4c9448712fb09c5837a8b.yaml,,pre-rebuild-handoff,specification-or-protocol
02_WORKSPACE_SNAPSHOT/Towow_A2A_Research_Handoff_Full_Archive_v1.0(1).zip,Towow_A2A_Research_Handoff_v1.0/full_archive/extracted_sources/PRSE-OS_σ«îµò┤σ╝ÇσÅæσîà_v0.3-dev_σÅ»Σ║ñµÄÑµ£¼σ£░σ¢óΘÿƒ(1)/PRSE-OS_σ«îµò┤σ╝ÇσÅæσîà_v0.3-dev/13_ARCHIVE/v0.2/expanded/PRSE-AI-Native-SpecKit_v0.2/06_projects/summon/ontology/core_objects.yaml,1765,c31708b7ae4320722e348d48c4dcb132c90d2a13560128fdbf0dc9f9ed3f8230,yaml,extracted-unique-text,02_derived/zip-text-search-corpus/files/c3/c31708b7ae4320722e348d48c4dcb132c90d2a13560128fdbf0dc9f9ed3f8230.yaml,,pre-rebuild-handoff,specification-or-protocol
02_WORKSPACE_SNAPSHOT/Towow_A2A_Research_Handoff_Full_Archive_v1.0(1).zip,Towow_A2A_Research_Handoff_v1.0/full_archive/extracted_sources/PRSE-OS_σ«îµò┤σ╝ÇσÅæσîà_v0.3-dev_σÅ»Σ║ñµÄÑµ£¼σ£░σ¢óΘÿƒ(1)/PRSE-OS_σ«îµò┤σ╝ÇσÅæσîà_v0.3-dev/13_ARCHIVE/v0.2/expanded/PRSE-AI-Native-SpecKit_v0.2/06_projects/summon/project.manifest.yaml,662,2acf22570e3b150fd156e3414e7b2977d44308c3b545a9cac0dbd8ff077dbf40,yaml,extracted-unique-text,02_derived/zip-text-search-corpus/files/2a/2acf22570e3b150fd156e3414e7b2977d44308c3b545a9cac0dbd8ff077dbf40.yaml,,pre-rebuild-handoff,manifest
02_WORKSPACE_SNAPSHOT/Towow_A2A_Research_Handoff_Full_Archive_v1.0(1).zip,Towow_A2A_Research_Handoff_v1.0/full_archive/extracted_sources/PRSE-OS_σ«îµò┤σ╝ÇσÅæσîà_v0.3-dev_σÅ»Σ║ñµÄÑµ£¼σ£░σ¢óΘÿƒ(1)/PRSE-OS_σ«îµò┤σ╝ÇσÅæσîà_v0.3-dev/13_ARCHIVE/v0.2/expanded/PRSE-AI-Native-SpecKit_v0.2/06_projects/summon/views/ui_principles.yaml,1018,9721622bd279688b55c7fa75bb06d4f9798af1029d1f795f7d314f119c684850,yaml,extracted-unique-text,02_derived/zip-text-search-corpus/files/97/9721622bd279688b55c7fa75bb06d4f9798af1029d1f795f7d314f119c684850.yaml,,pre-rebuild-handoff,specification-or-protocol
02_WORKSPACE_SNAPSHOT/Towow_A2A_Research_Handoff_Full_Archive_v1.0(1).zip,Towow_A2A_Research_Handoff_v1.0/full_archive/extracted_sources/PRSE-OS_σ«îµò┤σ╝ÇσÅæσîà_v0.3-dev_σÅ»Σ║ñµÄÑµ£¼σ£░σ¢óΘÿƒ(1)/PRSE-OS_σ«îµò┤σ╝ÇσÅæσîà_v0.3-dev/13_ARCHIVE/v0.2/expanded/PRSE-AI-Native-SpecKit_v0.2/06_projects/summon/workflows/product_change.yaml,923,84148d3142b0bf79af9cb78d04db664dd0447ff55f657f4fb359b5d328a02f4e,yaml,extracted-unique-text,02_derived/zip-text-search-corpus/files/84/84148d3142b0bf79af9cb78d04db664dd0447ff55f657f4fb359b5d328a02f4e.yaml,,pre-rebuild-handoff,specification-or-protocol
02_WORKSPACE_SNAPSHOT/Towow_A2A_Research_Handoff_Full_Archive_v1.0(1).zip,Towow_A2A_Research_Handoff_v1.0/full_archive/extracted_sources/PRSE-OS_σ«îµò┤σ╝ÇσÅæσîà_v0.3-dev_σÅ»Σ║ñµÄÑµ£¼σ£░σ¢óΘÿƒ(1)/PRSE-OS_σ«îµò┤σ╝ÇσÅæσîà_v0.3-dev/13_ARCHIVE/v0.2/expanded/PRSE-AI-Native-SpecKit_v0.2/06_projects/summon/negative/forbidden_interpretations.yaml,793,ec849f8b052be14a1d1f96d27ae903a924dcf31e70390b2265d79231f6534d48,yaml,extracted-unique-text,02_derived/zip-text-search-corpus/files/ec/ec849f8b052be14a1d1f96d27ae903a924dcf31e70390b2265d79231f6534d48.yaml,,pre-rebuild-handoff,specification-or-protocol
02_WORKSPACE_SNAPSHOT/Towow_A2A_Research_Handoff_Full_Archive_v1.0(1).zip,Towow_A2A_Research_Handoff_v1.0/full_archive/extracted_sources/PRSE-OS_σ«îµò┤σ╝ÇσÅæσîà_v0.3-dev_σÅ»Σ║ñµÄÑµ£¼σ£░σ¢óΘÿƒ(1)/PRSE-OS_σ«îµò┤σ╝ÇσÅæσîà_v0.3-dev/13_ARCHIVE/v0.2/expanded/PRSE-AI-Native-SpecKit_v0.2/README.md,2160,59aa1d6bfb67841ab790551384ff2903e3e76a9f76002058a4e906a23413237b,md,extracted-unique-text,02_derived/zip-text-search-corpus/files/59/59aa1d6bfb67841ab790551384ff2903e3e76a9f76002058a4e906a23413237b.md,,pre-rebuild-handoff,specification-or-protocol
02_WORKSPACE_SNAPSHOT/Towow_A2A_Research_Handoff_Full_Archive_v1.0(1).zip,Towow_A2A_Research_Handoff_v1.0/full_archive/extracted_sources/PRSE-OS_σ«îµò┤σ╝ÇσÅæσîà_v0.3-dev_σÅ»Σ║ñµÄÑµ£¼σ£░σ¢óΘÿƒ(1)/PRSE-OS_σ«îµò┤σ╝ÇσÅæσîà_v0.3-dev/13_ARCHIVE/v0.2/expanded/PRSE-AI-Native-SpecKit_v0.2/PACKAGE_INVENTORY.json,5764,affe3b950d779cfbcc8564dbe60e155438701512f97918c1a05f0a628826ed53,json,extracted-unique-text,02_derived/zip-text-search-corpus/files/af/affe3b950d779cfbcc8564dbe60e155438701512f97918c1a05f0a628826ed53.json,,pre-rebuild-handoff,specification-or-protocol
02_WORKSPACE_SNAPSHOT/Towow_A2A_Research_Handoff_Full_Archive_v1.0(1).zip,Towow_A2A_Research_Handoff_v1.0/full_archive/extracted_sources/PRSE-OS_σ«îµò┤σ╝ÇσÅæσîà_v0.3-dev_σÅ»Σ║ñµÄÑµ£¼σ£░σ¢óΘÿƒ(1)/PRSE-OS_σ«îµò┤σ╝ÇσÅæσîà_v0.3-dev/13_ARCHIVE/v0.2/expanded/PRSE-AI-Native-SpecKit_v0.2/05_conformance/conformance.profile.yaml,830,a5bb57a88a5723af036d4fb0c598967834067eac303f119817b5162ed2eadff7,yaml,extracted-unique-text,02_derived/zip-text-search-corpus/files/a5/a5bb57a88a5723af036d4fb0c598967834067eac303f119817b5162ed2eadff7.yaml,,pre-rebuild-handoff,specification-or-protocol
02_WORKSPACE_SNAPSHOT/Towow_A2A_Research_Handoff_Full_Archive_v1.0(1).zip,Towow_A2A_Research_Handoff_v1.0/full_archive/extracted_sources/PRSE-OS_σ«îµò┤σ╝ÇσÅæσîà_v0.3-dev_σÅ»Σ║ñµÄÑµ£¼σ£░σ¢óΘÿƒ(1)/PRSE-OS_σ«îµò┤σ╝ÇσÅæσîà_v0.3-dev/13_ARCHIVE/v0.2/expanded/PRSE-AI-Native-SpecKit_v0.2/05_conformance/smoke_tests.yaml,867,82867c0e9294e57bcd161053923221a49ffb929537906e1d12b1fb956b4ae305,yaml,extracted-unique-text,02_derived/zip-text-search-corpus/files/82/82867c0e9294e57bcd161053923221a49ffb929537906e1d12b1fb956b4ae305.yaml,,pre-rebuild-handoff,qa-or-test
02_WORKSPACE_SNAPSHOT/Towow_A2A_Research_Handoff_Full_Archive_v1.0(1).zip,Towow_A2A_Research_Handoff_v1.0/full_archive/extracted_sources/PRSE-OS_σ«îµò┤σ╝ÇσÅæσîà_v0.3-dev_σÅ»Σ║ñµÄÑµ£¼σ£░σ¢óΘÿƒ(1)/PRSE-OS_σ«îµò┤σ╝ÇσÅæσîà_v0.3-dev/13_ARCHIVE/v0.2/expanded/PRSE-AI-Native-SpecKit_v0.2/05_conformance/blind_consumer_test.md,815,3abe79c65ef5da107d29792cacc5e4e7b4be4f7f4aac659c1b2e18e12ef58cea,md,extracted-unique-text,02_derived/zip-text-search-corpus/files/3a/3abe79c65ef5da107d29792cacc5e4e7b4be4f7f4aac659c1b2e18e12ef58cea.md,,pre-rebuild-handoff,qa-or-test
02_WORKSPACE_SNAPSHOT/Towow_A2A_Research_Handoff_Full_Archive_v1.0(1).zip,Towow_A2A_Research_Handoff_v1.0/full_archive/extracted_sources/PRSE-OS_σ«îµò┤σ╝ÇσÅæσîà_v0.3-dev_σÅ»Σ║ñµÄÑµ£¼σ£░σ¢óΘÿƒ(1)/PRSE-OS_σ«îµò┤σ╝ÇσÅæσîà_v0.3-dev/13_ARCHIVE/v0.2/expanded/PRSE-AI-Native-SpecKit_v0.2/00_constitution/constitution.md,2567,4e2e36ef28e6974b369796e0c1286f75c42cfa2a56c9c21eedb251db07a589e8,md,extracted-unique-text,02_derived/zip-text-search-corpus/files/4e/4e2e36ef28e6974b369796e0c1286f75c42cfa2a56c9c21eedb251db07a589e8.md,,pre-rebuild-handoff,specification-or-protocol
02_WORKSPACE_SNAPSHOT/Towow_A2A_Research_Handoff_Full_Archive_v1.0(1).zip,Towow_A2A_Research_Handoff_v1.0/full_archive/extracted_sources/PRSE-OS_σ«îµò┤σ╝ÇσÅæσîà_v0.3-dev_σÅ»Σ║ñµÄÑµ£¼σ£░σ¢óΘÿƒ(1)/PRSE-OS_σ«îµò┤σ╝ÇσÅæσîà_v0.3-dev/13_ARCHIVE/v0.2/expanded/PRSE-AI-Native-SpecKit_v0.2/01_ai_native_spec_protocol/quality_requirement_model.md,965,9b913353885e3e2f4a892ea7ae761d99f915a6d755c7534bc26d0c58ec7add8b,md,extracted-unique-text,02_derived/zip-text-search-corpus/files/9b/9b913353885e3e2f4a892ea7ae761d99f915a6d755c7534bc26d0c58ec7add8b.md,,pre-rebuild-handoff,specification-or-protocol
02_WORKSPACE_SNAPSHOT/Towow_A2A_Research_Handoff_Full_Archive_v1.0(1).zip,Towow_A2A_Research_Handoff_v1.0/full_archive/extracted_sources/PRSE-OS_σ«îµò┤σ╝ÇσÅæσîà_v0.3-dev_σÅ»Σ║ñµÄÑµ£¼σ£░σ¢óΘÿƒ(1)/PRSE-OS_σ«îµò┤σ╝ÇσÅæσîà_v0.3-dev/13_ARCHIVE/v0.2/expanded/PRSE-AI-Native-SpecKit_v0.2/01_ai_native_spec_protocol/package_structure.md,1199,4f994dec9549f0e9d6c9cfe1c409dc28b193061bc457bbae1727bfd2f7fe1296,md,extracted-unique-text,02_derived/zip-text-search-corpus/files/4f/4f994dec9549f0e9d6c9cfe1c409dc28b193061bc457bbae1727bfd2f7fe1296.md,,pre-rebuild-handoff,specification-or-protocol
02_WORKSPACE_SNAPSHOT/Towow_A2A_Research_Handoff_Full_Archive_v1.0(1).zip,Towow_A2A_Research_Handoff_v1.0/full_archive/extracted_sources/PRSE-OS_σ«îµò┤σ╝ÇσÅæσîà_v0.3-dev_σÅ»Σ║ñµÄÑµ£¼σ£░σ¢óΘÿƒ(1)/PRSE-OS_σ«îµò┤σ╝ÇσÅæσîà_v0.3-dev/13_ARCHIVE/v0.2/expanded/PRSE-AI-Native-SpecKit_v0.2/01_ai_native_spec_protocol/spec-node.schema.json,2217,1614ef9588438f3dacc751fdac9f034ccd030c14eb3457556b8c04e9e41ce9b8,json,extracted-unique-text,02_derived/zip-text-search-corpus/files/16/1614ef9588438f3dacc751fdac9f034ccd030c14eb3457556b8c04e9e41ce9b8.json,,pre-rebuild-handoff,specification-or-protocol
02_WORKSPACE_SNAPSHOT/Towow_A2A_Research_Handoff_Full_Archive_v1.0(1).zip,Towow_A2A_Research_Handoff_v1.0/full_archive/extracted_sources/PRSE-OS_σ«îµò┤σ╝ÇσÅæσîà_v0.3-dev_σÅ»Σ║ñµÄÑµ£¼σ£░σ¢óΘÿƒ(1)/PRSE-OS_σ«îµò┤σ╝ÇσÅæσîà_v0.3-dev/13_ARCHIVE/v0.2/expanded/PRSE-AI-Native-SpecKit_v0.2/01_ai_native_spec_protocol/reader_protocol.md,1520,fe52c73aac323d520608bf233e629c8ec1a1a893a91487b2f6e8813b80ed27cd,md,extracted-unique-text,02_derived/zip-text-search-corpus/files/fe/fe52c73aac323d520608bf233e629c8ec1a1a893a91487b2f6e8813b80ed27cd.md,,pre-rebuild-handoff,specification-or-protocol
02_WORKSPACE_SNAPSHOT/Towow_A2A_Research_Handoff_Full_Archive_v1.0(1).zip,Towow_A2A_Research_Handoff_v1.0/full_archive/extracted_sources/PRSE-OS_σ«îµò┤σ╝ÇσÅæσîà_v0.3-dev_σÅ»Σ║ñµÄÑµ£¼σ£░σ¢óΘÿƒ(1)/PRSE-OS_σ«îµò┤σ╝ÇσÅæσîà_v0.3-dev/13_ARCHIVE/v0.2/expanded/PRSE-AI-Native-SpecKit_v0.2/01_ai_native_spec_protocol/quality-requirement.schema.json,1195,a7f5eb8bd77782dd0561ac079fa7ca3ee9ba3b3b5916691fd143ce8d5c44df65,json,extracted-unique-text,02_derived/zip-text-search-corpus/files/a7/a7f5eb8bd77782dd0561ac079fa7ca3ee9ba3b3b5916691fd143ce8d5c44df65.json,,pre-rebuild-handoff,specification-or-protocol
02_WORKSPACE_SNAPSHOT/Towow_A2A_Research_Handoff_Full_Archive_v1.0(1).zip,Towow_A2A_Research_Handoff_v1.0/full_archive/extracted_sources/PRSE-OS_σ«îµò┤σ╝ÇσÅæσîà_v0.3-dev_σÅ»Σ║ñµÄÑµ£¼σ£░σ¢óΘÿƒ(1)/PRSE-OS_σ«îµò┤σ╝ÇσÅæσîà_v0.3-dev/13_ARCHIVE/v0.2/expanded/PRSE-AI-Native-SpecKit_v0.2/01_ai_native_spec_protocol/normative_keywords.yaml,357,1f4c675747a87eabacc8a1ed6bc4b52065dbc3694999aca06a98b18509b9326b,yaml,extracted-unique-text,02_derived/zip-text-search-corpus/files/1f/1f4c675747a87eabacc8a1ed6bc4b52065dbc3694999aca06a98b18509b9326b.yaml,,pre-rebuild-handoff,specification-or-protocol
02_WORKSPACE_SNAPSHOT/Towow_A2A_Research_Handoff_Full_Archive_v1.0(1).zip,Towow_A2A_Research_Handoff_v1.0/full_archive/extracted_sources/PRSE-OS_σ«îµò┤σ╝ÇσÅæσîà_v0.3-dev_σÅ»Σ║ñµÄÑµ£¼σ£░σ¢óΘÿƒ(1)/PRSE-OS_σ«îµò┤σ╝ÇσÅæσîà_v0.3-dev/13_ARCHIVE/v0.2/expanded/PRSE-AI-Native-SpecKit_v0.2/03_harness_adapter/import_checklist.md,521,1b9d70793f5a094e5ed9143227bef450528fc0aee3f46ad8e16b7aa2bdd1aced,md,extracted-unique-text,02_derived/zip-text-search-corpus/files/1b/1b9d70793f5a094e5ed9143227bef450528fc0aee3f46ad8e16b7aa2bdd1aced.md,,pre-rebuild-handoff,specification-or-protocol
02_WORKSPACE_SNAPSHOT/Towow_A2A_Research_Handoff_Full_Archive_v1.0(1).zip,Towow_A2A_Research_Handoff_v1.0/full_archive/extracted_sources/PRSE-OS_σ«îµò┤σ╝ÇσÅæσîà_v0.3-dev_σÅ»Σ║ñµÄÑµ£¼σ£░σ¢óΘÿƒ(1)/PRSE-OS_σ«îµò┤σ╝ÇσÅæσîà_v0.3-dev/13_ARCHIVE/v0.2/expanded/PRSE-AI-Native-SpecKit_v0.2/03_harness_adapter/adapter.contract.schema.json,1574,f4ad3e13a8bbf6e5589130c2bb4c433ca7d06ffb9bed25ba63d48018c8487c32,json,extracted-unique-text,02_derived/zip-text-search-corpus/files/f4/f4ad3e13a8bbf6e5589130c2bb4c433ca7d06ffb9bed25ba63d48018c8487c32.json,,pre-rebuild-handoff,specification-or-protocol
02_WORKSPACE_SNAPSHOT/Towow_A2A_Research_Handoff_Full_Archive_v1.0(1).zip,Towow_A2A_Research_Handoff_v1.0/full_archive/extracted_sources/PRSE-OS_σ«îµò┤σ╝ÇσÅæσîà_v0.3-dev_σÅ»Σ║ñµÄÑµ£¼σ£░σ¢óΘÿƒ(1)/PRSE-OS_σ«îµò┤σ╝ÇσÅæσîà_v0.3-dev/13_ARCHIVE/v0.2/expanded/PRSE-AI-Native-SpecKit_v0.2/03_harness_adapter/local-harness.mapping.example.yaml,622,505512ecf268f5fa0415f366d51304412369fbd3d1bbd09b550b568a7d242950,yaml,extracted-unique-text,02_derived/zip-text-search-corpus/files/50/505512ecf268f5fa0415f366d51304412369fbd3d1bbd09b550b568a7d242950.yaml,,pre-rebuild-handoff,specification-or-protocol
02_WORKSPACE_SNAPSHOT/Towow_A2A_Research_Handoff_Full_Archive_v1.0(1).zip,Towow_A2A_Research_Handoff_v1.0/full_archive/extracted_sources/PRSE-OS_σ«îµò┤σ╝ÇσÅæσîà_v0.3-dev_σÅ»Σ║ñµÄÑµ£¼σ£░σ¢óΘÿƒ(1)/PRSE-OS_σ«îµò┤σ╝ÇσÅæσîà_v0.3-dev/13_ARCHIVE/v0.2/expanded/PRSE-AI-Native-SpecKit_v0.2/03_harness_adapter/ADAPTER_GUIDE.md,1964,45c841d83a473cdcf4189a26ef040bc2a668d2ba3bac1b310e582405afb753ad,md,extracted-unique-text,02_derived/zip-text-search-corpus/files/45/45c841d83a473cdcf4189a26ef040bc2a668d2ba3bac1b310e582405afb753ad.md,,pre-rebuild-handoff,specification-or-protocol
02_WORKSPACE_SNAPSHOT/Towow_A2A_Research_Handoff_Full_Archive_v1.0(1).zip,Towow_A2A_Research_Handoff_v1.0/full_archive/extracted_sources/PRSE-OS_σ«îµò┤σ╝ÇσÅæσîà_v0.3-dev_σÅ»Σ║ñµÄÑµ£¼σ£░σ¢óΘÿƒ(1)/PRSE-OS_σ«îµò┤σ╝ÇσÅæσîà_v0.3-dev/13_ARCHIVE/v0.2/expanded/PRSE-AI-Native-SpecKit_v0.2/package.manifest.yaml,1084,86a54844e7d004ffc016aaeaaef142bb700d1ffbcb324383a8f81d42ccf94545,yaml,extracted-unique-text,02_derived/zip-text-search-corpus/files/86/86a54844e7d004ffc016aaeaaef142bb700d1ffbcb324383a8f81d42ccf94545.yaml,,pre-rebuild-handoff,manifest
02_WORKSPACE_SNAPSHOT/Towow_A2A_Research_Handoff_Full_Archive_v1.0(1).zip,Towow_A2A_Research_Handoff_v1.0/full_archive/extracted_sources/PRSE-OS_σ«îµò┤σ╝ÇσÅæσîà_v0.3-dev_σÅ»Σ║ñµÄÑµ£¼σ£░σ¢óΘÿƒ(1)/PRSE-OS_σ«îµò┤σ╝ÇσÅæσîà_v0.3-dev/07_ARTIFACTS/templates/ConsumerSession.md,153,cd0f89e30ddae5891315aa0a27c9844ccfa38e79f8465e34c0242b7afe0400cf,md,extracted-unique-text,02_derived/zip-text-search-corpus/files/cd/cd0f89e30ddae5891315aa0a27c9844ccfa38e79f8465e34c0242b7afe0400cf.md,,pre-rebuild-handoff,text-source
02_WORKSPACE_SNAPSHOT/Towow_A2A_Research_Handoff_Full_Archive_v1.0(1).zip,Towow_A2A_Research_Handoff_v1.0/full_archive/extracted_sources/PRSE-OS_σ«îµò┤σ╝ÇσÅæσîà_v0.3-dev_σÅ»Σ║ñµÄÑµ£¼σ£░σ¢óΘÿƒ(1)/PRSE-OS_σ«îµò┤σ╝ÇσÅæσîà_v0.3-dev/07_ARTIFACTS/templates/ChangeSet.md,147,326f27d6f4a0a72b662ac624649a851d670b7e6a7990f3a121069a29abe8ecf7,md,extracted-unique-text,02_derived/zip-text-search-corpus/files/32/326f27d6f4a0a72b662ac624649a851d670b7e6a7990f3a121069a29abe8ecf7.md,,pre-rebuild-handoff,text-source
02_WORKSPACE_SNAPSHOT/Towow_A2A_Research_Handoff_Full_Archive_v1.0(1).zip,Towow_A2A_Research_Handoff_v1.0/full_archive/extracted_sources/PRSE-OS_σ«îµò┤σ╝ÇσÅæσîà_v0.3-dev_σÅ»Σ║ñµÄÑµ£¼σ£░σ¢óΘÿƒ(1)/PRSE-OS_σ«îµò┤σ╝ÇσÅæσîà_v0.3-dev/07_ARTIFACTS/templates/ValidationReport.md,154,b948256e6389e62655ef4356c52142b241c200efcfc2144d24dea7055eb3c5a8,md,extracted-unique-text,02_derived/zip-text-search-corpus/files/b9/b948256e6389e62655ef4356c52142b241c200efcfc2144d24dea7055eb3c5a8.md,,pre-rebuild-handoff,text-source
02_WORKSPACE_SNAPSHOT/Towow_A2A_Research_Handoff_Full_Archive_v1.0(1).zip,Towow_A2A_Research_Handoff_v1.0/full_archive/extracted_sources/PRSE-OS_σ«îµò┤σ╝ÇσÅæσîà_v0.3-dev_σÅ»Σ║ñµÄÑµ£¼σ£░σ¢óΘÿƒ(1)/PRSE-OS_σ«îµò┤σ╝ÇσÅæσîà_v0.3-dev/07_ARTIFACTS/templates/ViewCard.md,146,c61ee7a2a3d0464697dec57301746066b566bc8861b97db7d4d104ad896b8edd,md,extracted-unique-text,02_derived/zip-text-search-corpus/files/c6/c61ee7a2a3d0464697dec57301746066b566bc8861b97db7d4d104ad896b8edd.md,,pre-rebuild-handoff,text-source
02_WORKSPACE_SNAPSHOT/Towow_A2A_Research_Handoff_Full_Archive_v1.0(1).zip,Towow_A2A_Research_Handoff_v1.0/full_archive/extracted_sources/PRSE-OS_σ«îµò┤σ╝ÇσÅæσîà_v0.3-dev_σÅ»Σ║ñµÄÑµ£¼σ£░σ¢óΘÿƒ(1)/PRSE-OS_σ«îµò┤σ╝ÇσÅæσîà_v0.3-dev/07_ARTIFACTS/templates/CapabilityPlan.md,152,d94bea2af93676ea52f14092f120ffd2097929a8fe1813b87a0e593d222af68f,md,extracted-unique-text,02_derived/zip-text-search-corpus/files/d9/d94bea2af93676ea52f14092f120ffd2097929a8fe1813b87a0e593d222af68f.md,,pre-rebuild-handoff,text-source
02_WORKSPACE_SNAPSHOT/Towow_A2A_Research_Handoff_Full_Archive_v1.0(1).zip,Towow_A2A_Research_Handoff_v1.0/full_archive/extracted_sources/PRSE-OS_σ«îµò┤σ╝ÇσÅæσîà_v0.3-dev_σÅ»Σ║ñµÄÑµ£¼σ£░σ¢óΘÿƒ(1)/PRSE-OS_σ«îµò┤σ╝ÇσÅæσîà_v0.3-dev/07_ARTIFACTS/templates/ObjectCard.md,148,82c8b9cf9154c4053298ffca8283e46a35da400d0290fc151d44235d0e65e702,md,extracted-unique-text,02_derived/zip-text-search-corpus/files/82/82c8b9cf9154c4053298ffca8283e46a35da400d0290fc151d44235d0e65e702.md,,pre-rebuild-handoff,text-source
02_WORKSPACE_SNAPSHOT/Towow_A2A_Research_Handoff_Full_Archive_v1.0(1).zip,Towow_A2A_Research_Handoff_v1.0/full_archive/extracted_sources/PRSE-OS_σ«îµò┤σ╝ÇσÅæσîà_v0.3-dev_σÅ»Σ║ñµÄÑµ£¼σ£░σ¢óΘÿƒ(1)/PRSE-OS_σ«îµò┤σ╝ÇσÅæσîà_v0.3-dev/07_ARTIFACTS/templates/ContextLoadRecord.md,155,3734491b404995be250894cf6ee26663a147373c12cfa8b210ba25f058c57e87,md,extracted-unique-text,02_derived/zip-text-search-corpus/files/37/3734491b404995be250894cf6ee26663a147373c12cfa8b210ba25f058c57e87.md,,pre-rebuild-handoff,text-source
02_WORKSPACE_SNAPSHOT/Towow_A2A_Research_Handoff_Full_Archive_v1.0(1).zip,Towow_A2A_Research_Handoff_v1.0/full_archive/extracted_sources/PRSE-OS_σ«îµò┤σ╝ÇσÅæσîà_v0.3-dev_σÅ»Σ║ñµÄÑµ£¼σ£░σ¢óΘÿƒ(1)/PRSE-OS_σ«îµò┤σ╝ÇσÅæσîà_v0.3-dev/07_ARTIFACTS/templates/EvidenceItem.md,150,a538d1450411f2d3097c1767cfe25e8d4ce24355b6e7d3842d5abf5986234732,md,extracted-unique-text,02_derived/zip-text-search-corpus/files/a5/a538d1450411f2d3097c1767cfe25e8d4ce24355b6e7d3842d5abf5986234732.md,,pre-rebuild-handoff,evidence-or-decision-ledger
02_WORKSPACE_SNAPSHOT/Towow_A2A_Research_Handoff_Full_Archive_v1.0(1).zip,Towow_A2A_Research_Handoff_v1.0/full_archive/extracted_sources/PRSE-OS_σ«îµò┤σ╝ÇσÅæσîà_v0.3-dev_σÅ»Σ║ñµÄÑµ£¼σ£░σ¢óΘÿƒ(1)/PRSE-OS_σ«îµò┤σ╝ÇσÅæσîà_v0.3-dev/07_ARTIFACTS/templates/RunReport.md,147,8cf3765ebbcea5ac90a8ded7513520556ad1c5c20a37b8cea4d6d9f2e029cb80,md,extracted-unique-text,02_derived/zip-text-search-corpus/files/8c/8cf3765ebbcea5ac90a8ded7513520556ad1c5c20a37b8cea4d6d9f2e029cb80.md,,pre-rebuild-handoff,text-source
02_WORKSPACE_SNAPSHOT/Towow_A2A_Research_Handoff_Full_Archive_v1.0(1).zip,Towow_A2A_Research_Handoff_v1.0/full_archive/extracted_sources/PRSE-OS_σ«îµò┤σ╝ÇσÅæσîà_v0.3-dev_σÅ»Σ║ñµÄÑµ£¼σ£░σ¢óΘÿƒ(1)/PRSE-OS_σ«îµò┤σ╝ÇσÅæσîà_v0.3-dev/07_ARTIFACTS/templates/RiskRecord.md,148,97d2314480c9c9cc9d8df71b86c89dfae723de76f74d919ce29948667f171add,md,extracted-unique-text,02_derived/zip-text-search-corpus/files/97/97d2314480c9c9cc9d8df71b86c89dfae723de76f74d919ce29948667f171add.md,,pre-rebuild-handoff,text-source
02_WORKSPACE_SNAPSHOT/Towow_A2A_Research_Handoff_Full_Archive_v1.0(1).zip,Towow_A2A_Research_Handoff_v1.0/full_archive/extracted_sources/PRSE-OS_σ«îµò┤σ╝ÇσÅæσîà_v0.3-dev_σÅ»Σ║ñµÄÑµ£¼σ£░σ¢óΘÿƒ(1)/PRSE-OS_σ«îµò┤σ╝ÇσÅæσîà_v0.3-dev/07_ARTIFACTS/templates/RunManifest.md,149,c15ca02b990458df1c4570b35b547223b966ecbed9373103c0c9242b82f053b3,md,extracted-unique-text,02_derived/zip-text-search-corpus/files/c1/c15ca02b990458df1c4570b35b547223b966ecbed9373103c0c9242b82f053b3.md,,pre-rebuild-handoff,manifest
02_WORKSPACE_SNAPSHOT/Towow_A2A_Research_Handoff_Full_Archive_v1.0(1).zip,Towow_A2A_Research_Handoff_v1.0/full_archive/extracted_sources/PRSE-OS_σ«îµò┤σ╝ÇσÅæσîà_v0.3-dev_σÅ»Σ║ñµÄÑµ£¼σ£░σ¢óΘÿƒ(1)/PRSE-OS_σ«îµò┤σ╝ÇσÅæσîà_v0.3-dev/07_ARTIFACTS/templates/ClaimRecord.md,149,bc5f9f37ee124463d3c1734e8b9e47dc82373ad45f5e0ec5ccf13a568f09de33,md,extracted-unique-text,02_derived/zip-text-search-corpus/files/bc/bc5f9f37ee124463d3c1734e8b9e47dc82373ad45f5e0ec5ccf13a568f09de33.md,,pre-rebuild-handoff,evidence-or-decision-ledger
02_WORKSPACE_SNAPSHOT/Towow_A2A_Research_Handoff_Full_Archive_v1.0(1).zip,Towow_A2A_Research_Handoff_v1.0/full_archive/extracted_sources/PRSE-OS_σ«îµò┤σ╝ÇσÅæσîà_v0.3-dev_σÅ»Σ║ñµÄÑµ£¼σ£░σ¢óΘÿƒ(1)/PRSE-OS_σ«îµò┤σ╝ÇσÅæσîà_v0.3-dev/07_ARTIFACTS/templates/EscalationCase.md,152,811969090785e33c838cf165b31c66d017ad801a8f20e9e2318447b4ab19a0f4,md,extracted-unique-text,02_derived/zip-text-search-corpus/files/81/811969090785e33c838cf165b31c66d017ad801a8f20e9e2318447b4ab19a0f4.md,,pre-rebuild-handoff,text-source
02_WORKSPACE_SNAPSHOT/Towow_A2A_Research_Handoff_Full_Archive_v1.0(1).zip,Towow_A2A_Research_Handoff_v1.0/full_archive/extracted_sources/PRSE-OS_σ«îµò┤σ╝ÇσÅæσîà_v0.3-dev_σÅ»Σ║ñµÄÑµ£¼σ£░σ¢óΘÿƒ(1)/PRSE-OS_σ«îµò┤σ╝ÇσÅæσîà_v0.3-dev/07_ARTIFACTS/templates/ClosedLoopCard.md,152,717c46bf3178bdecf1fc807541b2b14e3d7865eac60801b17ad008e7af84498f,md,extracted-unique-text,02_derived/zip-text-search-corpus/files/71/717c46bf3178bdecf1fc807541b2b14e3d7865eac60801b17ad008e7af84498f.md,,pre-rebuild-handoff,text-source
02_WORKSPACE_SNAPSHOT/Towow_A2A_Research_Handoff_Full_Archive_v1.0(1).zip,Towow_A2A_Research_Handoff_v1.0/full_archive/extracted_sources/PRSE-OS_σ«îµò┤σ╝ÇσÅæσîà_v0.3-dev_σÅ»Σ║ñµÄÑµ£¼σ£░σ¢óΘÿƒ(1)/PRSE-OS_σ«îµò┤σ╝ÇσÅæσîà_v0.3-dev/07_ARTIFACTS/templates/DecisionRecord.md,152,91b0f28852e143d7b1168ffad65df00f8bafb8e7ea9c4fa2463ba9cab69d31f1,md,extracted-unique-text,02_derived/zip-text-search-corpus/files/91/91b0f28852e143d7b1168ffad65df00f8bafb8e7ea9c4fa2463ba9cab69d31f1.md,,pre-rebuild-handoff,text-source
02_WORKSPACE_SNAPSHOT/Towow_A2A_Research_Handoff_Full_Archive_v1.0(1).zip,Towow_A2A_Research_Handoff_v1.0/full_archive/extracted_sources/PRSE-OS_σ«îµò┤σ╝ÇσÅæσîà_v0.3-dev_σÅ»Σ║ñµÄÑµ£¼σ£░σ¢óΘÿƒ(1)/PRSE-OS_σ«îµò┤σ╝ÇσÅæσîà_v0.3-dev/07_ARTIFACTS/artifact_catalog.yaml,1318,0a113ab1b4acfaf9ff3d6f7c7bcbf2fcb84f5ac39b0e1f2a163d1cfa5b2fa5ef,yaml,extracted-unique-text,02_derived/zip-text-search-corpus/files/0a/0a113ab1b4acfaf9ff3d6f7c7bcbf2fcb84f5ac39b0e1f2a163d1cfa5b2fa5ef.yaml,,pre-rebuild-handoff,structured-data
02_WORKSPACE_SNAPSHOT/Towow_A2A_Research_Handoff_Full_Archive_v1.0(1).zip,Towow_A2A_Research_Handoff_v1.0/full_archive/extracted_sources/PRSE-OS_σ«îµò┤σ╝ÇσÅæσîà_v0.3-dev_σÅ»Σ║ñµÄÑµ£¼σ£░σ¢óΘÿƒ(1)/PRSE-OS_σ«îµò┤σ╝ÇσÅæσîà_v0.3-dev/07_ARTIFACTS/schemas/EscalationCase.schema.json,607,519bb62da40bfc647abb900cfbccbfb49ce7063cfc40d5553b80088b37a0052a,json,extracted-unique-text,02_derived/zip-text-search-corpus/files/51/519bb62da40bfc647abb900cfbccbfb49ce7063cfc40d5553b80088b37a0052a.json,,pre-rebuild-handoff,specification-or-protocol
02_WORKSPACE_SNAPSHOT/Towow_A2A_Research_Handoff_Full_Archive_v1.0(1).zip,Towow_A2A_Research_Handoff_v1.0/full_archive/extracted_sources/PRSE-OS_σ«îµò┤σ╝ÇσÅæσîà_v0.3-dev_σÅ»Σ║ñµÄÑµ£¼σ£░σ¢óΘÿƒ(1)/PRSE-OS_σ«îµò┤σ╝ÇσÅæσîà_v0.3-dev/07_ARTIFACTS/schemas/ChangeSet.schema.json,564,d881dc4acac5d79a8a6930ac60c572aaa4a1f8380b94862332d8964217da27ea,json,extracted-unique-text,02_derived/zip-text-search-corpus/files/d8/d881dc4acac5d79a8a6930ac60c572aaa4a1f8380b94862332d8964217da27ea.json,,pre-rebuild-handoff,specification-or-protocol
02_WORKSPACE_SNAPSHOT/Towow_A2A_Research_Handoff_Full_Archive_v1.0(1).zip,Towow_A2A_Research_Handoff_v1.0/full_archive/extracted_sources/PRSE-OS_σ«îµò┤σ╝ÇσÅæσîà_v0.3-dev_σÅ»Σ║ñµÄÑµ£¼σ£░σ¢óΘÿƒ(1)/PRSE-OS_σ«îµò┤σ╝ÇσÅæσîà_v0.3-dev/07_ARTIFACTS/schemas/RunManifest.schema.json,659,93add5688a4814b58cea4c095ede38d3c65c69b8103fe5fbf0ec602a92d91801,json,extracted-unique-text,02_derived/zip-text-search-corpus/files/93/93add5688a4814b58cea4c095ede38d3c65c69b8103fe5fbf0ec602a92d91801.json,,pre-rebuild-handoff,manifest
02_WORKSPACE_SNAPSHOT/Towow_A2A_Research_Handoff_Full_Archive_v1.0(1).zip,Towow_A2A_Research_Handoff_v1.0/full_archive/extracted_sources/PRSE-OS_σ«îµò┤σ╝ÇσÅæσîà_v0.3-dev_σÅ»Σ║ñµÄÑµ£¼σ£░σ¢óΘÿƒ(1)/PRSE-OS_σ«îµò┤σ╝ÇσÅæσîà_v0.3-dev/07_ARTIFACTS/schemas/CapabilityProfile.schema.json,635,8e8e9036fb9b3eda5fe7df7947d4ef80d213aec0159466252aa423646211053f,json,extracted-unique-text,02_derived/zip-text-search-corpus/files/8e/8e8e9036fb9b3eda5fe7df7947d4ef80d213aec0159466252aa423646211053f.json,,pre-rebuild-handoff,specification-or-protocol
02_WORKSPACE_SNAPSHOT/Towow_A2A_Research_Handoff_Full_Archive_v1.0(1).zip,Towow_A2A_Research_Handoff_v1.0/full_archive/extracted_sources/PRSE-OS_σ«îµò┤σ╝ÇσÅæσîà_v0.3-dev_σÅ»Σ║ñµÄÑµ£¼σ£░σ¢óΘÿƒ(1)/PRSE-OS_σ«îµò┤σ╝ÇσÅæσîà_v0.3-dev/00_START_HERE/AGENT_START_HERE.md,1251,6dcb29070711b6a69bbb43cf05675295efcf719510242c6f7cc50637f4911fdb,md,extracted-unique-text,02_derived/zip-text-search-corpus/files/6d/6dcb29070711b6a69bbb43cf05675295efcf719510242c6f7cc50637f4911fdb.md,,pre-rebuild-handoff,text-source
02_WORKSPACE_SNAPSHOT/Towow_A2A_Research_Handoff_Full_Archive_v1.0(1).zip,Towow_A2A_Research_Handoff_v1.0/full_archive/extracted_sources/PRSE-OS_σ«îµò┤σ╝ÇσÅæσîà_v0.3-dev_σÅ»Σ║ñµÄÑµ£¼σ£░σ¢óΘÿƒ(1)/PRSE-OS_σ«îµò┤σ╝ÇσÅæσîà_v0.3-dev/00_START_HERE/STATUS_AND_LIMITS.md,947,d1f5f64498b5a78d6b8e65f2a32f858c2a0eb26abb5d9ce76ba27e795d64eb3a,md,extracted-unique-text,02_derived/zip-text-search-corpus/files/d1/d1f5f64498b5a78d6b8e65f2a32f858c2a0eb26abb5d9ce76ba27e795d64eb3a.md,,pre-rebuild-handoff,text-source
02_WORKSPACE_SNAPSHOT/Towow_A2A_Research_Handoff_Full_Archive_v1.0(1).zip,Towow_A2A_Research_Handoff_v1.0/full_archive/extracted_sources/PRSE-OS_σ«îµò┤σ╝ÇσÅæσîà_v0.3-dev_σÅ»Σ║ñµÄÑµ£¼σ£░σ¢óΘÿƒ(1)/PRSE-OS_σ«îµò┤σ╝ÇσÅæσîà_v0.3-dev/00_START_HERE/LICENSE_AND_IP.md,530,29532213cc1b36693606703decb96590f2442e3a21238c74e591a929ad5f4b9f,md,extracted-unique-text,02_derived/zip-text-search-corpus/files/29/29532213cc1b36693606703decb96590f2442e3a21238c74e591a929ad5f4b9f.md,,pre-rebuild-handoff,text-source
02_WORKSPACE_SNAPSHOT/Towow_A2A_Research_Handoff_Full_Archive_v1.0(1).zip,Towow_A2A_Research_Handoff_v1.0/full_archive/extracted_sources/PRSE-OS_σ«îµò┤σ╝ÇσÅæσîà_v0.3-dev_σÅ»Σ║ñµÄÑµ£¼σ£░σ¢óΘÿƒ(1)/PRSE-OS_σ«îµò┤σ╝ÇσÅæσîà_v0.3-dev/00_START_HERE/PACKAGE_MAP.md,1107,dd22b8140011c0bbd42246ca3c2cb89444939b678757044c0a475ea6085ce370,md,extracted-unique-text,02_derived/zip-text-search-corpus/files/dd/dd22b8140011c0bbd42246ca3c2cb89444939b678757044c0a475ea6085ce370.md,,pre-rebuild-handoff,text-source
02_WORKSPACE_SNAPSHOT/Towow_A2A_Research_Handoff_Full_Archive_v1.0(1).zip,Towow_A2A_Research_Handoff_v1.0/full_archive/extracted_sources/PRSE-OS_σ«îµò┤σ╝ÇσÅæσîà_v0.3-dev_σÅ»Σ║ñµÄÑµ£¼σ£░σ¢óΘÿƒ(1)/PRSE-OS_σ«îµò┤σ╝ÇσÅæσîà_v0.3-dev/00_START_HERE/README.md,1911,f11782a09c0c69b20d84e041698e0d6249c67141e9c3e47a5d94f6af0cdaf684,md,extracted-unique-text,02_derived/zip-text-search-corpus/files/f1/f11782a09c0c69b20d84e041698e0d6249c67141e9c3e47a5d94f6af0cdaf684.md,,pre-rebuild-handoff,orientation
02_WORKSPACE_SNAPSHOT/Towow_A2A_Research_Handoff_Full_Archive_v1.0(1).zip,Towow_A2A_Research_Handoff_v1.0/full_archive/extracted_sources/PRSE-OS_σ«îµò┤σ╝ÇσÅæσîà_v0.3-dev_σÅ»Σ║ñµÄÑµ£¼σ£░σ¢óΘÿƒ(1)/PRSE-OS_σ«îµò┤σ╝ÇσÅæσîà_v0.3-dev/00_START_HERE/LOCAL_TEAM_HANDOFF.md,2476,d9d1046019bdf7d48908b77dc5a69fe85430b2f2ab540b02b43cc9eb7e6968e6,md,extracted-unique-text,02_derived/zip-text-search-corpus/files/d9/d9d1046019bdf7d48908b77dc5a69fe85430b2f2ab540b02b43cc9eb7e6968e6.md,,pre-rebuild-handoff,text-source
02_WORKSPACE_SNAPSHOT/Towow_A2A_Research_Handoff_Full_Archive_v1.0(1).zip,Towow_A2A_Research_Handoff_v1.0/full_archive/extracted_sources/PRSE-OS_σ«îµò┤σ╝ÇσÅæσîà_v0.3-dev_σÅ»Σ║ñµÄÑµ£¼σ£░σ¢óΘÿƒ(1)/PRSE-OS_σ«îµò┤σ╝ÇσÅæσîà_v0.3-dev/11_SUMMON_REFERENCE/sources/deep-research-report.md,26080,834af91cf3d0c8fd5d90dacd505fa6a494ccef9d18e2b0880bc0db151ea71b66,md,extracted-unique-text,02_derived/zip-text-search-corpus/files/83/834af91cf3d0c8fd5d90dacd505fa6a494ccef9d18e2b0880bc0db151ea71b66.md,,pre-rebuild-handoff,text-source
02_WORKSPACE_SNAPSHOT/Towow_A2A_Research_Handoff_Full_Archive_v1.0(1).zip,Towow_A2A_Research_Handoff_v1.0/full_archive/extracted_sources/PRSE-OS_σ«îµò┤σ╝ÇσÅæσîà_v0.3-dev_σÅ»Σ║ñµÄÑµ£¼σ£░σ¢óΘÿƒ(1)/PRSE-OS_σ«îµò┤σ╝ÇσÅæσîà_v0.3-dev/11_SUMMON_REFERENCE/impact_on_summon.md,580,c677584c0a90cfe28d0989c08084c0f7880171fc520d197f64ed628110dfabf3,md,extracted-unique-text,02_derived/zip-text-search-corpus/files/c6/c677584c0a90cfe28d0989c08084c0f7880171fc520d197f64ed628110dfabf3.md,,pre-rebuild-handoff,text-source
02_WORKSPACE_SNAPSHOT/Towow_A2A_Research_Handoff_Full_Archive_v1.0(1).zip,Towow_A2A_Research_Handoff_v1.0/full_archive/extracted_sources/PRSE-OS_σ«îµò┤σ╝ÇσÅæσîà_v0.3-dev_σÅ»Σ║ñµÄÑµ£¼σ£░σ¢óΘÿƒ(1)/PRSE-OS_σ«îµò┤σ╝ÇσÅæσîà_v0.3-dev/11_SUMMON_REFERENCE/project.manifest.yaml,668,36366eb146ce76a8bc3fb8f9719298419ff7ed3f2c41b12675e7e8eac1d63500,yaml,extracted-unique-text,02_derived/zip-text-search-corpus/files/36/36366eb146ce76a8bc3fb8f9719298419ff7ed3f2c41b12675e7e8eac1d63500.yaml,,pre-rebuild-handoff,manifest
02_WORKSPACE_SNAPSHOT/Towow_A2A_Research_Handoff_Full_Archive_v1.0(1).zip,Towow_A2A_Research_Handoff_v1.0/full_archive/extracted_sources/PRSE-OS_σ«îµò┤σ╝ÇσÅæσîà_v0.3-dev_σÅ»Σ║ñµÄÑµ£¼σ£░σ¢óΘÿƒ(1)/PRSE-OS_σ«îµò┤σ╝ÇσÅæσîà_v0.3-dev/11_SUMMON_REFERENCE/README.md,487,a45c9114581f107a7d7444d36faf7d6c8e06d67b913f45402f51f55b8493f95e,md,extracted-unique-text,02_derived/zip-text-search-corpus/files/a4/a45c9114581f107a7d7444d36faf7d6c8e06d67b913f45402f51f55b8493f95e.md,,pre-rebuild-handoff,orientation
02_WORKSPACE_SNAPSHOT/Towow_A2A_Research_Handoff_Full_Archive_v1.0(1).zip,Towow_A2A_Research_Handoff_v1.0/full_archive/extracted_sources/PRSE-OS_σ«îµò┤σ╝ÇσÅæσîà_v0.3-dev_σÅ»Σ║ñµÄÑµ£¼σ£░σ¢óΘÿƒ(1)/PRSE-OS_σ«îµò┤σ╝ÇσÅæσîà_v0.3-dev/11_SUMMON_REFERENCE/spec/constitution.yaml,1521,94ca0ac79153b535bc3eea222c4c35f2fc635f2a5785f68601fba163f574ea97,yaml,extracted-unique-text,02_derived/zip-text-search-corpus/files/94/94ca0ac79153b535bc3eea222c4c35f2fc635f2a5785f68601fba163f574ea97.yaml,,pre-rebuild-handoff,specification-or-protocol
02_WORKSPACE_SNAPSHOT/Towow_A2A_Research_Handoff_Full_Archive_v1.0(1).zip,Towow_A2A_Research_Handoff_v1.0/full_archive/extracted_sources/PRSE-OS_σ«îµò┤σ╝ÇσÅæσîà_v0.3-dev_σÅ»Σ║ñµÄÑµ£¼σ£░σ¢óΘÿƒ(1)/PRSE-OS_σ«îµò┤σ╝ÇσÅæσîà_v0.3-dev/11_SUMMON_REFERENCE/spec/core_loops.yaml,709,59e56b7f02da6cd8d0f63510cfc04844a0f310f06f73b8a15111f8620edbeb6f,yaml,extracted-unique-text,02_derived/zip-text-search-corpus/files/59/59e56b7f02da6cd8d0f63510cfc04844a0f310f06f73b8a15111f8620edbeb6f.yaml,,pre-rebuild-handoff,specification-or-protocol
02_WORKSPACE_SNAPSHOT/Towow_A2A_Research_Handoff_Full_Archive_v1.0(1).zip,Towow_A2A_Research_Handoff_v1.0/full_archive/extracted_sources/PRSE-OS_σ«îµò┤σ╝ÇσÅæσîà_v0.3-dev_σÅ»Σ║ñµÄÑµ£¼σ£░σ¢óΘÿƒ(1)/PRSE-OS_σ«îµò┤σ╝ÇσÅæσîà_v0.3-dev/11_SUMMON_REFERENCE/spec/core_objects.yaml,771,6c1dd548bda8a04916796335a06c65aaf88064d39bedf9401c925edef53d93a6,yaml,extracted-unique-text,02_derived/zip-text-search-corpus/files/6c/6c1dd548bda8a04916796335a06c65aaf88064d39bedf9401c925edef53d93a6.yaml,,pre-rebuild-handoff,specification-or-protocol
02_WORKSPACE_SNAPSHOT/Towow_A2A_Research_Handoff_Full_Archive_v1.0(1).zip,Towow_A2A_Research_Handoff_v1.0/full_archive/extracted_sources/PRSE-OS_σ«îµò┤σ╝ÇσÅæσîà_v0.3-dev_σÅ»Σ║ñµÄÑµ£¼σ£░σ¢óΘÿƒ(1)/PRSE-OS_σ«îµò┤σ╝ÇσÅæσîà_v0.3-dev/11_SUMMON_REFERENCE/spec/product_change.yaml,140,9a8a702708cbad6b8f0415d60d933b8b5496f2997407bac8b493914fda729c17,yaml,extracted-unique-text,02_derived/zip-text-search-corpus/files/9a/9a8a702708cbad6b8f0415d60d933b8b5496f2997407bac8b493914fda729c17.yaml,,pre-rebuild-handoff,specification-or-protocol
02_WORKSPACE_SNAPSHOT/Towow_A2A_Research_Handoff_Full_Archive_v1.0(1).zip,Towow_A2A_Research_Handoff_v1.0/full_archive/extracted_sources/PRSE-OS_σ«îµò┤σ╝ÇσÅæσîà_v0.3-dev_σÅ»Σ║ñµÄÑµ£¼σ£░σ¢óΘÿƒ(1)/PRSE-OS_σ«îµò┤σ╝ÇσÅæσîà_v0.3-dev/11_SUMMON_REFERENCE/spec/conformance_cases.yaml,687,66767a61e3b65291954c2d4833698003e2da6e23c793f5cdc12d58485ab16d71,yaml,extracted-unique-text,02_derived/zip-text-search-corpus/files/66/66767a61e3b65291954c2d4833698003e2da6e23c793f5cdc12d58485ab16d71.yaml,,pre-rebuild-handoff,specification-or-protocol
02_WORKSPACE_SNAPSHOT/Towow_A2A_Research_Handoff_Full_Archive_v1.0(1).zip,Towow_A2A_Research_Handoff_v1.0/full_archive/extracted_sources/PRSE-OS_σ«îµò┤σ╝ÇσÅæσîà_v0.3-dev_σÅ»Σ║ñµÄÑµ£¼σ£░σ¢óΘÿƒ(1)/PRSE-OS_σ«îµò┤σ╝ÇσÅæσîà_v0.3-dev/11_SUMMON_REFERENCE/spec/forbidden_interpretations.yaml,204,b5adf60bb446a1cc3b4969c8a37d424d783dc0209777081a60f69fab10f2e034,yaml,extracted-unique-text,02_derived/zip-text-search-corpus/files/b5/b5adf60bb446a1cc3b4969c8a37d424d783dc0209777081a60f69fab10f2e034.yaml,,pre-rebuild-handoff,specification-or-protocol
02_WORKSPACE_SNAPSHOT/Towow_A2A_Research_Handoff_Full_Archive_v1.0(1).zip,Towow_A2A_Research_Handoff_v1.0/full_archive/extracted_sources/PRSE-OS_σ«îµò┤σ╝ÇσÅæσîà_v0.3-dev_σÅ»Σ║ñµÄÑµ£¼σ£░σ¢óΘÿƒ(1)/PRSE-OS_σ«îµò┤σ╝ÇσÅæσîà_v0.3-dev/11_SUMMON_REFERENCE/spec/ui_principles.yaml,651,c1b22bc00e654429c6bd7e3bad33121c2dbbb3313f59cf02e6bfcd6f99f63b92,yaml,extracted-unique-text,02_derived/zip-text-search-corpus/files/c1/c1b22bc00e654429c6bd7e3bad33121c2dbbb3313f59cf02e6bfcd6f99f63b92.yaml,,pre-rebuild-handoff,specification-or-protocol
02_WORKSPACE_SNAPSHOT/Towow_A2A_Research_Handoff_Full_Archive_v1.0(1).zip,Towow_A2A_Research_Handoff_v1.0/full_archive/extracted_sources/PRSE-OS_σ«îµò┤σ╝ÇσÅæσîà_v0.3-dev_σÅ»Σ║ñµÄÑµ£¼σ£░σ¢óΘÿƒ(1)/PRSE-OS_σ«îµò┤σ╝ÇσÅæσîà_v0.3-dev/08_QUALITY_GATES/quality_requirement_model.md,367,5380bb3ccc56f0cbbb04d8ce96761ff150b65301ad0a57dfeb87427ff0eb9de4,md,extracted-unique-text,02_derived/zip-text-search-corpus/files/53/5380bb3ccc56f0cbbb04d8ce96761ff150b65301ad0a57dfeb87427ff0eb9de4.md,,pre-rebuild-handoff,text-source
02_WORKSPACE_SNAPSHOT/Towow_A2A_Research_Handoff_Full_Archive_v1.0(1).zip,Towow_A2A_Research_Handoff_v1.0/full_archive/extracted_sources/PRSE-OS_σ«îµò┤σ╝ÇσÅæσîà_v0.3-dev_σÅ»Σ║ñµÄÑµ£¼σ£░σ¢óΘÿƒ(1)/PRSE-OS_σ«îµò┤σ╝ÇσÅæσîà_v0.3-dev/08_QUALITY_GATES/quality_gates.yaml,919,91d4e0b6153535d76314e45bb6de180adf216cb5fd95c62ed51cdbd83099dd66,yaml,extracted-unique-text,02_derived/zip-text-search-corpus/files/91/91d4e0b6153535d76314e45bb6de180adf216cb5fd95c62ed51cdbd83099dd66.yaml,,pre-rebuild-handoff,structured-data
02_WORKSPACE_SNAPSHOT/Towow_A2A_Research_Handoff_Full_Archive_v1.0(1).zip,Towow_A2A_Research_Handoff_v1.0/full_archive/extracted_sources/PRSE-OS_σ«îµò┤σ╝ÇσÅæσîà_v0.3-dev_σÅ»Σ║ñµÄÑµ£¼σ£░σ¢óΘÿƒ(1)/PRSE-OS_σ«îµò┤σ╝ÇσÅæσîà_v0.3-dev/08_QUALITY_GATES/release_checklist.md,356,a0260168d879d03d85c9b4867c6c8e0ee2963393b7bf07d009e16c689d1e168b,md,extracted-unique-text,02_derived/zip-text-search-corpus/files/a0/a0260168d879d03d85c9b4867c6c8e0ee2963393b7bf07d009e16c689d1e168b.md,,pre-rebuild-handoff,text-source
02_WORKSPACE_SNAPSHOT/Towow_A2A_Research_Handoff_Full_Archive_v1.0(1).zip,Towow_A2A_Research_Handoff_v1.0/full_archive/extracted_sources/PRSE-OS_σ«îµò┤σ╝ÇσÅæσîà_v0.3-dev_σÅ»Σ║ñµÄÑµ£¼σ£░σ¢óΘÿƒ(1)/PRSE-OS_σ«îµò┤σ╝ÇσÅæσîà_v0.3-dev/08_QUALITY_GATES/stop_conditions.md,368,c2c4c4716394bcc37c8515325a951dd7a51166d1fff370a86a719fc243b9d703,md,extracted-unique-text,02_derived/zip-text-search-corpus/files/c2/c2c4c4716394bcc37c8515325a951dd7a51166d1fff370a86a719fc243b9d703.md,,pre-rebuild-handoff,text-source
02_WORKSPACE_SNAPSHOT/Towow_A2A_Research_Handoff_Full_Archive_v1.0(1).zip,Towow_A2A_Research_Handoff_v1.0/full_archive/extracted_sources/PRSE-OS_σ«îµò┤σ╝ÇσÅæσîà_v0.3-dev_σÅ»Σ║ñµÄÑµ£¼σ£░σ¢óΘÿƒ(1)/PRSE-OS_σ«îµò┤σ╝ÇσÅæσîà_v0.3-dev/08_QUALITY_GATES/specification_readiness_levels.md,287,178b0dc9ea1caca55645153f5b9314c1fe81c26fcc057dd8206654bd116baaae,md,extracted-unique-text,02_derived/zip-text-search-corpus/files/17/178b0dc9ea1caca55645153f5b9314c1fe81c26fcc057dd8206654bd116baaae.md,,pre-rebuild-handoff,specification-or-protocol
02_WORKSPACE_SNAPSHOT/Towow_A2A_Research_Handoff_Full_Archive_v1.0(1).zip,Towow_A2A_Research_Handoff_v1.0/full_archive/extracted_sources/PRSE-OS_σ«îµò┤σ╝ÇσÅæσîà_v0.3-dev_σÅ»Σ║ñµÄÑµ£¼σ£░σ¢óΘÿƒ(1)/PRSE-OS_σ«îµò┤σ╝ÇσÅæσîà_v0.3-dev/PACKAGE_INVENTORY.json,42866,af2bcecb9d94ea6eec9224e61b26349d186996dc596cfe868d4573cee39ecdf4,json,extracted-unique-text,02_derived/zip-text-search-corpus/files/af/af2bcecb9d94ea6eec9224e61b26349d186996dc596cfe868d4573cee39ecdf4.json,,pre-rebuild-handoff,structured-data
02_WORKSPACE_SNAPSHOT/Towow_A2A_Research_Handoff_Full_Archive_v1.0(1).zip,Towow_A2A_Research_Handoff_v1.0/full_archive/extracted_sources/PRSE-OS_σ«îµò┤σ╝ÇσÅæσîà_v0.3-dev_σÅ»Σ║ñµÄÑµ£¼σ£░σ¢óΘÿƒ(1)/PRSE-OS_σ«îµò┤σ╝ÇσÅæσîà_v0.3-dev/04_SKILLS/index.yaml,2170,66cec37bb0243d5464212f1c84dc77cfd7e575feb51dcac6be0f7c8c475ff78e,yaml,extracted-unique-text,02_derived/zip-text-search-corpus/files/66/66cec37bb0243d5464212f1c84dc77cfd7e575feb51dcac6be0f7c8c475ff78e.yaml,,pre-rebuild-handoff,structured-data
02_WORKSPACE_SNAPSHOT/Towow_A2A_Research_Handoff_Full_Archive_v1.0(1).zip,Towow_A2A_Research_Handoff_v1.0/full_archive/extracted_sources/PRSE-OS_σ«îµò┤σ╝ÇσÅæσîà_v0.3-dev_σÅ»Σ║ñµÄÑµ£¼σ£░σ¢óΘÿƒ(1)/PRSE-OS_σ«îµò┤σ╝ÇσÅæσîà_v0.3-dev/04_SKILLS/cards/interface_projection.skill.yaml,800,925ceba05ad5a2c49bd41a87e14061b53f92dd2bc26c6594de1b3ed007d5209b,yaml,extracted-unique-text,02_derived/zip-text-search-corpus/files/92/925ceba05ad5a2c49bd41a87e14061b53f92dd2bc26c6594de1b3ed007d5209b.yaml,,pre-rebuild-handoff,structured-data
02_WORKSPACE_SNAPSHOT/Towow_A2A_Research_Handoff_Full_Archive_v1.0(1).zip,Towow_A2A_Research_Handoff_v1.0/full_archive/extracted_sources/PRSE-OS_σ«îµò┤σ╝ÇσÅæσîà_v0.3-dev_σÅ»Σ║ñµÄÑµ£¼σ£░σ¢óΘÿƒ(1)/PRSE-OS_σ«îµò┤σ╝ÇσÅæσîà_v0.3-dev/04_SKILLS/cards/clean_room_prototyping.skill.yaml,809,0b18c6a39142ee5f0ecd898a5bb322aaea3b211bb090c85fa356ddf2e1db82cb,yaml,extracted-unique-text,02_derived/zip-text-search-corpus/files/0b/0b18c6a39142ee5f0ecd898a5bb322aaea3b211bb090c85fa356ddf2e1db82cb.yaml,,pre-rebuild-handoff,structured-data
02_WORKSPACE_SNAPSHOT/Towow_A2A_Research_Handoff_Full_Archive_v1.0(1).zip,Towow_A2A_Research_Handoff_v1.0/full_archive/extracted_sources/PRSE-OS_σ«îµò┤σ╝ÇσÅæσîà_v0.3-dev_σÅ»Σ║ñµÄÑµ£¼σ£░σ¢óΘÿƒ(1)/PRSE-OS_σ«îµò┤σ╝ÇσÅæσîà_v0.3-dev/04_SKILLS/cards/blind_consumer_test.skill.yaml,779,a2a1631c623516247bd261838130949f8bd1f0a51614429d0562185d21499ca7,yaml,extracted-unique-text,02_derived/zip-text-search-corpus/files/a2/a2a1631c623516247bd261838130949f8bd1f0a51614429d0562185d21499ca7.yaml,,pre-rebuild-handoff,qa-or-test
02_WORKSPACE_SNAPSHOT/Towow_A2A_Research_Handoff_Full_Archive_v1.0(1).zip,Towow_A2A_Research_Handoff_v1.0/full_archive/extracted_sources/PRSE-OS_σ«îµò┤σ╝ÇσÅæσîà_v0.3-dev_σÅ»Σ║ñµÄÑµ£¼σ£░σ¢óΘÿƒ(1)/PRSE-OS_σ«îµò┤σ╝ÇσÅæσîà_v0.3-dev/04_SKILLS/cards/historical_solution_scan.skill.yaml,822,601f538c73854fd1fd7cdb4a54c21087b7724c8d5e55da5d46bfb35924675ae1,yaml,extracted-unique-text,02_derived/zip-text-search-corpus/files/60/601f538c73854fd1fd7cdb4a54c21087b7724c8d5e55da5d46bfb35924675ae1.yaml,,pre-rebuild-handoff,structured-data
02_WORKSPACE_SNAPSHOT/Towow_A2A_Research_Handoff_Full_Archive_v1.0(1).zip,Towow_A2A_Research_Handoff_v1.0/full_archive/extracted_sources/PRSE-OS_σ«îµò┤σ╝ÇσÅæσîà_v0.3-dev_σÅ»Σ║ñµÄÑµ£¼σ£░σ¢óΘÿƒ(1)/PRSE-OS_σ«îµò┤σ╝ÇσÅæσîà_v0.3-dev/04_SKILLS/cards/change_impact_analysis.skill.yaml,809,b38523c716c21583a8137fde2a8105b933d82fb26ecbe6d342c71a51d72f792e,yaml,extracted-unique-text,02_derived/zip-text-search-corpus/files/b3/b38523c716c21583a8137fde2a8105b933d82fb26ecbe6d342c71a51d72f792e.yaml,,pre-rebuild-handoff,structured-data
02_WORKSPACE_SNAPSHOT/Towow_A2A_Research_Handoff_Full_Archive_v1.0(1).zip,Towow_A2A_Research_Handoff_v1.0/full_archive/extracted_sources/PRSE-OS_σ«îµò┤σ╝ÇσÅæσîà_v0.3-dev_σÅ»Σ║ñµÄÑµ£¼σ£░σ¢óΘÿƒ(1)/PRSE-OS_σ«îµò┤σ╝ÇσÅæσîà_v0.3-dev/04_SKILLS/cards/problem_framing.skill.yaml,807,b49d73885fb52cb701d20059921c18c0417421e836f9fcf8a70bd0df8e1987aa,yaml,extracted-unique-text,02_derived/zip-text-search-corpus/files/b4/b49d73885fb52cb701d20059921c18c0417421e836f9fcf8a70bd0df8e1987aa.yaml,,pre-rebuild-handoff,structured-data
02_WORKSPACE_SNAPSHOT/Towow_A2A_Research_Handoff_Full_Archive_v1.0(1).zip,Towow_A2A_Research_Handoff_v1.0/full_archive/extracted_sources/PRSE-OS_σ«îµò┤σ╝ÇσÅæσîà_v0.3-dev_σÅ»Σ║ñµÄÑµ£¼σ£░σ¢óΘÿƒ(1)/PRSE-OS_σ«îµò┤σ╝ÇσÅæσîà_v0.3-dev/04_SKILLS/cards/closed_loop_design.skill.yaml,826,f67f46fbc173bc7ebad1f14eaeaf17460bd1c9af0579728b6d63d08fe036a847,yaml,extracted-unique-text,02_derived/zip-text-search-corpus/files/f6/f67f46fbc173bc7ebad1f14eaeaf17460bd1c9af0579728b6d63d08fe036a847.yaml,,pre-rebuild-handoff,structured-data
02_WORKSPACE_SNAPSHOT/Towow_A2A_Research_Handoff_Full_Archive_v1.0(1).zip,Towow_A2A_Research_Handoff_v1.0/full_archive/extracted_sources/PRSE-OS_σ«îµò┤σ╝ÇσÅæσîà_v0.3-dev_σÅ»Σ║ñµÄÑµ£¼σ£░σ¢óΘÿƒ(1)/PRSE-OS_σ«îµò┤σ╝ÇσÅæσîà_v0.3-dev/04_SKILLS/cards/ontology_modeling.skill.yaml,810,bd03320f143c2c7f8cde133238a850d1bbc9bb80db8380f3cb331855684ad19d,yaml,extracted-unique-text,02_derived/zip-text-search-corpus/files/bd/bd03320f143c2c7f8cde133238a850d1bbc9bb80db8380f3cb331855684ad19d.yaml,,pre-rebuild-handoff,structured-data
02_WORKSPACE_SNAPSHOT/Towow_A2A_Research_Handoff_Full_Archive_v1.0(1).zip,Towow_A2A_Research_Handoff_v1.0/full_archive/extracted_sources/PRSE-OS_σ«îµò┤σ╝ÇσÅæσîà_v0.3-dev_σÅ»Σ║ñµÄÑµ£¼σ£░σ¢óΘÿƒ(1)/PRSE-OS_σ«îµò┤σ╝ÇσÅæσîà_v0.3-dev/04_SKILLS/cards/language_compilation.skill.yaml,807,a43dc7ab09b57e1cfe0acccb422a40a73fe9d05b3be2bd78353ee217075147f8,yaml,extracted-unique-text,02_derived/zip-text-search-corpus/files/a4/a43dc7ab09b57e1cfe0acccb422a40a73fe9d05b3be2bd78353ee217075147f8.yaml,,pre-rebuild-handoff,structured-data
02_WORKSPACE_SNAPSHOT/Towow_A2A_Research_Handoff_Full_Archive_v1.0(1).zip,Towow_A2A_Research_Handoff_v1.0/full_archive/extracted_sources/PRSE-OS_σ«îµò┤σ╝ÇσÅæσîà_v0.3-dev_σÅ»Σ║ñµÄÑµ£¼σ£░σ¢óΘÿƒ(1)/PRSE-OS_σ«îµò┤σ╝ÇσÅæσîà_v0.3-dev/04_SKILLS/cards/legibility_review.skill.yaml,781,bea03f5a25ac52289896620675ed65702465d6b4d784112104faa336c89f6472,yaml,extracted-unique-text,02_derived/zip-text-search-corpus/files/be/bea03f5a25ac52289896620675ed65702465d6b4d784112104faa336c89f6472.yaml,,pre-rebuild-handoff,interaction-or-review
02_WORKSPACE_SNAPSHOT/Towow_A2A_Research_Handoff_Full_Archive_v1.0(1).zip,Towow_A2A_Research_Handoff_v1.0/full_archive/extracted_sources/PRSE-OS_σ«îµò┤σ╝ÇσÅæσîà_v0.3-dev_σÅ»Σ║ñµÄÑµ£¼σ£░σ¢óΘÿƒ(1)/PRSE-OS_σ«îµò┤σ╝ÇσÅæσîà_v0.3-dev/04_SKILLS/cards/policy_and_authority_design.skill.yaml,798,7d5a5a2132790bed24710c8ee41d41f484be3929d13f646db8b8ca80b8e282d2,yaml,extracted-unique-text,02_derived/zip-text-search-corpus/files/7d/7d5a5a2132790bed24710c8ee41d41f484be3929d13f646db8b8ca80b8e282d2.yaml,,pre-rebuild-handoff,structured-data
02_WORKSPACE_SNAPSHOT/Towow_A2A_Research_Handoff_Full_Archive_v1.0(1).zip,Towow_A2A_Research_Handoff_v1.0/full_archive/extracted_sources/PRSE-OS_σ«îµò┤σ╝ÇσÅæσîà_v0.3-dev_σÅ»Σ║ñµÄÑµ£¼σ£░σ¢óΘÿƒ(1)/PRSE-OS_σ«îµò┤σ╝ÇσÅæσîà_v0.3-dev/04_SKILLS/cards/prototype_archaeology.skill.yaml,792,b68cbd475c28cd11191a523dda786cd3bdbdfb6d305762350eb984aab0828f94,yaml,extracted-unique-text,02_derived/zip-text-search-corpus/files/b6/b68cbd475c28cd11191a523dda786cd3bdbdfb6d305762350eb984aab0828f94.yaml,,pre-rebuild-handoff,structured-data
02_WORKSPACE_SNAPSHOT/Towow_A2A_Research_Handoff_Full_Archive_v1.0(1).zip,Towow_A2A_Research_Handoff_v1.0/full_archive/extracted_sources/PRSE-OS_σ«îµò┤σ╝ÇσÅæσîà_v0.3-dev_σÅ»Σ║ñµÄÑµ£¼σ£░σ¢óΘÿƒ(1)/PRSE-OS_σ«îµò┤σ╝ÇσÅæσîà_v0.3-dev/04_SKILLS/cards/prototype_synthesis.skill.yaml,797,c488fc16e956d52f29e616522ef6d421f5afdf0fdd90805d1da4f9f039d91f9f,yaml,extracted-unique-text,02_derived/zip-text-search-corpus/files/c4/c488fc16e956d52f29e616522ef6d421f5afdf0fdd90805d1da4f9f039d91f9f.yaml,,pre-rebuild-handoff,structured-data
02_WORKSPACE_SNAPSHOT/Towow_A2A_Research_Handoff_Full_Archive_v1.0(1).zip,Towow_A2A_Research_Handoff_v1.0/full_archive/extracted_sources/PRSE-OS_σ«îµò┤σ╝ÇσÅæσîà_v0.3-dev_σÅ»Σ║ñµÄÑµ£¼σ£░σ¢óΘÿƒ(1)/PRSE-OS_σ«îµò┤σ╝ÇσÅæσîà_v0.3-dev/04_SKILLS/cards/evidence_and_acceptance_design.skill.yaml,813,196da703fcd864c20388d29b154e7f850f1c4979489fa8eb7074a0a5231955a1,yaml,extracted-unique-text,02_derived/zip-text-search-corpus/files/19/196da703fcd864c20388d29b154e7f850f1c4979489fa8eb7074a0a5231955a1.yaml,,pre-rebuild-handoff,evidence-or-decision-ledger
02_WORKSPACE_SNAPSHOT/Towow_A2A_Research_Handoff_Full_Archive_v1.0(1).zip,Towow_A2A_Research_Handoff_v1.0/full_archive/extracted_sources/PRSE-OS_σ«îµò┤σ╝ÇσÅæσîà_v0.3-dev_σÅ»Σ║ñµÄÑµ£¼σ£░σ¢óΘÿƒ(1)/PRSE-OS_σ«îµò┤σ╝ÇσÅæσîà_v0.3-dev/04_SKILLS/cards/evidence_synthesis.skill.yaml,805,196526231c642bf999694578bc3bc50392dd841932522aa3c6c1cb8b475aa332,yaml,extracted-unique-text,02_derived/zip-text-search-corpus/files/19/196526231c642bf999694578bc3bc50392dd841932522aa3c6c1cb8b475aa332.yaml,,pre-rebuild-handoff,evidence-or-decision-ledger
02_WORKSPACE_SNAPSHOT/Towow_A2A_Research_Handoff_Full_Archive_v1.0(1).zip,Towow_A2A_Research_Handoff_v1.0/full_archive/extracted_sources/PRSE-OS_σ«îµò┤σ╝ÇσÅæσîà_v0.3-dev_σÅ»Σ║ñµÄÑµ£¼σ£░σ¢óΘÿƒ(1)/PRSE-OS_σ«îµò┤σ╝ÇσÅæσîà_v0.3-dev/04_SKILLS/cards/spec_audit.skill.yaml,788,2fabffcbd6dabcfd99f07fd20fb57070aa1e431077a077e8d20e0bffd19b7ee9,yaml,extracted-unique-text,02_derived/zip-text-search-corpus/files/2f/2fabffcbd6dabcfd99f07fd20fb57070aa1e431077a077e8d20e0bffd19b7ee9.yaml,,pre-rebuild-handoff,specification-or-protocol
02_WORKSPACE_SNAPSHOT/Towow_A2A_Research_Handoff_Full_Archive_v1.0(1).zip,Towow_A2A_Research_Handoff_v1.0/full_archive/extracted_sources/PRSE-OS_σ«îµò┤σ╝ÇσÅæσîà_v0.3-dev_σÅ»Σ║ñµÄÑµ£¼σ£░σ¢óΘÿƒ(1)/PRSE-OS_σ«îµò┤σ╝ÇσÅæσîà_v0.3-dev/04_SKILLS/cards/adversarial_review.skill.yaml,781,075008044f543db9ae5b6c115c4b13bb768d3651df5e4d4ac36d7de17d93c23b,yaml,extracted-unique-text,02_derived/zip-text-search-corpus/files/07/075008044f543db9ae5b6c115c4b13bb768d3651df5e4d4ac36d7de17d93c23b.yaml,,pre-rebuild-handoff,interaction-or-review
02_WORKSPACE_SNAPSHOT/Towow_A2A_Research_Handoff_Full_Archive_v1.0(1).zip,Towow_A2A_Research_Handoff_v1.0/full_archive/extracted_sources/PRSE-OS_σ«îµò┤σ╝ÇσÅæσîà_v0.3-dev_σÅ»Σ║ñµÄÑµ£¼σ£░σ¢óΘÿƒ(1)/PRSE-OS_σ«îµò┤σ╝ÇσÅæσîà_v0.3-dev/04_SKILLS/skill-card.schema.json,1248,bf9c9abdee9b61039e14874901b9bfba66bd9e241923ab40045d84c4076ae4ac,json,extracted-unique-text,02_derived/zip-text-search-corpus/files/bf/bf9c9abdee9b61039e14874901b9bfba66bd9e241923ab40045d84c4076ae4ac.json,,pre-rebuild-handoff,specification-or-protocol
02_WORKSPACE_SNAPSHOT/Towow_A2A_Research_Handoff_Full_Archive_v1.0(1).zip,Towow_A2A_Research_Handoff_v1.0/full_archive/extracted_sources/PRSE-OS_σ«îµò┤σ╝ÇσÅæσîà_v0.3-dev_σÅ»Σ║ñµÄÑµ£¼σ£░σ¢óΘÿƒ(1)/PRSE-OS_σ«îµò┤σ╝ÇσÅæσîà_v0.3-dev/04_SKILLS/README.md,212,41c420fa52415be0a06a70aa612981aa2b628fbbda497f25f9966fd381c2d27d,md,extracted-unique-text,02_derived/zip-text-search-corpus/files/41/41c420fa52415be0a06a70aa612981aa2b628fbbda497f25f9966fd381c2d27d.md,,pre-rebuild-handoff,orientation
02_WORKSPACE_SNAPSHOT/Towow_A2A_Research_Handoff_Full_Archive_v1.0(1).zip,Towow_A2A_Research_Handoff_v1.0/full_archive/extracted_sources/PRSE-OS_σ«îµò┤σ╝ÇσÅæσîà_v0.3-dev_σÅ»Σ║ñµÄÑµ£¼σ£░σ¢óΘÿƒ(1)/PRSE-OS_σ«îµò┤σ╝ÇσÅæσîà_v0.3-dev/RELEASE_NOTES.md,590,f882dd5a5ce442122ef908fd73f6b88308e9196993a910a0b6a41c16b1dcae75,md,extracted-unique-text,02_derived/zip-text-search-corpus/files/f8/f882dd5a5ce442122ef908fd73f6b88308e9196993a910a0b6a41c16b1dcae75.md,,pre-rebuild-handoff,text-source
02_WORKSPACE_SNAPSHOT/Towow_A2A_Research_Handoff_Full_Archive_v1.0(1).zip,Towow_A2A_Research_Handoff_v1.0/full_archive/extracted_sources/PRSE-OS_σ«îµò┤σ╝ÇσÅæσîà_v0.3-dev_σÅ»Σ║ñµÄÑµ£¼σ£░σ¢óΘÿƒ(1)/PRSE-OS_σ«îµò┤σ╝ÇσÅæσîà_v0.3-dev/03_HARNESS_ADAPTER/install_to_local.sh,240,46dcf965f1cda13e0086cc636d44968be0f014553c398cf0fc1b2df3649d9a6c,sh,extracted-unique-text,02_derived/zip-text-search-corpus/files/46/46dcf965f1cda13e0086cc636d44968be0f014553c398cf0fc1b2df3649d9a6c.sh,,pre-rebuild-handoff,instrument-or-code
02_WORKSPACE_SNAPSHOT/Towow_A2A_Research_Handoff_Full_Archive_v1.0(1).zip,Towow_A2A_Research_Handoff_v1.0/full_archive/extracted_sources/PRSE-OS_σ«îµò┤σ╝ÇσÅæσîà_v0.3-dev_σÅ»Σ║ñµÄÑµ£¼σ£░σ¢óΘÿƒ(1)/PRSE-OS_σ«îµò┤σ╝ÇσÅæσîà_v0.3-dev/03_HARNESS_ADAPTER/import_checklist.md,533,64b621a07b2773ddb4daad1cdc4439d720b0e7443dc99691703a869e576465a3,md,extracted-unique-text,02_derived/zip-text-search-corpus/files/64/64b621a07b2773ddb4daad1cdc4439d720b0e7443dc99691703a869e576465a3.md,,pre-rebuild-handoff,text-source
02_WORKSPACE_SNAPSHOT/Towow_A2A_Research_Handoff_Full_Archive_v1.0(1).zip,Towow_A2A_Research_Handoff_v1.0/full_archive/extracted_sources/PRSE-OS_σ«îµò┤σ╝ÇσÅæσîà_v0.3-dev_σÅ»Σ║ñµÄÑµ£¼σ£░σ¢óΘÿƒ(1)/PRSE-OS_σ«îµò┤σ╝ÇσÅæσîà_v0.3-dev/03_HARNESS_ADAPTER/integration_strategy.md,653,96f9717c222c5198c21d7a4adea475b02206cc3659c368849c28c28fe0fc456f,md,extracted-unique-text,02_derived/zip-text-search-corpus/files/96/96f9717c222c5198c21d7a4adea475b02206cc3659c368849c28c28fe0fc456f.md,,pre-rebuild-handoff,text-source
02_WORKSPACE_SNAPSHOT/Towow_A2A_Research_Handoff_Full_Archive_v1.0(1).zip,Towow_A2A_Research_Handoff_v1.0/full_archive/extracted_sources/PRSE-OS_σ«îµò┤σ╝ÇσÅæσîà_v0.3-dev_σÅ»Σ║ñµÄÑµ£¼σ£░σ¢óΘÿƒ(1)/PRSE-OS_σ«îµò┤σ╝ÇσÅæσîà_v0.3-dev/03_HARNESS_ADAPTER/reference_interfaces.py,868,8143b21cff2667d900bc9c7591eb432ada0d7d27f554d7bf34c153aca8d254e9,py,extracted-unique-text,02_derived/zip-text-search-corpus/files/81/8143b21cff2667d900bc9c7591eb432ada0d7d27f554d7bf34c153aca8d254e9.py,,pre-rebuild-handoff,instrument-or-code
02_WORKSPACE_SNAPSHOT/Towow_A2A_Research_Handoff_Full_Archive_v1.0(1).zip,Towow_A2A_Research_Handoff_v1.0/full_archive/extracted_sources/PRSE-OS_σ«îµò┤σ╝ÇσÅæσîà_v0.3-dev_σÅ»Σ║ñµÄÑµ£¼σ£░σ¢óΘÿƒ(1)/PRSE-OS_σ«îµò┤σ╝ÇσÅæσîà_v0.3-dev/03_HARNESS_ADAPTER/adapter.contract.schema.json,751,7172210516127e22882e9b4866738768305363d1c5977b1952dd4a071d8480f7,json,extracted-unique-text,02_derived/zip-text-search-corpus/files/71/7172210516127e22882e9b4866738768305363d1c5977b1952dd4a071d8480f7.json,,pre-rebuild-handoff,specification-or-protocol
02_WORKSPACE_SNAPSHOT/Towow_A2A_Research_Handoff_Full_Archive_v1.0(1).zip,Towow_A2A_Research_Handoff_v1.0/full_archive/extracted_sources/PRSE-OS_σ«îµò┤σ╝ÇσÅæσîà_v0.3-dev_σÅ»Σ║ñµÄÑµ£¼σ£░σ¢óΘÿƒ(1)/PRSE-OS_σ«îµò┤σ╝ÇσÅæσîà_v0.3-dev/03_HARNESS_ADAPTER/local-harness.mapping.example.yaml,558,ec5e6804207a5850b911f97f0177ce457f2b5ad650ef7a23516bbb49301910c4,yaml,extracted-unique-text,02_derived/zip-text-search-corpus/files/ec/ec5e6804207a5850b911f97f0177ce457f2b5ad650ef7a23516bbb49301910c4.yaml,,pre-rebuild-handoff,structured-data
02_WORKSPACE_SNAPSHOT/Towow_A2A_Research_Handoff_Full_Archive_v1.0(1).zip,Towow_A2A_Research_Handoff_v1.0/full_archive/extracted_sources/PRSE-OS_σ«îµò┤σ╝ÇσÅæσîà_v0.3-dev_σÅ»Σ║ñµÄÑµ£¼σ£░σ¢óΘÿƒ(1)/PRSE-OS_σ«îµò┤σ╝ÇσÅæσîà_v0.3-dev/03_HARNESS_ADAPTER/ADAPTER_GUIDE.md,1174,c745969da5b8806f317360a487ab9f4e910d21dd54a3886b3a2d642e8765055e,md,extracted-unique-text,02_derived/zip-text-search-corpus/files/c7/c745969da5b8806f317360a487ab9f4e910d21dd54a3886b3a2d642e8765055e.md,,pre-rebuild-handoff,text-source
02_WORKSPACE_SNAPSHOT/Towow_A2A_Research_Handoff_Full_Archive_v1.0(1).zip,Towow_A2A_Research_Handoff_v1.0/full_archive/extracted_sources/PRSE-OS_σ«îµò┤σ╝ÇσÅæσîà_v0.3-dev_σÅ»Σ║ñµÄÑµ£¼σ£░σ¢óΘÿƒ(1)/PRSE-OS_σ«îµò┤σ╝ÇσÅæσîà_v0.3-dev/03_HARNESS_ADAPTER/runtime.contract.yaml,1051,5fb47eaf85a523de3c0ff2e552a2978ce62139fd702b1018f072056324d6cd60,yaml,extracted-unique-text,02_derived/zip-text-search-corpus/files/5f/5fb47eaf85a523de3c0ff2e552a2978ce62139fd702b1018f072056324d6cd60.yaml,,pre-rebuild-handoff,structured-data
02_WORKSPACE_SNAPSHOT/Towow_A2A_Research_Handoff_Full_Archive_v1.0(1).zip,Towow_A2A_Research_Handoff_v1.0/full_archive/extracted_sources/PRSE-OS_σ«îµò┤σ╝ÇσÅæσîà_v0.3-dev_σÅ»Σ║ñµÄÑµ£¼σ£░σ¢óΘÿƒ(1)/PRSE-OS_σ«îµò┤σ╝ÇσÅæσîà_v0.3-dev/01_METHOD_CORE/constitution.md,1498,3c1b740b08dbb29b323d46138e64615265da5f2a39b8afc60d56761a54e1b3bc,md,extracted-unique-text,02_derived/zip-text-search-corpus/files/3c/3c1b740b08dbb29b323d46138e64615265da5f2a39b8afc60d56761a54e1b3bc.md,,pre-rebuild-handoff,text-source
02_WORKSPACE_SNAPSHOT/Towow_A2A_Research_Handoff_Full_Archive_v1.0(1).zip,Towow_A2A_Research_Handoff_v1.0/full_archive/extracted_sources/PRSE-OS_σ«îµò┤σ╝ÇσÅæσîà_v0.3-dev_σÅ»Σ║ñµÄÑµ£¼σ£░σ¢óΘÿƒ(1)/PRSE-OS_σ«îµò┤σ╝ÇσÅæσîà_v0.3-dev/01_METHOD_CORE/context_channel_model.md,727,de9158540ee41e59425cbd77295e9283a9fa7cb1a13f6929b596bf9ba3b8141e,md,extracted-unique-text,02_derived/zip-text-search-corpus/files/de/de9158540ee41e59425cbd77295e9283a9fa7cb1a13f6929b596bf9ba3b8141e.md,,pre-rebuild-handoff,text-source
02_WORKSPACE_SNAPSHOT/Towow_A2A_Research_Handoff_Full_Archive_v1.0(1).zip,Towow_A2A_Research_Handoff_v1.0/full_archive/extracted_sources/PRSE-OS_σ«îµò┤σ╝ÇσÅæσîà_v0.3-dev_σÅ»Σ║ñµÄÑµ£¼σ£░σ¢óΘÿƒ(1)/PRSE-OS_σ«îµò┤σ╝ÇσÅæσîà_v0.3-dev/01_METHOD_CORE/spec-node.schema.json,1841,742e91db4bf9e6310d73bbb24ee62ad5ac1d3b7cb3e91d454c4e9403e41d0d87,json,extracted-unique-text,02_derived/zip-text-search-corpus/files/74/742e91db4bf9e6310d73bbb24ee62ad5ac1d3b7cb3e91d454c4e9403e41d0d87.json,,pre-rebuild-handoff,specification-or-protocol
02_WORKSPACE_SNAPSHOT/Towow_A2A_Research_Handoff_Full_Archive_v1.0(1).zip,Towow_A2A_Research_Handoff_v1.0/full_archive/extracted_sources/PRSE-OS_σ«îµò┤σ╝ÇσÅæσîà_v0.3-dev_σÅ»Σ║ñµÄÑµ£¼σ£░σ¢óΘÿƒ(1)/PRSE-OS_σ«îµò┤σ╝ÇσÅæσîà_v0.3-dev/01_METHOD_CORE/capability_model.md,727,6f2c44de8b7f74951d433d2244b53d86b97d2d7ca4a2e18794f1c1f2591ac0ed,md,extracted-unique-text,02_derived/zip-text-search-corpus/files/6f/6f2c44de8b7f74951d433d2244b53d86b97d2d7ca4a2e18794f1c1f2591ac0ed.md,,pre-rebuild-handoff,text-source
02_WORKSPACE_SNAPSHOT/Towow_A2A_Research_Handoff_Full_Archive_v1.0(1).zip,Towow_A2A_Research_Handoff_v1.0/full_archive/extracted_sources/PRSE-OS_σ«îµò┤σ╝ÇσÅæσîà_v0.3-dev_σÅ»Σ║ñµÄÑµ£¼σ£░σ¢óΘÿƒ(1)/PRSE-OS_σ«îµò┤σ╝ÇσÅæσîà_v0.3-dev/01_METHOD_CORE/method_architecture.md,1330,57bc85e51664ed7d1a7c57915bb0faa22aff1118146e195c12aefcb5759cd2a5,md,extracted-unique-text,02_derived/zip-text-search-corpus/files/57/57bc85e51664ed7d1a7c57915bb0faa22aff1118146e195c12aefcb5759cd2a5.md,,pre-rebuild-handoff,text-source
02_WORKSPACE_SNAPSHOT/Towow_A2A_Research_Handoff_Full_Archive_v1.0(1).zip,Towow_A2A_Research_Handoff_v1.0/full_archive/extracted_sources/PRSE-OS_σ«îµò┤σ╝ÇσÅæσîà_v0.3-dev_σÅ»Σ║ñµÄÑµ£¼σ£░σ¢óΘÿƒ(1)/PRSE-OS_σ«îµò┤σ╝ÇσÅæσîà_v0.3-dev/01_METHOD_CORE/ai_native_spec_protocol.md,1076,cf3dfb00f1beeb6764a17daba7d07f73f6a7eadff81409099ae0831b657d157d,md,extracted-unique-text,02_derived/zip-text-search-corpus/files/cf/cf3dfb00f1beeb6764a17daba7d07f73f6a7eadff81409099ae0831b657d157d.md,,pre-rebuild-handoff,specification-or-protocol
02_WORKSPACE_SNAPSHOT/Towow_A2A_Research_Handoff_Full_Archive_v1.0(1).zip,Towow_A2A_Research_Handoff_v1.0/full_archive/extracted_sources/PRSE-OS_σ«îµò┤σ╝ÇσÅæσîà_v0.3-dev_σÅ»Σ║ñµÄÑµ£¼σ£░σ¢óΘÿƒ(1)/PRSE-OS_σ«îµò┤σ╝ÇσÅæσîà_v0.3-dev/01_METHOD_CORE/normative_keywords.yaml,264,76bc5d0fb8bd12da3f02ffd914379b218f21760e86b3a2432676f1157c430c0e,yaml,extracted-unique-text,02_derived/zip-text-search-corpus/files/76/76bc5d0fb8bd12da3f02ffd914379b218f21760e86b3a2432676f1157c430c0e.yaml,,pre-rebuild-handoff,structured-data
02_WORKSPACE_SNAPSHOT/Towow_A2A_Research_Handoff_Full_Archive_v1.0(1).zip,Towow_A2A_Research_Handoff_v1.0/full_archive/extracted_sources/PRSE-OS_σ«îµò┤σ╝ÇσÅæσîà_v0.3-dev_σÅ»Σ║ñµÄÑµ£¼σ£░σ¢óΘÿƒ(1)/PRSE-OS_σ«îµò┤σ╝ÇσÅæσîà_v0.3-dev/01_METHOD_CORE/language_architecture.md,568,b60531e7817c8affd95a190ba75aafcaa35cb88ba676dca7ae45d75f1a252907,md,extracted-unique-text,02_derived/zip-text-search-corpus/files/b6/b60531e7817c8affd95a190ba75aafcaa35cb88ba676dca7ae45d75f1a252907.md,,pre-rebuild-handoff,text-source
02_WORKSPACE_SNAPSHOT/Towow_A2A_Research_Handoff_Full_Archive_v1.0(1).zip,Towow_A2A_Research_Handoff_v1.0/full_archive/extracted_sources/PRSE-OS_σ«îµò┤σ╝ÇσÅæσîà_v0.3-dev_σÅ»Σ║ñµÄÑµ£¼σ£░σ¢óΘÿƒ(1)/PRSE-OS_σ«îµò┤σ╝ÇσÅæσîà_v0.3-dev/01_METHOD_CORE/method_objects.yaml,652,d8af9c5ea988c25556e22c54e504896f8263683f114b1fb4a5705b415a96e938,yaml,extracted-unique-text,02_derived/zip-text-search-corpus/files/d8/d8af9c5ea988c25556e22c54e504896f8263683f114b1fb4a5705b415a96e938.yaml,,pre-rebuild-handoff,structured-data
02_WORKSPACE_SNAPSHOT/Towow_A2A_Research_Handoff_Full_Archive_v1.0(1).zip,Towow_A2A_Research_Handoff_v1.0/full_archive/extracted_sources/PRSE-OS_σ«îµò┤σ╝ÇσÅæσîà_v0.3-dev_σÅ»Σ║ñµÄÑµ£¼σ£░σ¢óΘÿƒ(1)/PRSE-OS_σ«îµò┤σ╝ÇσÅæσîà_v0.3-dev/01_METHOD_CORE/governance.md,697,363c194303cd3e8df4ac63bf54099df58b044a94932d8b43d98f1d17e5e835d1,md,extracted-unique-text,02_derived/zip-text-search-corpus/files/36/363c194303cd3e8df4ac63bf54099df58b044a94932d8b43d98f1d17e5e835d1.md,,pre-rebuild-handoff,text-source
02_WORKSPACE_SNAPSHOT/Towow_A2A_Research_Handoff_Full_Archive_v1.0(1).zip,Towow_A2A_Research_Handoff_v1.0/full_archive/extracted_sources/PRSE-OS_σ«îµò┤σ╝ÇσÅæσîà_v0.3-dev_σÅ»Σ║ñµÄÑµ£¼σ£░σ¢óΘÿƒ(1)/PRSE-OS_σ«îµò┤σ╝ÇσÅæσîà_v0.3-dev/package.manifest.yaml,1083,647a5eeb364c7289816b1e8a5c12399916b4517f2767fa81f66fc014ea82facc,yaml,extracted-unique-text,02_derived/zip-text-search-corpus/files/64/647a5eeb364c7289816b1e8a5c12399916b4517f2767fa81f66fc014ea82facc.yaml,,pre-rebuild-handoff,manifest
02_WORKSPACE_SNAPSHOT/Towow_A2A_Research_Handoff_Full_Archive_v1.0(1).zip,Towow_A2A_Research_Handoff_v1.0/full_archive/extracted_sources/towow-a2a-r5-4-return-packet/return-packet/code_changes/hidden-oracle-cumulative.patch,127717,d5e9cbf57fd17fec75e289033272261ce247ad69b14177e82c04e902accbd466,patch,extracted-unique-text,02_derived/zip-text-search-corpus/files/d5/d5e9cbf57fd17fec75e289033272261ce247ad69b14177e82c04e902accbd466.patch,,pre-rebuild-handoff,text-source
02_WORKSPACE_SNAPSHOT/Towow_A2A_Research_Handoff_Full_Archive_v1.0(1).zip,Towow_A2A_Research_Handoff_v1.0/full_archive/extracted_sources/towow-a2a-r5-4-return-packet/return-packet/code_changes/a2a-null-source-counterfactual.patch,24597,d79b36c2b14b2bca065cf18303689c1d60e44d2193e7e8ffc0f6c34c0fb15f9a,patch,extracted-unique-text,02_derived/zip-text-search-corpus/files/d7/d79b36c2b14b2bca065cf18303689c1d60e44d2193e7e8ffc0f6c34c0fb15f9a.patch,,pre-rebuild-handoff,text-source
02_WORKSPACE_SNAPSHOT/Towow_A2A_Research_Handoff_Full_Archive_v1.0(1).zip,Towow_A2A_Research_Handoff_v1.0/full_archive/extracted_sources/towow-a2a-r5-4-return-packet/return-packet/code_changes/static-path-normalized.patch,14358,2502a087cf71c4e7a25ef0f95ae364be42c0c7511ca73bb64a59ece6371e27a6,patch,extracted-unique-text,02_derived/zip-text-search-corpus/files/25/2502a087cf71c4e7a25ef0f95ae364be42c0c7511ca73bb64a59ece6371e27a6.patch,,pre-rebuild-handoff,text-source
02_WORKSPACE_SNAPSHOT/Towow_A2A_Research_Handoff_Full_Archive_v1.0(1).zip,Towow_A2A_Research_Handoff_v1.0/full_archive/extracted_sources/towow-a2a-r5-4-return-packet/return-packet/code_changes/static-exact.patch,14186,50c6d098a89859e9db43428b1e944a632704e3eeeaecf349eb8e4c40862a7ccd,patch,extracted-unique-text,02_derived/zip-text-search-corpus/files/50/50c6d098a89859e9db43428b1e944a632704e3eeeaecf349eb8e4c40862a7ccd.patch,,pre-rebuild-handoff,text-source
02_WORKSPACE_SNAPSHOT/Towow_A2A_Research_Handoff_Full_Archive_v1.0(1).zip,Towow_A2A_Research_Handoff_v1.0/full_archive/extracted_sources/towow-a2a-r5-4-return-packet/return-packet/code_changes/README.md,855,0bf68916753672effef83dc107b01f5ab5bf396dd83100c6fe08769a96218471,md,extracted-unique-text,02_derived/zip-text-search-corpus/files/0b/0bf68916753672effef83dc107b01f5ab5bf396dd83100c6fe08769a96218471.md,,pre-rebuild-handoff,orientation
02_WORKSPACE_SNAPSHOT/Towow_A2A_Research_Handoff_Full_Archive_v1.0(1).zip,Towow_A2A_Research_Handoff_v1.0/full_archive/extracted_sources/towow-a2a-r5-4-return-packet/return-packet/RESULT_CLASSIFICATION.csv,2756,a463a426029a48901693b292e4254b9b842bb4a3d84f814c6510064e4ec86c35,csv,extracted-unique-text,02_derived/zip-text-search-corpus/files/a4/a463a426029a48901693b292e4254b9b842bb4a3d84f814c6510064e4ec86c35.csv,,pre-rebuild-handoff,experiment-or-result
02_WORKSPACE_SNAPSHOT/Towow_A2A_Research_Handoff_Full_Archive_v1.0(1).zip,Towow_A2A_Research_Handoff_v1.0/full_archive/extracted_sources/towow-a2a-r5-4-return-packet/return-packet/CURRENT_SYSTEM_PATCH.md,2702,99acd36cb45d3f4e51bc1744cb9875346bff59865a440f6b054a592d2447cc79,md,extracted-unique-text,02_derived/zip-text-search-corpus/files/99/99acd36cb45d3f4e51bc1744cb9875346bff59865a440f6b054a592d2447cc79.md,,pre-rebuild-handoff,text-source
02_WORKSPACE_SNAPSHOT/Towow_A2A_Research_Handoff_Full_Archive_v1.0(1).zip,Towow_A2A_Research_Handoff_v1.0/full_archive/extracted_sources/towow-a2a-r5-4-return-packet/return-packet/NEXT_RESEARCH_ACTIONS.md,1164,bf19cd004497a7a03cb951a48855c6c8758c57a687e4caa3ff5ff80ad937856a,md,extracted-unique-text,02_derived/zip-text-search-corpus/files/bf/bf19cd004497a7a03cb951a48855c6c8758c57a687e4caa3ff5ff80ad937856a.md,,pre-rebuild-handoff,text-source
02_WORKSPACE_SNAPSHOT/Towow_A2A_Research_Handoff_Full_Archive_v1.0(1).zip,Towow_A2A_Research_Handoff_v1.0/full_archive/extracted_sources/towow-a2a-r5-4-return-packet/return-packet/failures/STATIC_AND_ACCEPTANCE_FAILURES.md,1337,774b226e6f7828642097ad524e57d3e4db48ad2846d3833aa53bd2d55df296a5,md,extracted-unique-text,02_derived/zip-text-search-corpus/files/77/774b226e6f7828642097ad524e57d3e4db48ad2846d3833aa53bd2d55df296a5.md,,pre-rebuild-handoff,text-source
02_WORKSPACE_SNAPSHOT/Towow_A2A_Research_Handoff_Full_Archive_v1.0(1).zip,Towow_A2A_Research_Handoff_v1.0/full_archive/extracted_sources/towow-a2a-r5-4-return-packet/return-packet/failures/CENTRAL_TRANSPORT_FAILURES.md,785,5b60705f8d3f8e614973ff3df8e172b5ba284c22391528dd2fa5ae5ef008bfe1,md,extracted-unique-text,02_derived/zip-text-search-corpus/files/5b/5b60705f8d3f8e614973ff3df8e172b5ba284c22391528dd2fa5ae5ef008bfe1.md,,pre-rebuild-handoff,text-source
02_WORKSPACE_SNAPSHOT/Towow_A2A_Research_Handoff_Full_Archive_v1.0(1).zip,Towow_A2A_Research_Handoff_v1.0/full_archive/extracted_sources/towow-a2a-r5-4-return-packet/return-packet/RESEARCH_STATE.yaml,5808,bdcff79bc4387b1c2d35b6bab084780b2a752fc69030f0046626ceff21ad96fa,yaml,extracted-unique-text,02_derived/zip-text-search-corpus/files/bd/bdcff79bc4387b1c2d35b6bab084780b2a752fc69030f0046626ceff21ad96fa.yaml,,pre-rebuild-handoff,structured-data
02_WORKSPACE_SNAPSHOT/Towow_A2A_Research_Handoff_Full_Archive_v1.0(1).zip,Towow_A2A_Research_Handoff_v1.0/full_archive/extracted_sources/towow-a2a-r5-4-return-packet/return-packet/CORE_A2A_EXPERIMENT.md,4255,c39b566e7014c1e37968cd99ae446139966df056d6d57dd9069e9e5e40eccff0,md,extracted-unique-text,02_derived/zip-text-search-corpus/files/c3/c39b566e7014c1e37968cd99ae446139966df056d6d57dd9069e9e5e40eccff0.md,,pre-rebuild-handoff,experiment-or-result
02_WORKSPACE_SNAPSHOT/Towow_A2A_Research_Handoff_Full_Archive_v1.0(1).zip,Towow_A2A_Research_Handoff_v1.0/full_archive/extracted_sources/towow-a2a-r5-4-return-packet/return-packet/THEORY_ENGINEERING_CHANGELOG.md,1197,c038545c7a158efcb2e88003437b8f0fe3b255354e885eccb11f76c6e4644bd2,md,extracted-unique-text,02_derived/zip-text-search-corpus/files/c0/c038545c7a158efcb2e88003437b8f0fe3b255354e885eccb11f76c6e4644bd2.md,,pre-rebuild-handoff,theory
02_WORKSPACE_SNAPSHOT/Towow_A2A_Research_Handoff_Full_Archive_v1.0(1).zip,Towow_A2A_Research_Handoff_v1.0/full_archive/extracted_sources/towow-a2a-r5-4-return-packet/return-packet/ARCHITECTURE_AND_NET_VALUE.md,3212,d740400b255b5eb27f417ae592144cd4a67d28830af5bebe4b80745535808109,md,extracted-unique-text,02_derived/zip-text-search-corpus/files/d7/d740400b255b5eb27f417ae592144cd4a67d28830af5bebe4b80745535808109.md,,pre-rebuild-handoff,text-source
02_WORKSPACE_SNAPSHOT/Towow_A2A_Research_Handoff_Full_Archive_v1.0(1).zip,Towow_A2A_Research_Handoff_v1.0/full_archive/extracted_sources/towow-a2a-r5-4-return-packet/return-packet/DECISION_LOG.md,5738,4745826513f915518aafe860de08c542ec31840bde458aa7a690aa312351aded,md,extracted-unique-text,02_derived/zip-text-search-corpus/files/47/4745826513f915518aafe860de08c542ec31840bde458aa7a690aa312351aded.md,,pre-rebuild-handoff,text-source
02_WORKSPACE_SNAPSHOT/Towow_A2A_Research_Handoff_Full_Archive_v1.0(1).zip,Towow_A2A_Research_Handoff_v1.0/full_archive/extracted_sources/towow-a2a-r5-4-return-packet/return-packet/manifests/RELOCATION_TEST.json,707,9f10270ebc89b671c65c3db2783b304dee54d647bcfe5eb7696a084a21158529,json,extracted-unique-text,02_derived/zip-text-search-corpus/files/9f/9f10270ebc89b671c65c3db2783b304dee54d647bcfe5eb7696a084a21158529.json,,pre-rebuild-handoff,manifest
02_WORKSPACE_SNAPSHOT/Towow_A2A_Research_Handoff_Full_Archive_v1.0(1).zip,Towow_A2A_Research_Handoff_v1.0/full_archive/extracted_sources/towow-a2a-r5-4-return-packet/return-packet/manifests/MANIFEST.json,31735,6e9ee0e002996bf13c84b8116a62a1133154cfbe8104b62aeffc3e917800e4da,json,extracted-unique-text,02_derived/zip-text-search-corpus/files/6e/6e9ee0e002996bf13c84b8116a62a1133154cfbe8104b62aeffc3e917800e4da.json,,pre-rebuild-handoff,manifest
02_WORKSPACE_SNAPSHOT/Towow_A2A_Research_Handoff_Full_Archive_v1.0(1).zip,Towow_A2A_Research_Handoff_v1.0/full_archive/extracted_sources/towow-a2a-r5-4-return-packet/return-packet/manifests/RECOMPUTE_TEST.json,370,d9b9cc6fb7eb2a7d5c7d377bb2aec6521dff1cd1864f0c161c9954576f9b49c7,json,extracted-unique-text,02_derived/zip-text-search-corpus/files/d9/d9b9cc6fb7eb2a7d5c7d377bb2aec6521dff1cd1864f0c161c9954576f9b49c7.json,,pre-rebuild-handoff,manifest
02_WORKSPACE_SNAPSHOT/Towow_A2A_Research_Handoff_Full_Archive_v1.0(1).zip,Towow_A2A_Research_Handoff_v1.0/full_archive/extracted_sources/towow-a2a-r5-4-return-packet/return-packet/manifests/VERIFY_TEST.json,321,18725302d43a4a61f8ca9d053fd84cd83b59d608e79f7d9943a877952012d976,json,extracted-unique-text,02_derived/zip-text-search-corpus/files/18/18725302d43a4a61f8ca9d053fd84cd83b59d608e79f7d9943a877952012d976.json,,pre-rebuild-handoff,manifest
02_WORKSPACE_SNAPSHOT/Towow_A2A_Research_Handoff_Full_Archive_v1.0(1).zip,Towow_A2A_Research_Handoff_v1.0/full_archive/extracted_sources/towow-a2a-r5-4-return-packet/return-packet/manifests/REPLAY_TEST.json,553,9701cfd0846dffa68aa43fd8fff3bdce048c3f681d7a5abf2a35d0de8c78858c,json,extracted-unique-text,02_derived/zip-text-search-corpus/files/97/9701cfd0846dffa68aa43fd8fff3bdce048c3f681d7a5abf2a35d0de8c78858c.json,,pre-rebuild-handoff,manifest
02_WORKSPACE_SNAPSHOT/Towow_A2A_Research_Handoff_Full_Archive_v1.0(1).zip,Towow_A2A_Research_Handoff_v1.0/full_archive/extracted_sources/towow-a2a-r5-4-return-packet/return-packet/EXECUTIVE_FINDINGS.md,4012,c66243fffb4ce5adca486139227b5f87cf34acaccec395e8ee339ffa3cc5e9eb,md,extracted-unique-text,02_derived/zip-text-search-corpus/files/c6/c66243fffb4ce5adca486139227b5f87cf34acaccec395e8ee339ffa3cc5e9eb.md,,pre-rebuild-handoff,text-source
02_WORKSPACE_SNAPSHOT/Towow_A2A_Research_Handoff_Full_Archive_v1.0(1).zip,Towow_A2A_Research_Handoff_v1.0/full_archive/extracted_sources/towow-a2a-r5-4-return-packet/return-packet/ENVIRONMENT_FACTS.json,1394,c13b53b3e198750ca72292303ca0a47227f876cbee29f11ddf49391026f0c650,json,extracted-unique-text,02_derived/zip-text-search-corpus/files/c1/c13b53b3e198750ca72292303ca0a47227f876cbee29f11ddf49391026f0c650.json,,pre-rebuild-handoff,structured-data
02_WORKSPACE_SNAPSHOT/Towow_A2A_Research_Handoff_Full_Archive_v1.0(1).zip,Towow_A2A_Research_Handoff_v1.0/full_archive/extracted_sources/towow-a2a-r5-4-return-packet/return-packet/CLAIM_EVIDENCE_UPDATE.csv,3905,cb9c5993827d272581ca6dd0d7146286052cfb40c3a779fa1ed6ad3020b73550,csv,extracted-unique-text,02_derived/zip-text-search-corpus/files/cb/cb9c5993827d272581ca6dd0d7146286052cfb40c3a779fa1ed6ad3020b73550.csv,,pre-rebuild-handoff,evidence-or-decision-ledger
02_WORKSPACE_SNAPSHOT/Towow_A2A_Research_Handoff_Full_Archive_v1.0(1).zip,Towow_A2A_Research_Handoff_v1.0/full_archive/extracted_sources/towow-a2a-r5-4-return-packet/return-packet/blockers/README.md,586,c8699c00d8d346518fb0644f295a1a6bf1b81f67e6b678fb352ba1c98a4db082,md,extracted-unique-text,02_derived/zip-text-search-corpus/files/c8/c8699c00d8d346518fb0644f295a1a6bf1b81f67e6b678fb352ba1c98a4db082.md,,pre-rebuild-handoff,orientation
02_WORKSPACE_SNAPSHOT/Towow_A2A_Research_Handoff_Full_Archive_v1.0(1).zip,Towow_A2A_Research_Handoff_v1.0/full_archive/extracted_sources/towow-a2a-r5-4-return-packet/return-packet/FORMATION_CAUSALITY.md,3082,882d3eedfa83a49040bc9130bac836230fbff23daf9669530537516750785751,md,extracted-unique-text,02_derived/zip-text-search-corpus/files/88/882d3eedfa83a49040bc9130bac836230fbff23daf9669530537516750785751.md,,pre-rebuild-handoff,text-source
02_WORKSPACE_SNAPSHOT/Towow_A2A_Research_Handoff_Full_Archive_v1.0(1).zip,Towow_A2A_Research_Handoff_v1.0/full_archive/extracted_sources/towow-a2a-r5-4-return-packet/return-packet/git/WORKTREE_AND_GIT_STATE.md,1408,380d37de8bcc05b2e2c4d4840dc8bf9f02399e6fabe2ae1fb74dd468d571818e,md,extracted-unique-text,02_derived/zip-text-search-corpus/files/38/380d37de8bcc05b2e2c4d4840dc8bf9f02399e6fabe2ae1fb74dd468d571818e.md,,pre-rebuild-handoff,text-source
02_WORKSPACE_SNAPSHOT/Towow_A2A_Research_Handoff_Full_Archive_v1.0(1).zip,Towow_A2A_Research_Handoff_v1.0/full_archive/extracted_sources/towow-a2a-r5-4-return-packet/return-packet/experiments/MODEL_COSTS.json,12066,0c81a851cd9e3bb1977a88b808c407bd0f5ca132509f60677a4edb20d8c186b4,json,extracted-unique-text,02_derived/zip-text-search-corpus/files/0c/0c81a851cd9e3bb1977a88b808c407bd0f5ca132509f60677a4edb20d8c186b4.json,,pre-rebuild-handoff,experiment-or-result
02_WORKSPACE_SNAPSHOT/Towow_A2A_Research_Handoff_Full_Archive_v1.0(1).zip,Towow_A2A_Research_Handoff_v1.0/full_archive/extracted_sources/towow-a2a-r5-4-return-packet/return-packet/experiments/r5-4-run-001-source-identity/prompts/a2a_b_round6.md,10926,292ed855686445ae4edae84c9c2aeb40a96558ba9e75ce7fd83cda8e6a08ef5e,md,extracted-unique-text,02_derived/zip-text-search-corpus/files/29/292ed855686445ae4edae84c9c2aeb40a96558ba9e75ce7fd83cda8e6a08ef5e.md,,pre-rebuild-handoff,experiment-or-result
02_WORKSPACE_SNAPSHOT/Towow_A2A_Research_Handoff_Full_Archive_v1.0(1).zip,Towow_A2A_Research_Handoff_v1.0/full_archive/extracted_sources/towow-a2a-r5-4-return-packet/return-packet/experiments/r5-4-run-001-source-identity/prompts/static_builder.md,38394,45b1cec99cb6f2eb02fe795f554bbbfed3ad5f2d7873e51d92882db18d777f9c,md,extracted-unique-text,02_derived/zip-text-search-corpus/files/45/45b1cec99cb6f2eb02fe795f554bbbfed3ad5f2d7873e51d92882db18d777f9c.md,,pre-rebuild-handoff,experiment-or-result
02_WORKSPACE_SNAPSHOT/Towow_A2A_Research_Handoff_Full_Archive_v1.0(1).zip,Towow_A2A_Research_Handoff_v1.0/full_archive/extracted_sources/towow-a2a-r5-4-return-packet/return-packet/experiments/r5-4-run-001-source-identity/prompts/a2a_a_round5.md,12984,b4c06ca2c5899120547180a157be500970749fa88e3b26df93d87494e7d276a1,md,extracted-unique-text,02_derived/zip-text-search-corpus/files/b4/b4c06ca2c5899120547180a157be500970749fa88e3b26df93d87494e7d276a1.md,,pre-rebuild-handoff,experiment-or-result
02_WORKSPACE_SNAPSHOT/Towow_A2A_Research_Handoff_Full_Archive_v1.0(1).zip,Towow_A2A_Research_Handoff_v1.0/full_archive/extracted_sources/towow-a2a-r5-4-return-packet/return-packet/experiments/r5-4-run-001-source-identity/prompts/central_a_report.md,1109,31cfce9b1eb9874e52a0829bbcfbe83deaad2451708b8c40ec49ef2a30425306,md,extracted-unique-text,02_derived/zip-text-search-corpus/files/31/31cfce9b1eb9874e52a0829bbcfbe83deaad2451708b8c40ec49ef2a30425306.md,,pre-rebuild-handoff,experiment-or-result
02_WORKSPACE_SNAPSHOT/Towow_A2A_Research_Handoff_Full_Archive_v1.0(1).zip,Towow_A2A_Research_Handoff_v1.0/full_archive/extracted_sources/towow-a2a-r5-4-return-packet/return-packet/experiments/r5-4-run-001-source-identity/prompts/public_source.txt,36525,b3856684951dfc98ae048bd6074541407d24f48dc36a15c047aa1948cd9d5023,txt,extracted-unique-text,02_derived/zip-text-search-corpus/files/b3/b3856684951dfc98ae048bd6074541407d24f48dc36a15c047aa1948cd9d5023.txt,,pre-rebuild-handoff,experiment-or-result
02_WORKSPACE_SNAPSHOT/Towow_A2A_Research_Handoff_Full_Archive_v1.0(1).zip,Towow_A2A_Research_Handoff_v1.0/full_archive/extracted_sources/towow-a2a-r5-4-return-packet/return-packet/experiments/r5-4-run-001-source-identity/prompts/a2a_a_round1.md,1854,0dcb69ed8ca2a9412063061de439aeb3aec502ba1e64d1385e3a0de5e5d1715f,md,extracted-unique-text,02_derived/zip-text-search-corpus/files/0d/0dcb69ed8ca2a9412063061de439aeb3aec502ba1e64d1385e3a0de5e5d1715f.md,,pre-rebuild-handoff,experiment-or-result
02_WORKSPACE_SNAPSHOT/Towow_A2A_Research_Handoff_Full_Archive_v1.0(1).zip,Towow_A2A_Research_Handoff_v1.0/full_archive/extracted_sources/towow-a2a-r5-4-return-packet/return-packet/experiments/r5-4-run-001-source-identity/prompts/central_builder.md,44979,8e1fbd00fbd592208a3c4eb3b1bf68baa1f1d6b56ba4f750952fd0495dfae6b2,md,extracted-unique-text,02_derived/zip-text-search-corpus/files/8e/8e1fbd00fbd592208a3c4eb3b1bf68baa1f1d6b56ba4f750952fd0495dfae6b2.md,,pre-rebuild-handoff,experiment-or-result
02_WORKSPACE_SNAPSHOT/Towow_A2A_Research_Handoff_Full_Archive_v1.0(1).zip,Towow_A2A_Research_Handoff_v1.0/full_archive/extracted_sources/towow-a2a-r5-4-return-packet/return-packet/experiments/r5-4-run-001-source-identity/prompts/central_b_report.md,1284,d16103cdc6faa35df10afc3a80073bac1f6cc14167ca22e0512f948d68be3729,md,extracted-unique-text,02_derived/zip-text-search-corpus/files/d1/d16103cdc6faa35df10afc3a80073bac1f6cc14167ca22e0512f948d68be3729.md,,pre-rebuild-handoff,experiment-or-result
02_WORKSPACE_SNAPSHOT/Towow_A2A_Research_Handoff_Full_Archive_v1.0(1).zip,Towow_A2A_Research_Handoff_v1.0/full_archive/extracted_sources/towow-a2a-r5-4-return-packet/return-packet/experiments/r5-4-run-001-source-identity/prompts/a2a_a_round3.md,10875,96badd2e43d44fe07c6a8d3c3fab26a7da923c0d281c3e87278bca1dae5468e2,md,extracted-unique-text,02_derived/zip-text-search-corpus/files/96/96badd2e43d44fe07c6a8d3c3fab26a7da923c0d281c3e87278bca1dae5468e2.md,,pre-rebuild-handoff,experiment-or-result
02_WORKSPACE_SNAPSHOT/Towow_A2A_Research_Handoff_Full_Archive_v1.0(1).zip,Towow_A2A_Research_Handoff_v1.0/full_archive/extracted_sources/towow-a2a-r5-4-return-packet/return-packet/experiments/r5-4-run-001-source-identity/prompts/a2a_b_round2.md,5721,92575b23b467ebac9ef8d1792947fb6c55920c28b98a3bf6d84b048e01dbf8b6,md,extracted-unique-text,02_derived/zip-text-search-corpus/files/92/92575b23b467ebac9ef8d1792947fb6c55920c28b98a3bf6d84b048e01dbf8b6.md,,pre-rebuild-handoff,experiment-or-result
02_WORKSPACE_SNAPSHOT/Towow_A2A_Research_Handoff_Full_Archive_v1.0(1).zip,Towow_A2A_Research_Handoff_v1.0/full_archive/extracted_sources/towow-a2a-r5-4-return-packet/return-packet/experiments/r5-4-run-001-source-identity/prompts/a2a_b_round4.md,9705,16cc05f146113359f3c3b0ee17508f507d2228dc22973037daf0211632ba2f76,md,extracted-unique-text,02_derived/zip-text-search-corpus/files/16/16cc05f146113359f3c3b0ee17508f507d2228dc22973037daf0211632ba2f76.md,,pre-rebuild-handoff,experiment-or-result
02_WORKSPACE_SNAPSHOT/Towow_A2A_Research_Handoff_Full_Archive_v1.0(1).zip,Towow_A2A_Research_Handoff_v1.0/full_archive/extracted_sources/towow-a2a-r5-4-return-packet/return-packet/experiments/r5-4-run-001-source-identity/human_interventions.jsonl,1218,c01a95fd88d0c5e74ee097ef068bcfbd805c6754e86fd6b18deb8a9dd9ebc51d,jsonl,extracted-unique-text,02_derived/zip-text-search-corpus/files/c0/c01a95fd88d0c5e74ee097ef068bcfbd805c6754e86fd6b18deb8a9dd9ebc51d.jsonl,,pre-rebuild-handoff,experiment-or-result
02_WORKSPACE_SNAPSHOT/Towow_A2A_Research_Handoff_Full_Archive_v1.0(1).zip,Towow_A2A_Research_Handoff_v1.0/full_archive/extracted_sources/towow-a2a-r5-4-return-packet/return-packet/experiments/r5-4-run-001-source-identity/outputs/static-patch-extraction.json,758,08122fa9e0b61ce6adbde014ad3a02cef15e91c5ee7fa0c8775fc0d7c7c08caa,json,extracted-unique-text,02_derived/zip-text-search-corpus/files/08/08122fa9e0b61ce6adbde014ad3a02cef15e91c5ee7fa0c8775fc0d7c7c08caa.json,,pre-rebuild-handoff,experiment-or-result
02_WORKSPACE_SNAPSHOT/Towow_A2A_Research_Handoff_Full_Archive_v1.0(1).zip,Towow_A2A_Research_Handoff_v1.0/full_archive/extracted_sources/towow-a2a-r5-4-return-packet/return-packet/experiments/r5-4-run-001-source-identity/outputs/static-path-normalized.patch,14358,2502a087cf71c4e7a25ef0f95ae364be42c0c7511ca73bb64a59ece6371e27a6,patch,extracted-unique-text,02_derived/zip-text-search-corpus/files/25/2502a087cf71c4e7a25ef0f95ae364be42c0c7511ca73bb64a59ece6371e27a6.patch,,pre-rebuild-handoff,experiment-or-result
02_WORKSPACE_SNAPSHOT/Towow_A2A_Research_Handoff_Full_Archive_v1.0(1).zip,Towow_A2A_Research_Handoff_v1.0/full_archive/extracted_sources/towow-a2a-r5-4-return-packet/return-packet/experiments/r5-4-run-001-source-identity/outputs/static-exact.patch,14186,50c6d098a89859e9db43428b1e944a632704e3eeeaecf349eb8e4c40862a7ccd,patch,extracted-unique-text,02_derived/zip-text-search-corpus/files/50/50c6d098a89859e9db43428b1e944a632704e3eeeaecf349eb8e4c40862a7ccd.patch,,pre-rebuild-handoff,experiment-or-result
02_WORKSPACE_SNAPSHOT/Towow_A2A_Research_Handoff_Full_Archive_v1.0(1).zip,Towow_A2A_Research_Handoff_v1.0/full_archive/extracted_sources/towow-a2a-r5-4-return-packet/return-packet/experiments/r5-4-run-001-source-identity/boundary_and_disclosure.json,2116,bd85b6cae9736da16016905018b74fee4776f75f6fd814ebb1fdb302998764f3,json,extracted-unique-text,02_derived/zip-text-search-corpus/files/bd/bd85b6cae9736da16016905018b74fee4776f75f6fd814ebb1fdb302998764f3.json,,pre-rebuild-handoff,experiment-or-result
02_WORKSPACE_SNAPSHOT/Towow_A2A_Research_Handoff_Full_Archive_v1.0(1).zip,Towow_A2A_Research_Handoff_v1.0/full_archive/extracted_sources/towow-a2a-r5-4-return-packet/return-packet/experiments/r5-4-run-001-source-identity/acceptance.json,1805,9258bc3734893ede235596df23222b74f40efdb162008a6002213c70eed8f101,json,extracted-unique-text,02_derived/zip-text-search-corpus/files/92/9258bc3734893ede235596df23222b74f40efdb162008a6002213c70eed8f101.json,,pre-rebuild-handoff,experiment-or-result
02_WORKSPACE_SNAPSHOT/Towow_A2A_Research_Handoff_Full_Archive_v1.0(1).zip,Towow_A2A_Research_Handoff_v1.0/full_archive/extracted_sources/towow-a2a-r5-4-return-packet/return-packet/experiments/r5-4-run-001-source-identity/traces/conformance/a-network-approved/parsed.json,2745,63b716ac9506936cff0362e2bd6ac68e97b1196d08d1dc475b0a4526bc8611c9,json,extracted-unique-text,02_derived/zip-text-search-corpus/files/63/63b716ac9506936cff0362e2bd6ac68e97b1196d08d1dc475b0a4526bc8611c9.json,,pre-rebuild-handoff,experiment-or-result
02_WORKSPACE_SNAPSHOT/Towow_A2A_Research_Handoff_Full_Archive_v1.0(1).zip,Towow_A2A_Research_Handoff_v1.0/full_archive/extracted_sources/towow-a2a-r5-4-return-packet/return-packet/experiments/r5-4-run-001-source-identity/traces/conformance/a-network-approved/stderr.txt,0,e3b0c44298fc1c149afbf4c8996fb92427ae41e4649b934ca495991b7852b855,txt,extracted-unique-text,02_derived/zip-text-search-corpus/files/e3/e3b0c44298fc1c149afbf4c8996fb92427ae41e4649b934ca495991b7852b855.txt,,pre-rebuild-handoff,experiment-or-result
02_WORKSPACE_SNAPSHOT/Towow_A2A_Research_Handoff_Full_Archive_v1.0(1).zip,Towow_A2A_Research_Handoff_v1.0/full_archive/extracted_sources/towow-a2a-r5-4-return-packet/return-packet/experiments/r5-4-run-001-source-identity/traces/conformance/a-network-approved/request.json,853,2db20e7c2e02c788de5e97e8bb1f0fe65362bd857082c684cbe540413c93d7fc,json,extracted-unique-text,02_derived/zip-text-search-corpus/files/2d/2db20e7c2e02c788de5e97e8bb1f0fe65362bd857082c684cbe540413c93d7fc.json,,pre-rebuild-handoff,experiment-or-result
02_WORKSPACE_SNAPSHOT/Towow_A2A_Research_Handoff_Full_Archive_v1.0(1).zip,Towow_A2A_Research_Handoff_v1.0/full_archive/extracted_sources/towow-a2a-r5-4-return-packet/return-packet/experiments/r5-4-run-001-source-identity/traces/conformance/a-network-approved/stdout.json,2197,ccd60a836b8232660aefa25d77b9935c3a2a7c4308b8237db5b0d338f4696e4b,json,extracted-unique-text,02_derived/zip-text-search-corpus/files/cc/ccd60a836b8232660aefa25d77b9935c3a2a7c4308b8237db5b0d338f4696e4b.json,,pre-rebuild-handoff,experiment-or-result
02_WORKSPACE_SNAPSHOT/Towow_A2A_Research_Handoff_Full_Archive_v1.0(1).zip,Towow_A2A_Research_Handoff_v1.0/full_archive/extracted_sources/towow-a2a-r5-4-return-packet/return-packet/experiments/r5-4-run-001-source-identity/traces/conformance/b-network-approved/parsed.json,2985,224ce7343587e720ee04fde3c0c0be89aded1de135bb5ce28c92587af2149d4a,json,extracted-unique-text,02_derived/zip-text-search-corpus/files/22/224ce7343587e720ee04fde3c0c0be89aded1de135bb5ce28c92587af2149d4a.json,,pre-rebuild-handoff,experiment-or-result
02_WORKSPACE_SNAPSHOT/Towow_A2A_Research_Handoff_Full_Archive_v1.0(1).zip,Towow_A2A_Research_Handoff_v1.0/full_archive/extracted_sources/towow-a2a-r5-4-return-packet/return-packet/experiments/r5-4-run-001-source-identity/traces/conformance/b-network-approved/stderr.txt,0,e3b0c44298fc1c149afbf4c8996fb92427ae41e4649b934ca495991b7852b855,txt,extracted-unique-text,02_derived/zip-text-search-corpus/files/e3/e3b0c44298fc1c149afbf4c8996fb92427ae41e4649b934ca495991b7852b855.txt,,pre-rebuild-handoff,experiment-or-result
02_WORKSPACE_SNAPSHOT/Towow_A2A_Research_Handoff_Full_Archive_v1.0(1).zip,Towow_A2A_Research_Handoff_v1.0/full_archive/extracted_sources/towow-a2a-r5-4-return-packet/return-packet/experiments/r5-4-run-001-source-identity/traces/conformance/b-network-approved/request.json,852,c9749f50cdf29ccbfaea28b41449e9b38b2fe7b6813c9771e1fd1e2cf0abb18d,json,extracted-unique-text,02_derived/zip-text-search-corpus/files/c9/c9749f50cdf29ccbfaea28b41449e9b38b2fe7b6813c9771e1fd1e2cf0abb18d.json,,pre-rebuild-handoff,experiment-or-result
02_WORKSPACE_SNAPSHOT/Towow_A2A_Research_Handoff_Full_Archive_v1.0(1).zip,Towow_A2A_Research_Handoff_v1.0/full_archive/extracted_sources/towow-a2a-r5-4-return-packet/return-packet/experiments/r5-4-run-001-source-identity/traces/conformance/b-network-approved/stdout.json,2437,56548cd61dc79c89b0cbea38ee57abcea49389b50a3b31d74237a3eee76224a4,json,extracted-unique-text,02_derived/zip-text-search-corpus/files/56/56548cd61dc79c89b0cbea38ee57abcea49389b50a3b31d74237a3eee76224a4.json,,pre-rebuild-handoff,experiment-or-result
02_WORKSPACE_SNAPSHOT/Towow_A2A_Research_Handoff_Full_Archive_v1.0(1).zip,Towow_A2A_Research_Handoff_v1.0/full_archive/extracted_sources/towow-a2a-r5-4-return-packet/return-packet/experiments/r5-4-run-001-source-identity/traces/conformance/b/parsed.json,143,4c32ce92c5982053dc3eb8340b1e117fe002fcb7b587510a3b5b63af8223188d,json,extracted-unique-text,02_derived/zip-text-search-corpus/files/4c/4c32ce92c5982053dc3eb8340b1e117fe002fcb7b587510a3b5b63af8223188d.json,,pre-rebuild-handoff,experiment-or-result
02_WORKSPACE_SNAPSHOT/Towow_A2A_Research_Handoff_Full_Archive_v1.0(1).zip,Towow_A2A_Research_Handoff_v1.0/full_archive/extracted_sources/towow-a2a-r5-4-return-packet/return-packet/experiments/r5-4-run-001-source-identity/traces/conformance/b/stderr.txt,122,d8a1e758a0885d376f7a2457d829c53f27040ef929246fb4e28105670fb743de,txt,extracted-unique-text,02_derived/zip-text-search-corpus/files/d8/d8a1e758a0885d376f7a2457d829c53f27040ef929246fb4e28105670fb743de.txt,,pre-rebuild-handoff,experiment-or-result
02_WORKSPACE_SNAPSHOT/Towow_A2A_Research_Handoff_Full_Archive_v1.0(1).zip,Towow_A2A_Research_Handoff_v1.0/full_archive/extracted_sources/towow-a2a-r5-4-return-packet/return-packet/experiments/r5-4-run-001-source-identity/traces/conformance/b/request.json,852,489b1cefdcfac1c80ebf1eead661a6a93ad11ea0a670cf9c4b3c411ca195271c,json,extracted-unique-text,02_derived/zip-text-search-corpus/files/48/489b1cefdcfac1c80ebf1eead661a6a93ad11ea0a670cf9c4b3c411ca195271c.json,,pre-rebuild-handoff,experiment-or-result
02_WORKSPACE_SNAPSHOT/Towow_A2A_Research_Handoff_Full_Archive_v1.0(1).zip,Towow_A2A_Research_Handoff_v1.0/full_archive/extracted_sources/towow-a2a-r5-4-return-packet/return-packet/experiments/r5-4-run-001-source-identity/traces/conformance/b/stdout.json,0,e3b0c44298fc1c149afbf4c8996fb92427ae41e4649b934ca495991b7852b855,json,extracted-unique-text,02_derived/zip-text-search-corpus/files/e3/e3b0c44298fc1c149afbf4c8996fb92427ae41e4649b934ca495991b7852b855.json,,pre-rebuild-handoff,experiment-or-result
02_WORKSPACE_SNAPSHOT/Towow_A2A_Research_Handoff_Full_Archive_v1.0(1).zip,Towow_A2A_Research_Handoff_v1.0/full_archive/extracted_sources/towow-a2a-r5-4-return-packet/return-packet/experiments/r5-4-run-001-source-identity/traces/conformance/b-attempt3/parsed.json,1001,ea3aa36c7eb07192fe94f12f64d91d04f4c73173823971ae72053a36edab37b1,json,extracted-unique-text,02_derived/zip-text-search-corpus/files/ea/ea3aa36c7eb07192fe94f12f64d91d04f4c73173823971ae72053a36edab37b1.json,,pre-rebuild-handoff,experiment-or-result
02_WORKSPACE_SNAPSHOT/Towow_A2A_Research_Handoff_Full_Archive_v1.0(1).zip,Towow_A2A_Research_Handoff_v1.0/full_archive/extracted_sources/towow-a2a-r5-4-return-packet/return-packet/experiments/r5-4-run-001-source-identity/traces/conformance/b-attempt3/stderr.txt,0,e3b0c44298fc1c149afbf4c8996fb92427ae41e4649b934ca495991b7852b855,txt,extracted-unique-text,02_derived/zip-text-search-corpus/files/e3/e3b0c44298fc1c149afbf4c8996fb92427ae41e4649b934ca495991b7852b855.txt,,pre-rebuild-handoff,experiment-or-result
02_WORKSPACE_SNAPSHOT/Towow_A2A_Research_Handoff_Full_Archive_v1.0(1).zip,Towow_A2A_Research_Handoff_v1.0/full_archive/extracted_sources/towow-a2a-r5-4-return-packet/return-packet/experiments/r5-4-run-001-source-identity/traces/conformance/b-attempt3/request.json,853,d0dc57fa124220177cec11a03d7a4d7d1fb42a792a5e7c6c787a02916736a19b,json,extracted-unique-text,02_derived/zip-text-search-corpus/files/d0/d0dc57fa124220177cec11a03d7a4d7d1fb42a792a5e7c6c787a02916736a19b.json,,pre-rebuild-handoff,experiment-or-result
02_WORKSPACE_SNAPSHOT/Towow_A2A_Research_Handoff_Full_Archive_v1.0(1).zip,Towow_A2A_Research_Handoff_v1.0/full_archive/extracted_sources/towow-a2a-r5-4-return-packet/return-packet/experiments/r5-4-run-001-source-identity/traces/conformance/b-attempt3/stdout.json,823,a7d840047a00c56e3d67b5061cfe6ab7f72d0116ac4a083eb35ea6287414e7b9,json,extracted-unique-text,02_derived/zip-text-search-corpus/files/a7/a7d840047a00c56e3d67b5061cfe6ab7f72d0116ac4a083eb35ea6287414e7b9.json,,pre-rebuild-handoff,experiment-or-result
02_WORKSPACE_SNAPSHOT/Towow_A2A_Research_Handoff_Full_Archive_v1.0(1).zip,Towow_A2A_Research_Handoff_v1.0/full_archive/extracted_sources/towow-a2a-r5-4-return-packet/return-packet/experiments/r5-4-run-001-source-identity/traces/conformance/a-attempt3/parsed.json,1001,1514006a05565ee0f4e218a19ec152b269cef5fbf371dced715357b54a28a030,json,extracted-unique-text,02_derived/zip-text-search-corpus/files/15/1514006a05565ee0f4e218a19ec152b269cef5fbf371dced715357b54a28a030.json,,pre-rebuild-handoff,experiment-or-result
02_WORKSPACE_SNAPSHOT/Towow_A2A_Research_Handoff_Full_Archive_v1.0(1).zip,Towow_A2A_Research_Handoff_v1.0/full_archive/extracted_sources/towow-a2a-r5-4-return-packet/return-packet/experiments/r5-4-run-001-source-identity/traces/conformance/a-attempt3/stderr.txt,0,e3b0c44298fc1c149afbf4c8996fb92427ae41e4649b934ca495991b7852b855,txt,extracted-unique-text,02_derived/zip-text-search-corpus/files/e3/e3b0c44298fc1c149afbf4c8996fb92427ae41e4649b934ca495991b7852b855.txt,,pre-rebuild-handoff,experiment-or-result
02_WORKSPACE_SNAPSHOT/Towow_A2A_Research_Handoff_Full_Archive_v1.0(1).zip,Towow_A2A_Research_Handoff_v1.0/full_archive/extracted_sources/towow-a2a-r5-4-return-packet/return-packet/experiments/r5-4-run-001-source-identity/traces/conformance/a-attempt3/request.json,852,36d74f80050f68c99c8e3527f83f283aab25088c97c2f762fe67889a20f65b95,json,extracted-unique-text,02_derived/zip-text-search-corpus/files/36/36d74f80050f68c99c8e3527f83f283aab25088c97c2f762fe67889a20f65b95.json,,pre-rebuild-handoff,experiment-or-result
02_WORKSPACE_SNAPSHOT/Towow_A2A_Research_Handoff_Full_Archive_v1.0(1).zip,Towow_A2A_Research_Handoff_v1.0/full_archive/extracted_sources/towow-a2a-r5-4-return-packet/return-packet/experiments/r5-4-run-001-source-identity/traces/conformance/a-attempt3/stdout.json,823,c2caab2c2551fa415cbda609f1a88727bcfee2943f57b1fa75fe6c2cd3821f42,json,extracted-unique-text,02_derived/zip-text-search-corpus/files/c2/c2caab2c2551fa415cbda609f1a88727bcfee2943f57b1fa75fe6c2cd3821f42.json,,pre-rebuild-handoff,experiment-or-result
02_WORKSPACE_SNAPSHOT/Towow_A2A_Research_Handoff_Full_Archive_v1.0(1).zip,Towow_A2A_Research_Handoff_v1.0/full_archive/extracted_sources/towow-a2a-r5-4-return-packet/return-packet/experiments/r5-4-run-001-source-identity/traces/conformance/a/parsed.json,143,4c32ce92c5982053dc3eb8340b1e117fe002fcb7b587510a3b5b63af8223188d,json,extracted-unique-text,02_derived/zip-text-search-corpus/files/4c/4c32ce92c5982053dc3eb8340b1e117fe002fcb7b587510a3b5b63af8223188d.json,,pre-rebuild-handoff,experiment-or-result
02_WORKSPACE_SNAPSHOT/Towow_A2A_Research_Handoff_Full_Archive_v1.0(1).zip,Towow_A2A_Research_Handoff_v1.0/full_archive/extracted_sources/towow-a2a-r5-4-return-packet/return-packet/experiments/r5-4-run-001-source-identity/traces/conformance/a/stderr.txt,122,d8a1e758a0885d376f7a2457d829c53f27040ef929246fb4e28105670fb743de,txt,extracted-unique-text,02_derived/zip-text-search-corpus/files/d8/d8a1e758a0885d376f7a2457d829c53f27040ef929246fb4e28105670fb743de.txt,,pre-rebuild-handoff,experiment-or-result
02_WORKSPACE_SNAPSHOT/Towow_A2A_Research_Handoff_Full_Archive_v1.0(1).zip,Towow_A2A_Research_Handoff_v1.0/full_archive/extracted_sources/towow-a2a-r5-4-return-packet/return-packet/experiments/r5-4-run-001-source-identity/traces/conformance/a/request.json,853,f5326391c7a8a3ca31515a8530354d41331db0d1ead47766a4c4d0ae8606818c,json,extracted-unique-text,02_derived/zip-text-search-corpus/files/f5/f5326391c7a8a3ca31515a8530354d41331db0d1ead47766a4c4d0ae8606818c.json,,pre-rebuild-handoff,experiment-or-result
02_WORKSPACE_SNAPSHOT/Towow_A2A_Research_Handoff_Full_Archive_v1.0(1).zip,Towow_A2A_Research_Handoff_v1.0/full_archive/extracted_sources/towow-a2a-r5-4-return-packet/return-packet/experiments/r5-4-run-001-source-identity/traces/conformance/a/stdout.json,0,e3b0c44298fc1c149afbf4c8996fb92427ae41e4649b934ca495991b7852b855,json,extracted-unique-text,02_derived/zip-text-search-corpus/files/e3/e3b0c44298fc1c149afbf4c8996fb92427ae41e4649b934ca495991b7852b855.json,,pre-rebuild-handoff,experiment-or-result
02_WORKSPACE_SNAPSHOT/Towow_A2A_Research_Handoff_Full_Archive_v1.0(1).zip,Towow_A2A_Research_Handoff_v1.0/full_archive/extracted_sources/towow-a2a-r5-4-return-packet/return-packet/experiments/r5-4-run-001-source-identity/traces/static/builder/parsed.json,42619,65771937100758f1b8c9f92a6884e3b18040d5032b035bbe81cc798f0d663830,json,extracted-unique-text,02_derived/zip-text-search-corpus/files/65/65771937100758f1b8c9f92a6884e3b18040d5032b035bbe81cc798f0d663830.json,,pre-rebuild-handoff,experiment-or-result
02_WORKSPACE_SNAPSHOT/Towow_A2A_Research_Handoff_Full_Archive_v1.0(1).zip,Towow_A2A_Research_Handoff_v1.0/full_archive/extracted_sources/towow-a2a-r5-4-return-packet/return-packet/experiments/r5-4-run-001-source-identity/traces/static/builder/stderr.txt,0,e3b0c44298fc1c149afbf4c8996fb92427ae41e4649b934ca495991b7852b855,txt,extracted-unique-text,02_derived/zip-text-search-corpus/files/e3/e3b0c44298fc1c149afbf4c8996fb92427ae41e4649b934ca495991b7852b855.txt,,pre-rebuild-handoff,experiment-or-result
02_WORKSPACE_SNAPSHOT/Towow_A2A_Research_Handoff_Full_Archive_v1.0(1).zip,Towow_A2A_Research_Handoff_v1.0/full_archive/extracted_sources/towow-a2a-r5-4-return-packet/return-packet/experiments/r5-4-run-001-source-identity/traces/static/builder/request.json,859,df13c83ecef89aa175f0adf2e836613a36441f81b45101c5d8b66c290e46311f,json,extracted-unique-text,02_derived/zip-text-search-corpus/files/df/df13c83ecef89aa175f0adf2e836613a36441f81b45101c5d8b66c290e46311f.json,,pre-rebuild-handoff,experiment-or-result
02_WORKSPACE_SNAPSHOT/Towow_A2A_Research_Handoff_Full_Archive_v1.0(1).zip,Towow_A2A_Research_Handoff_v1.0/full_archive/extracted_sources/towow-a2a-r5-4-return-packet/return-packet/experiments/r5-4-run-001-source-identity/traces/static/builder/stdout.json,41848,156590239c364b4bf699d6e5a543ee08fa5d18ac70cd1e7968ae44840c4a7e35,json,extracted-unique-text,02_derived/zip-text-search-corpus/files/15/156590239c364b4bf699d6e5a543ee08fa5d18ac70cd1e7968ae44840c4a7e35.json,,pre-rebuild-handoff,experiment-or-result
02_WORKSPACE_SNAPSHOT/Towow_A2A_Research_Handoff_Full_Archive_v1.0(1).zip,Towow_A2A_Research_Handoff_v1.0/full_archive/extracted_sources/towow-a2a-r5-4-return-packet/return-packet/experiments/r5-4-run-001-source-identity/traces/central/owner_a_report/parsed.json,9611,c43de04d5defd689076ca3f6608a4073ea584350f0c1310f65f982660ccf026f,json,extracted-unique-text,02_derived/zip-text-search-corpus/files/c4/c43de04d5defd689076ca3f6608a4073ea584350f0c1310f65f982660ccf026f.json,,pre-rebuild-handoff,experiment-or-result
02_WORKSPACE_SNAPSHOT/Towow_A2A_Research_Handoff_Full_Archive_v1.0(1).zip,Towow_A2A_Research_Handoff_v1.0/full_archive/extracted_sources/towow-a2a-r5-4-return-packet/return-packet/experiments/r5-4-run-001-source-identity/traces/central/owner_a_report/stderr.txt,0,e3b0c44298fc1c149afbf4c8996fb92427ae41e4649b934ca495991b7852b855,txt,extracted-unique-text,02_derived/zip-text-search-corpus/files/e3/e3b0c44298fc1c149afbf4c8996fb92427ae41e4649b934ca495991b7852b855.txt,,pre-rebuild-handoff,experiment-or-result
02_WORKSPACE_SNAPSHOT/Towow_A2A_Research_Handoff_Full_Archive_v1.0(1).zip,Towow_A2A_Research_Handoff_v1.0/full_archive/extracted_sources/towow-a2a-r5-4-return-packet/return-packet/experiments/r5-4-run-001-source-identity/traces/central/owner_a_report/request.json,865,fc7d1ecabc00f44c9014eba523928d8ff5468609e534e5b8ee163a7c7ad2a02c,json,extracted-unique-text,02_derived/zip-text-search-corpus/files/fc/fc7d1ecabc00f44c9014eba523928d8ff5468609e534e5b8ee163a7c7ad2a02c.json,,pre-rebuild-handoff,experiment-or-result
02_WORKSPACE_SNAPSHOT/Towow_A2A_Research_Handoff_Full_Archive_v1.0(1).zip,Towow_A2A_Research_Handoff_v1.0/full_archive/extracted_sources/towow-a2a-r5-4-return-packet/return-packet/experiments/r5-4-run-001-source-identity/traces/central/owner_a_report/stdout.json,8701,1466634c3ff9b3c43fce129d956ca52b6b6ffaa7ec38c3ad50bef2e471eb5e8a,json,extracted-unique-text,02_derived/zip-text-search-corpus/files/14/1466634c3ff9b3c43fce129d956ca52b6b6ffaa7ec38c3ad50bef2e471eb5e8a.json,,pre-rebuild-handoff,experiment-or-result
02_WORKSPACE_SNAPSHOT/Towow_A2A_Research_Handoff_Full_Archive_v1.0(1).zip,Towow_A2A_Research_Handoff_v1.0/full_archive/extracted_sources/towow-a2a-r5-4-return-packet/return-packet/experiments/r5-4-run-001-source-identity/traces/central/owner_b_report/parsed.json,10703,bc9ab806b3cf2e9afc34593239a02d87a00ff90bb14ec2e15eac32e8f422c0aa,json,extracted-unique-text,02_derived/zip-text-search-corpus/files/bc/bc9ab806b3cf2e9afc34593239a02d87a00ff90bb14ec2e15eac32e8f422c0aa.json,,pre-rebuild-handoff,experiment-or-result
02_WORKSPACE_SNAPSHOT/Towow_A2A_Research_Handoff_Full_Archive_v1.0(1).zip,Towow_A2A_Research_Handoff_v1.0/full_archive/extracted_sources/towow-a2a-r5-4-return-packet/return-packet/experiments/r5-4-run-001-source-identity/traces/central/owner_b_report/stderr.txt,0,e3b0c44298fc1c149afbf4c8996fb92427ae41e4649b934ca495991b7852b855,txt,extracted-unique-text,02_derived/zip-text-search-corpus/files/e3/e3b0c44298fc1c149afbf4c8996fb92427ae41e4649b934ca495991b7852b855.txt,,pre-rebuild-handoff,experiment-or-result
02_WORKSPACE_SNAPSHOT/Towow_A2A_Research_Handoff_Full_Archive_v1.0(1).zip,Towow_A2A_Research_Handoff_v1.0/full_archive/extracted_sources/towow-a2a-r5-4-return-packet/return-packet/experiments/r5-4-run-001-source-identity/traces/central/owner_b_report/request.json,865,f11bc203431bd64cd87ae5c461c210655726577e99b42cdaf7cdcc57a63b93bb,json,extracted-unique-text,02_derived/zip-text-search-corpus/files/f1/f11bc203431bd64cd87ae5c461c210655726577e99b42cdaf7cdcc57a63b93bb.json,,pre-rebuild-handoff,experiment-or-result
02_WORKSPACE_SNAPSHOT/Towow_A2A_Research_Handoff_Full_Archive_v1.0(1).zip,Towow_A2A_Research_Handoff_v1.0/full_archive/extracted_sources/towow-a2a-r5-4-return-packet/return-packet/experiments/r5-4-run-001-source-identity/traces/central/owner_b_report/stdout.json,9758,101a4e4469322524aa3e9f40e2cd672fe9f89b09502d5241fa57f6c343324e83,json,extracted-unique-text,02_derived/zip-text-search-corpus/files/10/101a4e4469322524aa3e9f40e2cd672fe9f89b09502d5241fa57f6c343324e83.json,,pre-rebuild-handoff,experiment-or-result
02_WORKSPACE_SNAPSHOT/Towow_A2A_Research_Handoff_Full_Archive_v1.0(1).zip,Towow_A2A_Research_Handoff_v1.0/full_archive/extracted_sources/towow-a2a-r5-4-return-packet/return-packet/experiments/r5-4-run-001-source-identity/traces/central/builder/parsed.json,1775,81c27531092454cd4b5d63affb3b36b49fbdd3a374cc2dac7a76d7f235f6b79d,json,extracted-unique-text,02_derived/zip-text-search-corpus/files/81/81c27531092454cd4b5d63affb3b36b49fbdd3a374cc2dac7a76d7f235f6b79d.json,,pre-rebuild-handoff,experiment-or-result
02_WORKSPACE_SNAPSHOT/Towow_A2A_Research_Handoff_Full_Archive_v1.0(1).zip,Towow_A2A_Research_Handoff_v1.0/full_archive/extracted_sources/towow-a2a-r5-4-return-packet/return-packet/experiments/r5-4-run-001-source-identity/traces/central/builder/stderr.txt,0,e3b0c44298fc1c149afbf4c8996fb92427ae41e4649b934ca495991b7852b855,txt,extracted-unique-text,02_derived/zip-text-search-corpus/files/e3/e3b0c44298fc1c149afbf4c8996fb92427ae41e4649b934ca495991b7852b855.txt,,pre-rebuild-handoff,experiment-or-result
02_WORKSPACE_SNAPSHOT/Towow_A2A_Research_Handoff_Full_Archive_v1.0(1).zip,Towow_A2A_Research_Handoff_v1.0/full_archive/extracted_sources/towow-a2a-r5-4-return-packet/return-packet/experiments/r5-4-run-001-source-identity/traces/central/builder/request.json,860,09fc84fc339989f5834f7a05c0c0116cd662cdb8a4e3f0f813be1ebbdb2cb15e,json,extracted-unique-text,02_derived/zip-text-search-corpus/files/09/09fc84fc339989f5834f7a05c0c0116cd662cdb8a4e3f0f813be1ebbdb2cb15e.json,,pre-rebuild-handoff,experiment-or-result
02_WORKSPACE_SNAPSHOT/Towow_A2A_Research_Handoff_Full_Archive_v1.0(1).zip,Towow_A2A_Research_Handoff_v1.0/full_archive/extracted_sources/towow-a2a-r5-4-return-packet/return-packet/experiments/r5-4-run-001-source-identity/traces/central/builder/stdout.json,1412,beba8ef7b45070cce80d6774724860c3cadbdec050101dbf0b6fc618109b729c,json,extracted-unique-text,02_derived/zip-text-search-corpus/files/be/beba8ef7b45070cce80d6774724860c3cadbdec050101dbf0b6fc618109b729c.json,,pre-rebuild-handoff,experiment-or-result
02_WORKSPACE_SNAPSHOT/Towow_A2A_Research_Handoff_Full_Archive_v1.0(1).zip,Towow_A2A_Research_Handoff_v1.0/full_archive/extracted_sources/towow-a2a-r5-4-return-packet/return-packet/experiments/r5-4-run-001-source-identity/formation_episode.json,3837,de0f8852782168a335b38c048c7f6392d2a7963f7d08e7d43a99954cff11b3e8,json,extracted-unique-text,02_derived/zip-text-search-corpus/files/de/de0f8852782168a335b38c048c7f6392d2a7963f7d08e7d43a99954cff11b3e8.json,,pre-rebuild-handoff,experiment-or-result
02_WORKSPACE_SNAPSHOT/Towow_A2A_Research_Handoff_Full_Archive_v1.0(1).zip,Towow_A2A_Research_Handoff_v1.0/full_archive/extracted_sources/towow-a2a-r5-4-return-packet/return-packet/experiments/r5-4-run-001-source-identity/evaluators/test_null_source_contract.py,5103,f08870607aa42cc99bd757707cbd79ada7d233387fb44456ae712edf926c7756,py,extracted-unique-text,02_derived/zip-text-search-corpus/files/f0/f08870607aa42cc99bd757707cbd79ada7d233387fb44456ae712edf926c7756.py,,pre-rebuild-handoff,qa-or-test
02_WORKSPACE_SNAPSHOT/Towow_A2A_Research_Handoff_Full_Archive_v1.0(1).zip,Towow_A2A_Research_Handoff_v1.0/full_archive/extracted_sources/towow-a2a-r5-4-return-packet/return-packet/experiments/r5-4-run-001-source-identity/formation_episode.md,3820,61c4cc4064886b26674119af030551e90057b39730ebdb5d929eeea4170f38d0,md,extracted-unique-text,02_derived/zip-text-search-corpus/files/61/61c4cc4064886b26674119af030551e90057b39730ebdb5d929eeea4170f38d0.md,,pre-rebuild-handoff,experiment-or-result
02_WORKSPACE_SNAPSHOT/Towow_A2A_Research_Handoff_Full_Archive_v1.0(1).zip,Towow_A2A_Research_Handoff_v1.0/full_archive/extracted_sources/towow-a2a-r5-4-return-packet/return-packet/experiments/r5-4-run-001-source-identity/analysis.md,2313,a6bd8547821432f575dbe8713e2e013875b531e1ccadc79497b45266bfb0e8f8,md,extracted-unique-text,02_derived/zip-text-search-corpus/files/a6/a6bd8547821432f575dbe8713e2e013875b531e1ccadc79497b45266bfb0e8f8.md,,pre-rebuild-handoff,experiment-or-result
02_WORKSPACE_SNAPSHOT/Towow_A2A_Research_Handoff_Full_Archive_v1.0(1).zip,Towow_A2A_Research_Handoff_v1.0/full_archive/extracted_sources/towow-a2a-r5-4-return-packet/return-packet/experiments/r5-4-run-001-source-identity/hypothesis.md,2059,de5e75bba90c66fac91152a65b53b3758db6b3b021032cf86e059073cf52480e,md,extracted-unique-text,02_derived/zip-text-search-corpus/files/de/de5e75bba90c66fac91152a65b53b3758db6b3b021032cf86e059073cf52480e.md,,pre-rebuild-handoff,experiment-or-result
02_WORKSPACE_SNAPSHOT/Towow_A2A_Research_Handoff_Full_Archive_v1.0(1).zip,Towow_A2A_Research_Handoff_v1.0/full_archive/extracted_sources/towow-a2a-r5-4-return-packet/return-packet/experiments/r5-4-run-001-source-identity/inputs/mixed_legacy_identity_fixture.json,606,b139d63bf86fb8290a207b1969e0380c4c6be5196b4736ebe339435bab249a8b,json,extracted-unique-text,02_derived/zip-text-search-corpus/files/b1/b139d63bf86fb8290a207b1969e0380c4c6be5196b4736ebe339435bab249a8b.json,,pre-rebuild-handoff,experiment-or-result
02_WORKSPACE_SNAPSHOT/Towow_A2A_Research_Handoff_Full_Archive_v1.0(1).zip,Towow_A2A_Research_Handoff_v1.0/full_archive/extracted_sources/towow-a2a-r5-4-return-packet/return-packet/experiments/r5-4-run-001-source-identity/inputs/conformance_b.md,211,75a694f5e7f964d0db3c9894248da1416deeb7eedf7b45f39fe359a9f2b8ccf7,md,extracted-unique-text,02_derived/zip-text-search-corpus/files/75/75a694f5e7f964d0db3c9894248da1416deeb7eedf7b45f39fe359a9f2b8ccf7.md,,pre-rebuild-handoff,experiment-or-result
02_WORKSPACE_SNAPSHOT/Towow_A2A_Research_Handoff_Full_Archive_v1.0(1).zip,Towow_A2A_Research_Handoff_v1.0/full_archive/extracted_sources/towow-a2a-r5-4-return-packet/return-packet/experiments/r5-4-run-001-source-identity/inputs/agent_a_private.md,692,0b39b243a37225c5b969ce0a7bffc95dda574c4c51aa8ba359876678b49b39bd,md,extracted-unique-text,02_derived/zip-text-search-corpus/files/0b/0b39b243a37225c5b969ce0a7bffc95dda574c4c51aa8ba359876678b49b39bd.md,,pre-rebuild-handoff,experiment-or-result
02_WORKSPACE_SNAPSHOT/Towow_A2A_Research_Handoff_Full_Archive_v1.0(1).zip,Towow_A2A_Research_Handoff_v1.0/full_archive/extracted_sources/towow-a2a-r5-4-return-packet/return-packet/experiments/r5-4-run-001-source-identity/inputs/public_problem.md,859,f4118040cdff425c336b342e41b13e16e0b90f547bff1a643ac39b096a33a73a,md,extracted-unique-text,02_derived/zip-text-search-corpus/files/f4/f4118040cdff425c336b342e41b13e16e0b90f547bff1a643ac39b096a33a73a.md,,pre-rebuild-handoff,experiment-or-result
02_WORKSPACE_SNAPSHOT/Towow_A2A_Research_Handoff_Full_Archive_v1.0(1).zip,Towow_A2A_Research_Handoff_v1.0/full_archive/extracted_sources/towow-a2a-r5-4-return-packet/return-packet/experiments/r5-4-run-001-source-identity/inputs/agent_b_private.md,867,d28798282eae8861dfe5094a2f12df4fc9125469bd5140c5860b1e0df1ec2a55,md,extracted-unique-text,02_derived/zip-text-search-corpus/files/d2/d28798282eae8861dfe5094a2f12df4fc9125469bd5140c5860b1e0df1ec2a55.md,,pre-rebuild-handoff,experiment-or-result
02_WORKSPACE_SNAPSHOT/Towow_A2A_Research_Handoff_Full_Archive_v1.0(1).zip,Towow_A2A_Research_Handoff_v1.0/full_archive/extracted_sources/towow-a2a-r5-4-return-packet/return-packet/experiments/r5-4-run-001-source-identity/inputs/conformance_a.md,211,47408daa433ca58be372a1751ab182756da82b8c1baabb375ba9db3acefb2a14,md,extracted-unique-text,02_derived/zip-text-search-corpus/files/47/47408daa433ca58be372a1751ab182756da82b8c1baabb375ba9db3acefb2a14.md,,pre-rebuild-handoff,experiment-or-result
02_WORKSPACE_SNAPSHOT/Towow_A2A_Research_Handoff_Full_Archive_v1.0(1).zip,Towow_A2A_Research_Handoff_v1.0/full_archive/extracted_sources/towow-a2a-r5-4-return-packet/return-packet/experiments/r5-4-run-001-source-identity/inputs/static_capability_card.md,672,346a2991295b03914589752176460ac562b9a70dd3a80b48a0777a4b6d6f6fdd,md,extracted-unique-text,02_derived/zip-text-search-corpus/files/34/346a2991295b03914589752176460ac562b9a70dd3a80b48a0777a4b6d6f6fdd.md,,pre-rebuild-handoff,experiment-or-result
02_WORKSPACE_SNAPSHOT/Towow_A2A_Research_Handoff_Full_Archive_v1.0(1).zip,Towow_A2A_Research_Handoff_v1.0/full_archive/extracted_sources/towow-a2a-r5-4-return-packet/return-packet/experiments/r5-4-run-001-source-identity/costs.json,2005,7e8f59d00e7ca7edac27561630196e52a8a7a95dc9700959b72800bb3ffb981d,json,extracted-unique-text,02_derived/zip-text-search-corpus/files/7e/7e8f59d00e7ca7edac27561630196e52a8a7a95dc9700959b72800bb3ffb981d.json,,pre-rebuild-handoff,experiment-or-result
02_WORKSPACE_SNAPSHOT/Towow_A2A_Research_Handoff_Full_Archive_v1.0(1).zip,Towow_A2A_Research_Handoff_v1.0/full_archive/extracted_sources/towow-a2a-r5-4-return-packet/return-packet/experiments/r5-4-run-001-source-identity/preregistration.json,5095,ba9720027f5d95344e553edfb79c0260a0f625fbd430cadbdb8d9b565df817ec,json,extracted-unique-text,02_derived/zip-text-search-corpus/files/ba/ba9720027f5d95344e553edfb79c0260a0f625fbd430cadbdb8d9b565df817ec.json,,pre-rebuild-handoff,experiment-or-result
02_WORKSPACE_SNAPSHOT/Towow_A2A_Research_Handoff_Full_Archive_v1.0(1).zip,Towow_A2A_Research_Handoff_v1.0/full_archive/extracted_sources/towow-a2a-r5-4-return-packet/return-packet/experiments/r5-4-run-001-source-identity/validation/blind_mechanism_review.md,3303,ce28716148142c2946f107e083325327936614ee296fbd417ab91258ed923883,md,extracted-unique-text,02_derived/zip-text-search-corpus/files/ce/ce28716148142c2946f107e083325327936614ee296fbd417ab91258ed923883.md,,pre-rebuild-handoff,interaction-or-review
02_WORKSPACE_SNAPSHOT/Towow_A2A_Research_Handoff_Full_Archive_v1.0(1).zip,Towow_A2A_Research_Handoff_v1.0/full_archive/extracted_sources/towow-a2a-r5-4-return-packet/return-packet/experiments/r5-4-run-001-source-identity/validation/oracle_aware_engineering_review.md,5543,adddae88e0407ce5bd917ae925f05ab204a874d7c3c75a9c3993201f2ed468c5,md,extracted-unique-text,02_derived/zip-text-search-corpus/files/ad/adddae88e0407ce5bd917ae925f05ab204a874d7c3c75a9c3993201f2ed468c5.md,,pre-rebuild-handoff,interaction-or-review
02_WORKSPACE_SNAPSHOT/Towow_A2A_Research_Handoff_Full_Archive_v1.0(1).zip,Towow_A2A_Research_Handoff_v1.0/full_archive/extracted_sources/towow-a2a-r5-4-return-packet/return-packet/experiments/r5-4-run-001-source-identity/transcripts/a2a/round6_b/parsed.json,13351,d28d6ec13e885c7a8a3dc213160fddda5ad8aae44f8dbf82ed51d8e54c310607,json,extracted-unique-text,02_derived/zip-text-search-corpus/files/d2/d28d6ec13e885c7a8a3dc213160fddda5ad8aae44f8dbf82ed51d8e54c310607.json,,pre-rebuild-handoff,experiment-or-result
02_WORKSPACE_SNAPSHOT/Towow_A2A_Research_Handoff_Full_Archive_v1.0(1).zip,Towow_A2A_Research_Handoff_v1.0/full_archive/extracted_sources/towow-a2a-r5-4-return-packet/return-packet/experiments/r5-4-run-001-source-identity/transcripts/a2a/round6_b/stderr.txt,0,e3b0c44298fc1c149afbf4c8996fb92427ae41e4649b934ca495991b7852b855,txt,extracted-unique-text,02_derived/zip-text-search-corpus/files/e3/e3b0c44298fc1c149afbf4c8996fb92427ae41e4649b934ca495991b7852b855.txt,,pre-rebuild-handoff,experiment-or-result
02_WORKSPACE_SNAPSHOT/Towow_A2A_Research_Handoff_Full_Archive_v1.0(1).zip,Towow_A2A_Research_Handoff_v1.0/full_archive/extracted_sources/towow-a2a-r5-4-return-packet/return-packet/experiments/r5-4-run-001-source-identity/transcripts/a2a/round6_b/request.json,859,471793c574bb80782db3313f7aff69e796d5e9ece8748008ac473b22850e3627,json,extracted-unique-text,02_derived/zip-text-search-corpus/files/47/471793c574bb80782db3313f7aff69e796d5e9ece8748008ac473b22850e3627.json,,pre-rebuild-handoff,experiment-or-result
02_WORKSPACE_SNAPSHOT/Towow_A2A_Research_Handoff_Full_Archive_v1.0(1).zip,Towow_A2A_Research_Handoff_v1.0/full_archive/extracted_sources/towow-a2a-r5-4-return-packet/return-packet/experiments/r5-4-run-001-source-identity/transcripts/a2a/round6_b/stdout.json,12439,387229ca99ccafc1a5aca217d4d23c0a757902f80bc0f257b89924b0008c0be5,json,extracted-unique-text,02_derived/zip-text-search-corpus/files/38/387229ca99ccafc1a5aca217d4d23c0a757902f80bc0f257b89924b0008c0be5.json,,pre-rebuild-handoff,experiment-or-result
02_WORKSPACE_SNAPSHOT/Towow_A2A_Research_Handoff_Full_Archive_v1.0(1).zip,Towow_A2A_Research_Handoff_v1.0/full_archive/extracted_sources/towow-a2a-r5-4-return-packet/return-packet/experiments/r5-4-run-001-source-identity/transcripts/a2a/round3_a/parsed.json,18409,de2620077572e52d745fdc34815ef89ffb0bb2d23a81bdb24ee3e201c89da30e,json,extracted-unique-text,02_derived/zip-text-search-corpus/files/de/de2620077572e52d745fdc34815ef89ffb0bb2d23a81bdb24ee3e201c89da30e.json,,pre-rebuild-handoff,experiment-or-result
02_WORKSPACE_SNAPSHOT/Towow_A2A_Research_Handoff_Full_Archive_v1.0(1).zip,Towow_A2A_Research_Handoff_v1.0/full_archive/extracted_sources/towow-a2a-r5-4-return-packet/return-packet/experiments/r5-4-run-001-source-identity/transcripts/a2a/round3_a/stderr.txt,0,e3b0c44298fc1c149afbf4c8996fb92427ae41e4649b934ca495991b7852b855,txt,extracted-unique-text,02_derived/zip-text-search-corpus/files/e3/e3b0c44298fc1c149afbf4c8996fb92427ae41e4649b934ca495991b7852b855.txt,,pre-rebuild-handoff,experiment-or-result
02_WORKSPACE_SNAPSHOT/Towow_A2A_Research_Handoff_Full_Archive_v1.0(1).zip,Towow_A2A_Research_Handoff_v1.0/full_archive/extracted_sources/towow-a2a-r5-4-return-packet/return-packet/experiments/r5-4-run-001-source-identity/transcripts/a2a/round3_a/request.json,859,6a9de8390a7667e03ba279471f396a1712bbe74dda3437352f5a97b7a629581e,json,extracted-unique-text,02_derived/zip-text-search-corpus/files/6a/6a9de8390a7667e03ba279471f396a1712bbe74dda3437352f5a97b7a629581e.json,,pre-rebuild-handoff,experiment-or-result
02_WORKSPACE_SNAPSHOT/Towow_A2A_Research_Handoff_Full_Archive_v1.0(1).zip,Towow_A2A_Research_Handoff_v1.0/full_archive/extracted_sources/towow-a2a-r5-4-return-packet/return-packet/experiments/r5-4-run-001-source-identity/transcripts/a2a/round3_a/stdout.json,17471,348539318455a28a06068a80302b4ca6e20ffe516d6b31b541195c35841576f6,json,extracted-unique-text,02_derived/zip-text-search-corpus/files/34/348539318455a28a06068a80302b4ca6e20ffe516d6b31b541195c35841576f6.json,,pre-rebuild-handoff,experiment-or-result
02_WORKSPACE_SNAPSHOT/Towow_A2A_Research_Handoff_Full_Archive_v1.0(1).zip,Towow_A2A_Research_Handoff_v1.0/full_archive/extracted_sources/towow-a2a-r5-4-return-packet/return-packet/experiments/r5-4-run-001-source-identity/transcripts/a2a/round4_b/parsed.json,9920,a2d0ebac164b4bf743f13b58f9c50b5736c7710452f3795f3022060f00645850,json,extracted-unique-text,02_derived/zip-text-search-corpus/files/a2/a2d0ebac164b4bf743f13b58f9c50b5736c7710452f3795f3022060f00645850.json,,pre-rebuild-handoff,experiment-or-result
02_WORKSPACE_SNAPSHOT/Towow_A2A_Research_Handoff_Full_Archive_v1.0(1).zip,Towow_A2A_Research_Handoff_v1.0/full_archive/extracted_sources/towow-a2a-r5-4-return-packet/return-packet/experiments/r5-4-run-001-source-identity/transcripts/a2a/round4_b/stderr.txt,0,e3b0c44298fc1c149afbf4c8996fb92427ae41e4649b934ca495991b7852b855,txt,extracted-unique-text,02_derived/zip-text-search-corpus/files/e3/e3b0c44298fc1c149afbf4c8996fb92427ae41e4649b934ca495991b7852b855.txt,,pre-rebuild-handoff,experiment-or-result
02_WORKSPACE_SNAPSHOT/Towow_A2A_Research_Handoff_Full_Archive_v1.0(1).zip,Towow_A2A_Research_Handoff_v1.0/full_archive/extracted_sources/towow-a2a-r5-4-return-packet/return-packet/experiments/r5-4-run-001-source-identity/transcripts/a2a/round4_b/request.json,857,7475a417d747c71f6db71ade50b7884762d76e2701afa2f4ac92d569bd25fb79,json,extracted-unique-text,02_derived/zip-text-search-corpus/files/74/7475a417d747c71f6db71ade50b7884762d76e2701afa2f4ac92d569bd25fb79.json,,pre-rebuild-handoff,experiment-or-result
02_WORKSPACE_SNAPSHOT/Towow_A2A_Research_Handoff_Full_Archive_v1.0(1).zip,Towow_A2A_Research_Handoff_v1.0/full_archive/extracted_sources/towow-a2a-r5-4-return-packet/return-packet/experiments/r5-4-run-001-source-identity/transcripts/a2a/round4_b/stdout.json,9029,21c1e30052233657060fb128919dea1e226506e6545fd909d05241ff6450b625,json,extracted-unique-text,02_derived/zip-text-search-corpus/files/21/21c1e30052233657060fb128919dea1e226506e6545fd909d05241ff6450b625.json,,pre-rebuild-handoff,experiment-or-result
02_WORKSPACE_SNAPSHOT/Towow_A2A_Research_Handoff_Full_Archive_v1.0(1).zip,Towow_A2A_Research_Handoff_v1.0/full_archive/extracted_sources/towow-a2a-r5-4-return-packet/return-packet/experiments/r5-4-run-001-source-identity/transcripts/a2a/round2_b/parsed.json,13752,232c0e4b06201b9bf2f7b6eb53f7351129dc37bfb1efc42a06ada31d38528df4,json,extracted-unique-text,02_derived/zip-text-search-corpus/files/23/232c0e4b06201b9bf2f7b6eb53f7351129dc37bfb1efc42a06ada31d38528df4.json,,pre-rebuild-handoff,experiment-or-result
02_WORKSPACE_SNAPSHOT/Towow_A2A_Research_Handoff_Full_Archive_v1.0(1).zip,Towow_A2A_Research_Handoff_v1.0/full_archive/extracted_sources/towow-a2a-r5-4-return-packet/return-packet/experiments/r5-4-run-001-source-identity/transcripts/a2a/round2_b/stderr.txt,0,e3b0c44298fc1c149afbf4c8996fb92427ae41e4649b934ca495991b7852b855,txt,extracted-unique-text,02_derived/zip-text-search-corpus/files/e3/e3b0c44298fc1c149afbf4c8996fb92427ae41e4649b934ca495991b7852b855.txt,,pre-rebuild-handoff,experiment-or-result
02_WORKSPACE_SNAPSHOT/Towow_A2A_Research_Handoff_Full_Archive_v1.0(1).zip,Towow_A2A_Research_Handoff_v1.0/full_archive/extracted_sources/towow-a2a-r5-4-return-packet/return-packet/experiments/r5-4-run-001-source-identity/transcripts/a2a/round2_b/request.json,857,964d798e3c4bba36f3dff33511a72f2079a2cbe2dbf7467bb55311098e3ca5ad,json,extracted-unique-text,02_derived/zip-text-search-corpus/files/96/964d798e3c4bba36f3dff33511a72f2079a2cbe2dbf7467bb55311098e3ca5ad.json,,pre-rebuild-handoff,experiment-or-result
02_WORKSPACE_SNAPSHOT/Towow_A2A_Research_Handoff_Full_Archive_v1.0(1).zip,Towow_A2A_Research_Handoff_v1.0/full_archive/extracted_sources/towow-a2a-r5-4-return-packet/return-packet/experiments/r5-4-run-001-source-identity/transcripts/a2a/round2_b/stdout.json,12828,35ea57caa61a31ccc6f4aee7bab0e93a1601873d5264493988029ed4edd5250e,json,extracted-unique-text,02_derived/zip-text-search-corpus/files/35/35ea57caa61a31ccc6f4aee7bab0e93a1601873d5264493988029ed4edd5250e.json,,pre-rebuild-handoff,experiment-or-result
02_WORKSPACE_SNAPSHOT/Towow_A2A_Research_Handoff_Full_Archive_v1.0(1).zip,Towow_A2A_Research_Handoff_v1.0/full_archive/extracted_sources/towow-a2a-r5-4-return-packet/return-packet/experiments/r5-4-run-001-source-identity/transcripts/a2a/round5_a/parsed.json,20869,f4948d2a7831999cff2ceacd5bdf98007618a54d366315f2634d974554da7e9c,json,extracted-unique-text,02_derived/zip-text-search-corpus/files/f4/f4948d2a7831999cff2ceacd5bdf98007618a54d366315f2634d974554da7e9c.json,,pre-rebuild-handoff,experiment-or-result
02_WORKSPACE_SNAPSHOT/Towow_A2A_Research_Handoff_Full_Archive_v1.0(1).zip,Towow_A2A_Research_Handoff_v1.0/full_archive/extracted_sources/towow-a2a-r5-4-return-packet/return-packet/experiments/r5-4-run-001-source-identity/transcripts/a2a/round5_a/stderr.txt,0,e3b0c44298fc1c149afbf4c8996fb92427ae41e4649b934ca495991b7852b855,txt,extracted-unique-text,02_derived/zip-text-search-corpus/files/e3/e3b0c44298fc1c149afbf4c8996fb92427ae41e4649b934ca495991b7852b855.txt,,pre-rebuild-handoff,experiment-or-result
02_WORKSPACE_SNAPSHOT/Towow_A2A_Research_Handoff_Full_Archive_v1.0(1).zip,Towow_A2A_Research_Handoff_v1.0/full_archive/extracted_sources/towow-a2a-r5-4-return-packet/return-packet/experiments/r5-4-run-001-source-identity/transcripts/a2a/round5_a/request.json,859,eb6b3bee5b2e2222a48a9044158659dad63f4f4842b3279bf3a8391ef5aed97b,json,extracted-unique-text,02_derived/zip-text-search-corpus/files/eb/eb6b3bee5b2e2222a48a9044158659dad63f4f4842b3279bf3a8391ef5aed97b.json,,pre-rebuild-handoff,experiment-or-result
02_WORKSPACE_SNAPSHOT/Towow_A2A_Research_Handoff_Full_Archive_v1.0(1).zip,Towow_A2A_Research_Handoff_v1.0/full_archive/extracted_sources/towow-a2a-r5-4-return-packet/return-packet/experiments/r5-4-run-001-source-identity/transcripts/a2a/round5_a/stdout.json,19971,12d1cf0c613373dd60b9826d971985bdd8c597bf817b40fa39fc7e5fad9db9f7,json,extracted-unique-text,02_derived/zip-text-search-corpus/files/12/12d1cf0c613373dd60b9826d971985bdd8c597bf817b40fa39fc7e5fad9db9f7.json,,pre-rebuild-handoff,experiment-or-result
02_WORKSPACE_SNAPSHOT/Towow_A2A_Research_Handoff_Full_Archive_v1.0(1).zip,Towow_A2A_Research_Handoff_v1.0/full_archive/extracted_sources/towow-a2a-r5-4-return-packet/return-packet/experiments/r5-4-run-001-source-identity/transcripts/a2a/round1_a/parsed.json,10406,e4278d297cc228ae54503ef7c84dc068dc34aec534d23ffc046e8ec0a3df5f29,json,extracted-unique-text,02_derived/zip-text-search-corpus/files/e4/e4278d297cc228ae54503ef7c84dc068dc34aec534d23ffc046e8ec0a3df5f29.json,,pre-rebuild-handoff,experiment-or-result
02_WORKSPACE_SNAPSHOT/Towow_A2A_Research_Handoff_Full_Archive_v1.0(1).zip,Towow_A2A_Research_Handoff_v1.0/full_archive/extracted_sources/towow-a2a-r5-4-return-packet/return-packet/experiments/r5-4-run-001-source-identity/transcripts/a2a/round1_a/stderr.txt,0,e3b0c44298fc1c149afbf4c8996fb92427ae41e4649b934ca495991b7852b855,txt,extracted-unique-text,02_derived/zip-text-search-corpus/files/e3/e3b0c44298fc1c149afbf4c8996fb92427ae41e4649b934ca495991b7852b855.txt,,pre-rebuild-handoff,experiment-or-result
02_WORKSPACE_SNAPSHOT/Towow_A2A_Research_Handoff_Full_Archive_v1.0(1).zip,Towow_A2A_Research_Handoff_v1.0/full_archive/extracted_sources/towow-a2a-r5-4-return-packet/return-packet/experiments/r5-4-run-001-source-identity/transcripts/a2a/round1_a/request.json,857,9fff9b00bfd73328007f2d6f8c9b703e2fc9e2eb16805e82700b6f223b7fef67,json,extracted-unique-text,02_derived/zip-text-search-corpus/files/9f/9fff9b00bfd73328007f2d6f8c9b703e2fc9e2eb16805e82700b6f223b7fef67.json,,pre-rebuild-handoff,experiment-or-result
02_WORKSPACE_SNAPSHOT/Towow_A2A_Research_Handoff_Full_Archive_v1.0(1).zip,Towow_A2A_Research_Handoff_v1.0/full_archive/extracted_sources/towow-a2a-r5-4-return-packet/return-packet/experiments/r5-4-run-001-source-identity/transcripts/a2a/round1_a/stdout.json,9482,53b4f7695074d64e9003ebc41e30833b7b5f364ff35d053860399da90821aa5e,json,extracted-unique-text,02_derived/zip-text-search-corpus/files/53/53b4f7695074d64e9003ebc41e30833b7b5f364ff35d053860399da90821aa5e.json,,pre-rebuild-handoff,experiment-or-result
02_WORKSPACE_SNAPSHOT/Towow_A2A_Research_Handoff_Full_Archive_v1.0(1).zip,Towow_A2A_Research_Handoff_v1.0/full_archive/extracted_sources/towow-a2a-r5-4-return-packet/return-packet/experiments/r5-4-run-001-source-identity/run.json,1450,567fd396514f498876c6bf6b0ee401f392b1b9dd0d3d34052036694eb487eff7,json,extracted-unique-text,02_derived/zip-text-search-corpus/files/56/567fd396514f498876c6bf6b0ee401f392b1b9dd0d3d34052036694eb487eff7.json,,pre-rebuild-handoff,experiment-or-result
02_WORKSPACE_SNAPSHOT/Towow_A2A_Research_Handoff_Full_Archive_v1.0(1).zip,Towow_A2A_Research_Handoff_v1.0/full_archive/extracted_sources/towow-a2a-r5-4-return-packet/return-packet/experiments/r5-4-run-001-source-identity/experiment_record.json,4889,3655974a8711c7dfcc1fcecff57f538a20a8a258e162b685c2c813548782ee34,json,extracted-unique-text,02_derived/zip-text-search-corpus/files/36/3655974a8711c7dfcc1fcecff57f538a20a8a258e162b685c2c813548782ee34.json,,pre-rebuild-handoff,experiment-or-result
02_WORKSPACE_SNAPSHOT/Towow_A2A_Research_Handoff_Full_Archive_v1.0(1).zip,Towow_A2A_Research_Handoff_v1.0/full_archive/extracted_sources/towow-a2a-r5-4-return-packet/return-packet/experiments/r5-4-run-002-central-replication/human_interventions.jsonl,386,27b488a8f8754e3f13aeb0f9a52c9fe9f51d10f0ab8983985b464b250a080af1,jsonl,extracted-unique-text,02_derived/zip-text-search-corpus/files/27/27b488a8f8754e3f13aeb0f9a52c9fe9f51d10f0ab8983985b464b250a080af1.jsonl,,pre-rebuild-handoff,experiment-or-result
02_WORKSPACE_SNAPSHOT/Towow_A2A_Research_Handoff_Full_Archive_v1.0(1).zip,Towow_A2A_Research_Handoff_v1.0/full_archive/extracted_sources/towow-a2a-r5-4-return-packet/return-packet/experiments/r5-4-run-002-central-replication/outputs/terminal_failure.json,450,24811a421f98bd00434e9ceb107de5b361214559ae6fef41a3723e3579f2b673,json,extracted-unique-text,02_derived/zip-text-search-corpus/files/24/24811a421f98bd00434e9ceb107de5b361214559ae6fef41a3723e3579f2b673.json,,pre-rebuild-handoff,experiment-or-result
02_WORKSPACE_SNAPSHOT/Towow_A2A_Research_Handoff_Full_Archive_v1.0(1).zip,Towow_A2A_Research_Handoff_v1.0/full_archive/extracted_sources/towow-a2a-r5-4-return-packet/return-packet/experiments/r5-4-run-002-central-replication/boundary_and_disclosure.json,315,7ee070ec22af1b5b1e84f4c224dfba3a2ec2e8dd296e6ab66b5c69a5e74e3088,json,extracted-unique-text,02_derived/zip-text-search-corpus/files/7e/7ee070ec22af1b5b1e84f4c224dfba3a2ec2e8dd296e6ab66b5c69a5e74e3088.json,,pre-rebuild-handoff,experiment-or-result
02_WORKSPACE_SNAPSHOT/Towow_A2A_Research_Handoff_Full_Archive_v1.0(1).zip,Towow_A2A_Research_Handoff_v1.0/full_archive/extracted_sources/towow-a2a-r5-4-return-packet/return-packet/experiments/r5-4-run-002-central-replication/acceptance.json,284,05d8cc5072337cb70ef5a43922ecf7b13178664f34b855a62c3418200b715fbe,json,extracted-unique-text,02_derived/zip-text-search-corpus/files/05/05d8cc5072337cb70ef5a43922ecf7b13178664f34b855a62c3418200b715fbe.json,,pre-rebuild-handoff,experiment-or-result
02_WORKSPACE_SNAPSHOT/Towow_A2A_Research_Handoff_Full_Archive_v1.0(1).zip,Towow_A2A_Research_Handoff_v1.0/full_archive/extracted_sources/towow-a2a-r5-4-return-packet/return-packet/experiments/r5-4-run-002-central-replication/traces/central_builder/parsed.json,1752,5139b50128eecad3e34ecb58ce2bc0826b32e60af880ab8aa3ffda25b71eaf0d,json,extracted-unique-text,02_derived/zip-text-search-corpus/files/51/5139b50128eecad3e34ecb58ce2bc0826b32e60af880ab8aa3ffda25b71eaf0d.json,,pre-rebuild-handoff,experiment-or-result
02_WORKSPACE_SNAPSHOT/Towow_A2A_Research_Handoff_Full_Archive_v1.0(1).zip,Towow_A2A_Research_Handoff_v1.0/full_archive/extracted_sources/towow-a2a-r5-4-return-packet/return-packet/experiments/r5-4-run-002-central-replication/traces/central_builder/stderr.txt,0,e3b0c44298fc1c149afbf4c8996fb92427ae41e4649b934ca495991b7852b855,txt,extracted-unique-text,02_derived/zip-text-search-corpus/files/e3/e3b0c44298fc1c149afbf4c8996fb92427ae41e4649b934ca495991b7852b855.txt,,pre-rebuild-handoff,experiment-or-result
02_WORKSPACE_SNAPSHOT/Towow_A2A_Research_Handoff_Full_Archive_v1.0(1).zip,Towow_A2A_Research_Handoff_v1.0/full_archive/extracted_sources/towow-a2a-r5-4-return-packet/return-packet/experiments/r5-4-run-002-central-replication/traces/central_builder/request.json,932,eaf0411cdca36b5a5157c0f7ae183684db5e00526528b6a224967b8667cbf458,json,extracted-unique-text,02_derived/zip-text-search-corpus/files/ea/eaf0411cdca36b5a5157c0f7ae183684db5e00526528b6a224967b8667cbf458.json,,pre-rebuild-handoff,experiment-or-result
02_WORKSPACE_SNAPSHOT/Towow_A2A_Research_Handoff_Full_Archive_v1.0(1).zip,Towow_A2A_Research_Handoff_v1.0/full_archive/extracted_sources/towow-a2a-r5-4-return-packet/return-packet/experiments/r5-4-run-002-central-replication/traces/central_builder/stdout.json,1389,5ce683bb6b295471ccccf84ae6a4e667837a4c0355c0b631517e284c3cae7870,json,extracted-unique-text,02_derived/zip-text-search-corpus/files/5c/5ce683bb6b295471ccccf84ae6a4e667837a4c0355c0b631517e284c3cae7870.json,,pre-rebuild-handoff,experiment-or-result
02_WORKSPACE_SNAPSHOT/Towow_A2A_Research_Handoff_Full_Archive_v1.0(1).zip,Towow_A2A_Research_Handoff_v1.0/full_archive/extracted_sources/towow-a2a-r5-4-return-packet/return-packet/experiments/r5-4-run-002-central-replication/formation_episode.md,315,7066913b74adc80fac373bbb60aeb3556ba91de0d4e67779c77ceafff99acae0,md,extracted-unique-text,02_derived/zip-text-search-corpus/files/70/7066913b74adc80fac373bbb60aeb3556ba91de0d4e67779c77ceafff99acae0.md,,pre-rebuild-handoff,experiment-or-result
02_WORKSPACE_SNAPSHOT/Towow_A2A_Research_Handoff_Full_Archive_v1.0(1).zip,Towow_A2A_Research_Handoff_v1.0/full_archive/extracted_sources/towow-a2a-r5-4-return-packet/return-packet/experiments/r5-4-run-002-central-replication/analysis.md,632,7cf2f61c183b4d5ee22186d7e658bdb450dd32ddfafa1a6b1346475879a44e8e,md,extracted-unique-text,02_derived/zip-text-search-corpus/files/7c/7cf2f61c183b4d5ee22186d7e658bdb450dd32ddfafa1a6b1346475879a44e8e.md,,pre-rebuild-handoff,experiment-or-result
02_WORKSPACE_SNAPSHOT/Towow_A2A_Research_Handoff_Full_Archive_v1.0(1).zip,Towow_A2A_Research_Handoff_v1.0/full_archive/extracted_sources/towow-a2a-r5-4-return-packet/return-packet/experiments/r5-4-run-002-central-replication/hypothesis.md,397,7005cf48268a9c356c3b53471cda65059c930ee84e5ec9200aa60a712bf8e22f,md,extracted-unique-text,02_derived/zip-text-search-corpus/files/70/7005cf48268a9c356c3b53471cda65059c930ee84e5ec9200aa60a712bf8e22f.md,,pre-rebuild-handoff,experiment-or-result
02_WORKSPACE_SNAPSHOT/Towow_A2A_Research_Handoff_Full_Archive_v1.0(1).zip,Towow_A2A_Research_Handoff_v1.0/full_archive/extracted_sources/towow-a2a-r5-4-return-packet/return-packet/experiments/r5-4-run-002-central-replication/inputs/frozen_prompt.json,217,f45a48268df9882ecaef2183521b809d4987eb76dfa8cb6e2fe40cbfcd983143,json,extracted-unique-text,02_derived/zip-text-search-corpus/files/f4/f45a48268df9882ecaef2183521b809d4987eb76dfa8cb6e2fe40cbfcd983143.json,,pre-rebuild-handoff,experiment-or-result
02_WORKSPACE_SNAPSHOT/Towow_A2A_Research_Handoff_Full_Archive_v1.0(1).zip,Towow_A2A_Research_Handoff_v1.0/full_archive/extracted_sources/towow-a2a-r5-4-return-packet/return-packet/experiments/r5-4-run-002-central-replication/costs.json,321,f53fde014c6114cb91c74d4b1a0f6da121f26c60874f3200c1c1083d82d8b09f,json,extracted-unique-text,02_derived/zip-text-search-corpus/files/f5/f53fde014c6114cb91c74d4b1a0f6da121f26c60874f3200c1c1083d82d8b09f.json,,pre-rebuild-handoff,experiment-or-result
02_WORKSPACE_SNAPSHOT/Towow_A2A_Research_Handoff_Full_Archive_v1.0(1).zip,Towow_A2A_Research_Handoff_v1.0/full_archive/extracted_sources/towow-a2a-r5-4-return-packet/return-packet/experiments/r5-4-run-002-central-replication/preregistration.json,1345,a5db01126e0376e6e9c6a860f195f8b502c2c816ada17e664caa0b4ce71a8373,json,extracted-unique-text,02_derived/zip-text-search-corpus/files/a5/a5db01126e0376e6e9c6a860f195f8b502c2c816ada17e664caa0b4ce71a8373.json,,pre-rebuild-handoff,experiment-or-result
02_WORKSPACE_SNAPSHOT/Towow_A2A_Research_Handoff_Full_Archive_v1.0(1).zip,Towow_A2A_Research_Handoff_v1.0/full_archive/extracted_sources/towow-a2a-r5-4-return-packet/return-packet/experiments/r5-4-run-002-central-replication/transcripts/README.md,222,b01f2d6736b774a9e13854871be027a42c6083e79716a1be57bb023d02b9e381,md,extracted-unique-text,02_derived/zip-text-search-corpus/files/b0/b01f2d6736b774a9e13854871be027a42c6083e79716a1be57bb023d02b9e381.md,,pre-rebuild-handoff,experiment-or-result
02_WORKSPACE_SNAPSHOT/Towow_A2A_Research_Handoff_Full_Archive_v1.0(1).zip,Towow_A2A_Research_Handoff_v1.0/full_archive/extracted_sources/towow-a2a-r5-4-return-packet/return-packet/experiments/r5-4-run-002-central-replication/run.json,630,41c0b976c1fc99db63c810088928e0fe6f2506530709b3fb2bba1caa6a457e2a,json,extracted-unique-text,02_derived/zip-text-search-corpus/files/41/41c0b976c1fc99db63c810088928e0fe6f2506530709b3fb2bba1caa6a457e2a.json,,pre-rebuild-handoff,experiment-or-result
02_WORKSPACE_SNAPSHOT/Towow_A2A_Research_Handoff_Full_Archive_v1.0(1).zip,Towow_A2A_Research_Handoff_v1.0/full_archive/extracted_sources/towow-a2a-r5-4-return-packet/return-packet/schemas/agent_action.schema.json,574,0b22c58dfb721e901f8d2f0c54d02cbfdeec63aa2d76e9cb8e2c6185eb67481b,json,extracted-unique-text,02_derived/zip-text-search-corpus/files/0b/0b22c58dfb721e901f8d2f0c54d02cbfdeec63aa2d76e9cb8e2c6185eb67481b.json,,pre-rebuild-handoff,specification-or-protocol
02_WORKSPACE_SNAPSHOT/Towow_A2A_Research_Handoff_Full_Archive_v1.0(1).zip,Towow_A2A_Research_Handoff_v1.0/full_archive/extracted_sources/towow-a2a-r5-4-return-packet/return-packet/schemas/formation_episode.schema.json,1624,31af056341407ac92f303821d05d6aaf375e2fbb4b5190592b149f5c5cc68cf2,json,extracted-unique-text,02_derived/zip-text-search-corpus/files/31/31af056341407ac92f303821d05d6aaf375e2fbb4b5190592b149f5c5cc68cf2.json,,pre-rebuild-handoff,specification-or-protocol
02_WORKSPACE_SNAPSHOT/Towow_A2A_Research_Handoff_Full_Archive_v1.0(1).zip,Towow_A2A_Research_Handoff_v1.0/full_archive/extracted_sources/towow-a2a-r5-4-return-packet/return-packet/schemas/experiment_record.schema.json,2829,905c9ffa19f4051ab460882985e16200c287d84828e3d0bbf5c512d6f4bbf147,json,extracted-unique-text,02_derived/zip-text-search-corpus/files/90/905c9ffa19f4051ab460882985e16200c287d84828e3d0bbf5c512d6f4bbf147.json,,pre-rebuild-handoff,experiment-or-result
02_WORKSPACE_SNAPSHOT/Towow_A2A_Research_Handoff_Full_Archive_v1.0(1).zip,Towow_A2A_Research_Handoff_v1.0/full_archive/extracted_sources/towow-a2a-r5-4-return-packet/return-packet/schemas/patch_proposal.schema.json,598,5ec046603cbb2df02078cd7848a4478b03c5f1c581d06fcb61c554af87093447,json,extracted-unique-text,02_derived/zip-text-search-corpus/files/5e/5ec046603cbb2df02078cd7848a4478b03c5f1c581d06fcb61c554af87093447.json,,pre-rebuild-handoff,specification-or-protocol
02_WORKSPACE_SNAPSHOT/Towow_A2A_Research_Handoff_Full_Archive_v1.0(1).zip,Towow_A2A_Research_Handoff_v1.0/full_archive/extracted_sources/towow-a2a-r5-4-return-packet/return-packet/schemas/manifest.schema.json,742,586c52b638015144e770217004f31611c2c7813d0847b9f53ef1bab633d5b7cd,json,extracted-unique-text,02_derived/zip-text-search-corpus/files/58/586c52b638015144e770217004f31611c2c7813d0847b9f53ef1bab633d5b7cd.json,,pre-rebuild-handoff,manifest
02_WORKSPACE_SNAPSHOT/Towow_A2A_Research_Handoff_Full_Archive_v1.0(1).zip,Towow_A2A_Research_Handoff_v1.0/full_archive/extracted_sources/towow-a2a-r5-4-return-packet/return-packet/independent_reviews/blind_mechanism_review.md,3303,ce28716148142c2946f107e083325327936614ee296fbd417ab91258ed923883,md,extracted-unique-text,02_derived/zip-text-search-corpus/files/ce/ce28716148142c2946f107e083325327936614ee296fbd417ab91258ed923883.md,,pre-rebuild-handoff,interaction-or-review
02_WORKSPACE_SNAPSHOT/Towow_A2A_Research_Handoff_Full_Archive_v1.0(1).zip,Towow_A2A_Research_Handoff_v1.0/full_archive/extracted_sources/towow-a2a-r5-4-return-packet/return-packet/independent_reviews/oracle_aware_engineering_review.md,5543,adddae88e0407ce5bd917ae925f05ab204a874d7c3c75a9c3993201f2ed468c5,md,extracted-unique-text,02_derived/zip-text-search-corpus/files/ad/adddae88e0407ce5bd917ae925f05ab204a874d7c3c75a9c3993201f2ed468c5.md,,pre-rebuild-handoff,interaction-or-review
02_WORKSPACE_SNAPSHOT/Towow_A2A_Research_Handoff_Full_Archive_v1.0(1).zip,Towow_A2A_Research_Handoff_v1.0/full_archive/extracted_sources/towow-a2a-r5-4-return-packet/return-packet/independent_reviews/README.md,603,36300e5002fbc86d65c6c9503136b944d5faa6e665b0e633b4cd2d8a5d2c7cb8,md,extracted-unique-text,02_derived/zip-text-search-corpus/files/36/36300e5002fbc86d65c6c9503136b944d5faa6e665b0e633b4cd2d8a5d2c7cb8.md,,pre-rebuild-handoff,interaction-or-review
02_WORKSPACE_SNAPSHOT/Towow_A2A_Research_Handoff_Full_Archive_v1.0(1).zip,Towow_A2A_Research_Handoff_v1.0/full_archive/extracted_sources/towow-a2a-r5-4-return-packet/return-packet/tools/prepare_run001_prompts.py,3211,bcd61565cf12de464816c759550d6fa4a39973f41b0c6e8b2fec183f13a82df1,py,extracted-unique-text,02_derived/zip-text-search-corpus/files/bc/bcd61565cf12de464816c759550d6fa4a39973f41b0c6e8b2fec183f13a82df1.py,,pre-rebuild-handoff,instrument-or-code
02_WORKSPACE_SNAPSHOT/Towow_A2A_Research_Handoff_Full_Archive_v1.0(1).zip,Towow_A2A_Research_Handoff_v1.0/full_archive/extracted_sources/towow-a2a-r5-4-return-packet/return-packet/tools/run_toolless_model.py,4304,60c987ae24aba8703a54bae2479931f014a606b29ee5ab98f1c17e5d5e3dd406,py,extracted-unique-text,02_derived/zip-text-search-corpus/files/60/60c987ae24aba8703a54bae2479931f014a606b29ee5ab98f1c17e5d5e3dd406.py,,pre-rebuild-handoff,instrument-or-code
02_WORKSPACE_SNAPSHOT/Towow_A2A_Research_Handoff_Full_Archive_v1.0(1).zip,Towow_A2A_Research_Handoff_v1.0/full_archive/extracted_sources/towow-a2a-r5-4-return-packet/return-packet/tools/summarize_model_costs.py,4547,6b8f002562f522e02c35ce2f6cb83db2e66e2b5729e6da32a51615fcc0cdf013,py,extracted-unique-text,02_derived/zip-text-search-corpus/files/6b/6b8f002562f522e02c35ce2f6cb83db2e66e2b5729e6da32a51615fcc0cdf013.py,,pre-rebuild-handoff,instrument-or-code
02_WORKSPACE_SNAPSHOT/Towow_A2A_Research_Handoff_Full_Archive_v1.0(1).zip,Towow_A2A_Research_Handoff_v1.0/full_archive/extracted_sources/towow-a2a-r5-4-return-packet/return-packet/tools/recompute_packet_costs.py,1845,f79793415f6a152364c346ef5d813fbf0de98380a4fb4c5bd8476f370f5a0787,py,extracted-unique-text,02_derived/zip-text-search-corpus/files/f7/f79793415f6a152364c346ef5d813fbf0de98380a4fb4c5bd8476f370f5a0787.py,,pre-rebuild-handoff,instrument-or-code
02_WORKSPACE_SNAPSHOT/Towow_A2A_Research_Handoff_Full_Archive_v1.0(1).zip,Towow_A2A_Research_Handoff_v1.0/full_archive/extracted_sources/towow-a2a-r5-4-return-packet/return-packet/tools/replay_identity_semantics.py,2313,040f4d298d2a97e828573b27dc088383645da939af21b0216d0d1c84b599d775,py,extracted-unique-text,02_derived/zip-text-search-corpus/files/04/040f4d298d2a97e828573b27dc088383645da939af21b0216d0d1c84b599d775.py,,pre-rebuild-handoff,instrument-or-code
02_WORKSPACE_SNAPSHOT/Towow_A2A_Research_Handoff_Full_Archive_v1.0(1).zip,Towow_A2A_Research_Handoff_v1.0/full_archive/extracted_sources/towow-a2a-r5-4-return-packet/return-packet/tools/extract_run001_patches.py,1913,230caa01a6e36450c73ae44c6fdfc5511512b995e91db53f1808f9b585080ffd,py,extracted-unique-text,02_derived/zip-text-search-corpus/files/23/230caa01a6e36450c73ae44c6fdfc5511512b995e91db53f1808f9b585080ffd.py,,pre-rebuild-handoff,instrument-or-code
02_WORKSPACE_SNAPSHOT/Towow_A2A_Research_Handoff_Full_Archive_v1.0(1).zip,Towow_A2A_Research_Handoff_v1.0/full_archive/extracted_sources/towow-a2a-r5-4-return-packet/return-packet/tools/build_manifest.py,1473,9816608dbd6d760ed3f3f5b0a6495e21116b443a99896490825be27ed1c2f0b5,py,extracted-unique-text,02_derived/zip-text-search-corpus/files/98/9816608dbd6d760ed3f3f5b0a6495e21116b443a99896490825be27ed1c2f0b5.py,,pre-rebuild-handoff,manifest
02_WORKSPACE_SNAPSHOT/Towow_A2A_Research_Handoff_Full_Archive_v1.0(1).zip,Towow_A2A_Research_Handoff_v1.0/full_archive/extracted_sources/towow-a2a-r5-4-return-packet/return-packet/tools/verify_return_packet.py,5668,d61d0bbf72e60931e12132fee76515e779e4600a7988c57bab49afd278c6eb1b,py,extracted-unique-text,02_derived/zip-text-search-corpus/files/d6/d61d0bbf72e60931e12132fee76515e779e4600a7988c57bab49afd278c6eb1b.py,,pre-rebuild-handoff,instrument-or-code
02_WORKSPACE_SNAPSHOT/Towow_A2A_Research_Handoff_Full_Archive_v1.0(1).zip,Towow_A2A_Research_Handoff_v1.0/full_archive/extracted_sources/towow-a2a-r5-4-return-packet/return-packet/tools/prepare_run001_dynamic_prompts.py,6864,0ca9611f32e239c6cbd57933011fd41c7fed7b79a2f83417b5aed90bfb611199,py,extracted-unique-text,02_derived/zip-text-search-corpus/files/0c/0ca9611f32e239c6cbd57933011fd41c7fed7b79a2f83417b5aed90bfb611199.py,,pre-rebuild-handoff,instrument-or-code
02_WORKSPACE_SNAPSHOT/Towow_A2A_Research_Handoff_Full_Archive_v1.0(1).zip,Towow_A2A_Research_Handoff_v1.0/full_archive/extracted_sources/towow-a2a-r5-4-return-packet/return-packet/model_agents/README.md,1634,b30fb7d30fcd9f390d122f5d3fc740f0b3912480068656535fd48707222b68ef,md,extracted-unique-text,02_derived/zip-text-search-corpus/files/b3/b30fb7d30fcd9f390d122f5d3fc740f0b3912480068656535fd48707222b68ef.md,,pre-rebuild-handoff,orientation
02_WORKSPACE_SNAPSHOT/Towow_A2A_Research_Handoff_Full_Archive_v1.0(1).zip,Towow_A2A_Research_Handoff_v1.0/full_archive/extracted_sources/return-packet/return-packet/code_changes/ROLLBACK.md,621,9ec6fae4e85863c7f42fd18cf5cb754bc7899ed1b2a261e6c906b873bb34c361,md,extracted-unique-text,02_derived/zip-text-search-corpus/files/9e/9ec6fae4e85863c7f42fd18cf5cb754bc7899ed1b2a261e6c906b873bb34c361.md,,pre-rebuild-handoff,text-source
02_WORKSPACE_SNAPSHOT/Towow_A2A_Research_Handoff_Full_Archive_v1.0(1).zip,Towow_A2A_Research_Handoff_v1.0/full_archive/extracted_sources/return-packet/return-packet/code_changes/TEST_RESULTS.md,1346,ed248428faeddc56b3184813a58011005fd62788d482eb0f019dfc85b9fbd43a,md,extracted-unique-text,02_derived/zip-text-search-corpus/files/ed/ed248428faeddc56b3184813a58011005fd62788d482eb0f019dfc85b9fbd43a.md,,pre-rebuild-handoff,qa-or-test
02_WORKSPACE_SNAPSHOT/Towow_A2A_Research_Handoff_Full_Archive_v1.0(1).zip,Towow_A2A_Research_Handoff_v1.0/full_archive/extracted_sources/return-packet/return-packet/code_changes/FILE_MAP.md,1061,938ae6157796e8a14a74bdd56979cb99f9e35e025a9c99940c06c7a71fb2c429,md,extracted-unique-text,02_derived/zip-text-search-corpus/files/93/938ae6157796e8a14a74bdd56979cb99f9e35e025a9c99940c06c7a71fb2c429.md,,pre-rebuild-handoff,text-source
02_WORKSPACE_SNAPSHOT/Towow_A2A_Research_Handoff_Full_Archive_v1.0(1).zip,Towow_A2A_Research_Handoff_v1.0/full_archive/extracted_sources/return-packet/return-packet/code_changes/source/action_space_probe.py,7709,2b9b87d5acc67f1457eb71f477b22f99f2fba1e14243fc7c7078cffee3ac2182,py,extracted-unique-text,02_derived/zip-text-search-corpus/files/2b/2b9b87d5acc67f1457eb71f477b22f99f2fba1e14243fc7c7078cffee3ac2182.py,,pre-rebuild-handoff,instrument-or-code
02_WORKSPACE_SNAPSHOT/Towow_A2A_Research_Handoff_Full_Archive_v1.0(1).zip,Towow_A2A_Research_Handoff_v1.0/full_archive/extracted_sources/return-packet/return-packet/code_changes/source/evidence_reachability.py,5073,bae3bd7ed1dae85c3e0ff6964f73b34a4f2bb000873d0b1e5de2a3ff31663f9f,py,extracted-unique-text,02_derived/zip-text-search-corpus/files/ba/bae3bd7ed1dae85c3e0ff6964f73b34a4f2bb000873d0b1e5de2a3ff31663f9f.py,,pre-rebuild-handoff,evidence-or-decision-ledger
02_WORKSPACE_SNAPSHOT/Towow_A2A_Research_Handoff_Full_Archive_v1.0(1).zip,Towow_A2A_Research_Handoff_v1.0/full_archive/extracted_sources/return-packet/return-packet/code_changes/source/effect_trace_lab.py,11981,6b6029bed5bc7ac55316ebf9ed21f570851a5cd81f6f601db611ee976828c254,py,extracted-unique-text,02_derived/zip-text-search-corpus/files/6b/6b6029bed5bc7ac55316ebf9ed21f570851a5cd81f6f601db611ee976828c254.py,,pre-rebuild-handoff,experiment-or-result
02_WORKSPACE_SNAPSHOT/Towow_A2A_Research_Handoff_Full_Archive_v1.0(1).zip,Towow_A2A_Research_Handoff_v1.0/full_archive/extracted_sources/return-packet/return-packet/code_changes/source/sovereign_workspace_lab.py,22916,3cf61d49ab29f8af2907829207f67d05048e7f91f068c6fb9b992e05707940aa,py,extracted-unique-text,02_derived/zip-text-search-corpus/files/3c/3cf61d49ab29f8af2907829207f67d05048e7f91f068c6fb9b992e05707940aa.py,,pre-rebuild-handoff,instrument-or-code
02_WORKSPACE_SNAPSHOT/Towow_A2A_Research_Handoff_Full_Archive_v1.0(1).zip,Towow_A2A_Research_Handoff_v1.0/full_archive/extracted_sources/return-packet/return-packet/code_changes/source/sovereign_node.py,10163,0d9b207db6f97d813ccba661a4fe4c90b29c035dbf7dcce72b1293eb6e28258c,py,extracted-unique-text,02_derived/zip-text-search-corpus/files/0d/0d9b207db6f97d813ccba661a4fe4c90b29c035dbf7dcce72b1293eb6e28258c.py,,pre-rebuild-handoff,instrument-or-code
02_WORKSPACE_SNAPSHOT/Towow_A2A_Research_Handoff_Full_Archive_v1.0(1).zip,Towow_A2A_Research_Handoff_v1.0/full_archive/extracted_sources/return-packet/return-packet/code_changes/source/build_return_packet.py,9164,381d8137f42cbd946283eeb1bde81a597dbe0bc0952371fcd65467937965ad55,py,extracted-unique-text,02_derived/zip-text-search-corpus/files/38/381d8137f42cbd946283eeb1bde81a597dbe0bc0952371fcd65467937965ad55.py,,pre-rebuild-handoff,instrument-or-code
02_WORKSPACE_SNAPSHOT/Towow_A2A_Research_Handoff_Full_Archive_v1.0(1).zip,Towow_A2A_Research_Handoff_v1.0/full_archive/extracted_sources/return-packet/return-packet/NEXT_RESEARCH_ACTIONS.md,2102,63d4ddcf31fe044b6fa35668701bd43d4dc2cd1f8fedfd60dc5d53f5a1d2b89e,md,extracted-unique-text,02_derived/zip-text-search-corpus/files/63/63d4ddcf31fe044b6fa35668701bd43d4dc2cd1f8fedfd60dc5d53f5a1d2b89e.md,,pre-rebuild-handoff,text-source
02_WORKSPACE_SNAPSHOT/Towow_A2A_Research_Handoff_Full_Archive_v1.0(1).zip,Towow_A2A_Research_Handoff_v1.0/full_archive/extracted_sources/return-packet/return-packet/failures/FAILURE_INDEX.md,767,804a966b57fbd86d28691c0cec5dd2b6a9e5a456e1ef26efec00508a21bb50ce,md,extracted-unique-text,02_derived/zip-text-search-corpus/files/80/804a966b57fbd86d28691c0cec5dd2b6a9e5a456e1ef26efec00508a21bb50ce.md,,pre-rebuild-handoff,text-source
02_WORKSPACE_SNAPSHOT/Towow_A2A_Research_Handoff_Full_Archive_v1.0(1).zip,Towow_A2A_Research_Handoff_v1.0/full_archive/extracted_sources/return-packet/return-packet/failures/r5-run-004/ATTEMPT_1_BOUNDARY_BYPASS.md,366,c22a1a49329ee20be4672ffeacf67b3bfbaa565d3c8c73a939bf8c38edbaf4cc,md,extracted-unique-text,02_derived/zip-text-search-corpus/files/c2/c22a1a49329ee20be4672ffeacf67b3bfbaa565d3c8c73a939bf8c38edbaf4cc.md,,pre-rebuild-handoff,text-source
02_WORKSPACE_SNAPSHOT/Towow_A2A_Research_Handoff_Full_Archive_v1.0(1).zip,Towow_A2A_Research_Handoff_v1.0/full_archive/extracted_sources/return-packet/return-packet/failures/r5-run-004/ATTEMPT_2_RESOURCE_IDENTITY.md,339,443dcf0423ed6ed219dfea782e323044073ae49b7f9804b53800aacfcaf6e112,md,extracted-unique-text,02_derived/zip-text-search-corpus/files/44/443dcf0423ed6ed219dfea782e323044073ae49b7f9804b53800aacfcaf6e112.md,,pre-rebuild-handoff,text-source
02_WORKSPACE_SNAPSHOT/Towow_A2A_Research_Handoff_Full_Archive_v1.0(1).zip,Towow_A2A_Research_Handoff_v1.0/full_archive/extracted_sources/return-packet/return-packet/RESEARCH_STATE.yaml,7951,89d6460cf511e615a145aca578dd3db9903c10daae85b685b0ee90feefed8965,yaml,extracted-unique-text,02_derived/zip-text-search-corpus/files/89/89d6460cf511e615a145aca578dd3db9903c10daae85b685b0ee90feefed8965.yaml,,pre-rebuild-handoff,structured-data
02_WORKSPACE_SNAPSHOT/Towow_A2A_Research_Handoff_Full_Archive_v1.0(1).zip,Towow_A2A_Research_Handoff_v1.0/full_archive/extracted_sources/return-packet/return-packet/DECISION_LOG.md,12330,0e604288cbcc495c70af1028ff2904381d57dd4ee6a2b19318af330b8a66826e,md,extracted-unique-text,02_derived/zip-text-search-corpus/files/0e/0e604288cbcc495c70af1028ff2904381d57dd4ee6a2b19318af330b8a66826e.md,,pre-rebuild-handoff,text-source
02_WORKSPACE_SNAPSHOT/Towow_A2A_Research_Handoff_Full_Archive_v1.0(1).zip,Towow_A2A_Research_Handoff_v1.0/full_archive/extracted_sources/return-packet/return-packet/manifests/MANIFEST.json,52209,27d1b1a4871608925950d12bf73773edc8272f786359a2538c7a2c2131db046c,json,extracted-unique-text,02_derived/zip-text-search-corpus/files/27/27d1b1a4871608925950d12bf73773edc8272f786359a2538c7a2c2131db046c.json,,pre-rebuild-handoff,manifest
02_WORKSPACE_SNAPSHOT/Towow_A2A_Research_Handoff_Full_Archive_v1.0(1).zip,Towow_A2A_Research_Handoff_v1.0/full_archive/extracted_sources/return-packet/return-packet/RETURN_SUMMARY.md,8825,b6ecd444e61d168547fba8ddbbc328587aa07a552e6296ca60678941e483587c,md,extracted-unique-text,02_derived/zip-text-search-corpus/files/b6/b6ecd444e61d168547fba8ddbbc328587aa07a552e6296ca60678941e483587c.md,,pre-rebuild-handoff,text-source
02_WORKSPACE_SNAPSHOT/Towow_A2A_Research_Handoff_Full_Archive_v1.0(1).zip,Towow_A2A_Research_Handoff_v1.0/full_archive/extracted_sources/return-packet/return-packet/ENVIRONMENT_FACTS.json,12761,a6f6524fbad159b9d7a9427d04f6102a29c4ef8ed0c4d02d333655a49adad871,json,extracted-unique-text,02_derived/zip-text-search-corpus/files/a6/a6f6524fbad159b9d7a9427d04f6102a29c4ef8ed0c4d02d333655a49adad871.json,,pre-rebuild-handoff,structured-data
02_WORKSPACE_SNAPSHOT/Towow_A2A_Research_Handoff_Full_Archive_v1.0(1).zip,Towow_A2A_Research_Handoff_v1.0/full_archive/extracted_sources/return-packet/return-packet/CLAIM_EVIDENCE_UPDATE.csv,9754,44984a0436c8a16830d8d618ae086331b3345ea514b81a985b0013087957e0f3,csv,extracted-unique-text,02_derived/zip-text-search-corpus/files/44/44984a0436c8a16830d8d618ae086331b3345ea514b81a985b0013087957e0f3.csv,,pre-rebuild-handoff,evidence-or-decision-ledger
02_WORKSPACE_SNAPSHOT/Towow_A2A_Research_Handoff_Full_Archive_v1.0(1).zip,Towow_A2A_Research_Handoff_v1.0/full_archive/extracted_sources/return-packet/return-packet/blockers/BLOCKERS.md,1478,dd59daf3e9eb3c01ebba1001521c09a28a55f0b34ad036db30b2f59f408f4635,md,extracted-unique-text,02_derived/zip-text-search-corpus/files/dd/dd59daf3e9eb3c01ebba1001521c09a28a55f0b34ad036db30b2f59f408f4635.md,,pre-rebuild-handoff,text-source
02_WORKSPACE_SNAPSHOT/Towow_A2A_Research_Handoff_Full_Archive_v1.0(1).zip,Towow_A2A_Research_Handoff_v1.0/full_archive/extracted_sources/return-packet/return-packet/git/status.txt,2202,87019e7f2c236d2b439c95c8d03eb3665c9235b35ab0fa430f7f62464709c14d,txt,extracted-unique-text,02_derived/zip-text-search-corpus/files/87/87019e7f2c236d2b439c95c8d03eb3665c9235b35ab0fa430f7f62464709c14d.txt,,pre-rebuild-handoff,text-source
02_WORKSPACE_SNAPSHOT/Towow_A2A_Research_Handoff_Full_Archive_v1.0(1).zip,Towow_A2A_Research_Handoff_v1.0/full_archive/extracted_sources/return-packet/return-packet/git/changes.patch,79758,e398cbe69777fc22abd5baf2d6b7dadfdb5d3612a517de520b18d93e022d3a7d,patch,extracted-unique-text,02_derived/zip-text-search-corpus/files/e3/e398cbe69777fc22abd5baf2d6b7dadfdb5d3612a517de520b18d93e022d3a7d.patch,,pre-rebuild-handoff,text-source
02_WORKSPACE_SNAPSHOT/Towow_A2A_Research_Handoff_Full_Archive_v1.0(1).zip,Towow_A2A_Research_Handoff_v1.0/full_archive/extracted_sources/return-packet/return-packet/git/commits.txt,68,354d4eb912f92033520582e944438be3fbb68d5ecc677ba1ca5b8a2db5dc40ce,txt,extracted-unique-text,02_derived/zip-text-search-corpus/files/35/354d4eb912f92033520582e944438be3fbb68d5ecc677ba1ca5b8a2db5dc40ce.txt,,pre-rebuild-handoff,text-source
02_WORKSPACE_SNAPSHOT/Towow_A2A_Research_Handoff_Full_Archive_v1.0(1).zip,Towow_A2A_Research_Handoff_v1.0/full_archive/extracted_sources/return-packet/return-packet/git/baseline.txt,225,b85724ac3cca509ba007ef3b4d3a7a7e2a869244d5224af8cc5e0803de3893e5,txt,extracted-unique-text,02_derived/zip-text-search-corpus/files/b8/b85724ac3cca509ba007ef3b4d3a7a7e2a869244d5224af8cc5e0803de3893e5.txt,,pre-rebuild-handoff,text-source
02_WORKSPACE_SNAPSHOT/Towow_A2A_Research_Handoff_Full_Archive_v1.0(1).zip,Towow_A2A_Research_Handoff_v1.0/full_archive/extracted_sources/return-packet/return-packet/git/final.txt,279,a3780add5589249422640b04652e6e97d318a0ed31e775fda6bf4fb68065e6f5,txt,extracted-unique-text,02_derived/zip-text-search-corpus/files/a3/a3780add5589249422640b04652e6e97d318a0ed31e775fda6bf4fb68065e6f5.txt,,pre-rebuild-handoff,text-source
02_WORKSPACE_SNAPSHOT/Towow_A2A_Research_Handoff_Full_Archive_v1.0(1).zip,Towow_A2A_Research_Handoff_v1.0/full_archive/extracted_sources/return-packet/return-packet/experiments/smoke/CODEX_LOCAL_SMOKE_RESULT.json,2384,801e8d0b3b2c9dcb39a1999849721cd0b5eeddc59333163f8eb191e72a32c456,json,extracted-unique-text,02_derived/zip-text-search-corpus/files/80/801e8d0b3b2c9dcb39a1999849721cd0b5eeddc59333163f8eb191e72a32c456.json,,pre-rebuild-handoff,experiment-or-result
02_WORKSPACE_SNAPSHOT/Towow_A2A_Research_Handoff_Full_Archive_v1.0(1).zip,Towow_A2A_Research_Handoff_v1.0/full_archive/extracted_sources/return-packet/return-packet/experiments/r5-run-003-action-space-claims/human_interventions.jsonl,441,c4f4976dd23495c6bc3536e149b3c28826771a2c8f9acee30a2c4eda884eac14,jsonl,extracted-unique-text,02_derived/zip-text-search-corpus/files/c4/c4f4976dd23495c6bc3536e149b3c28826771a2c8f9acee30a2c4eda884eac14.jsonl,,pre-rebuild-handoff,experiment-or-result
02_WORKSPACE_SNAPSHOT/Towow_A2A_Research_Handoff_Full_Archive_v1.0(1).zip,Towow_A2A_Research_Handoff_v1.0/full_archive/extracted_sources/return-packet/return-packet/experiments/r5-run-003-action-space-claims/outputs/escalated_formation_results.json,1847,8e00e6a27f6177862aaecbe28eb8408fa5a8be34a00f67828b6b6f85195d0646,json,extracted-unique-text,02_derived/zip-text-search-corpus/files/8e/8e00e6a27f6177862aaecbe28eb8408fa5a8be34a00f67828b6b6f85195d0646.json,,pre-rebuild-handoff,experiment-or-result
02_WORKSPACE_SNAPSHOT/Towow_A2A_Research_Handoff_Full_Archive_v1.0(1).zip,Towow_A2A_Research_Handoff_v1.0/full_archive/extracted_sources/return-packet/return-packet/experiments/r5-run-003-action-space-claims/outputs/summary.json,1463,84d2bb6ef8ca4ae2bf60ecb6e4b0beb4d35ad70550ee1c75715d61f7101f6811,json,extracted-unique-text,02_derived/zip-text-search-corpus/files/84/84d2bb6ef8ca4ae2bf60ecb6e4b0beb4d35ad70550ee1c75715d61f7101f6811.json,,pre-rebuild-handoff,experiment-or-result
02_WORKSPACE_SNAPSHOT/Towow_A2A_Research_Handoff_Full_Archive_v1.0(1).zip,Towow_A2A_Research_Handoff_v1.0/full_archive/extracted_sources/return-packet/return-packet/experiments/r5-run-003-action-space-claims/outputs/cases.json,5248,0fc591c3d55d05c4fa9d1b2e6e3e71c8eb78e631dfc5bd0543c35cfa3d17fdbe,json,extracted-unique-text,02_derived/zip-text-search-corpus/files/0f/0fc591c3d55d05c4fa9d1b2e6e3e71c8eb78e631dfc5bd0543c35cfa3d17fdbe.json,,pre-rebuild-handoff,experiment-or-result
02_WORKSPACE_SNAPSHOT/Towow_A2A_Research_Handoff_Full_Archive_v1.0(1).zip,Towow_A2A_Research_Handoff_v1.0/full_archive/extracted_sources/return-packet/return-packet/experiments/r5-run-003-action-space-claims/boundary_and_disclosure.json,447,c374423565d2f0d909a6a07d8d80080a15f98e3916c15251c9e392622a83d4a7,json,extracted-unique-text,02_derived/zip-text-search-corpus/files/c3/c374423565d2f0d909a6a07d8d80080a15f98e3916c15251c9e392622a83d4a7.json,,pre-rebuild-handoff,experiment-or-result
02_WORKSPACE_SNAPSHOT/Towow_A2A_Research_Handoff_Full_Archive_v1.0(1).zip,Towow_A2A_Research_Handoff_v1.0/full_archive/extracted_sources/return-packet/return-packet/experiments/r5-run-003-action-space-claims/input/escalated_boundary_canary.txt,30,bb5804d54c80a404f33dd0e0eb690f9a74dece7eef3120b0c3b26591744bac44,txt,extracted-unique-text,02_derived/zip-text-search-corpus/files/bb/bb5804d54c80a404f33dd0e0eb690f9a74dece7eef3120b0c3b26591744bac44.txt,,pre-rebuild-handoff,experiment-or-result
02_WORKSPACE_SNAPSHOT/Towow_A2A_Research_Handoff_Full_Archive_v1.0(1).zip,Towow_A2A_Research_Handoff_v1.0/full_archive/extracted_sources/return-packet/return-packet/experiments/r5-run-003-action-space-claims/input/predictions_before.json,3320,b14351cdda8dd55f607f1725eaec596d179ef678d4fc9837fa394639aad81aee,json,extracted-unique-text,02_derived/zip-text-search-corpus/files/b1/b14351cdda8dd55f607f1725eaec596d179ef678d4fc9837fa394639aad81aee.json,,pre-rebuild-handoff,experiment-or-result
02_WORKSPACE_SNAPSHOT/Towow_A2A_Research_Handoff_Full_Archive_v1.0(1).zip,Towow_A2A_Research_Handoff_v1.0/full_archive/extracted_sources/return-packet/return-packet/experiments/r5-run-003-action-space-claims/analysis.md,1985,a6d5b00531ee96be681c849dbf3905b86a16b74c654efd1abc9e53faadfca896,md,extracted-unique-text,02_derived/zip-text-search-corpus/files/a6/a6d5b00531ee96be681c849dbf3905b86a16b74c654efd1abc9e53faadfca896.md,,pre-rebuild-handoff,experiment-or-result
02_WORKSPACE_SNAPSHOT/Towow_A2A_Research_Handoff_Full_Archive_v1.0(1).zip,Towow_A2A_Research_Handoff_v1.0/full_archive/extracted_sources/return-packet/return-packet/experiments/r5-run-003-action-space-claims/hypothesis.md,1245,bc00b8e7fb4e21dfbf5b606dd952d54a13286106e507db2421c8554fe1cdf902,md,extracted-unique-text,02_derived/zip-text-search-corpus/files/bc/bc00b8e7fb4e21dfbf5b606dd952d54a13286106e507db2421c8554fe1cdf902.md,,pre-rebuild-handoff,experiment-or-result
02_WORKSPACE_SNAPSHOT/Towow_A2A_Research_Handoff_Full_Archive_v1.0(1).zip,Towow_A2A_Research_Handoff_v1.0/full_archive/extracted_sources/return-packet/return-packet/experiments/r5-run-003-action-space-claims/costs.json,302,a8f099cf201e5ff14812eda619e91187952358c15b93a338d5d49a306ceb887a,json,extracted-unique-text,02_derived/zip-text-search-corpus/files/a8/a8f099cf201e5ff14812eda619e91187952358c15b93a338d5d49a306ceb887a.json,,pre-rebuild-handoff,experiment-or-result
02_WORKSPACE_SNAPSHOT/Towow_A2A_Research_Handoff_Full_Archive_v1.0(1).zip,Towow_A2A_Research_Handoff_v1.0/full_archive/extracted_sources/return-packet/return-packet/experiments/r5-run-003-action-space-claims/run.json,4928,149cfefca4878d54dc3f0faa90cf01f8495dd5eab640edd90ded63632232cec3,json,extracted-unique-text,02_derived/zip-text-search-corpus/files/14/149cfefca4878d54dc3f0faa90cf01f8495dd5eab640edd90ded63632232cec3.json,,pre-rebuild-handoff,experiment-or-result
02_WORKSPACE_SNAPSHOT/Towow_A2A_Research_Handoff_Full_Archive_v1.0(1).zip,Towow_A2A_Research_Handoff_v1.0/full_archive/extracted_sources/return-packet/return-packet/experiments/r5-run-001-evidence-reachability/human_interventions.jsonl,1,01ba4719c80b6fe911b091a7c05124b64eeece964e09c058ef8f9805daca546b,jsonl,extracted-unique-text,02_derived/zip-text-search-corpus/files/01/01ba4719c80b6fe911b091a7c05124b64eeece964e09c058ef8f9805daca546b.jsonl,,pre-rebuild-handoff,experiment-or-result
02_WORKSPACE_SNAPSHOT/Towow_A2A_Research_Handoff_Full_Archive_v1.0(1).zip,Towow_A2A_Research_Handoff_v1.0/full_archive/extracted_sources/return-packet/return-packet/experiments/r5-run-001-evidence-reachability/outputs/reachability.json,14632,d5241d6c9c9154a7097a36e90cd0c1ae80c5ebb78720abafa9f0d83afa6271af,json,extracted-unique-text,02_derived/zip-text-search-corpus/files/d5/d5241d6c9c9154a7097a36e90cd0c1ae80c5ebb78720abafa9f0d83afa6271af.json,,pre-rebuild-handoff,experiment-or-result
02_WORKSPACE_SNAPSHOT/Towow_A2A_Research_Handoff_Full_Archive_v1.0(1).zip,Towow_A2A_Research_Handoff_v1.0/full_archive/extracted_sources/return-packet/return-packet/experiments/r5-run-001-evidence-reachability/outputs/reachability.csv,1507,26e1f8aa5ab1460d38046537b95159ca95b7eb58e91ea045541fd32cbd04f5c9,csv,extracted-unique-text,02_derived/zip-text-search-corpus/files/26/26e1f8aa5ab1460d38046537b95159ca95b7eb58e91ea045541fd32cbd04f5c9.csv,,pre-rebuild-handoff,experiment-or-result
02_WORKSPACE_SNAPSHOT/Towow_A2A_Research_Handoff_Full_Archive_v1.0(1).zip,Towow_A2A_Research_Handoff_v1.0/full_archive/extracted_sources/return-packet/return-packet/experiments/r5-run-001-evidence-reachability/boundary_and_disclosure.json,207,2d3845c46eabcd2bf43a582a15ad5d2ab5fbc5c900401558243a2e7a264c841b,json,extracted-unique-text,02_derived/zip-text-search-corpus/files/2d/2d3845c46eabcd2bf43a582a15ad5d2ab5fbc5c900401558243a2e7a264c841b.json,,pre-rebuild-handoff,experiment-or-result
02_WORKSPACE_SNAPSHOT/Towow_A2A_Research_Handoff_Full_Archive_v1.0(1).zip,Towow_A2A_Research_Handoff_v1.0/full_archive/extracted_sources/return-packet/return-packet/experiments/r5-run-001-evidence-reachability/analysis.md,1555,8787ee14efd22bc3e319553b417335a316c6a9063b0a144144c064e603fb6880,md,extracted-unique-text,02_derived/zip-text-search-corpus/files/87/8787ee14efd22bc3e319553b417335a316c6a9063b0a144144c064e603fb6880.md,,pre-rebuild-handoff,experiment-or-result
02_WORKSPACE_SNAPSHOT/Towow_A2A_Research_Handoff_Full_Archive_v1.0(1).zip,Towow_A2A_Research_Handoff_v1.0/full_archive/extracted_sources/return-packet/return-packet/experiments/r5-run-001-evidence-reachability/hypothesis.md,890,133ea0e30d811783454dde1cf9b77f6bf795c1c6a53dcddf32f21f38136aec50,md,extracted-unique-text,02_derived/zip-text-search-corpus/files/13/133ea0e30d811783454dde1cf9b77f6bf795c1c6a53dcddf32f21f38136aec50.md,,pre-rebuild-handoff,experiment-or-result
02_WORKSPACE_SNAPSHOT/Towow_A2A_Research_Handoff_Full_Archive_v1.0(1).zip,Towow_A2A_Research_Handoff_v1.0/full_archive/extracted_sources/return-packet/return-packet/experiments/r5-run-001-evidence-reachability/costs.json,164,7221a0e5e12d36620be648114076c3d636a8897c2fc52c98c64b1830a3bb1a87,json,extracted-unique-text,02_derived/zip-text-search-corpus/files/72/7221a0e5e12d36620be648114076c3d636a8897c2fc52c98c64b1830a3bb1a87.json,,pre-rebuild-handoff,experiment-or-result
02_WORKSPACE_SNAPSHOT/Towow_A2A_Research_Handoff_Full_Archive_v1.0(1).zip,Towow_A2A_Research_Handoff_v1.0/full_archive/extracted_sources/return-packet/return-packet/experiments/r5-run-001-evidence-reachability/run.json,3021,ca86f320bdae6cbca501938e9b6330ccd58d4d7e55f68ff83f3540b205b6bc73,json,extracted-unique-text,02_derived/zip-text-search-corpus/files/ca/ca86f320bdae6cbca501938e9b6330ccd58d4d7e55f68ff83f3540b205b6bc73.json,,pre-rebuild-handoff,experiment-or-result
02_WORKSPACE_SNAPSHOT/Towow_A2A_Research_Handoff_Full_Archive_v1.0(1).zip,Towow_A2A_Research_Handoff_v1.0/full_archive/extracted_sources/return-packet/return-packet/experiments/r5-run-002-effect-granularity/human_interventions.jsonl,1,01ba4719c80b6fe911b091a7c05124b64eeece964e09c058ef8f9805daca546b,jsonl,extracted-unique-text,02_derived/zip-text-search-corpus/files/01/01ba4719c80b6fe911b091a7c05124b64eeece964e09c058ef8f9805daca546b.jsonl,,pre-rebuild-handoff,experiment-or-result
02_WORKSPACE_SNAPSHOT/Towow_A2A_Research_Handoff_Full_Archive_v1.0(1).zip,Towow_A2A_Research_Handoff_v1.0/full_archive/extracted_sources/return-packet/return-packet/experiments/r5-run-002-effect-granularity/outputs/minimal_projection.json,2815,de24ce8aebf533d907e4ef3ea00f1a8b24aba7865f6438b4f1adbb6846f99589,json,extracted-unique-text,02_derived/zip-text-search-corpus/files/de/de24ce8aebf533d907e4ef3ea00f1a8b24aba7865f6438b4f1adbb6846f99589.json,,pre-rebuild-handoff,experiment-or-result
02_WORKSPACE_SNAPSHOT/Towow_A2A_Research_Handoff_Full_Archive_v1.0(1).zip,Towow_A2A_Research_Handoff_v1.0/full_archive/extracted_sources/return-packet/return-packet/experiments/r5-run-002-effect-granularity/outputs/events.json,8004,6512b7910ea1378a9dc37c292c4264035f3073d347cb0025274dfb64d7bb0d58,json,extracted-unique-text,02_derived/zip-text-search-corpus/files/65/6512b7910ea1378a9dc37c292c4264035f3073d347cb0025274dfb64d7bb0d58.json,,pre-rebuild-handoff,experiment-or-result
02_WORKSPACE_SNAPSHOT/Towow_A2A_Research_Handoff_Full_Archive_v1.0(1).zip,Towow_A2A_Research_Handoff_v1.0/full_archive/extracted_sources/return-packet/return-packet/experiments/r5-run-002-effect-granularity/outputs/summary.json,1926,904ddbdecd966d82735dc7087dc48a72a9dbb57e1aefa7617ff5ddfd26c98fab,json,extracted-unique-text,02_derived/zip-text-search-corpus/files/90/904ddbdecd966d82735dc7087dc48a72a9dbb57e1aefa7617ff5ddfd26c98fab.json,,pre-rebuild-handoff,experiment-or-result
02_WORKSPACE_SNAPSHOT/Towow_A2A_Research_Handoff_Full_Archive_v1.0(1).zip,Towow_A2A_Research_Handoff_v1.0/full_archive/extracted_sources/return-packet/return-packet/experiments/r5-run-002-effect-granularity/outputs/eager_full_projection.json,11325,298d8bb18fc13bdbb4ed94d0d22267b3212ddc622b3cc58c6033c8be9ea7f8bc,json,extracted-unique-text,02_derived/zip-text-search-corpus/files/29/298d8bb18fc13bdbb4ed94d0d22267b3212ddc622b3cc58c6033c8be9ea7f8bc.json,,pre-rebuild-handoff,experiment-or-result
02_WORKSPACE_SNAPSHOT/Towow_A2A_Research_Handoff_Full_Archive_v1.0(1).zip,Towow_A2A_Research_Handoff_v1.0/full_archive/extracted_sources/return-packet/return-packet/experiments/r5-run-002-effect-granularity/boundary_and_disclosure.json,383,51d66cf442d4a3561cc421d37c2cd875602687be4695455b38e8b2cbf13e3d9b,json,extracted-unique-text,02_derived/zip-text-search-corpus/files/51/51d66cf442d4a3561cc421d37c2cd875602687be4695455b38e8b2cbf13e3d9b.json,,pre-rebuild-handoff,experiment-or-result
02_WORKSPACE_SNAPSHOT/Towow_A2A_Research_Handoff_Full_Archive_v1.0(1).zip,Towow_A2A_Research_Handoff_v1.0/full_archive/extracted_sources/return-packet/return-packet/experiments/r5-run-002-effect-granularity/input/actual_workspace_events.json,1247,913dfbb39c35cfb20ea397da8bd932c71602c137146f8795ddafc6f2cd0c99c2,json,extracted-unique-text,02_derived/zip-text-search-corpus/files/91/913dfbb39c35cfb20ea397da8bd932c71602c137146f8795ddafc6f2cd0c99c2.json,,pre-rebuild-handoff,experiment-or-result
02_WORKSPACE_SNAPSHOT/Towow_A2A_Research_Handoff_Full_Archive_v1.0(1).zip,Towow_A2A_Research_Handoff_v1.0/full_archive/extracted_sources/return-packet/return-packet/experiments/r5-run-002-effect-granularity/analysis.md,2774,ca8c411a53a38f77709f8613a3c69f0106e40cc17aedf71cdfac1019ae9ae720,md,extracted-unique-text,02_derived/zip-text-search-corpus/files/ca/ca8c411a53a38f77709f8613a3c69f0106e40cc17aedf71cdfac1019ae9ae720.md,,pre-rebuild-handoff,experiment-or-result
02_WORKSPACE_SNAPSHOT/Towow_A2A_Research_Handoff_Full_Archive_v1.0(1).zip,Towow_A2A_Research_Handoff_v1.0/full_archive/extracted_sources/return-packet/return-packet/experiments/r5-run-002-effect-granularity/hypothesis.md,1126,66411e854b76172c1d8fdcb7415860e7f31666e5a63aed896e36b9e5dc731227,md,extracted-unique-text,02_derived/zip-text-search-corpus/files/66/66411e854b76172c1d8fdcb7415860e7f31666e5a63aed896e36b9e5dc731227.md,,pre-rebuild-handoff,experiment-or-result
02_WORKSPACE_SNAPSHOT/Towow_A2A_Research_Handoff_Full_Archive_v1.0(1).zip,Towow_A2A_Research_Handoff_v1.0/full_archive/extracted_sources/return-packet/return-packet/experiments/r5-run-002-effect-granularity/costs.json,344,0dc42c87479c2b2e499f8432bfac19196dab918b43d2b6a3bcf3dffed0c28b5b,json,extracted-unique-text,02_derived/zip-text-search-corpus/files/0d/0dc42c87479c2b2e499f8432bfac19196dab918b43d2b6a3bcf3dffed0c28b5b.json,,pre-rebuild-handoff,experiment-or-result
02_WORKSPACE_SNAPSHOT/Towow_A2A_Research_Handoff_Full_Archive_v1.0(1).zip,Towow_A2A_Research_Handoff_v1.0/full_archive/extracted_sources/return-packet/return-packet/experiments/r5-run-002-effect-granularity/run.json,5067,2292571f1183adfea62e260a045f982546b791d2e532629f6ab5374690991126,json,extracted-unique-text,02_derived/zip-text-search-corpus/files/22/2292571f1183adfea62e260a045f982546b791d2e532629f6ab5374690991126.json,,pre-rebuild-handoff,experiment-or-result
02_WORKSPACE_SNAPSHOT/Towow_A2A_Research_Handoff_Full_Archive_v1.0(1).zip,Towow_A2A_Research_Handoff_v1.0/full_archive/extracted_sources/return-packet/return-packet/experiments/r5-run-004-sovereign-workspace/human_interventions.jsonl,427,7fc3c1d0995b535153bc1ca85bb426cd25e20a974e37696ee4176008742db5c6,jsonl,extracted-unique-text,02_derived/zip-text-search-corpus/files/7f/7fc3c1d0995b535153bc1ca85bb426cd25e20a974e37696ee4176008742db5c6.jsonl,,pre-rebuild-handoff,experiment-or-result
02_WORKSPACE_SNAPSHOT/Towow_A2A_Research_Handoff_Full_Archive_v1.0(1).zip,Towow_A2A_Research_Handoff_v1.0/full_archive/extracted_sources/return-packet/return-packet/experiments/r5-run-004-sovereign-workspace/failures/ATTEMPT_1_BOUNDARY_BYPASS.md,366,c22a1a49329ee20be4672ffeacf67b3bfbaa565d3c8c73a939bf8c38edbaf4cc,md,extracted-unique-text,02_derived/zip-text-search-corpus/files/c2/c22a1a49329ee20be4672ffeacf67b3bfbaa565d3c8c73a939bf8c38edbaf4cc.md,,pre-rebuild-handoff,experiment-or-result
02_WORKSPACE_SNAPSHOT/Towow_A2A_Research_Handoff_Full_Archive_v1.0(1).zip,Towow_A2A_Research_Handoff_v1.0/full_archive/extracted_sources/return-packet/return-packet/experiments/r5-run-004-sovereign-workspace/failures/ATTEMPT_2_RESOURCE_IDENTITY.md,339,443dcf0423ed6ed219dfea782e323044073ae49b7f9804b53800aacfcaf6e112,md,extracted-unique-text,02_derived/zip-text-search-corpus/files/44/443dcf0423ed6ed219dfea782e323044073ae49b7f9804b53800aacfcaf6e112.md,,pre-rebuild-handoff,experiment-or-result
02_WORKSPACE_SNAPSHOT/Towow_A2A_Research_Handoff_Full_Archive_v1.0(1).zip,Towow_A2A_Research_Handoff_v1.0/full_archive/extracted_sources/return-packet/return-packet/experiments/r5-run-004-sovereign-workspace/outputs/records.json,7493,9c6da00b429778154c7a411f7a69bb9fc86ed2a5f5f3ba3d58f4cd83082a04b9,json,extracted-unique-text,02_derived/zip-text-search-corpus/files/9c/9c6da00b429778154c7a411f7a69bb9fc86ed2a5f5f3ba3d58f4cd83082a04b9.json,,pre-rebuild-handoff,experiment-or-result
02_WORKSPACE_SNAPSHOT/Towow_A2A_Research_Handoff_Full_Archive_v1.0(1).zip,Towow_A2A_Research_Handoff_v1.0/full_archive/extracted_sources/return-packet/return-packet/experiments/r5-run-004-sovereign-workspace/outputs/tampered_public/report.json,1813,d7de2f7775598be3785684365ad9b9c5b4606d84f2c09c3111926c83b72f608e,json,extracted-unique-text,02_derived/zip-text-search-corpus/files/d7/d7de2f7775598be3785684365ad9b9c5b4606d84f2c09c3111926c83b72f608e.json,,pre-rebuild-handoff,experiment-or-result
02_WORKSPACE_SNAPSHOT/Towow_A2A_Research_Handoff_Full_Archive_v1.0(1).zip,Towow_A2A_Research_Handoff_v1.0/full_archive/extracted_sources/return-packet/return-packet/experiments/r5-run-004-sovereign-workspace/outputs/tampered_public/verdict.json,206,04c281d6f7dc373acb1d27fab70d127e0baf529be8514abeec78b8347a27d519,json,extracted-unique-text,02_derived/zip-text-search-corpus/files/04/04c281d6f7dc373acb1d27fab70d127e0baf529be8514abeec78b8347a27d519.json,,pre-rebuild-handoff,experiment-or-result
02_WORKSPACE_SNAPSHOT/Towow_A2A_Research_Handoff_Full_Archive_v1.0(1).zip,Towow_A2A_Research_Handoff_v1.0/full_archive/extracted_sources/return-packet/return-packet/experiments/r5-run-004-sovereign-workspace/outputs/tampered_public/capability_cards.json,158,c7476847bd3996061d96e274ea2539a76436f77c126f55b9077dcf7fbb793496,json,extracted-unique-text,02_derived/zip-text-search-corpus/files/c7/c7476847bd3996061d96e274ea2539a76436f77c126f55b9077dcf7fbb793496.json,,pre-rebuild-handoff,experiment-or-result
02_WORKSPACE_SNAPSHOT/Towow_A2A_Research_Handoff_Full_Archive_v1.0(1).zip,Towow_A2A_Research_Handoff_v1.0/full_archive/extracted_sources/return-packet/return-packet/experiments/r5-run-004-sovereign-workspace/outputs/tampered_public/request.json,114,ddd1a315bbd497aae3ae210111896b1edb28fb3c80e8d9ce34ac6b2b1cdf9a58,json,extracted-unique-text,02_derived/zip-text-search-corpus/files/dd/ddd1a315bbd497aae3ae210111896b1edb28fb3c80e8d9ce34ac6b2b1cdf9a58.json,,pre-rebuild-handoff,experiment-or-result
02_WORKSPACE_SNAPSHOT/Towow_A2A_Research_Handoff_Full_Archive_v1.0(1).zip,Towow_A2A_Research_Handoff_v1.0/full_archive/extracted_sources/return-packet/return-packet/experiments/r5-run-004-sovereign-workspace/outputs/honest_public/report.json,1813,d7f09484b5b4be2b290f92533dcf8ec10003192cc83512d1304454f518d479e4,json,extracted-unique-text,02_derived/zip-text-search-corpus/files/d7/d7f09484b5b4be2b290f92533dcf8ec10003192cc83512d1304454f518d479e4.json,,pre-rebuild-handoff,experiment-or-result
02_WORKSPACE_SNAPSHOT/Towow_A2A_Research_Handoff_Full_Archive_v1.0(1).zip,Towow_A2A_Research_Handoff_v1.0/full_archive/extracted_sources/return-packet/return-packet/experiments/r5-run-004-sovereign-workspace/outputs/honest_public/verdict.json,185,9357a0a78f5e2e429ba92fe9091de1353357aef9d36eadd5dec790b60ffd33d6,json,extracted-unique-text,02_derived/zip-text-search-corpus/files/93/9357a0a78f5e2e429ba92fe9091de1353357aef9d36eadd5dec790b60ffd33d6.json,,pre-rebuild-handoff,experiment-or-result
02_WORKSPACE_SNAPSHOT/Towow_A2A_Research_Handoff_Full_Archive_v1.0(1).zip,Towow_A2A_Research_Handoff_v1.0/full_archive/extracted_sources/return-packet/return-packet/experiments/r5-run-004-sovereign-workspace/outputs/honest_public/capability_cards.json,158,c7476847bd3996061d96e274ea2539a76436f77c126f55b9077dcf7fbb793496,json,extracted-unique-text,02_derived/zip-text-search-corpus/files/c7/c7476847bd3996061d96e274ea2539a76436f77c126f55b9077dcf7fbb793496.json,,pre-rebuild-handoff,experiment-or-result
02_WORKSPACE_SNAPSHOT/Towow_A2A_Research_Handoff_Full_Archive_v1.0(1).zip,Towow_A2A_Research_Handoff_v1.0/full_archive/extracted_sources/return-packet/return-packet/experiments/r5-run-004-sovereign-workspace/outputs/honest_public/request.json,114,ddd1a315bbd497aae3ae210111896b1edb28fb3c80e8d9ce34ac6b2b1cdf9a58,json,extracted-unique-text,02_derived/zip-text-search-corpus/files/dd/ddd1a315bbd497aae3ae210111896b1edb28fb3c80e8d9ce34ac6b2b1cdf9a58.json,,pre-rebuild-handoff,experiment-or-result
02_WORKSPACE_SNAPSHOT/Towow_A2A_Research_Handoff_Full_Archive_v1.0(1).zip,Towow_A2A_Research_Handoff_v1.0/full_archive/extracted_sources/return-packet/return-packet/experiments/r5-run-004-sovereign-workspace/outputs/observed_cost_and_classification_correction.json,1404,2651d62b146b82cce5467be111d12128ce8a909345dc0e21827f80cb04f71367,json,extracted-unique-text,02_derived/zip-text-search-corpus/files/26/2651d62b146b82cce5467be111d12128ce8a909345dc0e21827f80cb04f71367.json,,pre-rebuild-handoff,interaction-or-review
02_WORKSPACE_SNAPSHOT/Towow_A2A_Research_Handoff_Full_Archive_v1.0(1).zip,Towow_A2A_Research_Handoff_v1.0/full_archive/extracted_sources/return-packet/return-packet/experiments/r5-run-004-sovereign-workspace/outputs/summary.json,1709,e17ec7ee4ead57f80d9051defa28dee977169a9c7511012407f02ca9c5e5e392,json,extracted-unique-text,02_derived/zip-text-search-corpus/files/e1/e17ec7ee4ead57f80d9051defa28dee977169a9c7511012407f02ca9c5e5e392.json,,pre-rebuild-handoff,experiment-or-result
02_WORKSPACE_SNAPSHOT/Towow_A2A_Research_Handoff_Full_Archive_v1.0(1).zip,Towow_A2A_Research_Handoff_v1.0/full_archive/extracted_sources/return-packet/return-packet/experiments/r5-run-004-sovereign-workspace/outputs/costs.json,250,95754480d3bcccd66f0d868a7d91f04ea9862ae9064a7a05e63eed5bb8b7e359,json,extracted-unique-text,02_derived/zip-text-search-corpus/files/95/95754480d3bcccd66f0d868a7d91f04ea9862ae9064a7a05e63eed5bb8b7e359.json,,pre-rebuild-handoff,experiment-or-result
02_WORKSPACE_SNAPSHOT/Towow_A2A_Research_Handoff_Full_Archive_v1.0(1).zip,Towow_A2A_Research_Handoff_v1.0/full_archive/extracted_sources/return-packet/return-packet/experiments/r5-run-004-sovereign-workspace/boundary_and_disclosure.json,623,869479cbf32c740a5cea58f451beb3840be97b1c4cfb3c857098617e106f2ff3,json,extracted-unique-text,02_derived/zip-text-search-corpus/files/86/869479cbf32c740a5cea58f451beb3840be97b1c4cfb3c857098617e106f2ff3.json,,pre-rebuild-handoff,experiment-or-result
02_WORKSPACE_SNAPSHOT/Towow_A2A_Research_Handoff_Full_Archive_v1.0(1).zip,Towow_A2A_Research_Handoff_v1.0/full_archive/extracted_sources/return-packet/return-packet/experiments/r5-run-004-sovereign-workspace/attempt3-canonical-path/outputs/records.json,8631,986eec2335ddead55b65790b1fa6ce1a24c202b0e777eb3cd43b5056d2395e6c,json,extracted-unique-text,02_derived/zip-text-search-corpus/files/98/986eec2335ddead55b65790b1fa6ce1a24c202b0e777eb3cd43b5056d2395e6c.json,,pre-rebuild-handoff,experiment-or-result
02_WORKSPACE_SNAPSHOT/Towow_A2A_Research_Handoff_Full_Archive_v1.0(1).zip,Towow_A2A_Research_Handoff_v1.0/full_archive/extracted_sources/return-packet/return-packet/experiments/r5-run-004-sovereign-workspace/attempt3-canonical-path/outputs/tampered_public/report.json,1813,d7de2f7775598be3785684365ad9b9c5b4606d84f2c09c3111926c83b72f608e,json,extracted-unique-text,02_derived/zip-text-search-corpus/files/d7/d7de2f7775598be3785684365ad9b9c5b4606d84f2c09c3111926c83b72f608e.json,,pre-rebuild-handoff,experiment-or-result
02_WORKSPACE_SNAPSHOT/Towow_A2A_Research_Handoff_Full_Archive_v1.0(1).zip,Towow_A2A_Research_Handoff_v1.0/full_archive/extracted_sources/return-packet/return-packet/experiments/r5-run-004-sovereign-workspace/attempt3-canonical-path/outputs/tampered_public/verdict.json,206,04c281d6f7dc373acb1d27fab70d127e0baf529be8514abeec78b8347a27d519,json,extracted-unique-text,02_derived/zip-text-search-corpus/files/04/04c281d6f7dc373acb1d27fab70d127e0baf529be8514abeec78b8347a27d519.json,,pre-rebuild-handoff,experiment-or-result
02_WORKSPACE_SNAPSHOT/Towow_A2A_Research_Handoff_Full_Archive_v1.0(1).zip,Towow_A2A_Research_Handoff_v1.0/full_archive/extracted_sources/return-packet/return-packet/experiments/r5-run-004-sovereign-workspace/attempt3-canonical-path/outputs/tampered_public/capability_cards.json,158,c7476847bd3996061d96e274ea2539a76436f77c126f55b9077dcf7fbb793496,json,extracted-unique-text,02_derived/zip-text-search-corpus/files/c7/c7476847bd3996061d96e274ea2539a76436f77c126f55b9077dcf7fbb793496.json,,pre-rebuild-handoff,experiment-or-result
02_WORKSPACE_SNAPSHOT/Towow_A2A_Research_Handoff_Full_Archive_v1.0(1).zip,Towow_A2A_Research_Handoff_v1.0/full_archive/extracted_sources/return-packet/return-packet/experiments/r5-run-004-sovereign-workspace/attempt3-canonical-path/outputs/tampered_public/request.json,114,ddd1a315bbd497aae3ae210111896b1edb28fb3c80e8d9ce34ac6b2b1cdf9a58,json,extracted-unique-text,02_derived/zip-text-search-corpus/files/dd/ddd1a315bbd497aae3ae210111896b1edb28fb3c80e8d9ce34ac6b2b1cdf9a58.json,,pre-rebuild-handoff,experiment-or-result
02_WORKSPACE_SNAPSHOT/Towow_A2A_Research_Handoff_Full_Archive_v1.0(1).zip,Towow_A2A_Research_Handoff_v1.0/full_archive/extracted_sources/return-packet/return-packet/experiments/r5-run-004-sovereign-workspace/attempt3-canonical-path/outputs/honest_public/report.json,1813,d7f09484b5b4be2b290f92533dcf8ec10003192cc83512d1304454f518d479e4,json,extracted-unique-text,02_derived/zip-text-search-corpus/files/d7/d7f09484b5b4be2b290f92533dcf8ec10003192cc83512d1304454f518d479e4.json,,pre-rebuild-handoff,experiment-or-result
02_WORKSPACE_SNAPSHOT/Towow_A2A_Research_Handoff_Full_Archive_v1.0(1).zip,Towow_A2A_Research_Handoff_v1.0/full_archive/extracted_sources/return-packet/return-packet/experiments/r5-run-004-sovereign-workspace/attempt3-canonical-path/outputs/honest_public/verdict.json,185,9357a0a78f5e2e429ba92fe9091de1353357aef9d36eadd5dec790b60ffd33d6,json,extracted-unique-text,02_derived/zip-text-search-corpus/files/93/9357a0a78f5e2e429ba92fe9091de1353357aef9d36eadd5dec790b60ffd33d6.json,,pre-rebuild-handoff,experiment-or-result
02_WORKSPACE_SNAPSHOT/Towow_A2A_Research_Handoff_Full_Archive_v1.0(1).zip,Towow_A2A_Research_Handoff_v1.0/full_archive/extracted_sources/return-packet/return-packet/experiments/r5-run-004-sovereign-workspace/attempt3-canonical-path/outputs/honest_public/capability_cards.json,158,c7476847bd3996061d96e274ea2539a76436f77c126f55b9077dcf7fbb793496,json,extracted-unique-text,02_derived/zip-text-search-corpus/files/c7/c7476847bd3996061d96e274ea2539a76436f77c126f55b9077dcf7fbb793496.json,,pre-rebuild-handoff,experiment-or-result
02_WORKSPACE_SNAPSHOT/Towow_A2A_Research_Handoff_Full_Archive_v1.0(1).zip,Towow_A2A_Research_Handoff_v1.0/full_archive/extracted_sources/return-packet/return-packet/experiments/r5-run-004-sovereign-workspace/attempt3-canonical-path/outputs/honest_public/request.json,114,ddd1a315bbd497aae3ae210111896b1edb28fb3c80e8d9ce34ac6b2b1cdf9a58,json,extracted-unique-text,02_derived/zip-text-search-corpus/files/dd/ddd1a315bbd497aae3ae210111896b1edb28fb3c80e8d9ce34ac6b2b1cdf9a58.json,,pre-rebuild-handoff,experiment-or-result
02_WORKSPACE_SNAPSHOT/Towow_A2A_Research_Handoff_Full_Archive_v1.0(1).zip,Towow_A2A_Research_Handoff_v1.0/full_archive/extracted_sources/return-packet/return-packet/experiments/r5-run-004-sovereign-workspace/attempt3-canonical-path/outputs/summary.json,1820,04c01fc4ff7195c21f1039433c132da329df54d1c5bebdf8aaa56bf7e4e6a84e,json,extracted-unique-text,02_derived/zip-text-search-corpus/files/04/04c01fc4ff7195c21f1039433c132da329df54d1c5bebdf8aaa56bf7e4e6a84e.json,,pre-rebuild-handoff,experiment-or-result
02_WORKSPACE_SNAPSHOT/Towow_A2A_Research_Handoff_Full_Archive_v1.0(1).zip,Towow_A2A_Research_Handoff_v1.0/full_archive/extracted_sources/return-packet/return-packet/experiments/r5-run-004-sovereign-workspace/attempt3-canonical-path/outputs/costs.json,249,807e370bf532a799d2d77e7bf2befd704701a8d1798ceba53bbf1d7c8db386a3,json,extracted-unique-text,02_derived/zip-text-search-corpus/files/80/807e370bf532a799d2d77e7bf2befd704701a8d1798ceba53bbf1d7c8db386a3.json,,pre-rebuild-handoff,experiment-or-result
02_WORKSPACE_SNAPSHOT/Towow_A2A_Research_Handoff_Full_Archive_v1.0(1).zip,Towow_A2A_Research_Handoff_v1.0/full_archive/extracted_sources/return-packet/return-packet/experiments/r5-run-004-sovereign-workspace/analysis.md,3474,65a1b8f0e58ef26e6dc3327d6dd7f7aefc6756172219ecb7d9c2aaedbd010748,md,extracted-unique-text,02_derived/zip-text-search-corpus/files/65/65a1b8f0e58ef26e6dc3327d6dd7f7aefc6756172219ecb7d9c2aaedbd010748.md,,pre-rebuild-handoff,experiment-or-result
02_WORKSPACE_SNAPSHOT/Towow_A2A_Research_Handoff_Full_Archive_v1.0(1).zip,Towow_A2A_Research_Handoff_v1.0/full_archive/extracted_sources/return-packet/return-packet/experiments/r5-run-004-sovereign-workspace/hypothesis.md,1611,80da9e1ea1d02046110f6a91c5f01168b046a0a5dcf3f0d008982f9ee0e1273f,md,extracted-unique-text,02_derived/zip-text-search-corpus/files/80/80da9e1ea1d02046110f6a91c5f01168b046a0a5dcf3f0d008982f9ee0e1273f.md,,pre-rebuild-handoff,experiment-or-result
02_WORKSPACE_SNAPSHOT/Towow_A2A_Research_Handoff_Full_Archive_v1.0(1).zip,Towow_A2A_Research_Handoff_v1.0/full_archive/extracted_sources/return-packet/return-packet/experiments/r5-run-004-sovereign-workspace/costs.json,567,c61947247317ea874cc866b2d7bdb8197bf9d80d4337875e0780951568e41b80,json,extracted-unique-text,02_derived/zip-text-search-corpus/files/c6/c61947247317ea874cc866b2d7bdb8197bf9d80d4337875e0780951568e41b80.json,,pre-rebuild-handoff,experiment-or-result
02_WORKSPACE_SNAPSHOT/Towow_A2A_Research_Handoff_Full_Archive_v1.0(1).zip,Towow_A2A_Research_Handoff_v1.0/full_archive/extracted_sources/return-packet/return-packet/experiments/r5-run-004-sovereign-workspace/attempt2-literal-deny/outputs/records.json,8343,d26229212d4ca21318269db84dd4c8171c6caaacdd52f8e50cf41a4878824277,json,extracted-unique-text,02_derived/zip-text-search-corpus/files/d2/d26229212d4ca21318269db84dd4c8171c6caaacdd52f8e50cf41a4878824277.json,,pre-rebuild-handoff,experiment-or-result
02_WORKSPACE_SNAPSHOT/Towow_A2A_Research_Handoff_Full_Archive_v1.0(1).zip,Towow_A2A_Research_Handoff_v1.0/full_archive/extracted_sources/return-packet/return-packet/experiments/r5-run-004-sovereign-workspace/attempt2-literal-deny/outputs/tampered_public/report.json,1813,d7de2f7775598be3785684365ad9b9c5b4606d84f2c09c3111926c83b72f608e,json,extracted-unique-text,02_derived/zip-text-search-corpus/files/d7/d7de2f7775598be3785684365ad9b9c5b4606d84f2c09c3111926c83b72f608e.json,,pre-rebuild-handoff,experiment-or-result
02_WORKSPACE_SNAPSHOT/Towow_A2A_Research_Handoff_Full_Archive_v1.0(1).zip,Towow_A2A_Research_Handoff_v1.0/full_archive/extracted_sources/return-packet/return-packet/experiments/r5-run-004-sovereign-workspace/attempt2-literal-deny/outputs/tampered_public/verdict.json,206,04c281d6f7dc373acb1d27fab70d127e0baf529be8514abeec78b8347a27d519,json,extracted-unique-text,02_derived/zip-text-search-corpus/files/04/04c281d6f7dc373acb1d27fab70d127e0baf529be8514abeec78b8347a27d519.json,,pre-rebuild-handoff,experiment-or-result
02_WORKSPACE_SNAPSHOT/Towow_A2A_Research_Handoff_Full_Archive_v1.0(1).zip,Towow_A2A_Research_Handoff_v1.0/full_archive/extracted_sources/return-packet/return-packet/experiments/r5-run-004-sovereign-workspace/attempt2-literal-deny/outputs/tampered_public/capability_cards.json,158,c7476847bd3996061d96e274ea2539a76436f77c126f55b9077dcf7fbb793496,json,extracted-unique-text,02_derived/zip-text-search-corpus/files/c7/c7476847bd3996061d96e274ea2539a76436f77c126f55b9077dcf7fbb793496.json,,pre-rebuild-handoff,experiment-or-result
02_WORKSPACE_SNAPSHOT/Towow_A2A_Research_Handoff_Full_Archive_v1.0(1).zip,Towow_A2A_Research_Handoff_v1.0/full_archive/extracted_sources/return-packet/return-packet/experiments/r5-run-004-sovereign-workspace/attempt2-literal-deny/outputs/tampered_public/request.json,114,ddd1a315bbd497aae3ae210111896b1edb28fb3c80e8d9ce34ac6b2b1cdf9a58,json,extracted-unique-text,02_derived/zip-text-search-corpus/files/dd/ddd1a315bbd497aae3ae210111896b1edb28fb3c80e8d9ce34ac6b2b1cdf9a58.json,,pre-rebuild-handoff,experiment-or-result
02_WORKSPACE_SNAPSHOT/Towow_A2A_Research_Handoff_Full_Archive_v1.0(1).zip,Towow_A2A_Research_Handoff_v1.0/full_archive/extracted_sources/return-packet/return-packet/experiments/r5-run-004-sovereign-workspace/attempt2-literal-deny/outputs/honest_public/report.json,1813,d7f09484b5b4be2b290f92533dcf8ec10003192cc83512d1304454f518d479e4,json,extracted-unique-text,02_derived/zip-text-search-corpus/files/d7/d7f09484b5b4be2b290f92533dcf8ec10003192cc83512d1304454f518d479e4.json,,pre-rebuild-handoff,experiment-or-result
02_WORKSPACE_SNAPSHOT/Towow_A2A_Research_Handoff_Full_Archive_v1.0(1).zip,Towow_A2A_Research_Handoff_v1.0/full_archive/extracted_sources/return-packet/return-packet/experiments/r5-run-004-sovereign-workspace/attempt2-literal-deny/outputs/honest_public/verdict.json,185,9357a0a78f5e2e429ba92fe9091de1353357aef9d36eadd5dec790b60ffd33d6,json,extracted-unique-text,02_derived/zip-text-search-corpus/files/93/9357a0a78f5e2e429ba92fe9091de1353357aef9d36eadd5dec790b60ffd33d6.json,,pre-rebuild-handoff,experiment-or-result
02_WORKSPACE_SNAPSHOT/Towow_A2A_Research_Handoff_Full_Archive_v1.0(1).zip,Towow_A2A_Research_Handoff_v1.0/full_archive/extracted_sources/return-packet/return-packet/experiments/r5-run-004-sovereign-workspace/attempt2-literal-deny/outputs/honest_public/capability_cards.json,158,c7476847bd3996061d96e274ea2539a76436f77c126f55b9077dcf7fbb793496,json,extracted-unique-text,02_derived/zip-text-search-corpus/files/c7/c7476847bd3996061d96e274ea2539a76436f77c126f55b9077dcf7fbb793496.json,,pre-rebuild-handoff,experiment-or-result
02_WORKSPACE_SNAPSHOT/Towow_A2A_Research_Handoff_Full_Archive_v1.0(1).zip,Towow_A2A_Research_Handoff_v1.0/full_archive/extracted_sources/return-packet/return-packet/experiments/r5-run-004-sovereign-workspace/attempt2-literal-deny/outputs/honest_public/request.json,114,ddd1a315bbd497aae3ae210111896b1edb28fb3c80e8d9ce34ac6b2b1cdf9a58,json,extracted-unique-text,02_derived/zip-text-search-corpus/files/dd/ddd1a315bbd497aae3ae210111896b1edb28fb3c80e8d9ce34ac6b2b1cdf9a58.json,,pre-rebuild-handoff,experiment-or-result
02_WORKSPACE_SNAPSHOT/Towow_A2A_Research_Handoff_Full_Archive_v1.0(1).zip,Towow_A2A_Research_Handoff_v1.0/full_archive/extracted_sources/return-packet/return-packet/experiments/r5-run-004-sovereign-workspace/attempt2-literal-deny/outputs/summary.json,1825,cd9541351f44c935546014235aac5f6d6444550c13747a6cec8fcf00fd79130d,json,extracted-unique-text,02_derived/zip-text-search-corpus/files/cd/cd9541351f44c935546014235aac5f6d6444550c13747a6cec8fcf00fd79130d.json,,pre-rebuild-handoff,experiment-or-result
02_WORKSPACE_SNAPSHOT/Towow_A2A_Research_Handoff_Full_Archive_v1.0(1).zip,Towow_A2A_Research_Handoff_v1.0/full_archive/extracted_sources/return-packet/return-packet/experiments/r5-run-004-sovereign-workspace/attempt2-literal-deny/outputs/costs.json,259,e921485d8ed12790324bd2231d01e834c655431498c87327923d0851deafd9bc,json,extracted-unique-text,02_derived/zip-text-search-corpus/files/e9/e921485d8ed12790324bd2231d01e834c655431498c87327923d0851deafd9bc.json,,pre-rebuild-handoff,experiment-or-result
02_WORKSPACE_SNAPSHOT/Towow_A2A_Research_Handoff_Full_Archive_v1.0(1).zip,Towow_A2A_Research_Handoff_v1.0/full_archive/extracted_sources/return-packet/return-packet/experiments/r5-run-004-sovereign-workspace/run.json,6325,81942164700272f2150a746e059cd8552effaf2242b77c8065deeb8fe9d241da,json,extracted-unique-text,02_derived/zip-text-search-corpus/files/81/81942164700272f2150a746e059cd8552effaf2242b77c8065deeb8fe9d241da.json,,pre-rebuild-handoff,experiment-or-result
02_WORKSPACE_SNAPSHOT/Towow_A2A_Research_Handoff_Full_Archive_v1.0(1).zip,Towow_A2A_Research_Handoff_v1.0/full_archive/extracted_sources/return-packet/return-packet/independent_reviews/OPEN_REVIEW.md,2046,e09caf8be26591d6ed249032469d206f285287d0c999cc8ac5b35bc290700f5e,md,extracted-unique-text,02_derived/zip-text-search-corpus/files/e0/e09caf8be26591d6ed249032469d206f285287d0c999cc8ac5b35bc290700f5e.md,,pre-rebuild-handoff,interaction-or-review
02_WORKSPACE_SNAPSHOT/Towow_A2A_Research_Handoff_Full_Archive_v1.0(1).zip,Towow_A2A_Research_Handoff_v1.0/full_archive/extracted_sources/return-packet/return-packet/independent_reviews/OPEN_REVIEW_RESULT.json,1241,da363a7d4ac3b6408f8b800dea91cd7842e738440d80df5b19d11efe391df915,json,extracted-unique-text,02_derived/zip-text-search-corpus/files/da/da363a7d4ac3b6408f8b800dea91cd7842e738440d80df5b19d11efe391df915.json,,pre-rebuild-handoff,interaction-or-review
02_WORKSPACE_SNAPSHOT/Towow_A2A_Research_Handoff_Full_Archive_v1.0(1).zip,Towow_A2A_Research_Handoff_v1.0/full_archive/extracted_sources/return-packet/return-packet/independent_reviews/open_review_verifier.py,9963,fb6763bcef0c69dc172c6000b2bf87e0b49add9819e27996a0a50a82ce7b646a,py,extracted-unique-text,02_derived/zip-text-search-corpus/files/fb/fb6763bcef0c69dc172c6000b2bf87e0b49add9819e27996a0a50a82ce7b646a.py,,pre-rebuild-handoff,interaction-or-review
02_WORKSPACE_SNAPSHOT/Towow_A2A_Research_Handoff_Full_Archive_v1.0(1).zip,Towow_A2A_Research_Handoff_v1.0/full_archive/extracted_sources/Flowness-Harness-Cognitive-Engineering-v0.1(1)/Flowness-Harness-Cognitive-Engineering-v0.1/10-FlownessτÄ░τè╢µÿáσ░äΣ╕Äσìçτ║ºΦ╖»τ║┐.md,5665,fd09ee2e475568170add840b85e311759fd6d029d2b83665fc9b55793b34a8c4,md,extracted-unique-text,02_derived/zip-text-search-corpus/files/fd/fd09ee2e475568170add840b85e311759fd6d029d2b83665fc9b55793b34a8c4.md,,pre-rebuild-handoff,text-source
02_WORKSPACE_SNAPSHOT/Towow_A2A_Research_Handoff_Full_Archive_v1.0(1).zip,Towow_A2A_Research_Handoff_v1.0/full_archive/extracted_sources/Flowness-Harness-Cognitive-Engineering-v0.1(1)/Flowness-Harness-Cognitive-Engineering-v0.1/Flowness-Harness-Φ«ñτƒÑσ╖Ñτ¿ïµÇ╗µûçµíú-v0.1.md,104702,31403fde5285ce077dc0601738d48bf56872406b14145684d8a6bf0395cda536,md,extracted-unique-text,02_derived/zip-text-search-corpus/files/31/31403fde5285ce077dc0601738d48bf56872406b14145684d8a6bf0395cda536.md,,pre-rebuild-handoff,text-source
02_WORKSPACE_SNAPSHOT/Towow_A2A_Research_Handoff_Full_Archive_v1.0(1).zip,Towow_A2A_Research_Handoff_v1.0/full_archive/extracted_sources/Flowness-Harness-Cognitive-Engineering-v0.1(1)/Flowness-Harness-Cognitive-Engineering-v0.1/08-σ«₧µù╢Φ»¡Σ╣ëτ⌐║Θù┤Σ╕ÄΣ╕èΣ╕ïµûçτ╝ûΦ»æσÖ¿Φ«╛Φ«í.md,5714,7d504b914affb29ca2ba5fd65d45e4c63f3b82d5ce4a927ef0d3806c57140aea,md,extracted-unique-text,02_derived/zip-text-search-corpus/files/7d/7d504b914affb29ca2ba5fd65d45e4c63f3b82d5ce4a927ef0d3806c57140aea.md,,pre-rebuild-handoff,text-source
02_WORKSPACE_SNAPSHOT/Towow_A2A_Research_Handoff_Full_Archive_v1.0(1).zip,Towow_A2A_Research_Handoff_v1.0/full_archive/extracted_sources/Flowness-Harness-Cognitive-Engineering-v0.1(1)/Flowness-Harness-Cognitive-Engineering-v0.1/SOURCES.md,2819,2a045838675681b93cb85d75d4e240b3b9508ef763a0102fadfae0028cd84c97,md,extracted-unique-text,02_derived/zip-text-search-corpus/files/2a/2a045838675681b93cb85d75d4e240b3b9508ef763a0102fadfae0028cd84c97.md,,pre-rebuild-handoff,text-source
02_WORKSPACE_SNAPSHOT/Towow_A2A_Research_Handoff_Full_Archive_v1.0(1).zip,Towow_A2A_Research_Handoff_v1.0/full_archive/extracted_sources/Flowness-Harness-Cognitive-Engineering-v0.1(1)/Flowness-Harness-Cognitive-Engineering-v0.1/05-σ╖Ñτ¿ïσà▒Φ»åΣ╕ÄΣ╕èΣ╕ïµûçτ╝ûΦ»æΦºäΦîâ.md,4641,40389ed2f28cdde491c01a21fae18d5d95124eda86d8d4d81e3f2971e5633ad5,md,extracted-unique-text,02_derived/zip-text-search-corpus/files/40/40389ed2f28cdde491c01a21fae18d5d95124eda86d8d4d81e3f2971e5633ad5.md,,pre-rebuild-handoff,text-source
02_WORKSPACE_SNAPSHOT/Towow_A2A_Research_Handoff_Full_Archive_v1.0(1).zip,Towow_A2A_Research_Handoff_v1.0/full_archive/extracted_sources/Flowness-Harness-Cognitive-Engineering-v0.1(1)/Flowness-Harness-Cognitive-Engineering-v0.1/01-HarnessΦ«ñτƒÑσ╖Ñτ¿ïµÇ╗τ║▓.md,7137,c63c80dc4ef11b34977d69644199d49b5d810bb1a3a57c617ce6a933e1921cd8,md,extracted-unique-text,02_derived/zip-text-search-corpus/files/c6/c63c80dc4ef11b34977d69644199d49b5d810bb1a3a57c617ce6a933e1921cd8.md,,pre-rebuild-handoff,text-source
02_WORKSPACE_SNAPSHOT/Towow_A2A_Research_Handoff_Full_Archive_v1.0(1).zip,Towow_A2A_Research_Handoff_v1.0/full_archive/extracted_sources/Flowness-Harness-Cognitive-Engineering-v0.1(1)/Flowness-Harness-Cognitive-Engineering-v0.1/06-Φ«íσêÆµëºΦíîσ«íµƒÑΣ┐«σñìΘù¡τÄ»ΦºäΦîâ.md,4513,0103f507d3fa7bb0e0123557f6e75c4c7be1f0b21293f25cc7919155c92d5b8d,md,extracted-unique-text,02_derived/zip-text-search-corpus/files/01/0103f507d3fa7bb0e0123557f6e75c4c7be1f0b21293f25cc7919155c92d5b8d.md,,pre-rebuild-handoff,text-source
02_WORKSPACE_SNAPSHOT/Towow_A2A_Research_Handoff_Full_Archive_v1.0(1).zip,Towow_A2A_Research_Handoff_v1.0/full_archive/extracted_sources/Flowness-Harness-Cognitive-Engineering-v0.1(1)/Flowness-Harness-Cognitive-Engineering-v0.1/CHANGELOG.md,540,af2973337dd2640ddd276e3d811db26f965cbf0e1222ec325396312a29a89a0f,md,extracted-unique-text,02_derived/zip-text-search-corpus/files/af/af2973337dd2640ddd276e3d811db26f965cbf0e1222ec325396312a29a89a0f.md,,pre-rebuild-handoff,text-source
02_WORKSPACE_SNAPSHOT/Towow_A2A_Research_Handoff_Full_Archive_v1.0(1).zip,Towow_A2A_Research_Handoff_v1.0/full_archive/extracted_sources/Flowness-Harness-Cognitive-Engineering-v0.1(1)/Flowness-Harness-Cognitive-Engineering-v0.1/ROADMAP.md,2157,9541da3d2870b29d18c07a5af7549338f8fe203b735a2843c82e97a3e25a85e3,md,extracted-unique-text,02_derived/zip-text-search-corpus/files/95/9541da3d2870b29d18c07a5af7549338f8fe203b735a2843c82e97a3e25a85e3.md,,pre-rebuild-handoff,research-program
02_WORKSPACE_SNAPSHOT/Towow_A2A_Research_Handoff_Full_Archive_v1.0(1).zip,Towow_A2A_Research_Handoff_v1.0/full_archive/extracted_sources/Flowness-Harness-Cognitive-Engineering-v0.1(1)/Flowness-Harness-Cognitive-Engineering-v0.1/07-Φ»üµì«Θ¬îΦ»üσÖ¿Φ┐╜µ║»Σ╕ÄσÅÿµ¢┤µ╢ƒµ╝¬ΦºäΦîâ.md,4576,be447b4c59322f28309933a094cfde7564ee5b99c2061174841de100b9c2e1e4,md,extracted-unique-text,02_derived/zip-text-search-corpus/files/be/be447b4c59322f28309933a094cfde7564ee5b99c2061174841de100b9c2e1e4.md,,pre-rebuild-handoff,text-source
02_WORKSPACE_SNAPSHOT/Towow_A2A_Research_Handoff_Full_Archive_v1.0(1).zip,Towow_A2A_Research_Handoff_v1.0/full_archive/extracted_sources/Flowness-Harness-Cognitive-Engineering-v0.1(1)/Flowness-Harness-Cognitive-Engineering-v0.1/12-Φ╖¿Θóåσƒƒµë⌐σ▒òΣ╕ÄΣ╝üΣ╕Üµö╣Θ¥⌐Φ╛╣τòî.md,2770,24f71fbede6ef9e49986905c5492412807c5d97ebe9cfd94a43435c478b59da3,md,extracted-unique-text,02_derived/zip-text-search-corpus/files/24/24f71fbede6ef9e49986905c5492412807c5d97ebe9cfd94a43435c478b59da3.md,,pre-rebuild-handoff,text-source
02_WORKSPACE_SNAPSHOT/Towow_A2A_Research_Handoff_Full_Archive_v1.0(1).zip,Towow_A2A_Research_Handoff_v1.0/full_archive/extracted_sources/Flowness-Harness-Cognitive-Engineering-v0.1(1)/Flowness-Harness-Cognitive-Engineering-v0.1/04-σ╖Ñτ¿ïµû╣µíêτ│╗τ╗ƒΦºäΦîâ.md,5591,c5350b61dad13f7ca17c7689b70329b9cacc39863995ec7ce60b36398dce0929,md,extracted-unique-text,02_derived/zip-text-search-corpus/files/c5/c5350b61dad13f7ca17c7689b70329b9cacc39863995ec7ce60b36398dce0929.md,,pre-rebuild-handoff,text-source
02_WORKSPACE_SNAPSHOT/Towow_A2A_Research_Handoff_Full_Archive_v1.0(1).zip,Towow_A2A_Research_Handoff_v1.0/full_archive/extracted_sources/Flowness-Harness-Cognitive-Engineering-v0.1(1)/Flowness-Harness-Cognitive-Engineering-v0.1/00-σ»╝Φê¬Σ╕ÄΣ╜┐τö¿Φ»┤µÿÄ.md,4654,c1b032cdbce4e881f3cc294e970f3d88752db151a64d8be371505f84d3747b98,md,extracted-unique-text,02_derived/zip-text-search-corpus/files/c1/c1b032cdbce4e881f3cc294e970f3d88752db151a64d8be371505f84d3747b98.md,,pre-rebuild-handoff,text-source
02_WORKSPACE_SNAPSHOT/Towow_A2A_Research_Handoff_Full_Archive_v1.0(1).zip,Towow_A2A_Research_Handoff_v1.0/full_archive/extracted_sources/Flowness-Harness-Cognitive-Engineering-v0.1(1)/Flowness-Harness-Cognitive-Engineering-v0.1/02-Θù«Θóÿσ╗║µ¿íΣ╕ÄΘççΦ«┐τ│╗τ╗ƒΦºäΦîâ.md,5510,785a235742c778d23c6ca2db5406c50d76e8b62d886456da58e4fece7640a489,md,extracted-unique-text,02_derived/zip-text-search-corpus/files/78/785a235742c778d23c6ca2db5406c50d76e8b62d886456da58e4fece7640a489.md,,pre-rebuild-handoff,text-source
02_WORKSPACE_SNAPSHOT/Towow_A2A_Research_Handoff_Full_Archive_v1.0(1).zip,Towow_A2A_Research_Handoff_v1.0/full_archive/extracted_sources/Flowness-Harness-Cognitive-Engineering-v0.1(1)/Flowness-Harness-Cognitive-Engineering-v0.1/13-Θÿ┐ΘçîΣ║æτ½»σê░τ½»2.0σ»╣τàºτáöτ⌐╢.md,3938,53a4b53d741be059ea3b7a0e909ee01e3b212f58fd91205f8ee9fceaa6b312ee,md,extracted-unique-text,02_derived/zip-text-search-corpus/files/53/53a4b53d741be059ea3b7a0e909ee01e3b212f58fd91205f8ee9fceaa6b312ee.md,,pre-rebuild-handoff,text-source
02_WORKSPACE_SNAPSHOT/Towow_A2A_Research_Handoff_Full_Archive_v1.0(1).zip,Towow_A2A_Research_Handoff_v1.0/full_archive/extracted_sources/Flowness-Harness-Cognitive-Engineering-v0.1(1)/Flowness-Harness-Cognitive-Engineering-v0.1/11-σ«₧µû╜Φ╛╣τòîτëêµ£¼µ▓╗τÉåΣ╕ÄτöƒΣ║ºµ╝öΦ┐¢σÅîΦ╜¿.md,3844,033a814c72d1ffcd62f150044b58cbdeb3fd5754a89831ae1d7e990f7b0fa25e,md,extracted-unique-text,02_derived/zip-text-search-corpus/files/03/033a814c72d1ffcd62f150044b58cbdeb3fd5754a89831ae1d7e990f7b0fa25e.md,,pre-rebuild-handoff,text-source
02_WORKSPACE_SNAPSHOT/Towow_A2A_Research_Handoff_Full_Archive_v1.0(1).zip,Towow_A2A_Research_Handoff_v1.0/full_archive/extracted_sources/Flowness-Harness-Cognitive-Engineering-v0.1(1)/Flowness-Harness-Cognitive-Engineering-v0.1/03-Φ«╛Φ«íτ│╗τ╗ƒΦºäΦîâ.md,7398,e79b60f3797b4797cf934c0e25261d6dceccb7b1704f98bc625f863c6dcf3540,md,extracted-unique-text,02_derived/zip-text-search-corpus/files/e7/e79b60f3797b4797cf934c0e25261d6dceccb7b1704f98bc625f863c6dcf3540.md,,pre-rebuild-handoff,text-source
02_WORKSPACE_SNAPSHOT/Towow_A2A_Research_Handoff_Full_Archive_v1.0(1).zip,Towow_A2A_Research_Handoff_v1.0/full_archive/extracted_sources/Flowness-Harness-Cognitive-Engineering-v0.1(1)/Flowness-Harness-Cognitive-Engineering-v0.1/README.md,2238,ebd265993092672558ebec96b793ed717afab91448aad0259a5c2582218d5312,md,extracted-unique-text,02_derived/zip-text-search-corpus/files/eb/ebd265993092672558ebec96b793ed717afab91448aad0259a5c2582218d5312.md,,pre-rebuild-handoff,orientation
02_WORKSPACE_SNAPSHOT/Towow_A2A_Research_Handoff_Full_Archive_v1.0(1).zip,Towow_A2A_Research_Handoff_v1.0/full_archive/extracted_sources/Flowness-Harness-Cognitive-Engineering-v0.1(1)/Flowness-Harness-Cognitive-Engineering-v0.1/09-AgentΦíîΣ╕║τ«ùµ│òσîûΣ╕ÄTraceµ▓╗τÉå.md,4426,3ef50c136e7c49ea9b96651dd2fb205a36ae201a69b6e054dbf7f405cb0e90bd,md,extracted-unique-text,02_derived/zip-text-search-corpus/files/3e/3ef50c136e7c49ea9b96651dd2fb205a36ae201a69b6e054dbf7f405cb0e90bd.md,,pre-rebuild-handoff,experiment-or-result
02_WORKSPACE_SNAPSHOT/Towow_A2A_Research_Handoff_Full_Archive_v1.0(1).zip,Towow_A2A_Research_Handoff_v1.0/full_archive/extracted_sources/Flowness-Harness-Cognitive-Engineering-v0.1(1)/Flowness-Harness-Cognitive-Engineering-v0.1/14-µ£»Φ»¡Φí¿Σ╕Äσ»╣Φ▒íτ¢«σ╜ò.md,3101,08a98c093fa49ba4d5a7f266c87ab6b7da013000b50bf5e9252bc1db44d31ef6,md,extracted-unique-text,02_derived/zip-text-search-corpus/files/08/08a98c093fa49ba4d5a7f266c87ab6b7da013000b50bf5e9252bc1db44d31ef6.md,,pre-rebuild-handoff,text-source
02_WORKSPACE_SNAPSHOT/Towow_A2A_Research_Handoff_Full_Archive_v1.0(1).zip,Towow_A2A_Research_Handoff_v1.0/full_archive/extracted_sources/Flowness-Harness-Cognitive-Engineering-v0.1(1)/Flowness-Harness-Cognitive-Engineering-v0.1/MANIFEST.txt,3174,bed42f3260d264bbd18a9c95816b8a0bfdf7e05a32e5294e0e086d13527e14b4,txt,extracted-unique-text,02_derived/zip-text-search-corpus/files/be/bed42f3260d264bbd18a9c95816b8a0bfdf7e05a32e5294e0e086d13527e14b4.txt,,pre-rebuild-handoff,manifest
02_WORKSPACE_SNAPSHOT/Towow_A2A_Research_Handoff_Full_Archive_v1.0(1).zip,Towow_A2A_Research_Handoff_v1.0/full_archive/extracted_sources/Flowness-Harness-Cognitive-Engineering-v0.1(1)/Flowness-Harness-Cognitive-Engineering-v0.1/schemas/validators-catalog.yaml,1697,76128a8e2778aeb28c19a40f170279cc7d36df1cc0a4704a52ffef5290813a25,yaml,extracted-unique-text,02_derived/zip-text-search-corpus/files/76/76128a8e2778aeb28c19a40f170279cc7d36df1cc0a4704a52ffef5290813a25.yaml,,pre-rebuild-handoff,specification-or-protocol
02_WORKSPACE_SNAPSHOT/Towow_A2A_Research_Handoff_Full_Archive_v1.0(1).zip,Towow_A2A_Research_Handoff_v1.0/full_archive/extracted_sources/Flowness-Harness-Cognitive-Engineering-v0.1(1)/Flowness-Harness-Cognitive-Engineering-v0.1/schemas/design-ir.example.yaml,2427,10039b417404d58e9c27e5b0b92f7b823f34342a3a606b4a094d2a18eafca403,yaml,extracted-unique-text,02_derived/zip-text-search-corpus/files/10/10039b417404d58e9c27e5b0b92f7b823f34342a3a606b4a094d2a18eafca403.yaml,,pre-rebuild-handoff,specification-or-protocol
02_WORKSPACE_SNAPSHOT/Towow_A2A_Research_Handoff_Full_Archive_v1.0(1).zip,Towow_A2A_Research_Handoff_v1.0/full_archive/extracted_sources/Flowness-Harness-Cognitive-Engineering-v0.1(1)/Flowness-Harness-Cognitive-Engineering-v0.1/schemas/problem-ir.example.yaml,1739,6d8c5628e638c9f0f4044cff6fe1e23086cf59b6b4b8bab750002d86df3e9250,yaml,extracted-unique-text,02_derived/zip-text-search-corpus/files/6d/6d8c5628e638c9f0f4044cff6fe1e23086cf59b6b4b8bab750002d86df3e9250.yaml,,pre-rebuild-handoff,specification-or-protocol
02_WORKSPACE_SNAPSHOT/Towow_A2A_Research_Handoff_Full_Archive_v1.0(1).zip,Towow_A2A_Research_Handoff_v1.0/full_archive/extracted_sources/Flowness-Harness-Cognitive-Engineering-v0.1(1)/Flowness-Harness-Cognitive-Engineering-v0.1/schemas/engineering-ir.example.yaml,1899,9767ef09e56ce870e9f1fb3f652b0daaba69669ff7e8550f37fcd7afb126b3b2,yaml,extracted-unique-text,02_derived/zip-text-search-corpus/files/97/9767ef09e56ce870e9f1fb3f652b0daaba69669ff7e8550f37fcd7afb126b3b2.yaml,,pre-rebuild-handoff,specification-or-protocol
02_WORKSPACE_SNAPSHOT/Towow_A2A_Research_Handoff_Full_Archive_v1.0(1).zip,Towow_A2A_Research_Handoff_v1.0/full_archive/extracted_sources/Flowness-Harness-Cognitive-Engineering-v0.1(1)/Flowness-Harness-Cognitive-Engineering-v0.1/schemas/consensus-capsule.example.yaml,1214,47e3e8ed14c59653af64adb7357748f62369166ab6892ce6984f1b7099ed5801,yaml,extracted-unique-text,02_derived/zip-text-search-corpus/files/47/47e3e8ed14c59653af64adb7357748f62369166ab6892ce6984f1b7099ed5801.yaml,,pre-rebuild-handoff,specification-or-protocol
02_WORKSPACE_SNAPSHOT/Towow_A2A_Research_Handoff_Full_Archive_v1.0(1).zip,Towow_A2A_Research_Handoff_v1.0/full_archive/extracted_sources/Flowness-Harness-Cognitive-Engineering-v0.1(1)/Flowness-Harness-Cognitive-Engineering-v0.1/schemas/finding-reflow.example.yaml,969,f95bd68e524281053e567c9f8124b3ac5244dbb87ddccdcd3f99980d3c31a917,yaml,extracted-unique-text,02_derived/zip-text-search-corpus/files/f9/f95bd68e524281053e567c9f8124b3ac5244dbb87ddccdcd3f99980d3c31a917.yaml,,pre-rebuild-handoff,specification-or-protocol
02_WORKSPACE_SNAPSHOT/Towow_A2A_Research_Handoff_Full_Archive_v1.0(1).zip,Towow_A2A_Research_Handoff_v1.0/full_archive/extracted_sources/Flowness-Harness-Cognitive-Engineering-v0.1(1)/Flowness-Harness-Cognitive-Engineering-v0.1/appendices/D-τÖ╛Σ╕çΦíîΣ╗úτáüΘçìµ₧äΦ╡äµá╝σ«íµƒÑ.md,2857,687bad2173d9bfc7ae0d6b37f5bf32c6a629b4179da44e6ff470c83910f04ae4,md,extracted-unique-text,02_derived/zip-text-search-corpus/files/68/687bad2173d9bfc7ae0d6b37f5bf32c6a629b4179da44e6ff470c83910f04ae4.md,,pre-rebuild-handoff,text-source
02_WORKSPACE_SNAPSHOT/Towow_A2A_Research_Handoff_Full_Archive_v1.0(1).zip,Towow_A2A_Research_Handoff_v1.0/full_archive/extracted_sources/Flowness-Harness-Cognitive-Engineering-v0.1(1)/Flowness-Harness-Cognitive-Engineering-v0.1/appendices/B-Φ«╛Φ«íΦ»äσ«íµö╗σç╗µëïσåî.md,3623,729e440bb444e104b31ae0e45c6ecc67f41d29039b5b6fefbac4bc83d40c6013,md,extracted-unique-text,02_derived/zip-text-search-corpus/files/72/729e440bb444e104b31ae0e45c6ecc67f41d29039b5b6fefbac4bc83d40c6013.md,,pre-rebuild-handoff,text-source
02_WORKSPACE_SNAPSHOT/Towow_A2A_Research_Handoff_Full_Archive_v1.0(1).zip,Towow_A2A_Research_Handoff_v1.0/full_archive/extracted_sources/Flowness-Harness-Cognitive-Engineering-v0.1(1)/Flowness-Harness-Cognitive-Engineering-v0.1/appendices/E-σñûΘâ¿Φ╡äµûÖσìíΣ╕Äµ▒çσÉêσìÅΦ««.md,1849,0aa128acdcc6a9387718044705458d51854c2ff7c1da2d8f13e8e16f7aac2334,md,extracted-unique-text,02_derived/zip-text-search-corpus/files/0a/0aa128acdcc6a9387718044705458d51854c2ff7c1da2d8f13e8e16f7aac2334.md,,pre-rebuild-handoff,text-source
02_WORKSPACE_SNAPSHOT/Towow_A2A_Research_Handoff_Full_Archive_v1.0(1).zip,Towow_A2A_Research_Handoff_v1.0/full_archive/extracted_sources/Flowness-Harness-Cognitive-Engineering-v0.1(1)/Flowness-Harness-Cognitive-Engineering-v0.1/appendices/A-Θÿ╢µ«╡σÉêσÉîΣ╕ÄΘ¬îµö╢µ¿íµ¥┐.md,4680,28bfc7cdb5130a31eb55d8a4d097cad8e853725b9a3db51a7199821f881f86bc,md,extracted-unique-text,02_derived/zip-text-search-corpus/files/28/28bfc7cdb5130a31eb55d8a4d097cad8e853725b9a3db51a7199821f881f86bc.md,,pre-rebuild-handoff,text-source
02_WORKSPACE_SNAPSHOT/Towow_A2A_Research_Handoff_Full_Archive_v1.0(1).zip,Towow_A2A_Research_Handoff_v1.0/full_archive/extracted_sources/Flowness-Harness-Cognitive-Engineering-v0.1(1)/Flowness-Harness-Cognitive-Engineering-v0.1/appendices/F-σ╖Ñτ¿ïΦ┤ƒΦ┤úΣ║║Φâ╜σè¢Σ╕ÄΦ┤úΣ╗╗Φ╛╣τòî.md,2611,349378b83dc3bf7a50ab4d944b8a3b5a5e2ea0e525c9b10b26370a4f345a4d77,md,extracted-unique-text,02_derived/zip-text-search-corpus/files/34/349378b83dc3bf7a50ab4d944b8a3b5a5e2ea0e525c9b10b26370a4f345a4d77.md,,pre-rebuild-handoff,text-source
02_WORKSPACE_SNAPSHOT/Towow_A2A_Research_Handoff_Full_Archive_v1.0(1).zip,Towow_A2A_Research_Handoff_v1.0/full_archive/extracted_sources/Flowness-Harness-Cognitive-Engineering-v0.1(1)/Flowness-Harness-Cognitive-Engineering-v0.1/appendices/G-σ╝Çµö╛Θù«ΘóÿΣ╕Äτáöτ⌐╢Φ««τ¿ï.md,2978,6738409612040350d298a09c18422b15df8b74e83ed845c3f8fa5d331e03a7bf,md,extracted-unique-text,02_derived/zip-text-search-corpus/files/67/6738409612040350d298a09c18422b15df8b74e83ed845c3f8fa5d331e03a7bf.md,,pre-rebuild-handoff,text-source
02_WORKSPACE_SNAPSHOT/Towow_A2A_Research_Handoff_Full_Archive_v1.0(1).zip,Towow_A2A_Research_Handoff_v1.0/full_archive/extracted_sources/Flowness-Harness-Cognitive-Engineering-v0.1(1)/Flowness-Harness-Cognitive-Engineering-v0.1/appendices/C-σ╖Ñτ¿ïµû╣µíêσ«íµƒÑµ╕àσìò.md,3166,bab5282162fa9b7951ef0408dbe7a065fc8bf407fe82ca4a0a471567e5b69a14,md,extracted-unique-text,02_derived/zip-text-search-corpus/files/ba/bab5282162fa9b7951ef0408dbe7a065fc8bf407fe82ca4a0a471567e5b69a14.md,,pre-rebuild-handoff,text-source
02_WORKSPACE_SNAPSHOT/Towow_A2A_Research_Handoff_Full_Archive_v1.0(1).zip,Towow_A2A_Research_Handoff_v1.0/full_archive/extracted_sources/ΘÇÜτê╗σìÅΦ«« Φ«╛Φ«íΦ»¡µûÖσ║ô v1.5 τ╗êσîà/towow-protocol-design-pack-v1/00A-ΘÇÜτê╗σìÅΦ««_σåàΘâ¿σìÅΦ««Σ╕Äσ╖Ñτ¿ïΦô¥σ¢╛_v1.0.md,35553,25350d6d0261daacd72fba43fb05c46a7dce628e990efaeba8852fa6ad0d9253,md,extracted-unique-text,02_derived/zip-text-search-corpus/files/25/25350d6d0261daacd72fba43fb05c46a7dce628e990efaeba8852fa6ad0d9253.md,,pre-rebuild-handoff,specification-or-protocol
02_WORKSPACE_SNAPSHOT/Towow_A2A_Research_Handoff_Full_Archive_v1.0(1).zip,Towow_A2A_Research_Handoff_v1.0/full_archive/extracted_sources/ΘÇÜτê╗σìÅΦ«« Φ«╛Φ«íΦ»¡µûÖσ║ô v1.5 τ╗êσîà/towow-protocol-design-pack-v1/05-τöƒµêÉσô▓σ¡ª_µû╣µíêσì│σÉ»Φ┐¬.md,5985,7abf8a55de07f1a827f623473a1e324048f310d2b527f9cf942e6cd0421cbe26,md,extracted-unique-text,02_derived/zip-text-search-corpus/files/7a/7abf8a55de07f1a827f623473a1e324048f310d2b527f9cf942e6cd0421cbe26.md,,pre-rebuild-handoff,specification-or-protocol
02_WORKSPACE_SNAPSHOT/Towow_A2A_Research_Handoff_Full_Archive_v1.0(1).zip,Towow_A2A_Research_Handoff_v1.0/full_archive/extracted_sources/ΘÇÜτê╗σìÅΦ«« Φ«╛Φ«íΦ»¡µûÖσ║ô v1.5 τ╗êσîà/towow-protocol-design-pack-v1/14-B4-2_µëºΦíîΘÇéΘàìσÖ¿Φºäµá╝.md,4928,c86b81e0b267b4041ab6187e8e4e3dc7452d23a326d3effc0a45d956b6c5e5a5,md,extracted-unique-text,02_derived/zip-text-search-corpus/files/c8/c86b81e0b267b4041ab6187e8e4e3dc7452d23a326d3effc0a45d956b6c5e5a5.md,,pre-rebuild-handoff,specification-or-protocol
02_WORKSPACE_SNAPSHOT/Towow_A2A_Research_Handoff_Full_Archive_v1.0(1).zip,Towow_A2A_Research_Handoff_v1.0/full_archive/extracted_sources/ΘÇÜτê╗σìÅΦ«« Φ«╛Φ«íΦ»¡µûÖσ║ô v1.5 τ╗êσîà/towow-protocol-design-pack-v1/23-σÅúσ╛äσÉîµ¡Ñσ«íΦ«íΣ╕Äσ»╣Θ╜Éσ▒é_v1.0.md,5361,e394fac301536e02bd16a5d200dad902d26f0da425dec6c4503b0b163dbd6cae,md,extracted-unique-text,02_derived/zip-text-search-corpus/files/e3/e394fac301536e02bd16a5d200dad902d26f0da425dec6c4503b0b163dbd6cae.md,,pre-rebuild-handoff,specification-or-protocol
02_WORKSPACE_SNAPSHOT/Towow_A2A_Research_Handoff_Full_Archive_v1.0(1).zip,Towow_A2A_Research_Handoff_v1.0/full_archive/extracted_sources/ΘÇÜτê╗σìÅΦ«« Φ«╛Φ«íΦ»¡µûÖσ║ô v1.5 τ╗êσîà/towow-protocol-design-pack-v1/07-IF-2_NACΣ┐íσÅ╖µá╝σ╝ÅΦºäµá╝.md,6256,1bee81eadab65cd46822a8c1b049d207c3e4bcfe60aff1523182983f7658dd34,md,extracted-unique-text,02_derived/zip-text-search-corpus/files/1b/1bee81eadab65cd46822a8c1b049d207c3e4bcfe60aff1523182983f7658dd34.md,,pre-rebuild-handoff,specification-or-protocol
02_WORKSPACE_SNAPSHOT/Towow_A2A_Research_Handoff_Full_Archive_v1.0(1).zip,Towow_A2A_Research_Handoff_v1.0/full_archive/extracted_sources/ΘÇÜτê╗σìÅΦ«« Φ«╛Φ«íΦ»¡µûÖσ║ô v1.5 τ╗êσîà/towow-protocol-design-pack-v1/22-B7_σ«₧Θ¬îΦºäµá╝.md,4589,2b8e039b222ef710247f5db108ba7611ebe77351ae4d7c774af7c2f14fb032ce,md,extracted-unique-text,02_derived/zip-text-search-corpus/files/2b/2b8e039b222ef710247f5db108ba7611ebe77351ae4d7c774af7c2f14fb032ce.md,,pre-rebuild-handoff,specification-or-protocol
02_WORKSPACE_SNAPSHOT/Towow_A2A_Research_Handoff_Full_Archive_v1.0(1).zip,Towow_A2A_Research_Handoff_v1.0/full_archive/extracted_sources/ΘÇÜτê╗σìÅΦ«« Φ«╛Φ«íΦ»¡µûÖσ║ô v1.5 τ╗êσîà/towow-protocol-design-pack-v1/08-IF-3_τ«ùσ¡ÉσÑæτ║ªΦºäµá╝.md,6100,8009b774549f8c2729b45f6bf7245e8910c473dd3d67388ec866fe55ba88f10e,md,extracted-unique-text,02_derived/zip-text-search-corpus/files/80/8009b774549f8c2729b45f6bf7245e8910c473dd3d67388ec866fe55ba88f10e.md,,pre-rebuild-handoff,specification-or-protocol
02_WORKSPACE_SNAPSHOT/Towow_A2A_Research_Handoff_Full_Archive_v1.0(1).zip,Towow_A2A_Research_Handoff_v1.0/full_archive/extracted_sources/ΘÇÜτê╗σìÅΦ«« Φ«╛Φ«íΦ»¡µûÖσ║ô v1.5 τ╗êσîà/towow-protocol-design-pack-v1/02-µÇ╗Σ╜ôΦ«╛Φ«íΣ╣ª_v1.2.md,37779,4a45ede13e689f6ad042541a929bfe00eaf67a021689327151bfe4f6974cb9a1,md,extracted-unique-text,02_derived/zip-text-search-corpus/files/4a/4a45ede13e689f6ad042541a929bfe00eaf67a021689327151bfe4f6974cb9a1.md,,pre-rebuild-handoff,specification-or-protocol
02_WORKSPACE_SNAPSHOT/Towow_A2A_Research_Handoff_Full_Archive_v1.0(1).zip,Towow_A2A_Research_Handoff_v1.0/full_archive/extracted_sources/ΘÇÜτê╗σìÅΦ«« Φ«╛Φ«íΦ»¡µûÖσ║ô v1.5 τ╗êσîà/towow-protocol-design-pack-v1/21-B5-M5_Φ┐¢σîûτÄ»Φ»ªΦ«╛.md,5732,c3e07718cc6aa528b018e226a8370ff74e784000f2cb4dfe5d4ee8c7255a300f,md,extracted-unique-text,02_derived/zip-text-search-corpus/files/c3/c3e07718cc6aa528b018e226a8370ff74e784000f2cb4dfe5d4ee8c7255a300f.md,,pre-rebuild-handoff,specification-or-protocol
02_WORKSPACE_SNAPSHOT/Towow_A2A_Research_Handoff_Full_Archive_v1.0(1).zip,Towow_A2A_Research_Handoff_v1.0/full_archive/extracted_sources/ΘÇÜτê╗σìÅΦ«« Φ«╛Φ«íΦ»¡µûÖσ║ô v1.5 τ╗êσîà/towow-protocol-design-pack-v1/24-µ╡ïΦ»òΣ╕ÄΦ»èµû¡Φºäµá╝_v1.0.md,8855,1ab7f98af3b3a7fc4ed0905726e687054261e528e9b406428e0f3c299772c2f8,md,extracted-unique-text,02_derived/zip-text-search-corpus/files/1a/1ab7f98af3b3a7fc4ed0905726e687054261e528e9b406428e0f3c299772c2f8.md,,pre-rebuild-handoff,specification-or-protocol
02_WORKSPACE_SNAPSHOT/Towow_A2A_Research_Handoff_Full_Archive_v1.0(1).zip,Towow_A2A_Research_Handoff_v1.0/full_archive/extracted_sources/ΘÇÜτê╗σìÅΦ«« Φ«╛Φ«íΦ»¡µûÖσ║ô v1.5 τ╗êσîà/towow-protocol-design-pack-v1/18-B5-M4_τöƒµêÉτ╗ôµÖ╢σ▒éΦ»ªΦ«╛.md,6495,a251e33e29fcd62e04832f06da402e6f61f85ba13dc2698a4a901723c936c397,md,extracted-unique-text,02_derived/zip-text-search-corpus/files/a2/a251e33e29fcd62e04832f06da402e6f61f85ba13dc2698a4a901723c936c397.md,,pre-rebuild-handoff,specification-or-protocol
02_WORKSPACE_SNAPSHOT/Towow_A2A_Research_Handoff_Full_Archive_v1.0(1).zip,Towow_A2A_Research_Handoff_v1.0/full_archive/extracted_sources/ΘÇÜτê╗σìÅΦ«« Φ«╛Φ«íΦ»¡µûÖσ║ô v1.5 τ╗êσîà/towow-protocol-design-pack-v1/26-σ╛àΦ«¿Φ«║Φ««Θóÿσåî_v1.0.md,12185,093df53ac7631bbef3f6316a1a098b4254120a48806f4129839a061358fddabe,md,extracted-unique-text,02_derived/zip-text-search-corpus/files/09/093df53ac7631bbef3f6316a1a098b4254120a48806f4129839a061358fddabe.md,,pre-rebuild-handoff,specification-or-protocol
02_WORKSPACE_SNAPSHOT/Towow_A2A_Research_Handoff_Full_Archive_v1.0(1).zip,Towow_A2A_Research_Handoff_v1.0/full_archive/extracted_sources/ΘÇÜτê╗σìÅΦ«« Φ«╛Φ«íΦ»¡µûÖσ║ô v1.5 τ╗êσîà/towow-protocol-design-pack-v1/09-Φ«╛Φ«íσ╖ÑΣ╜£µ╡ü_µû╣µ│òΦ«║Σ╕ÄΘÿƒσêù.md,4820,25052bf414cafcac9981cd576c9b93222bb343e411ce424002fca679498b696d,md,extracted-unique-text,02_derived/zip-text-search-corpus/files/25/25052bf414cafcac9981cd576c9b93222bb343e411ce424002fca679498b696d.md,,pre-rebuild-handoff,specification-or-protocol
02_WORKSPACE_SNAPSHOT/Towow_A2A_Research_Handoff_Full_Archive_v1.0(1).zip,Towow_A2A_Research_Handoff_v1.0/full_archive/extracted_sources/ΘÇÜτê╗σìÅΦ«« Φ«╛Φ«íΦ»¡µûÖσ║ô v1.5 τ╗êσîà/towow-protocol-design-pack-v1/17-B5-M3_Σ╝áµÆ¡µè½Θ£▓σ▒éΦ»ªΦ«╛.md,6730,fbb6924750e5768894599ce90720599b98740c2fbac07d386d0396c598076a38,md,extracted-unique-text,02_derived/zip-text-search-corpus/files/fb/fbb6924750e5768894599ce90720599b98740c2fbac07d386d0396c598076a38.md,,pre-rebuild-handoff,specification-or-protocol
02_WORKSPACE_SNAPSHOT/Towow_A2A_Research_Handoff_Full_Archive_v1.0(1).zip,Towow_A2A_Research_Handoff_v1.0/full_archive/extracted_sources/ΘÇÜτê╗σìÅΦ«« Φ«╛Φ«íΦ»¡µûÖσ║ô v1.5 τ╗êσîà/towow-protocol-design-pack-v1/04-σñçσ┐ÿ_µäÅσ¢╛Φ╛ôσàÑσ▒éΣ║öµ£║σê╢.md,4765,f1b29232d6f931eb29c1ff7fceb6883149e717b25077b1dddd20595c013ab9f8,md,extracted-unique-text,02_derived/zip-text-search-corpus/files/f1/f1b29232d6f931eb29c1ff7fceb6883149e717b25077b1dddd20595c013ab9f8.md,,pre-rebuild-handoff,specification-or-protocol
02_WORKSPACE_SNAPSHOT/Towow_A2A_Research_Handoff_Full_Archive_v1.0(1).zip,Towow_A2A_Research_Handoff_v1.0/full_archive/extracted_sources/ΘÇÜτê╗σìÅΦ«« Φ«╛Φ«íΦ»¡µûÖσ║ô v1.5 τ╗êσîà/towow-protocol-design-pack-v1/20-B5-M2_Σ╗úµò░harnessσ▒éΦ»ªΦ«╛.md,4886,d044f630456fc8fbb4ebdb1c55ca9ad7c4f5db08266b922ba8739f3cce7506ad,md,extracted-unique-text,02_derived/zip-text-search-corpus/files/d0/d044f630456fc8fbb4ebdb1c55ca9ad7c4f5db08266b922ba8739f3cce7506ad.md,,pre-rebuild-handoff,specification-or-protocol
02_WORKSPACE_SNAPSHOT/Towow_A2A_Research_Handoff_Full_Archive_v1.0(1).zip,Towow_A2A_Research_Handoff_v1.0/full_archive/extracted_sources/ΘÇÜτê╗σìÅΦ«« Φ«╛Φ«íΦ»¡µûÖσ║ô v1.5 τ╗êσîà/towow-protocol-design-pack-v1/06-IF-1_σ¢¢σè¿Φ»ìµÄÑσÅúΦºäµá╝.md,11073,4d7938d7f69857ac0b3f16df327030047147b8c895b2a755cdfc79c2a31fa670,md,extracted-unique-text,02_derived/zip-text-search-corpus/files/4d/4d7938d7f69857ac0b3f16df327030047147b8c895b2a755cdfc79c2a31fa670.md,,pre-rebuild-handoff,specification-or-protocol
02_WORKSPACE_SNAPSHOT/Towow_A2A_Research_Handoff_Full_Archive_v1.0(1).zip,Towow_A2A_Research_Handoff_v1.0/full_archive/extracted_sources/ΘÇÜτê╗σìÅΦ«« Φ«╛Φ«íΦ»¡µûÖσ║ô v1.5 τ╗êσîà/towow-protocol-design-pack-v1/19-B5-M1_σà¿σ▒ÇΣ┐íσÅ╖σ▒éΦ»ªΦ«╛.md,6155,5a52813b628188b1e75137b8b922935e4d4ddbe0049ecf5421d382d6ee2dc5b8,md,extracted-unique-text,02_derived/zip-text-search-corpus/files/5a/5a52813b628188b1e75137b8b922935e4d4ddbe0049ecf5421d382d6ee2dc5b8.md,,pre-rebuild-handoff,specification-or-protocol
02_WORKSPACE_SNAPSHOT/Towow_A2A_Research_Handoff_Full_Archive_v1.0(1).zip,Towow_A2A_Research_Handoff_v1.0/full_archive/extracted_sources/ΘÇÜτê╗σìÅΦ«« Φ«╛Φ«íΦ»¡µûÖσ║ô v1.5 τ╗êσîà/towow-protocol-design-pack-v1/11-σÉêσÉîµ¥íµ¼╛_µ▓ëµ╖Çµò░µì«µ¥âσ▒₧v1.md,3546,bf955c9a824a710c4bfbd76269ee0ef23574d7f6098f0771d7bb41eda98a6f81,md,extracted-unique-text,02_derived/zip-text-search-corpus/files/bf/bf955c9a824a710c4bfbd76269ee0ef23574d7f6098f0771d7bb41eda98a6f81.md,,pre-rebuild-handoff,specification-or-protocol
02_WORKSPACE_SNAPSHOT/Towow_A2A_Research_Handoff_Full_Archive_v1.0(1).zip,Towow_A2A_Research_Handoff_v1.0/full_archive/extracted_sources/ΘÇÜτê╗σìÅΦ«« Φ«╛Φ«íΦ»¡µûÖσ║ô v1.5 τ╗êσîà/towow-protocol-design-pack-v1/README-Σ║ñµÄÑΣ╗╗σèíΣ╣ª.md,9787,8dad62bb43eb05a93ced65a056a3c41450a916e30851c779e792be6fac0bed85,md,extracted-unique-text,02_derived/zip-text-search-corpus/files/8d/8dad62bb43eb05a93ced65a056a3c41450a916e30851c779e792be6fac0bed85.md,,pre-rebuild-handoff,specification-or-protocol
02_WORKSPACE_SNAPSHOT/Towow_A2A_Research_Handoff_Full_Archive_v1.0(1).zip,Towow_A2A_Research_Handoff_v1.0/full_archive/extracted_sources/ΘÇÜτê╗σìÅΦ«« Φ«╛Φ«íΦ»¡µûÖσ║ô v1.5 τ╗êσîà/towow-protocol-design-pack-v1/25-τ│╗τ╗ƒµ╝öΦ┐¢τ½áτ¿ï_v1.0.md,5553,5af282925a0f30702f0833c3c0d10c004afda4d5d53c612110cb9f491edd4811,md,extracted-unique-text,02_derived/zip-text-search-corpus/files/5a/5af282925a0f30702f0833c3c0d10c004afda4d5d53c612110cb9f491edd4811.md,,pre-rebuild-handoff,specification-or-protocol
02_WORKSPACE_SNAPSHOT/Towow_A2A_Research_Handoff_Full_Archive_v1.0(1).zip,Towow_A2A_Research_Handoff_v1.0/full_archive/extracted_sources/ΘÇÜτê╗σìÅΦ«« Φ«╛Φ«íΦ»¡µûÖσ║ô v1.5 τ╗êσîà/towow-protocol-design-pack-v1/13-B4-1_τ▒╗σ₧ïΦ┤ªµ£¼Φºäµá╝.md,4724,4994dbdf15f34dc170f15e004bd658e6f6c20ba3c319fec79cda295d590fc24f,md,extracted-unique-text,02_derived/zip-text-search-corpus/files/49/4994dbdf15f34dc170f15e004bd658e6f6c20ba3c319fec79cda295d590fc24f.md,,pre-rebuild-handoff,specification-or-protocol
02_WORKSPACE_SNAPSHOT/Towow_A2A_Research_Handoff_Full_Archive_v1.0(1).zip,Towow_A2A_Research_Handoff_v1.0/full_archive/extracted_sources/ΘÇÜτê╗σìÅΦ«« Φ«╛Φ«íΦ»¡µûÖσ║ô v1.5 τ╗êσîà/towow-protocol-design-pack-v1/12-Σ╕ôσê⌐Σ║ñσ║òΣ╣ª01_σ╡îσÑùΘöÜτé╣σ¥Éµáç.md,6626,4c91d0ed8c8ae7d8600f97e02e8c06847cec4c8050efcdc42ad7919b9ababa8c,md,extracted-unique-text,02_derived/zip-text-search-corpus/files/4c/4c91d0ed8c8ae7d8600f97e02e8c06847cec4c8050efcdc42ad7919b9ababa8c.md,,pre-rebuild-handoff,specification-or-protocol
02_WORKSPACE_SNAPSHOT/Towow_A2A_Research_Handoff_Full_Archive_v1.0(1).zip,Towow_A2A_Research_Handoff_v1.0/full_archive/extracted_sources/ΘÇÜτê╗σìÅΦ«« Φ«╛Φ«íΦ»¡µûÖσ║ô v1.5 τ╗êσîà/towow-protocol-design-pack-v1/03-τáöτ⌐╢µèÑσæè_Φ»üµì«σ║òτ¿┐.md,28385,cca07e4aba4a736dae9bda8a93c4e11ac5f81b0c15cc00bd8d3e69cc1637c77f,md,extracted-unique-text,02_derived/zip-text-search-corpus/files/cc/cca07e4aba4a736dae9bda8a93c4e11ac5f81b0c15cc00bd8d3e69cc1637c77f.md,,pre-rebuild-handoff,specification-or-protocol
02_WORKSPACE_SNAPSHOT/Towow_A2A_Research_Handoff_Full_Archive_v1.0(1).zip,Towow_A2A_Research_Handoff_v1.0/full_archive/extracted_sources/ΘÇÜτê╗σìÅΦ«« Φ«╛Φ«íΦ»¡µûÖσ║ô v1.5 τ╗êσîà/towow-protocol-design-pack-v1/16-Σ╕ôσê⌐Σ║ñσ║òΣ╣ª03_µ╕ÉΦ┐¢µè½Θ£▓.md,5877,e33874ee1c64e9bc71bab74d63850d9a88a808d0f7bec5f44363b22d44d1d1b6,md,extracted-unique-text,02_derived/zip-text-search-corpus/files/e3/e33874ee1c64e9bc71bab74d63850d9a88a808d0f7bec5f44363b22d44d1d1b6.md,,pre-rebuild-handoff,specification-or-protocol
02_WORKSPACE_SNAPSHOT/Towow_A2A_Research_Handoff_Full_Archive_v1.0(1).zip,Towow_A2A_Research_Handoff_v1.0/full_archive/extracted_sources/ΘÇÜτê╗σìÅΦ«« Φ«╛Φ«íΦ»¡µûÖσ║ô v1.5 τ╗êσîà/towow-protocol-design-pack-v1/10-σƒïτé╣ΦºäΦîâv1.md,2953,336be264804f016d1d54f815bc8059b7e29325e2739af535e7da0c5e66d96ce7,md,extracted-unique-text,02_derived/zip-text-search-corpus/files/33/336be264804f016d1d54f815bc8059b7e29325e2739af535e7da0c5e66d96ce7.md,,pre-rebuild-handoff,specification-or-protocol
02_WORKSPACE_SNAPSHOT/Towow_A2A_Research_Handoff_Full_Archive_v1.0(1).zip,Towow_A2A_Research_Handoff_v1.0/full_archive/extracted_sources/ΘÇÜτê╗σìÅΦ«« Φ«╛Φ«íΦ»¡µûÖσ║ô v1.5 τ╗êσîà/towow-protocol-design-pack-v1/00-µÇ╗τ¢«σ╜ò.md,8277,c3488ba8e8a1725552db7e0026165294ee086c1076a29184967df71fdccb99d2,md,extracted-unique-text,02_derived/zip-text-search-corpus/files/c3/c3488ba8e8a1725552db7e0026165294ee086c1076a29184967df71fdccb99d2.md,,pre-rebuild-handoff,specification-or-protocol
02_WORKSPACE_SNAPSHOT/Towow_A2A_Research_Handoff_Full_Archive_v1.0(1).zip,Towow_A2A_Research_Handoff_v1.0/full_archive/extracted_sources/ΘÇÜτê╗σìÅΦ«« Φ«╛Φ«íΦ»¡µûÖσ║ô v1.5 τ╗êσîà/towow-protocol-design-pack-v1/15-Σ╕ôσê⌐Σ║ñσ║òΣ╣ª02_σîàτ╗£Φ╖»τö▒.md,5727,5458a72c04132efa7cf264fa40f66d6efb0ce75e5fa7d6600e1ffcfafb9d5bcc,md,extracted-unique-text,02_derived/zip-text-search-corpus/files/54/5458a72c04132efa7cf264fa40f66d6efb0ce75e5fa7d6600e1ffcfafb9d5bcc.md,,pre-rebuild-handoff,specification-or-protocol
02_WORKSPACE_SNAPSHOT/Towow_A2A_Research_Handoff_Full_Archive_v1.0(1).zip,Towow_A2A_Research_Handoff_v1.0/full_archive/extracted_sources/ΘÇÜτê╗σìÅΦ«« Φ«╛Φ«íΦ»¡µûÖσ║ô v1.5 τ╗êσîà/towow-protocol-design-pack-v1/01-Θù«Θóÿσ«ÜΣ╣ëΣ╣ª_v1.0.md,18823,2108128d0c98ad1349bb4061284ef48c67ac92601b04a5b51ab46bb05eebbf99,md,extracted-unique-text,02_derived/zip-text-search-corpus/files/21/2108128d0c98ad1349bb4061284ef48c67ac92601b04a5b51ab46bb05eebbf99.md,,pre-rebuild-handoff,specification-or-protocol
02_WORKSPACE_SNAPSHOT/Towow_A2A_Research_Handoff_Full_Archive_v1.0(1).zip,Towow_A2A_Research_Handoff_v1.0/full_archive/extracted_sources/Towow_A2A_R5_Constructive_Flagship_Local_Research_Packet_v1.5/towow_a2a_r5_constructive_packet_v1.5/10_CODEX_BOOTSTRAP_PROMPT.md,5788,e03bacade3ffb6a41efa7df8c70fd02577a769a9b676b8dde89f77df03ec1998,md,extracted-unique-text,02_derived/zip-text-search-corpus/files/e0/e03bacade3ffb6a41efa7df8c70fd02577a769a9b676b8dde89f77df03ec1998.md,,pre-rebuild-handoff,text-source
02_WORKSPACE_SNAPSHOT/Towow_A2A_Research_Handoff_Full_Archive_v1.0(1).zip,Towow_A2A_Research_Handoff_v1.0/full_archive/extracted_sources/Towow_A2A_R5_Constructive_Flagship_Local_Research_Packet_v1.5/towow_a2a_r5_constructive_packet_v1.5/06_EXECUTION_AND_SAFETY_CHARTER.md,1685,7f112928695a248e5b6100b62d10fdb15635d2a01a9ddc51879ea766e50afae4,md,extracted-unique-text,02_derived/zip-text-search-corpus/files/7f/7f112928695a248e5b6100b62d10fdb15635d2a01a9ddc51879ea766e50afae4.md,,pre-rebuild-handoff,text-source
02_WORKSPACE_SNAPSHOT/Towow_A2A_Research_Handoff_Full_Archive_v1.0(1).zip,Towow_A2A_Research_Handoff_v1.0/full_archive/extracted_sources/Towow_A2A_R5_Constructive_Flagship_Local_Research_Packet_v1.5/towow_a2a_r5_constructive_packet_v1.5/04_FLAGSHIP_CONSTRUCTIVE_RESEARCH_CHARTER.md,3994,6b57460de56446c88337424dcef7ddf3c92cfacc1cc25de64414fd7bba153a98,md,extracted-unique-text,02_derived/zip-text-search-corpus/files/6b/6b57460de56446c88337424dcef7ddf3c92cfacc1cc25de64414fd7bba153a98.md,,pre-rebuild-handoff,text-source
02_WORKSPACE_SNAPSHOT/Towow_A2A_Research_Handoff_Full_Archive_v1.0(1).zip,Towow_A2A_Research_Handoff_v1.0/full_archive/extracted_sources/Towow_A2A_R5_Constructive_Flagship_Local_Research_Packet_v1.5/towow_a2a_r5_constructive_packet_v1.5/08_RESEARCH_DECISION_RULES.md,2864,58e3f3b0388155965f33ce6d9ad397479910925ee99e80d87a112a5c8b8182ba,md,extracted-unique-text,02_derived/zip-text-search-corpus/files/58/58e3f3b0388155965f33ce6d9ad397479910925ee99e80d87a112a5c8b8182ba.md,,pre-rebuild-handoff,text-source
02_WORKSPACE_SNAPSHOT/Towow_A2A_Research_Handoff_Full_Archive_v1.0(1).zip,Towow_A2A_Research_Handoff_v1.0/full_archive/extracted_sources/Towow_A2A_R5_Constructive_Flagship_Local_Research_Packet_v1.5/towow_a2a_r5_constructive_packet_v1.5/05_LOCAL_RESEARCH_MISSION.md,2208,e16be9990f1cb806cadeee1c04cd6f069a92199c4825d04b6420388eeb0018e8,md,extracted-unique-text,02_derived/zip-text-search-corpus/files/e1/e16be9990f1cb806cadeee1c04cd6f069a92199c4825d04b6420388eeb0018e8.md,,pre-rebuild-handoff,research-program
02_WORKSPACE_SNAPSHOT/Towow_A2A_Research_Handoff_Full_Archive_v1.0(1).zip,Towow_A2A_Research_Handoff_v1.0/full_archive/extracted_sources/Towow_A2A_R5_Constructive_Flagship_Local_Research_Packet_v1.5/towow_a2a_r5_constructive_packet_v1.5/MANIFEST.json,4527,f99edf9a1e7c493801487c6c1a83de119a83c5c114875317568de65f96ec0f8e,json,extracted-unique-text,02_derived/zip-text-search-corpus/files/f9/f99edf9a1e7c493801487c6c1a83de119a83c5c114875317568de65f96ec0f8e.json,,pre-rebuild-handoff,manifest
02_WORKSPACE_SNAPSHOT/Towow_A2A_Research_Handoff_Full_Archive_v1.0(1).zip,Towow_A2A_Research_Handoff_v1.0/full_archive/extracted_sources/Towow_A2A_R5_Constructive_Flagship_Local_Research_Packet_v1.5/towow_a2a_r5_constructive_packet_v1.5/11_TASK_SELECTION_SCORECARD.md,1792,b566692a63a78571533e7026d222fe591c0feab753eda98e2b1a22e2e479ae7c,md,extracted-unique-text,02_derived/zip-text-search-corpus/files/b5/b566692a63a78571533e7026d222fe591c0feab753eda98e2b1a22e2e479ae7c.md,,pre-rebuild-handoff,text-source
02_WORKSPACE_SNAPSHOT/Towow_A2A_Research_Handoff_Full_Archive_v1.0(1).zip,Towow_A2A_Research_Handoff_v1.0/full_archive/extracted_sources/Towow_A2A_R5_Constructive_Flagship_Local_Research_Packet_v1.5/towow_a2a_r5_constructive_packet_v1.5/01_CURRENT_SYSTEM_v0.7.2.md,5797,1e62ea94fa0a752e253964d95e7f3ba41eb2c7347764623cf9849c358da4ce7a,md,extracted-unique-text,02_derived/zip-text-search-corpus/files/1e/1e62ea94fa0a752e253964d95e7f3ba41eb2c7347764623cf9849c358da4ce7a.md,,pre-rebuild-handoff,text-source
02_WORKSPACE_SNAPSHOT/Towow_A2A_Research_Handoff_Full_Archive_v1.0(1).zip,Towow_A2A_Research_Handoff_v1.0/full_archive/extracted_sources/Towow_A2A_R5_Constructive_Flagship_Local_Research_Packet_v1.5/towow_a2a_r5_constructive_packet_v1.5/templates/EPISODE_CARD.md,1563,66155f7d6f958cc2a23fd42ce17c582ec57f604cb5a04df2c63b189a3095e571,md,extracted-unique-text,02_derived/zip-text-search-corpus/files/66/66155f7d6f958cc2a23fd42ce17c582ec57f604cb5a04df2c63b189a3095e571.md,,pre-rebuild-handoff,text-source
02_WORKSPACE_SNAPSHOT/Towow_A2A_Research_Handoff_Full_Archive_v1.0(1).zip,Towow_A2A_Research_Handoff_v1.0/full_archive/extracted_sources/Towow_A2A_R5_Constructive_Flagship_Local_Research_Packet_v1.5/towow_a2a_r5_constructive_packet_v1.5/templates/RESEARCH_STATE.yaml,496,03871e3e409f9fdbd392066fcaed770ee655b68c3bc2ac89e132adf0fe1ec1dd,yaml,extracted-unique-text,02_derived/zip-text-search-corpus/files/03/03871e3e409f9fdbd392066fcaed770ee655b68c3bc2ac89e132adf0fe1ec1dd.yaml,,pre-rebuild-handoff,structured-data
02_WORKSPACE_SNAPSHOT/Towow_A2A_Research_Handoff_Full_Archive_v1.0(1).zip,Towow_A2A_Research_Handoff_v1.0/full_archive/extracted_sources/Towow_A2A_R5_Constructive_Flagship_Local_Research_Packet_v1.5/towow_a2a_r5_constructive_packet_v1.5/templates/DECISION_LOG.md,257,0089a27fa64361159a84915507f7cf3f00b5f3f125ee331b664d4b090b4580b8,md,extracted-unique-text,02_derived/zip-text-search-corpus/files/00/0089a27fa64361159a84915507f7cf3f00b5f3f125ee331b664d4b090b4580b8.md,,pre-rebuild-handoff,text-source
02_WORKSPACE_SNAPSHOT/Towow_A2A_Research_Handoff_Full_Archive_v1.0(1).zip,Towow_A2A_Research_Handoff_v1.0/full_archive/extracted_sources/Towow_A2A_R5_Constructive_Flagship_Local_Research_Packet_v1.5/towow_a2a_r5_constructive_packet_v1.5/templates/TASK_CANDIDATE.md,531,aafa1a13ef2867d35f0682aff83bd218028503154699ee47c69d5f309b80684c,md,extracted-unique-text,02_derived/zip-text-search-corpus/files/aa/aafa1a13ef2867d35f0682aff83bd218028503154699ee47c69d5f309b80684c.md,,pre-rebuild-handoff,text-source
02_WORKSPACE_SNAPSHOT/Towow_A2A_Research_Handoff_Full_Archive_v1.0(1).zip,Towow_A2A_Research_Handoff_v1.0/full_archive/extracted_sources/Towow_A2A_R5_Constructive_Flagship_Local_Research_Packet_v1.5/towow_a2a_r5_constructive_packet_v1.5/templates/DESIGN_DELTA.md,367,3ec2082279267e3d2fc81d36ff369c86d1849ad73a7b5a0f87594d36ea4510af,md,extracted-unique-text,02_derived/zip-text-search-corpus/files/3e/3ec2082279267e3d2fc81d36ff369c86d1849ad73a7b5a0f87594d36ea4510af.md,,pre-rebuild-handoff,text-source
02_WORKSPACE_SNAPSHOT/Towow_A2A_Research_Handoff_Full_Archive_v1.0(1).zip,Towow_A2A_Research_Handoff_v1.0/full_archive/extracted_sources/Towow_A2A_R5_Constructive_Flagship_Local_Research_Packet_v1.5/towow_a2a_r5_constructive_packet_v1.5/02_DYNAMIC_RESEARCH_MAP.md,3149,e1e2883a5c98fff4fb2b91dbe291de234e4341463c383c68073d028312a27647,md,extracted-unique-text,02_derived/zip-text-search-corpus/files/e1/e1e2883a5c98fff4fb2b91dbe291de234e4341463c383c68073d028312a27647.md,,pre-rebuild-handoff,text-source
02_WORKSPACE_SNAPSHOT/Towow_A2A_Research_Handoff_Full_Archive_v1.0(1).zip,Towow_A2A_Research_Handoff_v1.0/full_archive/extracted_sources/Towow_A2A_R5_Constructive_Flagship_Local_Research_Packet_v1.5/towow_a2a_r5_constructive_packet_v1.5/baseline/R5_4_NEGATIVE_CONTROL_SUMMARY.md,1166,f5f38234facc8cf502d919d1af84bbe12ed2d8630bf0ae2c48248aea0ed3be1b,md,extracted-unique-text,02_derived/zip-text-search-corpus/files/f5/f5f38234facc8cf502d919d1af84bbe12ed2d8630bf0ae2c48248aea0ed3be1b.md,,pre-rebuild-handoff,text-source
02_WORKSPACE_SNAPSHOT/Towow_A2A_Research_Handoff_Full_Archive_v1.0(1).zip,Towow_A2A_Research_Handoff_v1.0/full_archive/extracted_sources/Towow_A2A_R5_Constructive_Flagship_Local_Research_Packet_v1.5/towow_a2a_r5_constructive_packet_v1.5/baseline/CLAIM_EVIDENCE_BASELINE.csv,823,63f4ef50d98e29691c0adf6d9c87498640f8b698b38c5c96c234f1aea9196328,csv,extracted-unique-text,02_derived/zip-text-search-corpus/files/63/63f4ef50d98e29691c0adf6d9c87498640f8b698b38c5c96c234f1aea9196328.csv,,pre-rebuild-handoff,evidence-or-decision-ledger
02_WORKSPACE_SNAPSHOT/Towow_A2A_Research_Handoff_Full_Archive_v1.0(1).zip,Towow_A2A_Research_Handoff_v1.0/full_archive/extracted_sources/Towow_A2A_R5_Constructive_Flagship_Local_Research_Packet_v1.5/towow_a2a_r5_constructive_packet_v1.5/07_EVIDENCE_AND_CAUSALITY_CONTRACT.md,2915,765630906897d4748dec197b84af5a604778b381b9f89b9af1d1a59399cd3076,md,extracted-unique-text,02_derived/zip-text-search-corpus/files/76/765630906897d4748dec197b84af5a604778b381b9f89b9af1d1a59399cd3076.md,,pre-rebuild-handoff,evidence-or-decision-ledger
02_WORKSPACE_SNAPSHOT/Towow_A2A_Research_Handoff_Full_Archive_v1.0(1).zip,Towow_A2A_Research_Handoff_v1.0/full_archive/extracted_sources/Towow_A2A_R5_Constructive_Flagship_Local_Research_Packet_v1.5/towow_a2a_r5_constructive_packet_v1.5/09_RETURN_PACKET_TEMPLATE.md,2744,15ad89083be9a9b1bd5687750b3f69666a5cd5391268d618f7d0476f33064820,md,extracted-unique-text,02_derived/zip-text-search-corpus/files/15/15ad89083be9a9b1bd5687750b3f69666a5cd5391268d618f7d0476f33064820.md,,pre-rebuild-handoff,text-source
02_WORKSPACE_SNAPSHOT/Towow_A2A_Research_Handoff_Full_Archive_v1.0(1).zip,Towow_A2A_Research_Handoff_v1.0/full_archive/extracted_sources/Towow_A2A_R5_Constructive_Flagship_Local_Research_Packet_v1.5/towow_a2a_r5_constructive_packet_v1.5/00_README_START_HERE.md,2444,059973f58be8735daff8b0f2b527a75f916550f9162c6f8b0a4a97f58990a1b5,md,extracted-unique-text,02_derived/zip-text-search-corpus/files/05/059973f58be8735daff8b0f2b527a75f916550f9162c6f8b0a4a97f58990a1b5.md,,pre-rebuild-handoff,orientation
02_WORKSPACE_SNAPSHOT/Towow_A2A_Research_Handoff_Full_Archive_v1.0(1).zip,Towow_A2A_Research_Handoff_v1.0/full_archive/extracted_sources/Towow_A2A_R5_Constructive_Flagship_Local_Research_Packet_v1.5/towow_a2a_r5_constructive_packet_v1.5/03_DESIGN_GAP_DECISION_MAP.md,2696,1f01c9e62668b528bcc565ac56dc1347434d3e32681a585751b86b491c6d120f,md,extracted-unique-text,02_derived/zip-text-search-corpus/files/1f/1f01c9e62668b528bcc565ac56dc1347434d3e32681a585751b86b491c6d120f.md,,pre-rebuild-handoff,text-source
02_WORKSPACE_SNAPSHOT/Towow_A2A_Research_Handoff_Full_Archive_v1.0(1).zip,Towow_A2A_Research_Handoff_v1.0/full_archive/extracted_sources/Towow_A2A_R5_Constructive_Flagship_Local_Research_Packet_v1.5/towow_a2a_r5_constructive_packet_v1.5/03_DESIGN_DECISION_MAP.csv,1376,f906f49de60e42cee04d12206c12ad0ea204f47b4e286455991b09adf49e2df8,csv,extracted-unique-text,02_derived/zip-text-search-corpus/files/f9/f906f49de60e42cee04d12206c12ad0ea204f47b4e286455991b09adf49e2df8.csv,,pre-rebuild-handoff,structured-data
02_WORKSPACE_SNAPSHOT/Towow_A2A_Research_Handoff_Full_Archive_v1.0(1).zip,Towow_A2A_Research_Handoff_v1.0/full_archive/extracted_sources/Towow_A2A_R5_Constructive_Flagship_Local_Research_Packet_v1.5/towow_a2a_r5_constructive_packet_v1.5/12_RESEARCH_REFERENCES.md,1287,75e19c2000a2ee87d8d9cfb27ff25e14ba24e70eda04289533dfe9df94318dd8,md,extracted-unique-text,02_derived/zip-text-search-corpus/files/75/75e19c2000a2ee87d8d9cfb27ff25e14ba24e70eda04289533dfe9df94318dd8.md,,pre-rebuild-handoff,text-source
02_WORKSPACE_SNAPSHOT/Towow_A2A_Research_Handoff_Full_Archive_v1.0(1).zip,Towow_A2A_Research_Handoff_v1.0/full_archive/extracted_sources/Towow_A2A_R5_Constructive_Flagship_Local_Research_Packet_v1.5/towow_a2a_r5_constructive_packet_v1.5/schemas/formation_episode.schema.json,4002,102fd1bde6686d42662a76207f8a5fb3091722b4fe4affa55206ed2c023961ac,json,extracted-unique-text,02_derived/zip-text-search-corpus/files/10/102fd1bde6686d42662a76207f8a5fb3091722b4fe4affa55206ed2c023961ac.json,,pre-rebuild-handoff,specification-or-protocol
02_WORKSPACE_SNAPSHOT/Towow_A2A_Research_Handoff_Full_Archive_v1.0(1).zip,Towow_A2A_Research_Handoff_v1.0/full_archive/extracted_sources/Towow_A2A_R5_Constructive_Flagship_Local_Research_Packet_v1.5/towow_a2a_r5_constructive_packet_v1.5/schemas/return_manifest.schema.json,1633,069dbba68d2cbab21703ea030a55bf88ae5df27aa11c469abddebe8438ac5a5a,json,extracted-unique-text,02_derived/zip-text-search-corpus/files/06/069dbba68d2cbab21703ea030a55bf88ae5df27aa11c469abddebe8438ac5a5a.json,,pre-rebuild-handoff,manifest
02_WORKSPACE_SNAPSHOT/Towow_A2A_Research_Handoff_Full_Archive_v1.0(1).zip,Towow_A2A_Research_Handoff_v1.0/full_archive/extracted_sources/Towow_A2A_R5_Constructive_Flagship_Local_Research_Packet_v1.5/towow_a2a_r5_constructive_packet_v1.5/tools/verify_task_packet.py,691,95b3f5132d1a8e6a24f27117314824590205971cc942cd770de112e2e8ca953a,py,extracted-unique-text,02_derived/zip-text-search-corpus/files/95/95b3f5132d1a8e6a24f27117314824590205971cc942cd770de112e2e8ca953a.py,,pre-rebuild-handoff,instrument-or-code
02_WORKSPACE_SNAPSHOT/Towow_A2A_Research_Handoff_Full_Archive_v1.0(1).zip,Towow_A2A_Research_Handoff_v1.0/handoff/01_RESEARCH_HANDOFF_MANUAL.md,16854,e19e79e4ee2c921e9913f03ed226516d353cf9ba79ca76413ff35959334a6385,md,extracted-unique-text,02_derived/zip-text-search-corpus/files/e1/e19e79e4ee2c921e9913f03ed226516d353cf9ba79ca76413ff35959334a6385.md,,pre-rebuild-handoff,text-source
02_WORKSPACE_SNAPSHOT/Towow_A2A_Research_Handoff_Full_Archive_v1.0(1).zip,Towow_A2A_Research_Handoff_v1.0/handoff/00_START_HERE.md,4054,6dc424a4564d1f3a2bd4117738693078924a44f3d4faf7965da0ca1be51e2010,md,extracted-unique-text,02_derived/zip-text-search-corpus/files/6d/6dc424a4564d1f3a2bd4117738693078924a44f3d4faf7965da0ca1be51e2010.md,,pre-rebuild-handoff,orientation
02_WORKSPACE_SNAPSHOT/Towow_A2A_Research_Handoff_Full_Archive_v1.0(1).zip,Towow_A2A_Research_Handoff_v1.0/handoff/Towow_A2A_Research_Handoff_Manual_v1.0.md,102294,b93c9b9ac768cbc7852fccbe902a8a46489ffb682d31374df52a9a5985374060,md,extracted-unique-text,02_derived/zip-text-search-corpus/files/b9/b93c9b9ac768cbc7852fccbe902a8a46489ffb682d31374df52a9a5985374060.md,,pre-rebuild-handoff,text-source
02_WORKSPACE_SNAPSHOT/Towow_A2A_Research_Handoff_Full_Archive_v1.0(1).zip,Towow_A2A_Research_Handoff_v1.0/handoff/03_RESEARCH_LINEAGE_AND_CONCEPT_GENEALOGY.md,11452,d0c079e91baf777f068286aa6cd824502cd2ce1971c8f18783eaa3178a6f917a,md,extracted-unique-text,02_derived/zip-text-search-corpus/files/d0/d0c079e91baf777f068286aa6cd824502cd2ce1971c8f18783eaa3178a6f917a.md,,pre-rebuild-handoff,text-source
02_WORKSPACE_SNAPSHOT/Towow_A2A_Research_Handoff_Full_Archive_v1.0(1).zip,Towow_A2A_Research_Handoff_v1.0/handoff/10_RESEARCH_ASSISTANT_BOOTSTRAP_PROMPT.md,6658,cc42929967c97fdebe7464b910f70ae9eb1c55ae34c5a1f0b42973eebbdbae2e,md,extracted-unique-text,02_derived/zip-text-search-corpus/files/cc/cc42929967c97fdebe7464b910f70ae9eb1c55ae34c5a1f0b42973eebbdbae2e.md,,pre-rebuild-handoff,text-source
02_WORKSPACE_SNAPSHOT/Towow_A2A_Research_Handoff_Full_Archive_v1.0(1).zip,Towow_A2A_Research_Handoff_v1.0/handoff/07_READING_PATH_AND_SOURCE_GUIDE.md,9120,69debc3d30e0337ab2afdf7058bffc78df8d967c71f2fd5be42ac847b0100ceb,md,extracted-unique-text,02_derived/zip-text-search-corpus/files/69/69debc3d30e0337ab2afdf7058bffc78df8d967c71f2fd5be42ac847b0100ceb.md,,pre-rebuild-handoff,text-source
02_WORKSPACE_SNAPSHOT/Towow_A2A_Research_Handoff_Full_Archive_v1.0(1).zip,Towow_A2A_Research_Handoff_v1.0/handoff/06_FULL_TREATISE_RECONSTRUCTION_BLUEPRINT.md,11933,a3903e78e034642c7da53024b444a9ed1950a18b157fb4b5fb8892cbcb6fa21e,md,extracted-unique-text,02_derived/zip-text-search-corpus/files/a3/a3903e78e034642c7da53024b444a9ed1950a18b157fb4b5fb8892cbcb6fa21e.md,,pre-rebuild-handoff,text-source
02_WORKSPACE_SNAPSHOT/Towow_A2A_Research_Handoff_Full_Archive_v1.0(1).zip,Towow_A2A_Research_Handoff_v1.0/handoff/11_GLOSSARY.md,6850,e51f0c02b8c6f84b559e2d600dd44eef9e7df16e9c3d04d921d93d903882a606,md,extracted-unique-text,02_derived/zip-text-search-corpus/files/e5/e51f0c02b8c6f84b559e2d600dd44eef9e7df16e9c3d04d921d93d903882a606.md,,pre-rebuild-handoff,text-source
02_WORKSPACE_SNAPSHOT/Towow_A2A_Research_Handoff_Full_Archive_v1.0(1).zip,Towow_A2A_Research_Handoff_v1.0/handoff/04_EVIDENCE_AND_CLAIM_STATE.md,10041,7a9ebdd40f5bef572fc85bdd55d232865cd234637a82d96c9d0110c56f2c7bd2,md,extracted-unique-text,02_derived/zip-text-search-corpus/files/7a/7a9ebdd40f5bef572fc85bdd55d232865cd234637a82d96c9d0110c56f2c7bd2.md,,pre-rebuild-handoff,evidence-or-decision-ledger
02_WORKSPACE_SNAPSHOT/Towow_A2A_Research_Handoff_Full_Archive_v1.0(1).zip,Towow_A2A_Research_Handoff_v1.0/handoff/05_RESEARCH_ASSISTANT_MISSION_AND_METHOD.md,8049,2ee765941e3886ffb9a2f1b4e20b66233e66f120bd74639e679bd3f718a3d56a,md,extracted-unique-text,02_derived/zip-text-search-corpus/files/2e/2ee765941e3886ffb9a2f1b4e20b66233e66f120bd74639e679bd3f718a3d56a.md,,pre-rebuild-handoff,research-program
02_WORKSPACE_SNAPSHOT/Towow_A2A_Research_Handoff_Full_Archive_v1.0(1).zip,Towow_A2A_Research_Handoff_v1.0/handoff/13_INTERNAL_USE_NOTICE.md,500,df1b5d326cf03951266b8ce2dcb5df17559f7ce4f9989bf05279574f1a7f59cf,md,extracted-unique-text,02_derived/zip-text-search-corpus/files/df/df1b5d326cf03951266b8ce2dcb5df17559f7ce4f9989bf05279574f1a7f59cf.md,,pre-rebuild-handoff,text-source
02_WORKSPACE_SNAPSHOT/Towow_A2A_Research_Handoff_Full_Archive_v1.0(1).zip,Towow_A2A_Research_Handoff_v1.0/handoff/02_CURRENT_UNIFIED_MODEL_THREE_AXES.md,12836,5c64e970804acd619532f8cb830bcf417021e7ed5dd68efa9aa82579aa6ea5ff,md,extracted-unique-text,02_derived/zip-text-search-corpus/files/5c/5c64e970804acd619532f8cb830bcf417021e7ed5dd68efa9aa82579aa6ea5ff.md,,pre-rebuild-handoff,text-source
02_WORKSPACE_SNAPSHOT/Towow_A2A_Research_Handoff_Full_Archive_v1.0(1).zip,Towow_A2A_Research_Handoff_v1.0/handoff/12_HANDOFF_CHECKLIST.md,2135,f63ed11ba75655376cf602f3f5778e31b1ea36cdd82c00d0939f6fb9caa5eb80,md,extracted-unique-text,02_derived/zip-text-search-corpus/files/f6/f63ed11ba75655376cf602f3f5778e31b1ea36cdd82c00d0939f6fb9caa5eb80.md,,pre-rebuild-handoff,text-source
02_WORKSPACE_SNAPSHOT/Towow_A2A_Research_Handoff_Full_Archive_v1.0(1).zip,Towow_A2A_Research_Handoff_v1.0/handoff/08_OPEN_QUESTIONS_AND_DECISION_POINTS.md,8079,bb25fd40445ff918d3898941d12d534cb39d2b72c46484b88320aa991a3bdc52,md,extracted-unique-text,02_derived/zip-text-search-corpus/files/bb/bb25fd40445ff918d3898941d12d534cb39d2b72c46484b88320aa991a3bdc52.md,,pre-rebuild-handoff,text-source
02_WORKSPACE_SNAPSHOT/Towow_A2A_Research_Handoff_Full_Archive_v1.0(1).zip,Towow_A2A_Research_Handoff_v1.0/handoff/09_ASSET_COVERAGE_AND_GAPS.md,4419,459a8ebf51c0b37fe951e6d7ef4274f2e7a72c0b8ab61060b53792cd9d77f261,md,extracted-unique-text,02_derived/zip-text-search-corpus/files/45/459a8ebf51c0b37fe951e6d7ef4274f2e7a72c0b8ab61060b53792cd9d77f261.md,,pre-rebuild-handoff,text-source
02_WORKSPACE_SNAPSHOT/Towow_A2A_Research_Handoff_Full_Archive_v1.0(1).zip,Towow_A2A_Research_Handoff_v1.0/README.md,1233,ec23b3039b57f88153cac5dd3070c2a83f78619e244a90b6971cc2b3419e9fda,md,extracted-unique-text,02_derived/zip-text-search-corpus/files/ec/ec23b3039b57f88153cac5dd3070c2a83f78619e244a90b6971cc2b3419e9fda.md,,pre-rebuild-handoff,orientation
02_WORKSPACE_SNAPSHOT/Towow_A2A_Research_Handoff_Full_Archive_v1.0(1).zip,Towow_A2A_Research_Handoff_v1.0/core_sources/τ╗ƒΣ╕ÇΦ«║µûç_µ║Éτ¿┐.md,55720,dd21711e325de293fa5197e97e8c9dd40b1d6167fb766e6f03d58823874cf3bd,md,extracted-unique-text,02_derived/zip-text-search-corpus/files/dd/dd21711e325de293fa5197e97e8c9dd40b1d6167fb766e6f03d58823874cf3bd.md,,pre-rebuild-handoff,text-source
02_WORKSPACE_SNAPSHOT/Towow_A2A_Research_Handoff_Full_Archive_v1.0(1).zip,Towow_A2A_Research_Handoff_v1.0/core_sources/concept_decision_ledger.csv,5955,196bbb51399a709f8368efb7e96fd417f8844a15cca810bfc8b3e6b8d8764557,csv,extracted-unique-text,02_derived/zip-text-search-corpus/files/19/196bbb51399a709f8368efb7e96fd417f8844a15cca810bfc8b3e6b8d8764557.csv,,pre-rebuild-handoff,evidence-or-decision-ledger
02_WORKSPACE_SNAPSHOT/Towow_A2A_Research_Handoff_Full_Archive_v1.0(1).zip,Towow_A2A_Research_Handoff_v1.0/core_sources/σ╗║Φ«╛µÇºµùùΦê░Σ╗╗σèíσîà_v1.5_σà│Θö«µûçµíú/10_CODEX_BOOTSTRAP_PROMPT.md,5788,e03bacade3ffb6a41efa7df8c70fd02577a769a9b676b8dde89f77df03ec1998,md,extracted-unique-text,02_derived/zip-text-search-corpus/files/e0/e03bacade3ffb6a41efa7df8c70fd02577a769a9b676b8dde89f77df03ec1998.md,,pre-rebuild-handoff,text-source
02_WORKSPACE_SNAPSHOT/Towow_A2A_Research_Handoff_Full_Archive_v1.0(1).zip,Towow_A2A_Research_Handoff_v1.0/core_sources/σ╗║Φ«╛µÇºµùùΦê░Σ╗╗σèíσîà_v1.5_σà│Θö«µûçµíú/04_FLAGSHIP_CONSTRUCTIVE_RESEARCH_CHARTER.md,3994,6b57460de56446c88337424dcef7ddf3c92cfacc1cc25de64414fd7bba153a98,md,extracted-unique-text,02_derived/zip-text-search-corpus/files/6b/6b57460de56446c88337424dcef7ddf3c92cfacc1cc25de64414fd7bba153a98.md,,pre-rebuild-handoff,text-source
02_WORKSPACE_SNAPSHOT/Towow_A2A_Research_Handoff_Full_Archive_v1.0(1).zip,Towow_A2A_Research_Handoff_v1.0/core_sources/σ╗║Φ«╛µÇºµùùΦê░Σ╗╗σèíσîà_v1.5_σà│Θö«µûçµíú/08_RESEARCH_DECISION_RULES.md,2864,58e3f3b0388155965f33ce6d9ad397479910925ee99e80d87a112a5c8b8182ba,md,extracted-unique-text,02_derived/zip-text-search-corpus/files/58/58e3f3b0388155965f33ce6d9ad397479910925ee99e80d87a112a5c8b8182ba.md,,pre-rebuild-handoff,text-source
02_WORKSPACE_SNAPSHOT/Towow_A2A_Research_Handoff_Full_Archive_v1.0(1).zip,Towow_A2A_Research_Handoff_v1.0/core_sources/σ╗║Φ«╛µÇºµùùΦê░Σ╗╗σèíσîà_v1.5_σà│Θö«µûçµíú/05_LOCAL_RESEARCH_MISSION.md,2208,e16be9990f1cb806cadeee1c04cd6f069a92199c4825d04b6420388eeb0018e8,md,extracted-unique-text,02_derived/zip-text-search-corpus/files/e1/e16be9990f1cb806cadeee1c04cd6f069a92199c4825d04b6420388eeb0018e8.md,,pre-rebuild-handoff,research-program
02_WORKSPACE_SNAPSHOT/Towow_A2A_Research_Handoff_Full_Archive_v1.0(1).zip,Towow_A2A_Research_Handoff_v1.0/core_sources/σ╗║Φ«╛µÇºµùùΦê░Σ╗╗σèíσîà_v1.5_σà│Θö«µûçµíú/11_TASK_SELECTION_SCORECARD.md,1792,b566692a63a78571533e7026d222fe591c0feab753eda98e2b1a22e2e479ae7c,md,extracted-unique-text,02_derived/zip-text-search-corpus/files/b5/b566692a63a78571533e7026d222fe591c0feab753eda98e2b1a22e2e479ae7c.md,,pre-rebuild-handoff,text-source
02_WORKSPACE_SNAPSHOT/Towow_A2A_Research_Handoff_Full_Archive_v1.0(1).zip,Towow_A2A_Research_Handoff_v1.0/core_sources/σ╗║Φ«╛µÇºµùùΦê░Σ╗╗σèíσîà_v1.5_σà│Θö«µûçµíú/01_CURRENT_SYSTEM_v0.7.2.md,5797,1e62ea94fa0a752e253964d95e7f3ba41eb2c7347764623cf9849c358da4ce7a,md,extracted-unique-text,02_derived/zip-text-search-corpus/files/1e/1e62ea94fa0a752e253964d95e7f3ba41eb2c7347764623cf9849c358da4ce7a.md,,pre-rebuild-handoff,text-source
02_WORKSPACE_SNAPSHOT/Towow_A2A_Research_Handoff_Full_Archive_v1.0(1).zip,Towow_A2A_Research_Handoff_v1.0/core_sources/σ╗║Φ«╛µÇºµùùΦê░Σ╗╗σèíσîà_v1.5_σà│Θö«µûçµíú/02_DYNAMIC_RESEARCH_MAP.md,3149,e1e2883a5c98fff4fb2b91dbe291de234e4341463c383c68073d028312a27647,md,extracted-unique-text,02_derived/zip-text-search-corpus/files/e1/e1e2883a5c98fff4fb2b91dbe291de234e4341463c383c68073d028312a27647.md,,pre-rebuild-handoff,text-source
02_WORKSPACE_SNAPSHOT/Towow_A2A_Research_Handoff_Full_Archive_v1.0(1).zip,Towow_A2A_Research_Handoff_v1.0/core_sources/σ╗║Φ«╛µÇºµùùΦê░Σ╗╗σèíσîà_v1.5_σà│Θö«µûçµíú/07_EVIDENCE_AND_CAUSALITY_CONTRACT.md,2915,765630906897d4748dec197b84af5a604778b381b9f89b9af1d1a59399cd3076,md,extracted-unique-text,02_derived/zip-text-search-corpus/files/76/765630906897d4748dec197b84af5a604778b381b9f89b9af1d1a59399cd3076.md,,pre-rebuild-handoff,evidence-or-decision-ledger
02_WORKSPACE_SNAPSHOT/Towow_A2A_Research_Handoff_Full_Archive_v1.0(1).zip,Towow_A2A_Research_Handoff_v1.0/core_sources/σ╗║Φ«╛µÇºµùùΦê░Σ╗╗σèíσîà_v1.5_σà│Θö«µûçµíú/03_DESIGN_GAP_DECISION_MAP.md,2696,1f01c9e62668b528bcc565ac56dc1347434d3e32681a585751b86b491c6d120f,md,extracted-unique-text,02_derived/zip-text-search-corpus/files/1f/1f01c9e62668b528bcc565ac56dc1347434d3e32681a585751b86b491c6d120f.md,,pre-rebuild-handoff,text-source
02_WORKSPACE_SNAPSHOT/Towow_A2A_Research_Handoff_Full_Archive_v1.0(1).zip,Towow_A2A_Research_Handoff_v1.0/core_sources/µùùΦê░σ«₧Θ¬îΘªûσ╕¡σÉ╕µö╢/02_σ╜ôσëìτ╗ƒΣ╕ÇΣ╜ôτ│╗_µùùΦê░σ«₧Θ¬îσÉ╕µö╢τëê.md,5503,ab402524b41803745e2ee0c5ab83dc5f0ae82f75faa6bf70e2af4ab218fd9d80,md,extracted-unique-text,02_derived/zip-text-search-corpus/files/ab/ab402524b41803745e2ee0c5ab83dc5f0ae82f75faa6bf70e2af4ab218fd9d80.md,,pre-rebuild-handoff,text-source
02_WORKSPACE_SNAPSHOT/Towow_A2A_Research_Handoff_Full_Archive_v1.0(1).zip,Towow_A2A_Research_Handoff_v1.0/core_sources/µùùΦê░σ«₧Θ¬îΘªûσ╕¡σÉ╕µö╢/06_Φ┐öσ¢₧σîàΦ»üµì«σ«íΦ«íΦ»┤µÿÄ.md,732,e6c020704d228250f5c37108152f376d0f8d6c390634102452cf7703bd995bda,md,extracted-unique-text,02_derived/zip-text-search-corpus/files/e6/e6c020704d228250f5c37108152f376d0f8d6c390634102452cf7703bd995bda.md,,pre-rebuild-handoff,text-source
02_WORKSPACE_SNAPSHOT/Towow_A2A_Research_Handoff_Full_Archive_v1.0(1).zip,Towow_A2A_Research_Handoff_v1.0/core_sources/µùùΦê░σ«₧Θ¬îΘªûσ╕¡σÉ╕µö╢/01_µùùΦê░σ«₧Θ¬îΦºúΘçèΣ╕Äτáöτ⌐╢σêñµû¡.md,17333,dc62f5f53bf12a475c3a3470e8199d308f639f3a396fd3cbac966efe07c4244d,md,extracted-unique-text,02_derived/zip-text-search-corpus/files/dc/dc62f5f53bf12a475c3a3470e8199d308f639f3a396fd3cbac966efe07c4244d.md,,pre-rebuild-handoff,text-source
02_WORKSPACE_SNAPSHOT/Towow_A2A_Research_Handoff_Full_Archive_v1.0(1).zip,Towow_A2A_Research_Handoff_v1.0/core_sources/µùùΦê░σ«₧Θ¬îΘªûσ╕¡σÉ╕µö╢/03_σè¿µÇüτáöτ⌐╢σ£░σ¢╛_τÄ░σ«₧Σ╕╗Σ╜ôΦ╜¼σÉæ.md,3889,37dd36cfaedb1a7e65da0ec677854e6cefb5b41792f5134680303adc4399d6f6,md,extracted-unique-text,02_derived/zip-text-search-corpus/files/37/37dd36cfaedb1a7e65da0ec677854e6cefb5b41792f5134680303adc4399d6f6.md,,pre-rebuild-handoff,text-source
02_WORKSPACE_SNAPSHOT/Towow_A2A_Research_Handoff_Full_Archive_v1.0(1).zip,Towow_A2A_Research_Handoff_v1.0/core_sources/µùùΦê░σ«₧Θ¬îΘªûσ╕¡σÉ╕µö╢/04_DESIGN_DELTA.md,3242,2ad62982c5d8d5acefbd16289370b1d2b50ba3dba62d3c3ba91408a440abb3e4,md,extracted-unique-text,02_derived/zip-text-search-corpus/files/2a/2ad62982c5d8d5acefbd16289370b1d2b50ba3dba62d3c3ba91408a440abb3e4.md,,pre-rebuild-handoff,text-source
02_WORKSPACE_SNAPSHOT/Towow_A2A_Research_Handoff_Full_Archive_v1.0(1).zip,Towow_A2A_Research_Handoff_v1.0/core_sources/µùùΦê░σ«₧Θ¬îΘªûσ╕¡σÉ╕µö╢/05_CLAIM_EVIDENCE_UPDATE_CHIEF.csv,2043,1870a27faeb912bbf188219dac696f704e2e13cefbe623a394d9508e97a5e72d,csv,extracted-unique-text,02_derived/zip-text-search-corpus/files/18/1870a27faeb912bbf188219dac696f704e2e13cefbe623a394d9508e97a5e72d.csv,,pre-rebuild-handoff,evidence-or-decision-ledger
02_WORKSPACE_SNAPSHOT/Towow_A2A_Research_Handoff_Full_Archive_v1.0(1).zip,Towow_A2A_Research_Handoff_v1.0/core_sources/claim_evidence_register.csv,4902,046bbdf4587bacc1ba92e37765c1b81568a3fe30e818e36fda0f6bd760c716b9,csv,extracted-unique-text,02_derived/zip-text-search-corpus/files/04/046bbdf4587bacc1ba92e37765c1b81568a3fe30e818e36fda0f6bd760c716b9.csv,,pre-rebuild-handoff,evidence-or-decision-ledger
02_WORKSPACE_SNAPSHOT/Towow_A2A_Research_Handoff_Full_Archive_v1.0(1).zip,Towow_A2A_Research_Handoff_v1.0/qa/render_log.txt,1085,eaa0016ccb629c83fdefc7e23c88265c9d4c34e473978041ac73a7a06c6e8d22,txt,extracted-unique-text,02_derived/zip-text-search-corpus/files/ea/eaa0016ccb629c83fdefc7e23c88265c9d4c34e473978041ac73a7a06c6e8d22.txt,,pre-rebuild-handoff,qa-or-test
02_WORKSPACE_SNAPSHOT/Towow_A2A_Research_Handoff_Full_Archive_v1.0(1).zip,Towow_A2A_Research_Handoff_v1.0/qa/checksum_verification.txt,147289,919a423e4e7e7d0d66acfc41d8150d9a40ac8f1541b3ad11695a2b26218e916c,txt,extracted-unique-text,02_derived/zip-text-search-corpus/files/91/919a423e4e7e7d0d66acfc41d8150d9a40ac8f1541b3ad11695a2b26218e916c.txt,,pre-rebuild-handoff,integrity-metadata
02_WORKSPACE_SNAPSHOT/Towow_v1.2_Decision_Program.zip,Towow_v1.2_Decision_Program/evidence/decision_ledger.json,6243,f7a5f39679530f96abe9b74c2fab08f7a0acfdaf4944ac9cf27c0bebfef463b7,json,extracted-unique-text,02_derived/zip-text-search-corpus/files/f7/f7a5f39679530f96abe9b74c2fab08f7a0acfdaf4944ac9cf27c0bebfef463b7.json,,v1.2-decision-reset,evidence-or-decision-ledger
02_WORKSPACE_SNAPSHOT/Towow_v1.2_Decision_Program.zip,Towow_v1.2_Decision_Program/evidence/decision_ledger.csv,3716,2d7223d9f157198c8ceeee04e63d1531b6ee12d73eb15db7519ce125ef4d6966,csv,already-searchable-physical,,02_WORKSPACE_SNAPSHOT/Towow_v1.2_Decision_Program/evidence/decision_ledger.csv,v1.2-decision-reset,evidence-or-decision-ledger
02_WORKSPACE_SNAPSHOT/Towow_v1.2_Decision_Program.zip,Towow_v1.2_Decision_Program/evidence/evidence_reclassification.json,5603,9b8a46f20fdb25b92e29d7c69bb6043b7fce34eb8477eb581f4df449bf70bc07,json,extracted-unique-text,02_derived/zip-text-search-corpus/files/9b/9b8a46f20fdb25b92e29d7c69bb6043b7fce34eb8477eb581f4df449bf70bc07.json,,v1.2-decision-reset,evidence-or-decision-ledger
02_WORKSPACE_SNAPSHOT/Towow_v1.2_Decision_Program.zip,Towow_v1.2_Decision_Program/evidence/evidence_reclassification.csv,3006,8fa18e09a003f6abc6ee12ba569996171b85533c931c157e08140966a7351319,csv,already-searchable-physical,,02_WORKSPACE_SNAPSHOT/Towow_v1.2_Decision_Program/evidence/evidence_reclassification.csv,v1.2-decision-reset,evidence-or-decision-ledger
02_WORKSPACE_SNAPSHOT/Towow_v1.2_Decision_Program.zip,Towow_v1.2_Decision_Program/Q1_Central_Baseline/ORIGINAL_44979B_PROMPT.md,44979,8e1fbd00fbd592208a3c4eb3b1bf68baa1f1d6b56ba4f750952fd0495dfae6b2,md,extracted-unique-text,02_derived/zip-text-search-corpus/files/8e/8e1fbd00fbd592208a3c4eb3b1bf68baa1f1d6b56ba4f750952fd0495dfae6b2.md,,v1.2-decision-reset,research-program
02_WORKSPACE_SNAPSHOT/Towow_v1.2_Decision_Program.zip,Towow_v1.2_Decision_Program/Q1_Central_Baseline/preregistration.json,1579,af4773aee8407c79d2bb6f8e6b768d264fc1d37fcc0e1ca672681e02a6ea0721,json,already-searchable-physical,,02_WORKSPACE_SNAPSHOT/Towow_v1.2_Decision_Program/Q1_Central_Baseline/preregistration.json,v1.2-decision-reset,research-program
02_WORKSPACE_SNAPSHOT/Towow_v1.2_Decision_Program.zip,Towow_v1.2_Decision_Program/Q1_Central_Baseline/phase1_inspect_prompt.md,706,b8aca2ffd5eb549bb749f278d197459e287ee75be39ce74f62b1a27abacf38b5,md,extracted-unique-text,02_derived/zip-text-search-corpus/files/b8/b8aca2ffd5eb549bb749f278d197459e287ee75be39ce74f62b1a27abacf38b5.md,,v1.2-decision-reset,specification-or-protocol
02_WORKSPACE_SNAPSHOT/Towow_v1.2_Decision_Program.zip,Towow_v1.2_Decision_Program/Q1_Central_Baseline/phase2_implement_prompt.md,652,ccae62611057ebd6b2f049a97682e8b2612f8bf92787cb707f96e131894e4d44,md,extracted-unique-text,02_derived/zip-text-search-corpus/files/cc/ccae62611057ebd6b2f049a97682e8b2612f8bf92787cb707f96e131894e4d44.md,,v1.2-decision-reset,research-program
02_WORKSPACE_SNAPSHOT/Towow_v1.2_Decision_Program.zip,Towow_v1.2_Decision_Program/Q1_Central_Baseline/ORIGINAL_REPLICATION_ANALYSIS.md,632,7cf2f61c183b4d5ee22186d7e658bdb450dd32ddfafa1a6b1346475879a44e8e,md,extracted-unique-text,02_derived/zip-text-search-corpus/files/7c/7cf2f61c183b4d5ee22186d7e658bdb450dd32ddfafa1a6b1346475879a44e8e.md,,v1.2-decision-reset,research-program
02_WORKSPACE_SNAPSHOT/Towow_v1.2_Decision_Program.zip,Towow_v1.2_Decision_Program/Q1_Central_Baseline/README.md,3470,a2264aa0381f89239ae8d73400e1ea300c813782c6a1cdc63fe12445b93438b3,md,already-searchable-physical,,02_WORKSPACE_SNAPSHOT/Towow_v1.2_Decision_Program/Q1_Central_Baseline/README.md,v1.2-decision-reset,research-program
02_WORKSPACE_SNAPSHOT/Towow_v1.2_Decision_Program.zip,Towow_v1.2_Decision_Program/Q1_Central_Baseline/phase3_verify_prompt.md,462,c632bece59abdd8825fe56cff95d7c85884fbbcdbda51356d737254cb49a7f19,md,extracted-unique-text,02_derived/zip-text-search-corpus/files/c6/c632bece59abdd8825fe56cff95d7c85884fbbcdbda51356d737254cb49a7f19.md,,v1.2-decision-reset,research-program
02_WORKSPACE_SNAPSHOT/Towow_v1.2_Decision_Program.zip,Towow_v1.2_Decision_Program/Q1_Central_Baseline/ORIGINAL_TRANSPORT_FAILURE.md,785,5b60705f8d3f8e614973ff3df8e172b5ba284c22391528dd2fa5ae5ef008bfe1,md,extracted-unique-text,02_derived/zip-text-search-corpus/files/5b/5b60705f8d3f8e614973ff3df8e172b5ba284c22391528dd2fa5ae5ef008bfe1.md,,v1.2-decision-reset,research-program
02_WORKSPACE_SNAPSHOT/Towow_v1.2_Decision_Program.zip,Towow_v1.2_Decision_Program/00_RESEARCH_RESET_v1.2.md,7164,1557f1b998822e5ec5af4ffa3980eec0eeb47b739c7c7751ce8134bb2fad6753,md,already-searchable-physical,,01_INTERACTIONS_AND_CORRECTIONS/04_REVIEW_TO_v1.2_DECISION_RESET.md || 02_WORKSPACE_SNAPSHOT/Towow_v1.2_Decision_Program/00_RESEARCH_RESET_v1.2.md,v1.2-decision-reset,research-program
02_WORKSPACE_SNAPSHOT/Towow_v1.2_Decision_Program.zip,Towow_v1.2_Decision_Program/Q4_Router_Blind_Eval/PROTOCOL.md,1780,38b7d60daafb2874dd0ad72c46437cac6ce21cd8f475b3a08c255f7118b48099,md,already-searchable-physical,,02_WORKSPACE_SNAPSHOT/Towow_v1.2_Decision_Program/Q4_Router_Blind_Eval/PROTOCOL.md,v1.2-decision-reset,specification-or-protocol
02_WORKSPACE_SNAPSHOT/Towow_v1.2_Decision_Program.zip,Towow_v1.2_Decision_Program/Q3_Single_Case_Formation/PROTOCOL.md,2813,9de30c392d63afa6afca6f035c6ce21838d6d96dcafbd47c7ead862bfc90d25c,md,already-searchable-physical,,02_WORKSPACE_SNAPSHOT/Towow_v1.2_Decision_Program/Q3_Single_Case_Formation/PROTOCOL.md,v1.2-decision-reset,specification-or-protocol
02_WORKSPACE_SNAPSHOT/Towow_v1.2_Decision_Program.zip,Towow_v1.2_Decision_Program/README.md,1092,0c702f27aa0f182fcd2abfe1edfd023bdb51bd4554cc2fcdfa051f21997c5a0a,md,already-searchable-physical,,02_WORKSPACE_SNAPSHOT/Towow_v1.2_Decision_Program/README.md,v1.2-decision-reset,research-program
02_WORKSPACE_SNAPSHOT/Towow_v1.2_Decision_Program.zip,Towow_v1.2_Decision_Program/Q2_Explainback_Probe/PROTOCOL.md,2815,01158bf31777c099a0d2bdbfdaf51e7b57c02b36f5e8217650e7e9958d920afd,md,already-searchable-physical,,02_WORKSPACE_SNAPSHOT/Towow_v1.2_Decision_Program/Q2_Explainback_Probe/PROTOCOL.md,v1.2-decision-reset,specification-or-protocol
02_WORKSPACE_SNAPSHOT/Towow_正式统一论文_v1.0_完整包.zip,Towow_Formal_Unified_Paper_v1.0/README_Σ║ñΣ╗ÿΦ»┤µÿÄ.md,805,c1632447ab7beb8ed0a2cc4c4c3431cad29cba4b654f63091552cf64236ca439,md,extracted-unique-text,02_derived/zip-text-search-corpus/files/c1/c1632447ab7beb8ed0a2cc4c4c3431cad29cba4b654f63091552cf64236ca439.md,,v1.0-formal-reconstruction,paper-or-monograph
02_WORKSPACE_SNAPSHOT/Towow_正式统一论文_v1.0_完整包.zip,Towow_Formal_Unified_Paper_v1.0/source/05b_results_round2_r5.md,9927,4eb5e361bb9adb1561e19bb72184f690223340c0cefca837ca8eb7ef8f0b04e6,md,extracted-unique-text,02_derived/zip-text-search-corpus/files/4e/4eb5e361bb9adb1561e19bb72184f690223340c0cefca837ca8eb7ef8f0b04e6.md,,v1.0-formal-reconstruction,experiment-or-result
02_WORKSPACE_SNAPSHOT/Towow_正式统一论文_v1.0_完整包.zip,Towow_Formal_Unified_Paper_v1.0/source/07b_appendices_evidence_glossary.md,12708,2c56dc53c242fb69aaabdd5685f1433cd13e28cd595a6ab5791232b3635a05e7,md,extracted-unique-text,02_derived/zip-text-search-corpus/files/2c/2c56dc53c242fb69aaabdd5685f1433cd13e28cd595a6ab5791232b3635a05e7.md,,v1.0-formal-reconstruction,evidence-or-decision-ledger
02_WORKSPACE_SNAPSHOT/Towow_正式统一论文_v1.0_完整包.zip,Towow_Formal_Unified_Paper_v1.0/source/02a_formation_capability_authority.md,17230,03ea869bda9c38dbe5ef2c091ede40e9a6e7a967deedd8b1a53254345b42c739,md,extracted-unique-text,02_derived/zip-text-search-corpus/files/03/03ea869bda9c38dbe5ef2c091ede40e9a6e7a967deedd8b1a53254345b42c739.md,,v1.0-formal-reconstruction,paper-or-monograph
02_WORKSPACE_SNAPSHOT/Towow_正式统一论文_v1.0_完整包.zip,Towow_Formal_Unified_Paper_v1.0/source/02b_effect_compile_router.md,14734,8d58f9db06fc655b9478599ac3676915149c5e7c63cdf2ab19fc6148837998a9,md,extracted-unique-text,02_derived/zip-text-search-corpus/files/8d/8d58f9db06fc655b9478599ac3676915149c5e7c63cdf2ab19fc6148837998a9.md,,v1.0-formal-reconstruction,paper-or-monograph
02_WORKSPACE_SNAPSHOT/Towow_正式统一论文_v1.0_完整包.zip,Towow_Formal_Unified_Paper_v1.0/source/04_formal_model.md,13018,9719d5ff65592ce167a5e5b0e7cca6dfa1824a5290213363327359a5d91757eb,md,extracted-unique-text,02_derived/zip-text-search-corpus/files/97/9719d5ff65592ce167a5e5b0e7cca6dfa1824a5290213363327359a5d91757eb.md,,v1.0-formal-reconstruction,paper-or-monograph
02_WORKSPACE_SNAPSHOT/Towow_正式统一论文_v1.0_完整包.zip,Towow_Formal_Unified_Paper_v1.0/source/00_front_and_part1.md,31541,425b19b2e284563c51d6d3533e64059957bf6ac6b84a8eeffa733f2f76465982,md,extracted-unique-text,02_derived/zip-text-search-corpus/files/42/425b19b2e284563c51d6d3533e64059957bf6ac6b84a8eeffa733f2f76465982.md,,v1.0-formal-reconstruction,paper-or-monograph
02_WORKSPACE_SNAPSHOT/Towow_正式统一论文_v1.0_完整包.zip,Towow_Formal_Unified_Paper_v1.0/source/07a_appendices_objects_states.md,12721,815bcb632d37603a6baad31080430f42ffc1a92ba7eab1be4aad6205150dc8b3,md,extracted-unique-text,02_derived/zip-text-search-corpus/files/81/815bcb632d37603a6baad31080430f42ffc1a92ba7eab1be4aad6205150dc8b3.md,,v1.0-formal-reconstruction,paper-or-monograph
02_WORKSPACE_SNAPSHOT/Towow_正式统一论文_v1.0_完整包.zip,Towow_Formal_Unified_Paper_v1.0/source/08_references.md,9607,4561a5dab372c0b84ecda3a64fca5eccee87cb24454818cd513af48de726d99d,md,extracted-unique-text,02_derived/zip-text-search-corpus/files/45/4561a5dab372c0b84ecda3a64fca5eccee87cb24454818cd513af48de726d99d.md,,v1.0-formal-reconstruction,paper-or-monograph
02_WORKSPACE_SNAPSHOT/Towow_正式统一论文_v1.0_完整包.zip,Towow_Formal_Unified_Paper_v1.0/source/01_theoretical_foundations.md,26792,b6645d1cae6e5aa8a407564648365baeb4dbc12f91f875bf6692f492d4c13109,md,extracted-unique-text,02_derived/zip-text-search-corpus/files/b6/b6645d1cae6e5aa8a407564648365baeb4dbc12f91f875bf6692f492d4c13109.md,,v1.0-formal-reconstruction,paper-or-monograph
02_WORKSPACE_SNAPSHOT/Towow_正式统一论文_v1.0_完整包.zip,Towow_Formal_Unified_Paper_v1.0/source/03_opc_architecture_protocol.md,14830,6101d1ded1c66f0cea5f72efac2984c6a503f63f07eee72bee921556baad8ded,md,extracted-unique-text,02_derived/zip-text-search-corpus/files/61/6101d1ded1c66f0cea5f72efac2984c6a503f63f07eee72bee921556baad8ded.md,,v1.0-formal-reconstruction,specification-or-protocol
02_WORKSPACE_SNAPSHOT/Towow_正式统一论文_v1.0_完整包.zip,Towow_Formal_Unified_Paper_v1.0/source/05a_evidence_methods.md,9173,bdeb835cd22c0114d3005368f20d3d91f530b6b4563ccdbd1023337d2d759d57,md,extracted-unique-text,02_derived/zip-text-search-corpus/files/bd/bdeb835cd22c0114d3005368f20d3d91f530b6b4563ccdbd1023337d2d759d57.md,,v1.0-formal-reconstruction,evidence-or-decision-ledger
02_WORKSPACE_SNAPSHOT/Towow_正式统一论文_v1.0_完整包.zip,Towow_Formal_Unified_Paper_v1.0/source/05c_results_v04_v07.md,11831,93cfd9ccaeb6982537957ba085dd22e6f7a1b387bda83e0cfe4a1161789a88c2,md,extracted-unique-text,02_derived/zip-text-search-corpus/files/93/93cfd9ccaeb6982537957ba085dd22e6f7a1b387bda83e0cfe4a1161789a88c2.md,,v1.0-formal-reconstruction,experiment-or-result
02_WORKSPACE_SNAPSHOT/Towow_正式统一论文_v1.0_完整包.zip,Towow_Formal_Unified_Paper_v1.0/source/06_synthesis_economics_safety.md,21996,b4e4cc34795442d2f497bd0e0f6e3196dfc53125c3455c131ddf1a1452c36e40,md,extracted-unique-text,02_derived/zip-text-search-corpus/files/b4/b4e4cc34795442d2f497bd0e0f6e3196dfc53125c3455c131ddf1a1452c36e40.md,,v1.0-formal-reconstruction,paper-or-monograph
02_WORKSPACE_SNAPSHOT/Towow_正式统一论文_v1.0_完整包.zip,Towow_Formal_Unified_Paper_v1.0/REVISION_NOTE_v0.7_to_v1.0.md,4520,6ae7ab5cd84b9dc4d37348e5cca266bc16e498bdb2a35052c2193461920d1c4c,md,already-searchable-physical,,02_WORKSPACE_SNAPSHOT/Towow_Unified_Paper_v1.0_formal/REVISION_NOTE_v0.7_to_v1.0.md,v1.0-formal-reconstruction,paper-or-monograph
02_WORKSPACE_SNAPSHOT/Towow_正式统一论文_v1.0_完整包.zip,Towow_Formal_Unified_Paper_v1.0/legacy_v0.7/ΘÇÜτê╗_Σ╕╗µ¥âΣ╗úτÉåµôìΣ╜£τ│╗τ╗ƒ_τ╗ƒΣ╕ÇΦ«║µûç_v0.7.md,41496,8780f12ed446fa05d9a80706f9e7a6371cde983e278f13e6d963cb8d64209745,md,already-searchable-physical,,02_WORKSPACE_SNAPSHOT/通爻_主权代理操作系统_统一论文_v0.7.md,v1.0-formal-reconstruction,paper-or-monograph
02_WORKSPACE_SNAPSHOT/Towow_正式统一论文_v1.0_完整包.zip,Towow_Formal_Unified_Paper_v1.0/CONTENT_LOSS_AUDIT.md,12700,db9ed43a55e0be79a4375f5268f651578cbfe7af83e1785ec1a1bd8fa7daa5c8,md,already-searchable-physical,,02_WORKSPACE_SNAPSHOT/Towow_Unified_Paper_v1.0_formal/CONTENT_LOSS_AUDIT.md,v1.0-formal-reconstruction,paper-or-monograph
02_WORKSPACE_SNAPSHOT/Towow_正式统一论文_v1.0_完整包.zip,Towow_Formal_Unified_Paper_v1.0/FORMAL_PAPER_QA.md,3766,227de5e15145c8cbcf2961b51a9156dd10e42fed2df86fcbf867f0b324f6fed2,md,already-searchable-physical,,02_WORKSPACE_SNAPSHOT/Towow_Unified_Paper_v1.0_formal/FORMAL_PAPER_QA.md,v1.0-formal-reconstruction,qa-or-test
02_WORKSPACE_SNAPSHOT/Towow_正式统一论文_v1.0_完整包.zip,Towow_Formal_Unified_Paper_v1.0/reproducibility/a11y_audit.json,207,7ee167f32ac90acdfa6b3a9e5f298f72d9260aa5097d8ab0e6d1e1526b8e128f,json,extracted-unique-text,02_derived/zip-text-search-corpus/files/7e/7ee167f32ac90acdfa6b3a9e5f298f72d9260aa5097d8ab0e6d1e1526b8e128f.json,,v1.0-formal-reconstruction,paper-or-monograph
02_WORKSPACE_SNAPSHOT/Towow_正式统一论文_v1.0_完整包.zip,Towow_Formal_Unified_Paper_v1.0/reproducibility/postprocess_docx.py,8384,9f1d8637e741a2486f386786927628d0bf2c9cbefddf796baeda945f83eeb534,py,extracted-unique-text,02_derived/zip-text-search-corpus/files/9f/9f1d8637e741a2486f386786927628d0bf2c9cbefddf796baeda945f83eeb534.py,,v1.0-formal-reconstruction,instrument-or-code
02_WORKSPACE_SNAPSHOT/Towow_正式统一论文_v1.0_完整包.zip,Towow_Formal_Unified_Paper_v1.0/reproducibility/make_reference_docx.py,7439,c5dea0dea4317ff4dc4fdf23c97b274d6250ff34488739e2ecd72601aa1ccd84,py,extracted-unique-text,02_derived/zip-text-search-corpus/files/c5/c5dea0dea4317ff4dc4fdf23c97b274d6250ff34488739e2ecd72601aa1ccd84.py,,v1.0-formal-reconstruction,instrument-or-code
02_WORKSPACE_SNAPSHOT/Towow_正式统一论文_v1.0_完整包.zip,Towow_Formal_Unified_Paper_v1.0/reproducibility/patch_toc_pages.py,3603,e77ce213d5b5c7ad15c179be204115d63467cd8ee7ce6aa5a08f26f13b61d778,py,extracted-unique-text,02_derived/zip-text-search-corpus/files/e7/e77ce213d5b5c7ad15c179be204115d63467cd8ee7ce6aa5a08f26f13b61d778.py,,v1.0-formal-reconstruction,instrument-or-code
02_WORKSPACE_SNAPSHOT/Towow_正式统一论文_v1.0_完整包.zip,Towow_Formal_Unified_Paper_v1.0/reproducibility/insert_static_toc.py,5513,0f3a3ff1d370dc5c466ab24b2e73acb5c0967a8382b97ef84f14d6299301f097,py,extracted-unique-text,02_derived/zip-text-search-corpus/files/0f/0f3a3ff1d370dc5c466ab24b2e73acb5c0967a8382b97ef84f14d6299301f097.py,,v1.0-formal-reconstruction,instrument-or-code
02_WORKSPACE_SNAPSHOT/Towow_正式统一论文_v1.0_完整包.zip,Towow_Formal_Unified_Paper_v1.0/ΘÇÜτê╗_Σ╕╗µ¥âµÖ║Φâ╜Σ╕╗Σ╜ôσà▒σÉîτÄ░σ«₧σ╜óµêÉ_µ¡úσ╝ÅΦ«║µûç_v1.0.md,206120,7f92cd950ddb796f193509529268f22b12ab1de3a6139ee71ffa13d0ecc1a65e,md,already-searchable-physical,,02_WORKSPACE_SNAPSHOT/Towow_Unified_Paper_v1.0_formal/通爻_主权智能主体共同现实形成_正式论文_v1.0.md,v1.0-formal-reconstruction,paper-or-monograph
02_WORKSPACE_SNAPSHOT/doi-10.5064-f6qhvgui.zip,README_Milman.txt,8906,afd7e5404c7b151ab5e3df2695df74c7582a4a4a387a3e8f79695ad13da750b1,txt,extracted-unique-text,02_derived/zip-text-search-corpus/files/af/afd7e5404c7b151ab5e3df2695df74c7582a4a4a387a3e8f79695ad13da750b1.txt,,unresolved,orientation
02_WORKSPACE_SNAPSHOT/doi-10.5064-f6qhvgui.zip,MANIFEST.TXT,6613,59a21b8929e62e4c5f586c245eb10ade54dee764de2932d9459a172b20cc2e99,txt,extracted-unique-text,02_derived/zip-text-search-corpus/files/59/59a21b8929e62e4c5f586c245eb10ade54dee764de2932d9459a172b20cc2e99.txt,,unresolved,manifest
