relative_path,size_bytes,sha256,category,purpose,media_type
README.md,1233,ec23b3039b57f88153cac5dd3070c2a83f78619e244a90b6971cc2b3419e9fda,root,原始研究或支持材料,text/markdown
core_sources/claim_evidence_register.csv,4902,046bbdf4587bacc1ba92e37765c1b81568a3fe30e818e36fda0f6bd760c716b9,core_source,原始研究或支持材料,text/csv
core_sources/concept_decision_ledger.csv,5955,196bbb51399a709f8368efb7e96fd417f8844a15cca810bfc8b3e6b8d8764557,core_source,原始研究或支持材料,text/csv
core_sources/建设性旗舰任务包_v1.5_关键文档/01_CURRENT_SYSTEM_v0.7.2.md,5797,1e62ea94fa0a752e253964d95e7f3ba41eb2c7347764623cf9849c358da4ce7a,core_source,原始研究或支持材料,text/markdown
core_sources/建设性旗舰任务包_v1.5_关键文档/02_DYNAMIC_RESEARCH_MAP.md,3149,e1e2883a5c98fff4fb2b91dbe291de234e4341463c383c68073d028312a27647,core_source,原始研究或支持材料,text/markdown
core_sources/建设性旗舰任务包_v1.5_关键文档/03_DESIGN_GAP_DECISION_MAP.md,2696,1f01c9e62668b528bcc565ac56dc1347434d3e32681a585751b86b491c6d120f,core_source,原始研究或支持材料,text/markdown
core_sources/建设性旗舰任务包_v1.5_关键文档/04_FLAGSHIP_CONSTRUCTIVE_RESEARCH_CHARTER.md,3994,6b57460de56446c88337424dcef7ddf3c92cfacc1cc25de64414fd7bba153a98,core_source,原始研究或支持材料,text/markdown
core_sources/建设性旗舰任务包_v1.5_关键文档/05_LOCAL_RESEARCH_MISSION.md,2208,e16be9990f1cb806cadeee1c04cd6f069a92199c4825d04b6420388eeb0018e8,core_source,原始研究或支持材料,text/markdown
core_sources/建设性旗舰任务包_v1.5_关键文档/07_EVIDENCE_AND_CAUSALITY_CONTRACT.md,2915,765630906897d4748dec197b84af5a604778b381b9f89b9af1d1a59399cd3076,core_source,原始研究或支持材料,text/markdown
core_sources/建设性旗舰任务包_v1.5_关键文档/08_RESEARCH_DECISION_RULES.md,2864,58e3f3b0388155965f33ce6d9ad397479910925ee99e80d87a112a5c8b8182ba,core_source,原始研究或支持材料,text/markdown
core_sources/建设性旗舰任务包_v1.5_关键文档/10_CODEX_BOOTSTRAP_PROMPT.md,5788,e03bacade3ffb6a41efa7df8c70fd02577a769a9b676b8dde89f77df03ec1998,core_source,原始研究或支持材料,text/markdown
core_sources/建设性旗舰任务包_v1.5_关键文档/11_TASK_SELECTION_SCORECARD.md,1792,b566692a63a78571533e7026d222fe591c0feab753eda98e2b1a22e2e479ae7c,core_source,原始研究或支持材料,text/markdown
core_sources/旗舰实验首席吸收/01_旗舰实验解释与研究判断.md,17333,dc62f5f53bf12a475c3a3470e8199d308f639f3a396fd3cbac966efe07c4244d,core_source,旗舰实验首席吸收、Design Delta 与现实主体转向,text/markdown
core_sources/旗舰实验首席吸收/02_当前统一体系_旗舰实验吸收版.md,5503,ab402524b41803745e2ee0c5ab83dc5f0ae82f75faa6bf70e2af4ab218fd9d80,core_source,旗舰实验首席吸收、Design Delta 与现实主体转向,text/markdown
core_sources/旗舰实验首席吸收/03_动态研究地图_现实主体转向.md,3889,37dd36cfaedb1a7e65da0ec677854e6cefb5b41792f5134680303adc4399d6f6,core_source,旗舰实验首席吸收、Design Delta 与现实主体转向,text/markdown
core_sources/旗舰实验首席吸收/04_DESIGN_DELTA.md,3242,2ad62982c5d8d5acefbd16289370b1d2b50ba3dba62d3c3ba91408a440abb3e4,core_source,旗舰实验首席吸收、Design Delta 与现实主体转向,text/markdown
core_sources/旗舰实验首席吸收/05_CLAIM_EVIDENCE_UPDATE_CHIEF.csv,2043,1870a27faeb912bbf188219dac696f704e2e13cefbe623a394d9508e97a5e72d,core_source,旗舰实验首席吸收、Design Delta 与现实主体转向,text/csv
core_sources/旗舰实验首席吸收/06_返回包证据审计说明.md,732,e6c020704d228250f5c37108152f376d0f8d6c390634102452cf7703bd995bda,core_source,旗舰实验首席吸收、Design Delta 与现实主体转向,text/markdown
core_sources/统一论文_源稿.md,55720,dd21711e325de293fa5197e97e8c9dd40b1d6167fb766e6f03d58823874cf3bd,core_source,当前压缩统一论文、源稿、图与账本,text/markdown
core_sources/通爻_A2A_统一论文_从主权世界到共同现实.docx,1299122,ca7a4e5a7f1d6e59d5b4206c7ff9a8c9a5b21f3205f93ade532fa954b3e17edb,core_source,当前压缩统一论文、源稿、图与账本,application/vnd.openxmlformats-officedocument.wordprocessingml.document
core_sources/通爻_A2A_统一论文_从主权世界到共同现实.pdf,1724843,48880b515f120adbf45284fb0d40a98a9748e737003da3f7276aaad371fd3287,core_source,当前压缩统一论文、源稿、图与账本,application/pdf
diagrams/handoff_workflow.dot,869,2597d965115691e0ebb64c7e07889cc33811e92443f884ad00c4036e09005980,diagram,统一模型与研究流程可视化,text/vnd.graphviz
diagrams/handoff_workflow.png,61465,8ea27c5d495629707fdf185a8f2f1219f83b0261cbd106f1dafe9bbd78fe3d87,diagram,统一模型与研究流程可视化,image/png
diagrams/handoff_workflow.svg,6237,118edec50ff5431dd6f5caf6d15eb41354ce48c186f472bbc69095c43147957c,diagram,统一模型与研究流程可视化,image/svg+xml
diagrams/three_axes.dot,1669,385cf6c565c238589025d07048d58e89d13c39f6b3dc1be8ca74491887a83c57,diagram,统一模型与研究流程可视化,text/vnd.graphviz
diagrams/three_axes.png,89386,2f4cc88dfd0c8f06418e75721839ca6243692a5f9c8adff1b96d272445c8a4d5,diagram,统一模型与研究流程可视化,image/png
diagrams/three_axes.svg,14434,0495ecf755870ddede1182a387acdab0840521f959bdfcfc20c66657652c4453,diagram,统一模型与研究流程可视化,image/svg+xml
diagrams/unified_chain.dot,1325,db68b4a1a85275ace17d99b774d25731f10864a507b3bc055fb4a5070fbb6061,diagram,统一模型与研究流程可视化,text/vnd.graphviz
diagrams/unified_chain.png,106929,eaef4858803553a73bfb952e2740b54ec6af9286fcd2bc09386577497d5f5b80,diagram,统一模型与研究流程可视化,image/png
diagrams/unified_chain.svg,8535,b42cf5ce4a76717399adaca24ea8cdeef3638a5346f3b648c139d90c681b8ad2,diagram,统一模型与研究流程可视化,image/svg+xml
full_archive/current_synthesis/constructive_packet_v1.5_key_files/01_CURRENT_SYSTEM_v0.7.2.md,5797,1e62ea94fa0a752e253964d95e7f3ba41eb2c7347764623cf9849c358da4ce7a,current_synthesis,原始研究或支持材料,text/markdown
full_archive/current_synthesis/constructive_packet_v1.5_key_files/02_DYNAMIC_RESEARCH_MAP.md,3149,e1e2883a5c98fff4fb2b91dbe291de234e4341463c383c68073d028312a27647,current_synthesis,原始研究或支持材料,text/markdown
full_archive/current_synthesis/constructive_packet_v1.5_key_files/03_DESIGN_GAP_DECISION_MAP.md,2696,1f01c9e62668b528bcc565ac56dc1347434d3e32681a585751b86b491c6d120f,current_synthesis,原始研究或支持材料,text/markdown
full_archive/current_synthesis/constructive_packet_v1.5_key_files/04_FLAGSHIP_CONSTRUCTIVE_RESEARCH_CHARTER.md,3994,6b57460de56446c88337424dcef7ddf3c92cfacc1cc25de64414fd7bba153a98,current_synthesis,原始研究或支持材料,text/markdown
full_archive/current_synthesis/constructive_packet_v1.5_key_files/05_LOCAL_RESEARCH_MISSION.md,2208,e16be9990f1cb806cadeee1c04cd6f069a92199c4825d04b6420388eeb0018e8,current_synthesis,原始研究或支持材料,text/markdown
full_archive/current_synthesis/constructive_packet_v1.5_key_files/07_EVIDENCE_AND_CAUSALITY_CONTRACT.md,2915,765630906897d4748dec197b84af5a604778b381b9f89b9af1d1a59399cd3076,current_synthesis,原始研究或支持材料,text/markdown
full_archive/current_synthesis/constructive_packet_v1.5_key_files/08_RESEARCH_DECISION_RULES.md,2864,58e3f3b0388155965f33ce6d9ad397479910925ee99e80d87a112a5c8b8182ba,current_synthesis,原始研究或支持材料,text/markdown
full_archive/current_synthesis/constructive_packet_v1.5_key_files/10_CODEX_BOOTSTRAP_PROMPT.md,5788,e03bacade3ffb6a41efa7df8c70fd02577a769a9b676b8dde89f77df03ec1998,current_synthesis,原始研究或支持材料,text/markdown
full_archive/current_synthesis/constructive_packet_v1.5_key_files/11_TASK_SELECTION_SCORECARD.md,1792,b566692a63a78571533e7026d222fe591c0feab753eda98e2b1a22e2e479ae7c,current_synthesis,原始研究或支持材料,text/markdown
full_archive/current_synthesis/flagship_absorption/01_旗舰实验解释与研究判断.md,17333,dc62f5f53bf12a475c3a3470e8199d308f639f3a396fd3cbac966efe07c4244d,current_synthesis,旗舰实验首席吸收、Design Delta 与现实主体转向,text/markdown
full_archive/current_synthesis/flagship_absorption/02_当前统一体系_旗舰实验吸收版.md,5503,ab402524b41803745e2ee0c5ab83dc5f0ae82f75faa6bf70e2af4ab218fd9d80,current_synthesis,旗舰实验首席吸收、Design Delta 与现实主体转向,text/markdown
full_archive/current_synthesis/flagship_absorption/03_动态研究地图_现实主体转向.md,3889,37dd36cfaedb1a7e65da0ec677854e6cefb5b41792f5134680303adc4399d6f6,current_synthesis,原始研究或支持材料,text/markdown
full_archive/current_synthesis/flagship_absorption/04_DESIGN_DELTA.md,3242,2ad62982c5d8d5acefbd16289370b1d2b50ba3dba62d3c3ba91408a440abb3e4,current_synthesis,原始研究或支持材料,text/markdown
full_archive/current_synthesis/flagship_absorption/05_CLAIM_EVIDENCE_UPDATE_CHIEF.csv,2043,1870a27faeb912bbf188219dac696f704e2e13cefbe623a394d9508e97a5e72d,current_synthesis,原始研究或支持材料,text/csv
full_archive/current_synthesis/flagship_absorption/06_返回包证据审计说明.md,732,e6c020704d228250f5c37108152f376d0f8d6c390634102452cf7703bd995bda,current_synthesis,原始研究或支持材料,text/markdown
full_archive/current_synthesis/r5_4_extracted/return-packet/ARCHITECTURE_AND_NET_VALUE.md,3212,d740400b255b5eb27f417ae592144cd4a67d28830af5bebe4b80745535808109,current_synthesis,真实模型协商负对照与成本分析,text/markdown
full_archive/current_synthesis/r5_4_extracted/return-packet/CORE_A2A_EXPERIMENT.md,4255,c39b566e7014c1e37968cd99ae446139966df056d6d57dd9069e9e5e40eccff0,current_synthesis,真实模型协商负对照与成本分析,text/markdown
full_archive/current_synthesis/r5_4_extracted/return-packet/DECISION_LOG.md,5738,4745826513f915518aafe860de08c542ec31840bde458aa7a690aa312351aded,current_synthesis,真实模型协商负对照与成本分析,text/markdown
full_archive/current_synthesis/r5_4_extracted/return-packet/FORMATION_CAUSALITY.md,3082,882d3eedfa83a49040bc9130bac836230fbff23daf9669530537516750785751,current_synthesis,真实模型协商负对照与成本分析,text/markdown
full_archive/current_synthesis/r5_4_extracted/return-packet/experiments/r5-4-run-001-source-identity/hypothesis.md,2059,de5e75bba90c66fac91152a65b53b3758db6b3b021032cf86e059073cf52480e,current_synthesis,真实模型协商负对照与成本分析,text/markdown
full_archive/current_synthesis/r5_4_extracted/return-packet/experiments/r5-4-run-001-source-identity/preregistration.json,5095,ba9720027f5d95344e553edfb79c0260a0f625fbd430cadbdb8d9b565df817ec,current_synthesis,真实模型协商负对照与成本分析,application/json
full_archive/current_synthesis/r5_4_extracted/return-packet/experiments/r5-4-run-001-source-identity/transcripts/a2a/round6_b/parsed.json,13351,d28d6ec13e885c7a8a3dc213160fddda5ad8aae44f8dbf82ed51d8e54c310607,current_synthesis,真实模型协商负对照与成本分析,application/json
full_archive/current_synthesis/unified_paper_figures/fig1_problem_stack.dot,1367,a405f790c0a1f7fe240608f17457a007713b07f89553dcea55a6588c0e1ba50a,current_synthesis,当前压缩统一论文、源稿、图与账本,text/vnd.graphviz
full_archive/current_synthesis/unified_paper_figures/fig1_problem_stack.png,211092,5c4e3978b1c71e947ac70c40df82cba0a713daf5e7a28b7cec4dce7ba345f381,current_synthesis,当前压缩统一论文、源稿、图与账本,image/png
full_archive/current_synthesis/unified_paper_figures/fig1_problem_stack.svg,9115,f53f37f14607321bef1f61f1e1224d9763726f0cc1dfbe2c79bf37621e79eb7f,current_synthesis,当前压缩统一论文、源稿、图与账本,image/svg+xml
full_archive/current_synthesis/unified_paper_figures/fig2_planes.dot,2269,8029f694a19a07a81becd92dc6790b06fce96875d0381913f3ce214166205401,current_synthesis,当前压缩统一论文、源稿、图与账本,text/vnd.graphviz
full_archive/current_synthesis/unified_paper_figures/fig2_planes.png,273528,d8a1bca3d862043acb13f075268df5dbab45cdc19fe5ca16b26d0c43d3ac2d5b,current_synthesis,当前压缩统一论文、源稿、图与账本,image/png
full_archive/current_synthesis/unified_paper_figures/fig2_planes.svg,19761,9dadb68759e95f6c845762b3e9b1ca6ed3dc1590b25eb11fe80f71b74e86180e,current_synthesis,当前压缩统一论文、源稿、图与账本,image/svg+xml
full_archive/current_synthesis/unified_paper_figures/fig3_formation_loop.dot,1144,09a3d2604b1149257be82b7378f8dab30f4d3c09b6ba4faa5f91ebbd12435b66,current_synthesis,当前压缩统一论文、源稿、图与账本,text/vnd.graphviz
full_archive/current_synthesis/unified_paper_figures/fig3_formation_loop.png,162754,d78143d35156b1e07ee72da396de20ad31e841777e09deaacbd532d6fbf83049,current_synthesis,当前压缩统一论文、源稿、图与账本,image/png
full_archive/current_synthesis/unified_paper_figures/fig3_formation_loop.svg,7527,7ee0c95d878446ca222d96e3636ff126374f6ae00e73330206e326293080ded9,current_synthesis,当前压缩统一论文、源稿、图与账本,image/svg+xml
full_archive/current_synthesis/unified_paper_figures/fig4_collapse_boundary.dot,1220,ca34097389f553a05db1a82ea8409a70534e6db47d5fc3fb9da5374d46c68eb8,current_synthesis,当前压缩统一论文、源稿、图与账本,text/vnd.graphviz
full_archive/current_synthesis/unified_paper_figures/fig4_collapse_boundary.png,217448,fe9cab2758de1f712baf76aeeeb8ce3ba6d0c5af95badbf12a0b0417f9dd5841,current_synthesis,当前压缩统一论文、源稿、图与账本,image/png
full_archive/current_synthesis/unified_paper_figures/fig4_collapse_boundary.svg,7537,6c346de3ebc853437238d4f6eb9ddae9494cd0a07d7e3740fd967b265d65389c,current_synthesis,当前压缩统一论文、源稿、图与账本,image/svg+xml
full_archive/current_synthesis/unified_paper_figures/fig5_two_regime.dot,991,f1ea42fcb7019704f6b043d466221cc98796f46b1664c2b619ff734183ed2343,current_synthesis,当前压缩统一论文、源稿、图与账本,text/vnd.graphviz
full_archive/current_synthesis/unified_paper_figures/fig5_two_regime.png,134202,35b63769e84474bc0fb7b924a0960c178c642bbdd908757d40d209bf1cbdb865,current_synthesis,当前压缩统一论文、源稿、图与账本,image/png
full_archive/current_synthesis/unified_paper_figures/fig5_two_regime.svg,5278,b37736bcd9b34cb02268917723e342c96ec3bb59c2202a4dbcd310570934ffea,current_synthesis,当前压缩统一论文、源稿、图与账本,image/svg+xml
full_archive/current_synthesis/unified_paper_figures/fig6_protocol_stack.dot,1310,40dee68e80b0fbf0f5ab14aabafec3c162a911e729f744c5171b242a4a5cc955,current_synthesis,当前压缩统一论文、源稿、图与账本,text/vnd.graphviz
full_archive/current_synthesis/unified_paper_figures/fig6_protocol_stack.png,223285,25673f82d2833ab179acd2cbfd66b1554f8f8cdbb65d4669c6b7361c33403d01,current_synthesis,当前压缩统一论文、源稿、图与账本,image/png
full_archive/current_synthesis/unified_paper_figures/fig6_protocol_stack.svg,6520,b00796a90e6c77713ea4ecdca7373aec2e5e3dfc03305482eafc2e7331e5cd59,current_synthesis,当前压缩统一论文、源稿、图与账本,image/svg+xml
full_archive/current_synthesis/unified_paper_figures/fig7_evidence_ladder.dot,915,8137d0cb8c7ead4e10c04ba709298fa13c72f770ec0de366aff4c398cac4ecdb,current_synthesis,当前压缩统一论文、源稿、图与账本,text/vnd.graphviz
full_archive/current_synthesis/unified_paper_figures/fig7_evidence_ladder.png,99079,cf1112d4444d1b10115fb166bcd56c719d32491a177afe74353884d49a3fc7a3,current_synthesis,当前压缩统一论文、源稿、图与账本,image/png
full_archive/current_synthesis/unified_paper_figures/fig7_evidence_ladder.svg,4612,976087565c28a81198ada427c0ee03883dd476b098a521d360b37a05acbc0546,current_synthesis,当前压缩统一论文、源稿、图与账本,image/svg+xml
full_archive/current_synthesis/unified_paper_output/Towow_A2A_Unified_Paper.docx,1299122,ca7a4e5a7f1d6e59d5b4206c7ff9a8c9a5b21f3205f93ade532fa954b3e17edb,current_synthesis,当前压缩统一论文、源稿、图与账本,application/vnd.openxmlformats-officedocument.wordprocessingml.document
full_archive/current_synthesis/unified_paper_output/Towow_A2A_Unified_Paper.pdf,1724843,48880b515f120adbf45284fb0d40a98a9748e737003da3f7276aaad371fd3287,current_synthesis,当前压缩统一论文、源稿、图与账本,application/pdf
full_archive/current_synthesis/unified_paper_output/Towow_A2A_Unified_Paper_raw.docx,1294940,734396d74e15e5719e2dbb7abf632d6b0f2744f668d64cd383f974daae5cc556,current_synthesis,当前压缩统一论文、源稿、图与账本,application/vnd.openxmlformats-officedocument.wordprocessingml.document
full_archive/current_synthesis/unified_paper_output/通爻_A2A_统一论文_从主权世界到共同现实.docx,1299122,ca7a4e5a7f1d6e59d5b4206c7ff9a8c9a5b21f3205f93ade532fa954b3e17edb,current_synthesis,当前压缩统一论文、源稿、图与账本,application/vnd.openxmlformats-officedocument.wordprocessingml.document
full_archive/current_synthesis/unified_paper_output/通爻_A2A_统一论文_从主权世界到共同现实.pdf,1724843,48880b515f120adbf45284fb0d40a98a9748e737003da3f7276aaad371fd3287,current_synthesis,当前压缩统一论文、源稿、图与账本,application/pdf
full_archive/current_synthesis/unified_paper_source/claim_evidence_register.csv,4902,046bbdf4587bacc1ba92e37765c1b81568a3fe30e818e36fda0f6bd760c716b9,current_synthesis,当前压缩统一论文、源稿、图与账本,text/csv
full_archive/current_synthesis/unified_paper_source/concept_decision_ledger.csv,5955,196bbb51399a709f8368efb7e96fd417f8844a15cca810bfc8b3e6b8d8764557,current_synthesis,当前压缩统一论文、源稿、图与账本,text/csv
full_archive/current_synthesis/unified_paper_source/header.tex,1844,71ccadb67e4f04124d3c9e80a0f4c9a198f4e47bf97bfb0ca991c684cc8e00a3,current_synthesis,当前压缩统一论文、源稿、图与账本,text/x-tex
full_archive/current_synthesis/unified_paper_source/main.md,55720,dd21711e325de293fa5197e97e8c9dd40b1d6167fb766e6f03d58823874cf3bd,current_synthesis,当前压缩统一论文、源稿、图与账本,text/markdown
full_archive/current_synthesis/unified_paper_source/main_docx.md,58615,b107af3120786edbe4b3691ef42d60a65808235e84ec83eda44bce9e5ffabdf9,current_synthesis,当前压缩统一论文、源稿、图与账本,text/markdown
full_archive/current_synthesis/unified_paper_source/metadata.yaml,330,43945ae68644dd5d5ad2efcdc43455972ddab7fdcaf7afec3ef216694a5ee9c7,current_synthesis,当前压缩统一论文、源稿、图与账本,application/yaml
full_archive/current_synthesis/unified_paper_source/references.bib,10382,7c16d11688e54c85b13d8562b8f47c96b5e0dcd9522f4c22363cb4955d691b5a,current_synthesis,当前压缩统一论文、源稿、图与账本,text/x-bibtex
full_archive/current_synthesis/unified_paper_source/style_docx.py,8913,1781a0f257e8899aa90bb072bac790922963add845271e42ab39d6713977c8de,current_synthesis,当前压缩统一论文、源稿、图与账本,text/x-python
full_archive/current_synthesis/unified_source_package/QA_REPORT.md,1058,c2b89f15399bfb080c5d2981547bad08db24fddc60bdd40161385c919cbde1d7,current_synthesis,原始研究或支持材料,text/markdown
full_archive/current_synthesis/unified_source_package/README.md,1146,e2f067f78c3cfb264d1e0477ba174c48e887ef70cbb4ae02641d4c0a88baeaea,current_synthesis,原始研究或支持材料,text/markdown
full_archive/current_synthesis/unified_source_package/claim_evidence_register.csv,4902,046bbdf4587bacc1ba92e37765c1b81568a3fe30e818e36fda0f6bd760c716b9,current_synthesis,原始研究或支持材料,text/csv
full_archive/current_synthesis/unified_source_package/concept_decision_ledger.csv,5955,196bbb51399a709f8368efb7e96fd417f8844a15cca810bfc8b3e6b8d8764557,current_synthesis,原始研究或支持材料,text/csv
full_archive/current_synthesis/unified_source_package/figures/fig1_problem_stack.png,211092,5c4e3978b1c71e947ac70c40df82cba0a713daf5e7a28b7cec4dce7ba345f381,current_synthesis,原始研究或支持材料,image/png
full_archive/current_synthesis/unified_source_package/figures/fig2_planes.png,273528,d8a1bca3d862043acb13f075268df5dbab45cdc19fe5ca16b26d0c43d3ac2d5b,current_synthesis,原始研究或支持材料,image/png
full_archive/current_synthesis/unified_source_package/figures/fig3_formation_loop.png,162754,d78143d35156b1e07ee72da396de20ad31e841777e09deaacbd532d6fbf83049,current_synthesis,原始研究或支持材料,image/png
full_archive/current_synthesis/unified_source_package/figures/fig4_collapse_boundary.png,217448,fe9cab2758de1f712baf76aeeeb8ce3ba6d0c5af95badbf12a0b0417f9dd5841,current_synthesis,原始研究或支持材料,image/png
full_archive/current_synthesis/unified_source_package/figures/fig5_two_regime.png,134202,35b63769e84474bc0fb7b924a0960c178c642bbdd908757d40d209bf1cbdb865,current_synthesis,原始研究或支持材料,image/png
full_archive/current_synthesis/unified_source_package/figures/fig6_protocol_stack.png,223285,25673f82d2833ab179acd2cbfd66b1554f8f8cdbb65d4669c6b7361c33403d01,current_synthesis,原始研究或支持材料,image/png
full_archive/current_synthesis/unified_source_package/figures/fig7_evidence_ladder.png,99079,cf1112d4444d1b10115fb166bcd56c719d32491a177afe74353884d49a3fc7a3,current_synthesis,原始研究或支持材料,image/png
full_archive/current_synthesis/unified_source_package/main.md,55720,dd21711e325de293fa5197e97e8c9dd40b1d6167fb766e6f03d58823874cf3bd,current_synthesis,原始研究或支持材料,text/markdown
full_archive/current_synthesis/unified_source_package/references.bib,10382,7c16d11688e54c85b13d8562b8f47c96b5e0dcd9522f4c22363cb4955d691b5a,current_synthesis,原始研究或支持材料,text/x-bibtex
full_archive/current_synthesis/unified_source_package/通爻_A2A_统一论文_从主权世界到共同现实.docx,1299122,ca7a4e5a7f1d6e59d5b4206c7ff9a8c9a5b21f3205f93ade532fa954b3e17edb,current_synthesis,当前压缩统一论文、源稿、图与账本,application/vnd.openxmlformats-officedocument.wordprocessingml.document
full_archive/current_synthesis/unified_source_package/通爻_A2A_统一论文_从主权世界到共同现实.pdf,1724843,48880b515f120adbf45284fb0d40a98a9748e737003da3f7276aaad371fd3287,current_synthesis,当前压缩统一论文、源稿、图与账本,application/pdf
full_archive/extracted_sources/Flowness-Harness-Cognitive-Engineering-v0.1(1)/Flowness-Harness-Cognitive-Engineering-v0.1/00-导航与使用说明.md,4654,c1b032cdbce4e881f3cc294e970f3d88752db151a64d8be371505f84d3747b98,extracted_source,Harness 认知工程、上下文编译、执行与证据闭环,text/markdown
full_archive/extracted_sources/Flowness-Harness-Cognitive-Engineering-v0.1(1)/Flowness-Harness-Cognitive-Engineering-v0.1/01-Harness认知工程总纲.md,7137,c63c80dc4ef11b34977d69644199d49b5d810bb1a3a57c617ce6a933e1921cd8,extracted_source,Harness 认知工程、上下文编译、执行与证据闭环,text/markdown
full_archive/extracted_sources/Flowness-Harness-Cognitive-Engineering-v0.1(1)/Flowness-Harness-Cognitive-Engineering-v0.1/02-问题建模与采访系统规范.md,5510,785a235742c778d23c6ca2db5406c50d76e8b62d886456da58e4fece7640a489,extracted_source,Harness 认知工程、上下文编译、执行与证据闭环,text/markdown
full_archive/extracted_sources/Flowness-Harness-Cognitive-Engineering-v0.1(1)/Flowness-Harness-Cognitive-Engineering-v0.1/03-设计系统规范.md,7398,e79b60f3797b4797cf934c0e25261d6dceccb7b1704f98bc625f863c6dcf3540,extracted_source,Harness 认知工程、上下文编译、执行与证据闭环,text/markdown
full_archive/extracted_sources/Flowness-Harness-Cognitive-Engineering-v0.1(1)/Flowness-Harness-Cognitive-Engineering-v0.1/04-工程方案系统规范.md,5591,c5350b61dad13f7ca17c7689b70329b9cacc39863995ec7ce60b36398dce0929,extracted_source,Harness 认知工程、上下文编译、执行与证据闭环,text/markdown
full_archive/extracted_sources/Flowness-Harness-Cognitive-Engineering-v0.1(1)/Flowness-Harness-Cognitive-Engineering-v0.1/05-工程共识与上下文编译规范.md,4641,40389ed2f28cdde491c01a21fae18d5d95124eda86d8d4d81e3f2971e5633ad5,extracted_source,Harness 认知工程、上下文编译、执行与证据闭环,text/markdown
full_archive/extracted_sources/Flowness-Harness-Cognitive-Engineering-v0.1(1)/Flowness-Harness-Cognitive-Engineering-v0.1/06-计划执行审查修复闭环规范.md,4513,0103f507d3fa7bb0e0123557f6e75c4c7be1f0b21293f25cc7919155c92d5b8d,extracted_source,Harness 认知工程、上下文编译、执行与证据闭环,text/markdown
full_archive/extracted_sources/Flowness-Harness-Cognitive-Engineering-v0.1(1)/Flowness-Harness-Cognitive-Engineering-v0.1/07-证据验证器追溯与变更涟漪规范.md,4576,be447b4c59322f28309933a094cfde7564ee5b99c2061174841de100b9c2e1e4,extracted_source,Harness 认知工程、上下文编译、执行与证据闭环,text/markdown
full_archive/extracted_sources/Flowness-Harness-Cognitive-Engineering-v0.1(1)/Flowness-Harness-Cognitive-Engineering-v0.1/08-实时语义空间与上下文编译器设计.md,5714,7d504b914affb29ca2ba5fd65d45e4c63f3b82d5ce4a927ef0d3806c57140aea,extracted_source,Harness 认知工程、上下文编译、执行与证据闭环,text/markdown
full_archive/extracted_sources/Flowness-Harness-Cognitive-Engineering-v0.1(1)/Flowness-Harness-Cognitive-Engineering-v0.1/09-Agent行为算法化与Trace治理.md,4426,3ef50c136e7c49ea9b96651dd2fb205a36ae201a69b6e054dbf7f405cb0e90bd,extracted_source,Harness 认知工程、上下文编译、执行与证据闭环,text/markdown
full_archive/extracted_sources/Flowness-Harness-Cognitive-Engineering-v0.1(1)/Flowness-Harness-Cognitive-Engineering-v0.1/10-Flowness现状映射与升级路线.md,5665,fd09ee2e475568170add840b85e311759fd6d029d2b83665fc9b55793b34a8c4,extracted_source,Harness 认知工程、上下文编译、执行与证据闭环,text/markdown
full_archive/extracted_sources/Flowness-Harness-Cognitive-Engineering-v0.1(1)/Flowness-Harness-Cognitive-Engineering-v0.1/11-实施边界版本治理与生产演进双轨.md,3844,033a814c72d1ffcd62f150044b58cbdeb3fd5754a89831ae1d7e990f7b0fa25e,extracted_source,Harness 认知工程、上下文编译、执行与证据闭环,text/markdown
full_archive/extracted_sources/Flowness-Harness-Cognitive-Engineering-v0.1(1)/Flowness-Harness-Cognitive-Engineering-v0.1/12-跨领域扩展与企业改革边界.md,2770,24f71fbede6ef9e49986905c5492412807c5d97ebe9cfd94a43435c478b59da3,extracted_source,Harness 认知工程、上下文编译、执行与证据闭环,text/markdown
full_archive/extracted_sources/Flowness-Harness-Cognitive-Engineering-v0.1(1)/Flowness-Harness-Cognitive-Engineering-v0.1/13-阿里云端到端2.0对照研究.md,3938,53a4b53d741be059ea3b7a0e909ee01e3b212f58fd91205f8ee9fceaa6b312ee,extracted_source,Harness 认知工程、上下文编译、执行与证据闭环,text/markdown
full_archive/extracted_sources/Flowness-Harness-Cognitive-Engineering-v0.1(1)/Flowness-Harness-Cognitive-Engineering-v0.1/14-术语表与对象目录.md,3101,08a98c093fa49ba4d5a7f266c87ab6b7da013000b50bf5e9252bc1db44d31ef6,extracted_source,Harness 认知工程、上下文编译、执行与证据闭环,text/markdown
full_archive/extracted_sources/Flowness-Harness-Cognitive-Engineering-v0.1(1)/Flowness-Harness-Cognitive-Engineering-v0.1/CHANGELOG.md,540,af2973337dd2640ddd276e3d811db26f965cbf0e1222ec325396312a29a89a0f,extracted_source,Harness 认知工程、上下文编译、执行与证据闭环,text/markdown
full_archive/extracted_sources/Flowness-Harness-Cognitive-Engineering-v0.1(1)/Flowness-Harness-Cognitive-Engineering-v0.1/Flowness-Harness-认知工程与可靠交付体系-v0.1.docx,106280,508aa37c9b66c33017d5ec3a49980a104e1775829159147d69b3db79b003d603,extracted_source,Harness 认知工程、上下文编译、执行与证据闭环,application/vnd.openxmlformats-officedocument.wordprocessingml.document
full_archive/extracted_sources/Flowness-Harness-Cognitive-Engineering-v0.1(1)/Flowness-Harness-Cognitive-Engineering-v0.1/Flowness-Harness-认知工程总文档-v0.1.md,104702,31403fde5285ce077dc0601738d48bf56872406b14145684d8a6bf0395cda536,extracted_source,Harness 认知工程、上下文编译、执行与证据闭环,text/markdown
full_archive/extracted_sources/Flowness-Harness-Cognitive-Engineering-v0.1(1)/Flowness-Harness-Cognitive-Engineering-v0.1/MANIFEST.txt,3174,bed42f3260d264bbd18a9c95816b8a0bfdf7e05a32e5294e0e086d13527e14b4,extracted_source,Harness 认知工程、上下文编译、执行与证据闭环,text/plain
full_archive/extracted_sources/Flowness-Harness-Cognitive-Engineering-v0.1(1)/Flowness-Harness-Cognitive-Engineering-v0.1/README.md,2238,ebd265993092672558ebec96b793ed717afab91448aad0259a5c2582218d5312,extracted_source,Harness 认知工程、上下文编译、执行与证据闭环,text/markdown
full_archive/extracted_sources/Flowness-Harness-Cognitive-Engineering-v0.1(1)/Flowness-Harness-Cognitive-Engineering-v0.1/ROADMAP.md,2157,9541da3d2870b29d18c07a5af7549338f8fe203b735a2843c82e97a3e25a85e3,extracted_source,Harness 认知工程、上下文编译、执行与证据闭环,text/markdown
full_archive/extracted_sources/Flowness-Harness-Cognitive-Engineering-v0.1(1)/Flowness-Harness-Cognitive-Engineering-v0.1/SOURCES.md,2819,2a045838675681b93cb85d75d4e240b3b9508ef763a0102fadfae0028cd84c97,extracted_source,Harness 认知工程、上下文编译、执行与证据闭环,text/markdown
full_archive/extracted_sources/Flowness-Harness-Cognitive-Engineering-v0.1(1)/Flowness-Harness-Cognitive-Engineering-v0.1/appendices/A-阶段合同与验收模板.md,4680,28bfc7cdb5130a31eb55d8a4d097cad8e853725b9a3db51a7199821f881f86bc,extracted_source,Harness 认知工程、上下文编译、执行与证据闭环,text/markdown
full_archive/extracted_sources/Flowness-Harness-Cognitive-Engineering-v0.1(1)/Flowness-Harness-Cognitive-Engineering-v0.1/appendices/B-设计评审攻击手册.md,3623,729e440bb444e104b31ae0e45c6ecc67f41d29039b5b6fefbac4bc83d40c6013,extracted_source,Harness 认知工程、上下文编译、执行与证据闭环,text/markdown
full_archive/extracted_sources/Flowness-Harness-Cognitive-Engineering-v0.1(1)/Flowness-Harness-Cognitive-Engineering-v0.1/appendices/C-工程方案审查清单.md,3166,bab5282162fa9b7951ef0408dbe7a065fc8bf407fe82ca4a0a471567e5b69a14,extracted_source,Harness 认知工程、上下文编译、执行与证据闭环,text/markdown
full_archive/extracted_sources/Flowness-Harness-Cognitive-Engineering-v0.1(1)/Flowness-Harness-Cognitive-Engineering-v0.1/appendices/D-百万行代码重构资格审查.md,2857,687bad2173d9bfc7ae0d6b37f5bf32c6a629b4179da44e6ff470c83910f04ae4,extracted_source,Harness 认知工程、上下文编译、执行与证据闭环,text/markdown
full_archive/extracted_sources/Flowness-Harness-Cognitive-Engineering-v0.1(1)/Flowness-Harness-Cognitive-Engineering-v0.1/appendices/E-外部资料卡与汇合协议.md,1849,0aa128acdcc6a9387718044705458d51854c2ff7c1da2d8f13e8e16f7aac2334,extracted_source,Harness 认知工程、上下文编译、执行与证据闭环,text/markdown
full_archive/extracted_sources/Flowness-Harness-Cognitive-Engineering-v0.1(1)/Flowness-Harness-Cognitive-Engineering-v0.1/appendices/F-工程负责人能力与责任边界.md,2611,349378b83dc3bf7a50ab4d944b8a3b5a5e2ea0e525c9b10b26370a4f345a4d77,extracted_source,Harness 认知工程、上下文编译、执行与证据闭环,text/markdown
full_archive/extracted_sources/Flowness-Harness-Cognitive-Engineering-v0.1(1)/Flowness-Harness-Cognitive-Engineering-v0.1/appendices/G-开放问题与研究议程.md,2978,6738409612040350d298a09c18422b15df8b74e83ed845c3f8fa5d331e03a7bf,extracted_source,Harness 认知工程、上下文编译、执行与证据闭环,text/markdown
full_archive/extracted_sources/Flowness-Harness-Cognitive-Engineering-v0.1(1)/Flowness-Harness-Cognitive-Engineering-v0.1/schemas/consensus-capsule.example.yaml,1214,47e3e8ed14c59653af64adb7357748f62369166ab6892ce6984f1b7099ed5801,extracted_source,Harness 认知工程、上下文编译、执行与证据闭环,application/yaml
full_archive/extracted_sources/Flowness-Harness-Cognitive-Engineering-v0.1(1)/Flowness-Harness-Cognitive-Engineering-v0.1/schemas/design-ir.example.yaml,2427,10039b417404d58e9c27e5b0b92f7b823f34342a3a606b4a094d2a18eafca403,extracted_source,Harness 认知工程、上下文编译、执行与证据闭环,application/yaml
full_archive/extracted_sources/Flowness-Harness-Cognitive-Engineering-v0.1(1)/Flowness-Harness-Cognitive-Engineering-v0.1/schemas/engineering-ir.example.yaml,1899,9767ef09e56ce870e9f1fb3f652b0daaba69669ff7e8550f37fcd7afb126b3b2,extracted_source,Harness 认知工程、上下文编译、执行与证据闭环,application/yaml
full_archive/extracted_sources/Flowness-Harness-Cognitive-Engineering-v0.1(1)/Flowness-Harness-Cognitive-Engineering-v0.1/schemas/finding-reflow.example.yaml,969,f95bd68e524281053e567c9f8124b3ac5244dbb87ddccdcd3f99980d3c31a917,extracted_source,Harness 认知工程、上下文编译、执行与证据闭环,application/yaml
full_archive/extracted_sources/Flowness-Harness-Cognitive-Engineering-v0.1(1)/Flowness-Harness-Cognitive-Engineering-v0.1/schemas/problem-ir.example.yaml,1739,6d8c5628e638c9f0f4044cff6fe1e23086cf59b6b4b8bab750002d86df3e9250,extracted_source,Harness 认知工程、上下文编译、执行与证据闭环,application/yaml
full_archive/extracted_sources/Flowness-Harness-Cognitive-Engineering-v0.1(1)/Flowness-Harness-Cognitive-Engineering-v0.1/schemas/validators-catalog.yaml,1697,76128a8e2778aeb28c19a40f170279cc7d36df1cc0a4704a52ffef5290813a25,extracted_source,Harness 认知工程、上下文编译、执行与证据闭环,application/yaml
full_archive/extracted_sources/PRSE-OS_完整开发包_v0.3-dev_可交接本地团队(1)/PRSE-OS_完整开发包_v0.3-dev/00_START_HERE/AGENT_START_HERE.md,1251,6dcb29070711b6a69bbb43cf05675295efcf719510242c6f7cc50637f4911fdb,extracted_source,研究/设计方法、质量 Gate、演化与移交,text/markdown
full_archive/extracted_sources/PRSE-OS_完整开发包_v0.3-dev_可交接本地团队(1)/PRSE-OS_完整开发包_v0.3-dev/00_START_HERE/LICENSE_AND_IP.md,530,29532213cc1b36693606703decb96590f2442e3a21238c74e591a929ad5f4b9f,extracted_source,研究/设计方法、质量 Gate、演化与移交,text/markdown
full_archive/extracted_sources/PRSE-OS_完整开发包_v0.3-dev_可交接本地团队(1)/PRSE-OS_完整开发包_v0.3-dev/00_START_HERE/LOCAL_TEAM_HANDOFF.md,2476,d9d1046019bdf7d48908b77dc5a69fe85430b2f2ab540b02b43cc9eb7e6968e6,extracted_source,研究/设计方法、质量 Gate、演化与移交,text/markdown
full_archive/extracted_sources/PRSE-OS_完整开发包_v0.3-dev_可交接本地团队(1)/PRSE-OS_完整开发包_v0.3-dev/00_START_HERE/PACKAGE_MAP.md,1107,dd22b8140011c0bbd42246ca3c2cb89444939b678757044c0a475ea6085ce370,extracted_source,研究/设计方法、质量 Gate、演化与移交,text/markdown
full_archive/extracted_sources/PRSE-OS_完整开发包_v0.3-dev_可交接本地团队(1)/PRSE-OS_完整开发包_v0.3-dev/00_START_HERE/README.md,1911,f11782a09c0c69b20d84e041698e0d6249c67141e9c3e47a5d94f6af0cdaf684,extracted_source,研究/设计方法、质量 Gate、演化与移交,text/markdown
full_archive/extracted_sources/PRSE-OS_完整开发包_v0.3-dev_可交接本地团队(1)/PRSE-OS_完整开发包_v0.3-dev/00_START_HERE/STATUS_AND_LIMITS.md,947,d1f5f64498b5a78d6b8e65f2a32f858c2a0eb26abb5d9ce76ba27e795d64eb3a,extracted_source,研究/设计方法、质量 Gate、演化与移交,text/markdown
full_archive/extracted_sources/PRSE-OS_完整开发包_v0.3-dev_可交接本地团队(1)/PRSE-OS_完整开发包_v0.3-dev/01_METHOD_CORE/ai_native_spec_protocol.md,1076,cf3dfb00f1beeb6764a17daba7d07f73f6a7eadff81409099ae0831b657d157d,extracted_source,研究/设计方法、质量 Gate、演化与移交,text/markdown
full_archive/extracted_sources/PRSE-OS_完整开发包_v0.3-dev_可交接本地团队(1)/PRSE-OS_完整开发包_v0.3-dev/01_METHOD_CORE/capability_model.md,727,6f2c44de8b7f74951d433d2244b53d86b97d2d7ca4a2e18794f1c1f2591ac0ed,extracted_source,研究/设计方法、质量 Gate、演化与移交,text/markdown
full_archive/extracted_sources/PRSE-OS_完整开发包_v0.3-dev_可交接本地团队(1)/PRSE-OS_完整开发包_v0.3-dev/01_METHOD_CORE/constitution.md,1498,3c1b740b08dbb29b323d46138e64615265da5f2a39b8afc60d56761a54e1b3bc,extracted_source,研究/设计方法、质量 Gate、演化与移交,text/markdown
full_archive/extracted_sources/PRSE-OS_完整开发包_v0.3-dev_可交接本地团队(1)/PRSE-OS_完整开发包_v0.3-dev/01_METHOD_CORE/context_channel_model.md,727,de9158540ee41e59425cbd77295e9283a9fa7cb1a13f6929b596bf9ba3b8141e,extracted_source,研究/设计方法、质量 Gate、演化与移交,text/markdown
full_archive/extracted_sources/PRSE-OS_完整开发包_v0.3-dev_可交接本地团队(1)/PRSE-OS_完整开发包_v0.3-dev/01_METHOD_CORE/governance.md,697,363c194303cd3e8df4ac63bf54099df58b044a94932d8b43d98f1d17e5e835d1,extracted_source,研究/设计方法、质量 Gate、演化与移交,text/markdown
full_archive/extracted_sources/PRSE-OS_完整开发包_v0.3-dev_可交接本地团队(1)/PRSE-OS_完整开发包_v0.3-dev/01_METHOD_CORE/language_architecture.md,568,b60531e7817c8affd95a190ba75aafcaa35cb88ba676dca7ae45d75f1a252907,extracted_source,研究/设计方法、质量 Gate、演化与移交,text/markdown
full_archive/extracted_sources/PRSE-OS_完整开发包_v0.3-dev_可交接本地团队(1)/PRSE-OS_完整开发包_v0.3-dev/01_METHOD_CORE/method_architecture.md,1330,57bc85e51664ed7d1a7c57915bb0faa22aff1118146e195c12aefcb5759cd2a5,extracted_source,研究/设计方法、质量 Gate、演化与移交,text/markdown
full_archive/extracted_sources/PRSE-OS_完整开发包_v0.3-dev_可交接本地团队(1)/PRSE-OS_完整开发包_v0.3-dev/01_METHOD_CORE/method_objects.yaml,652,d8af9c5ea988c25556e22c54e504896f8263683f114b1fb4a5705b415a96e938,extracted_source,研究/设计方法、质量 Gate、演化与移交,application/yaml
full_archive/extracted_sources/PRSE-OS_完整开发包_v0.3-dev_可交接本地团队(1)/PRSE-OS_完整开发包_v0.3-dev/01_METHOD_CORE/normative_keywords.yaml,264,76bc5d0fb8bd12da3f02ffd914379b218f21760e86b3a2432676f1157c430c0e,extracted_source,研究/设计方法、质量 Gate、演化与移交,application/yaml
full_archive/extracted_sources/PRSE-OS_完整开发包_v0.3-dev_可交接本地团队(1)/PRSE-OS_完整开发包_v0.3-dev/01_METHOD_CORE/spec-node.schema.json,1841,742e91db4bf9e6310d73bbb24ee62ad5ac1d3b7cb3e91d454c4e9403e41d0d87,extracted_source,研究/设计方法、质量 Gate、演化与移交,application/json
full_archive/extracted_sources/PRSE-OS_完整开发包_v0.3-dev_可交接本地团队(1)/PRSE-OS_完整开发包_v0.3-dev/02_DESIGN_PROCESS/00_process_overview.md,1072,0748b42f782de61ff0900e9181b0af555401302ad3bcce90f1aefcc12cf7acea,extracted_source,研究/设计方法、质量 Gate、演化与移交,text/markdown
full_archive/extracted_sources/PRSE-OS_完整开发包_v0.3-dev_可交接本地团队(1)/PRSE-OS_完整开发包_v0.3-dev/02_DESIGN_PROCESS/01_timeline.md,1967,604d7643f10f79764ac5796c2f563990e754187d765ad3a56067a145aa83537c,extracted_source,研究/设计方法、质量 Gate、演化与移交,text/markdown
full_archive/extracted_sources/PRSE-OS_完整开发包_v0.3-dev_可交接本地团队(1)/PRSE-OS_完整开发包_v0.3-dev/02_DESIGN_PROCESS/02_problem_evolution.md,1026,03b74050919f82af50a7130de63adf8be641e51ab0477fbc39f00bfc53c5d819,extracted_source,研究/设计方法、质量 Gate、演化与移交,text/markdown
full_archive/extracted_sources/PRSE-OS_完整开发包_v0.3-dev_可交接本地团队(1)/PRSE-OS_完整开发包_v0.3-dev/02_DESIGN_PROCESS/03_key_corrections.md,2054,94017a28a792cae71c456fe43541b1d56a0d6922528109b01fc267687e82ec9a,extracted_source,研究/设计方法、质量 Gate、演化与移交,text/markdown
full_archive/extracted_sources/PRSE-OS_完整开发包_v0.3-dev_可交接本地团队(1)/PRSE-OS_完整开发包_v0.3-dev/02_DESIGN_PROCESS/04_decision_ledger.yaml,2414,b5f1992f29f931b1e67f02774fba7351b167181d354057d29c20d4e78ea06e9d,extracted_source,研究/设计方法、质量 Gate、演化与移交,application/yaml
full_archive/extracted_sources/PRSE-OS_完整开发包_v0.3-dev_可交接本地团队(1)/PRSE-OS_完整开发包_v0.3-dev/02_DESIGN_PROCESS/05_rejected_and_deferred.md,1041,06d9171c1949dbad82a5bc84b88878ec37bdb8ad2513c89c425eeb2de2690611,extracted_source,研究/设计方法、质量 Gate、演化与移交,text/markdown
full_archive/extracted_sources/PRSE-OS_完整开发包_v0.3-dev_可交接本地团队(1)/PRSE-OS_完整开发包_v0.3-dev/02_DESIGN_PROCESS/06_design_lineage_map.mmd,533,7975efb5086c5ac9e4c83cbb6e3378e62e7695305f4b9761ffff571f9f67550f,extracted_source,研究/设计方法、质量 Gate、演化与移交,application/vnd.chipnuts.karaoke-mmd
full_archive/extracted_sources/PRSE-OS_完整开发包_v0.3-dev_可交接本地团队(1)/PRSE-OS_完整开发包_v0.3-dev/02_DESIGN_PROCESS/07_source_traceability.md,763,f1b6c867828ca8d66c9676ba02e5f7dd908cfdbee893964be86daa19d9e2e1a7,extracted_source,研究/设计方法、质量 Gate、演化与移交,text/markdown
full_archive/extracted_sources/PRSE-OS_完整开发包_v0.3-dev_可交接本地团队(1)/PRSE-OS_完整开发包_v0.3-dev/02_DESIGN_PROCESS/08_prototype_method.md,778,f0e5ab8acb02c3e1975859e2e6bd02bf95c49095bcd428c96f02af147af9932e,extracted_source,研究/设计方法、质量 Gate、演化与移交,text/markdown
full_archive/extracted_sources/PRSE-OS_完整开发包_v0.3-dev_可交接本地团队(1)/PRSE-OS_完整开发包_v0.3-dev/02_DESIGN_PROCESS/09_conversation_reconstruction.md,1760,72361a42bee30abb4cc2c72cca5bc65f1b4f4adecdcff715f2db795c7b2e4f11,extracted_source,研究/设计方法、质量 Gate、演化与移交,text/markdown
full_archive/extracted_sources/PRSE-OS_完整开发包_v0.3-dev_可交接本地团队(1)/PRSE-OS_完整开发包_v0.3-dev/03_HARNESS_ADAPTER/ADAPTER_GUIDE.md,1174,c745969da5b8806f317360a487ab9f4e910d21dd54a3886b3a2d642e8765055e,extracted_source,研究/设计方法、质量 Gate、演化与移交,text/markdown
full_archive/extracted_sources/PRSE-OS_完整开发包_v0.3-dev_可交接本地团队(1)/PRSE-OS_完整开发包_v0.3-dev/03_HARNESS_ADAPTER/adapter.contract.schema.json,751,7172210516127e22882e9b4866738768305363d1c5977b1952dd4a071d8480f7,extracted_source,研究/设计方法、质量 Gate、演化与移交,application/json
full_archive/extracted_sources/PRSE-OS_完整开发包_v0.3-dev_可交接本地团队(1)/PRSE-OS_完整开发包_v0.3-dev/03_HARNESS_ADAPTER/import_checklist.md,533,64b621a07b2773ddb4daad1cdc4439d720b0e7443dc99691703a869e576465a3,extracted_source,研究/设计方法、质量 Gate、演化与移交,text/markdown
full_archive/extracted_sources/PRSE-OS_完整开发包_v0.3-dev_可交接本地团队(1)/PRSE-OS_完整开发包_v0.3-dev/03_HARNESS_ADAPTER/install_to_local.sh,240,46dcf965f1cda13e0086cc636d44968be0f014553c398cf0fc1b2df3649d9a6c,extracted_source,研究/设计方法、质量 Gate、演化与移交,text/x-sh
full_archive/extracted_sources/PRSE-OS_完整开发包_v0.3-dev_可交接本地团队(1)/PRSE-OS_完整开发包_v0.3-dev/03_HARNESS_ADAPTER/integration_strategy.md,653,96f9717c222c5198c21d7a4adea475b02206cc3659c368849c28c28fe0fc456f,extracted_source,研究/设计方法、质量 Gate、演化与移交,text/markdown
full_archive/extracted_sources/PRSE-OS_完整开发包_v0.3-dev_可交接本地团队(1)/PRSE-OS_完整开发包_v0.3-dev/03_HARNESS_ADAPTER/local-harness.mapping.example.yaml,558,ec5e6804207a5850b911f97f0177ce457f2b5ad650ef7a23516bbb49301910c4,extracted_source,研究/设计方法、质量 Gate、演化与移交,application/yaml
full_archive/extracted_sources/PRSE-OS_完整开发包_v0.3-dev_可交接本地团队(1)/PRSE-OS_完整开发包_v0.3-dev/03_HARNESS_ADAPTER/reference_interfaces.py,868,8143b21cff2667d900bc9c7591eb432ada0d7d27f554d7bf34c153aca8d254e9,extracted_source,研究/设计方法、质量 Gate、演化与移交,text/x-python
full_archive/extracted_sources/PRSE-OS_完整开发包_v0.3-dev_可交接本地团队(1)/PRSE-OS_完整开发包_v0.3-dev/03_HARNESS_ADAPTER/runtime.contract.yaml,1051,5fb47eaf85a523de3c0ff2e552a2978ce62139fd702b1018f072056324d6cd60,extracted_source,研究/设计方法、质量 Gate、演化与移交,application/yaml
full_archive/extracted_sources/PRSE-OS_完整开发包_v0.3-dev_可交接本地团队(1)/PRSE-OS_完整开发包_v0.3-dev/04_SKILLS/README.md,212,41c420fa52415be0a06a70aa612981aa2b628fbbda497f25f9966fd381c2d27d,extracted_source,研究/设计方法、质量 Gate、演化与移交,text/markdown
full_archive/extracted_sources/PRSE-OS_完整开发包_v0.3-dev_可交接本地团队(1)/PRSE-OS_完整开发包_v0.3-dev/04_SKILLS/cards/adversarial_review.skill.yaml,781,075008044f543db9ae5b6c115c4b13bb768d3651df5e4d4ac36d7de17d93c23b,extracted_source,研究/设计方法、质量 Gate、演化与移交,application/yaml
full_archive/extracted_sources/PRSE-OS_完整开发包_v0.3-dev_可交接本地团队(1)/PRSE-OS_完整开发包_v0.3-dev/04_SKILLS/cards/blind_consumer_test.skill.yaml,779,a2a1631c623516247bd261838130949f8bd1f0a51614429d0562185d21499ca7,extracted_source,研究/设计方法、质量 Gate、演化与移交,application/yaml
full_archive/extracted_sources/PRSE-OS_完整开发包_v0.3-dev_可交接本地团队(1)/PRSE-OS_完整开发包_v0.3-dev/04_SKILLS/cards/change_impact_analysis.skill.yaml,809,b38523c716c21583a8137fde2a8105b933d82fb26ecbe6d342c71a51d72f792e,extracted_source,研究/设计方法、质量 Gate、演化与移交,application/yaml
full_archive/extracted_sources/PRSE-OS_完整开发包_v0.3-dev_可交接本地团队(1)/PRSE-OS_完整开发包_v0.3-dev/04_SKILLS/cards/clean_room_prototyping.skill.yaml,809,0b18c6a39142ee5f0ecd898a5bb322aaea3b211bb090c85fa356ddf2e1db82cb,extracted_source,研究/设计方法、质量 Gate、演化与移交,application/yaml
full_archive/extracted_sources/PRSE-OS_完整开发包_v0.3-dev_可交接本地团队(1)/PRSE-OS_完整开发包_v0.3-dev/04_SKILLS/cards/closed_loop_design.skill.yaml,826,f67f46fbc173bc7ebad1f14eaeaf17460bd1c9af0579728b6d63d08fe036a847,extracted_source,研究/设计方法、质量 Gate、演化与移交,application/yaml
full_archive/extracted_sources/PRSE-OS_完整开发包_v0.3-dev_可交接本地团队(1)/PRSE-OS_完整开发包_v0.3-dev/04_SKILLS/cards/evidence_and_acceptance_design.skill.yaml,813,196da703fcd864c20388d29b154e7f850f1c4979489fa8eb7074a0a5231955a1,extracted_source,研究/设计方法、质量 Gate、演化与移交,application/yaml
full_archive/extracted_sources/PRSE-OS_完整开发包_v0.3-dev_可交接本地团队(1)/PRSE-OS_完整开发包_v0.3-dev/04_SKILLS/cards/evidence_synthesis.skill.yaml,805,196526231c642bf999694578bc3bc50392dd841932522aa3c6c1cb8b475aa332,extracted_source,研究/设计方法、质量 Gate、演化与移交,application/yaml
full_archive/extracted_sources/PRSE-OS_完整开发包_v0.3-dev_可交接本地团队(1)/PRSE-OS_完整开发包_v0.3-dev/04_SKILLS/cards/historical_solution_scan.skill.yaml,822,601f538c73854fd1fd7cdb4a54c21087b7724c8d5e55da5d46bfb35924675ae1,extracted_source,研究/设计方法、质量 Gate、演化与移交,application/yaml
full_archive/extracted_sources/PRSE-OS_完整开发包_v0.3-dev_可交接本地团队(1)/PRSE-OS_完整开发包_v0.3-dev/04_SKILLS/cards/interface_projection.skill.yaml,800,925ceba05ad5a2c49bd41a87e14061b53f92dd2bc26c6594de1b3ed007d5209b,extracted_source,研究/设计方法、质量 Gate、演化与移交,application/yaml
full_archive/extracted_sources/PRSE-OS_完整开发包_v0.3-dev_可交接本地团队(1)/PRSE-OS_完整开发包_v0.3-dev/04_SKILLS/cards/language_compilation.skill.yaml,807,a43dc7ab09b57e1cfe0acccb422a40a73fe9d05b3be2bd78353ee217075147f8,extracted_source,研究/设计方法、质量 Gate、演化与移交,application/yaml
full_archive/extracted_sources/PRSE-OS_完整开发包_v0.3-dev_可交接本地团队(1)/PRSE-OS_完整开发包_v0.3-dev/04_SKILLS/cards/legibility_review.skill.yaml,781,bea03f5a25ac52289896620675ed65702465d6b4d784112104faa336c89f6472,extracted_source,研究/设计方法、质量 Gate、演化与移交,application/yaml
full_archive/extracted_sources/PRSE-OS_完整开发包_v0.3-dev_可交接本地团队(1)/PRSE-OS_完整开发包_v0.3-dev/04_SKILLS/cards/ontology_modeling.skill.yaml,810,bd03320f143c2c7f8cde133238a850d1bbc9bb80db8380f3cb331855684ad19d,extracted_source,研究/设计方法、质量 Gate、演化与移交,application/yaml
full_archive/extracted_sources/PRSE-OS_完整开发包_v0.3-dev_可交接本地团队(1)/PRSE-OS_完整开发包_v0.3-dev/04_SKILLS/cards/policy_and_authority_design.skill.yaml,798,7d5a5a2132790bed24710c8ee41d41f484be3929d13f646db8b8ca80b8e282d2,extracted_source,研究/设计方法、质量 Gate、演化与移交,application/yaml
full_archive/extracted_sources/PRSE-OS_完整开发包_v0.3-dev_可交接本地团队(1)/PRSE-OS_完整开发包_v0.3-dev/04_SKILLS/cards/problem_framing.skill.yaml,807,b49d73885fb52cb701d20059921c18c0417421e836f9fcf8a70bd0df8e1987aa,extracted_source,研究/设计方法、质量 Gate、演化与移交,application/yaml
full_archive/extracted_sources/PRSE-OS_完整开发包_v0.3-dev_可交接本地团队(1)/PRSE-OS_完整开发包_v0.3-dev/04_SKILLS/cards/prototype_archaeology.skill.yaml,792,b68cbd475c28cd11191a523dda786cd3bdbdfb6d305762350eb984aab0828f94,extracted_source,研究/设计方法、质量 Gate、演化与移交,application/yaml
full_archive/extracted_sources/PRSE-OS_完整开发包_v0.3-dev_可交接本地团队(1)/PRSE-OS_完整开发包_v0.3-dev/04_SKILLS/cards/prototype_synthesis.skill.yaml,797,c488fc16e956d52f29e616522ef6d421f5afdf0fdd90805d1da4f9f039d91f9f,extracted_source,研究/设计方法、质量 Gate、演化与移交,application/yaml
full_archive/extracted_sources/PRSE-OS_完整开发包_v0.3-dev_可交接本地团队(1)/PRSE-OS_完整开发包_v0.3-dev/04_SKILLS/cards/spec_audit.skill.yaml,788,2fabffcbd6dabcfd99f07fd20fb57070aa1e431077a077e8d20e0bffd19b7ee9,extracted_source,研究/设计方法、质量 Gate、演化与移交,application/yaml
full_archive/extracted_sources/PRSE-OS_完整开发包_v0.3-dev_可交接本地团队(1)/PRSE-OS_完整开发包_v0.3-dev/04_SKILLS/index.yaml,2170,66cec37bb0243d5464212f1c84dc77cfd7e575feb51dcac6be0f7c8c475ff78e,extracted_source,研究/设计方法、质量 Gate、演化与移交,application/yaml
full_archive/extracted_sources/PRSE-OS_完整开发包_v0.3-dev_可交接本地团队(1)/PRSE-OS_完整开发包_v0.3-dev/04_SKILLS/skill-card.schema.json,1248,bf9c9abdee9b61039e14874901b9bfba66bd9e241923ab40045d84c4076ae4ac,extracted_source,研究/设计方法、质量 Gate、演化与移交,application/json
full_archive/extracted_sources/PRSE-OS_完整开发包_v0.3-dev_可交接本地团队(1)/PRSE-OS_完整开发包_v0.3-dev/05_CONTEXT_PACKS/context-pack.schema.json,1208,9767cee36e79a7d1acf816e357b3759d152306cc30bc13ec34dfbede8bad1419,extracted_source,研究/设计方法、质量 Gate、演化与移交,application/json
full_archive/extracted_sources/PRSE-OS_完整开发包_v0.3-dev_可交接本地团队(1)/PRSE-OS_完整开发包_v0.3-dev/05_CONTEXT_PACKS/context_conflict_policy.md,254,fd1f96e56f13744d8f9426fb558cebec0838244bd1a844d7280ed2b392d7a82d,extracted_source,研究/设计方法、质量 Gate、演化与移交,text/markdown
full_archive/extracted_sources/PRSE-OS_完整开发包_v0.3-dev_可交接本地团队(1)/PRSE-OS_完整开发包_v0.3-dev/05_CONTEXT_PACKS/routing_policy.md,439,164cf47f9264902219d05258c6a36eba7b5c10a64e668aa5ac68ec647bedd5cf,extracted_source,研究/设计方法、质量 Gate、演化与移交,text/markdown
full_archive/extracted_sources/PRSE-OS_完整开发包_v0.3-dev_可交接本地团队(1)/PRSE-OS_完整开发包_v0.3-dev/05_CONTEXT_PACKS/templates/concern.context.yaml,395,f4ff60b69359762ff998c361df7d16ed9daf4fa31330bbf30c6c753014130e21,extracted_source,研究/设计方法、质量 Gate、演化与移交,application/yaml
full_archive/extracted_sources/PRSE-OS_完整开发包_v0.3-dev_可交接本地团队(1)/PRSE-OS_完整开发包_v0.3-dev/05_CONTEXT_PACKS/templates/core_method.context.yaml,403,cf6411d019381bf7770f6d1783d11ed5a52ec83e00cfc6942ff4e60b1bc06e7c,extracted_source,研究/设计方法、质量 Gate、演化与移交,application/yaml
full_archive/extracted_sources/PRSE-OS_完整开发包_v0.3-dev_可交接本地团队(1)/PRSE-OS_完整开发包_v0.3-dev/05_CONTEXT_PACKS/templates/current_state.context.yaml,407,6d83782ee180254e178ee5a3b3465111ed16475095eadb5c1db26b34acda9b98,extracted_source,研究/设计方法、质量 Gate、演化与移交,application/yaml
full_archive/extracted_sources/PRSE-OS_完整开发包_v0.3-dev_可交接本地团队(1)/PRSE-OS_完整开发包_v0.3-dev/05_CONTEXT_PACKS/templates/evidence.context.yaml,397,b4c6b679235d734834ae68cbd41c774e9fe3b8a476486716fcbf667374f38247,extracted_source,研究/设计方法、质量 Gate、演化与移交,application/yaml
full_archive/extracted_sources/PRSE-OS_完整开发包_v0.3-dev_可交接本地团队(1)/PRSE-OS_完整开发包_v0.3-dev/05_CONTEXT_PACKS/templates/language.context.yaml,397,8c5709f9226513527df7febb99779ea6e67c82afc0c12bf07bd52ac364ce9dcb,extracted_source,研究/设计方法、质量 Gate、演化与移交,application/yaml
full_archive/extracted_sources/PRSE-OS_完整开发包_v0.3-dev_可交接本地团队(1)/PRSE-OS_完整开发包_v0.3-dev/05_CONTEXT_PACKS/templates/negative.context.yaml,397,f6fc5ff616b51db0718570d407e91cbe2dd548c856889d1bc1ced727333d01b1,extracted_source,研究/设计方法、质量 Gate、演化与移交,application/yaml
full_archive/extracted_sources/PRSE-OS_完整开发包_v0.3-dev_可交接本地团队(1)/PRSE-OS_完整开发包_v0.3-dev/05_CONTEXT_PACKS/templates/project_core.context.yaml,405,877d1e313cacb6bad3913b212eb993fdeca2ec14638fd80b6f8f249cb3e7374e,extracted_source,研究/设计方法、质量 Gate、演化与移交,application/yaml
full_archive/extracted_sources/PRSE-OS_完整开发包_v0.3-dev_可交接本地团队(1)/PRSE-OS_完整开发包_v0.3-dev/05_CONTEXT_PACKS/templates/task.context.yaml,389,eca16bf7a2cbf6bca7fe60b836f4c0ac15d7ae793cb89b4760f8b6df5c74d3de,extracted_source,研究/设计方法、质量 Gate、演化与移交,application/yaml
full_archive/extracted_sources/PRSE-OS_完整开发包_v0.3-dev_可交接本地团队(1)/PRSE-OS_完整开发包_v0.3-dev/06_VALIDATORS/cards/assurance.validator.yaml,492,497b6d369808907378fc6b273d04896649aeb3649db063a5a35b3df1e9428bbd,extracted_source,研究/设计方法、质量 Gate、演化与移交,application/yaml
full_archive/extracted_sources/PRSE-OS_完整开发包_v0.3-dev_可交接本地团队(1)/PRSE-OS_完整开发包_v0.3-dev/06_VALIDATORS/cards/change_propagation.validator.yaml,518,94fac600caf89ab57a35f7aade7c35754ea370cc4bcb0c8ccb13607a11ad7887,extracted_source,研究/设计方法、质量 Gate、演化与移交,application/yaml
full_archive/extracted_sources/PRSE-OS_完整开发包_v0.3-dev_可交接本地团队(1)/PRSE-OS_完整开发包_v0.3-dev/06_VALIDATORS/cards/closed_loop_completeness.validator.yaml,528,e2359e356823587118bec15f1876bdfa2f1695861442f91a0caf8adb56148264,extracted_source,研究/设计方法、质量 Gate、演化与移交,application/yaml
full_archive/extracted_sources/PRSE-OS_完整开发包_v0.3-dev_可交接本地团队(1)/PRSE-OS_完整开发包_v0.3-dev/06_VALIDATORS/cards/evidence_ready.validator.yaml,517,8dbf2734d158a150338f10a87b70a12968567b55b4be0db7bae200f2a60f52ea,extracted_source,研究/设计方法、质量 Gate、演化与移交,application/yaml
full_archive/extracted_sources/PRSE-OS_完整开发包_v0.3-dev_可交接本地团队(1)/PRSE-OS_完整开发包_v0.3-dev/06_VALIDATORS/cards/experience_projection.validator.yaml,540,ab4fa183b1a628fff5fd6b1bac61918d1a827ce36293b2f91fb71e5b84ff75cd,extracted_source,研究/设计方法、质量 Gate、演化与移交,application/yaml
full_archive/extracted_sources/PRSE-OS_完整开发包_v0.3-dev_可交接本地团队(1)/PRSE-OS_完整开发包_v0.3-dev/06_VALIDATORS/cards/handoff_portability.validator.yaml,532,0ffac1051d0b949c9fd685704bdc51b820099dd41d7a017471e57557f17708d2,extracted_source,研究/设计方法、质量 Gate、演化与移交,application/yaml
full_archive/extracted_sources/PRSE-OS_完整开发包_v0.3-dev_可交接本地团队(1)/PRSE-OS_完整开发包_v0.3-dev/06_VALIDATORS/cards/language_fidelity.validator.yaml,529,a3ba2090fd10ef793922c452cd1b19e1d0758061287bcf85d2bdb4bbaaf92261,extracted_source,研究/设计方法、质量 Gate、演化与移交,application/yaml
full_archive/extracted_sources/PRSE-OS_完整开发包_v0.3-dev_可交接本地团队(1)/PRSE-OS_完整开发包_v0.3-dev/06_VALIDATORS/cards/mission_ready.validator.yaml,512,8c06c003cf8384a11979fb158e67ab1881c95e430c808ef82499bb11d91377d9,extracted_source,研究/设计方法、质量 Gate、演化与移交,application/yaml
full_archive/extracted_sources/PRSE-OS_完整开发包_v0.3-dev_可交接本地团队(1)/PRSE-OS_完整开发包_v0.3-dev/06_VALIDATORS/cards/prototype_anchoring.validator.yaml,548,d7b9d61252b7df8ad9c0fda19d95a31eadef20a7e16a572b5bd8bf151507cf88,extracted_source,研究/设计方法、质量 Gate、演化与移交,application/yaml
full_archive/extracted_sources/PRSE-OS_完整开发包_v0.3-dev_可交接本地团队(1)/PRSE-OS_完整开发包_v0.3-dev/06_VALIDATORS/cards/semantic_consistency.validator.yaml,551,776273f0b2f7d114897c4e3a78ba9c26275edcf31c2007f581be1e60b7979aea,extracted_source,研究/设计方法、质量 Gate、演化与移交,application/yaml
full_archive/extracted_sources/PRSE-OS_完整开发包_v0.3-dev_可交接本地团队(1)/PRSE-OS_完整开发包_v0.3-dev/06_VALIDATORS/independence_policy.md,295,9f6007cbc83da30335a2dbb91ffc39483f853ba01445cf78253518ea91ec54af,extracted_source,研究/设计方法、质量 Gate、演化与移交,text/markdown
full_archive/extracted_sources/PRSE-OS_完整开发包_v0.3-dev_可交接本地团队(1)/PRSE-OS_完整开发包_v0.3-dev/06_VALIDATORS/registry.yaml,730,c9b65d20c23ade0edf4ca82e0a6250bab1468e9103ef8da5bbb0efdb5cd339f4,extracted_source,研究/设计方法、质量 Gate、演化与移交,application/yaml
full_archive/extracted_sources/PRSE-OS_完整开发包_v0.3-dev_可交接本地团队(1)/PRSE-OS_完整开发包_v0.3-dev/06_VALIDATORS/validation-report.schema.json,711,a5ed81abcb7e9c2d55c8042ded42e2dae0b7b5ad1d9381f4a72ac7bb9782bff0,extracted_source,研究/设计方法、质量 Gate、演化与移交,application/json
full_archive/extracted_sources/PRSE-OS_完整开发包_v0.3-dev_可交接本地团队(1)/PRSE-OS_完整开发包_v0.3-dev/06_VALIDATORS/validator.schema.json,806,c91baee4e292595592d9f9f859e88960c04c9d64ea3ab0a79ccafa6e335b77ac,extracted_source,研究/设计方法、质量 Gate、演化与移交,application/json
full_archive/extracted_sources/PRSE-OS_完整开发包_v0.3-dev_可交接本地团队(1)/PRSE-OS_完整开发包_v0.3-dev/07_ARTIFACTS/artifact_catalog.yaml,1318,0a113ab1b4acfaf9ff3d6f7c7bcbf2fcb84f5ac39b0e1f2a163d1cfa5b2fa5ef,extracted_source,研究/设计方法、质量 Gate、演化与移交,application/yaml
full_archive/extracted_sources/PRSE-OS_完整开发包_v0.3-dev_可交接本地团队(1)/PRSE-OS_完整开发包_v0.3-dev/07_ARTIFACTS/schemas/CapabilityProfile.schema.json,635,8e8e9036fb9b3eda5fe7df7947d4ef80d213aec0159466252aa423646211053f,extracted_source,研究/设计方法、质量 Gate、演化与移交,application/json
full_archive/extracted_sources/PRSE-OS_完整开发包_v0.3-dev_可交接本地团队(1)/PRSE-OS_完整开发包_v0.3-dev/07_ARTIFACTS/schemas/ChangeSet.schema.json,564,d881dc4acac5d79a8a6930ac60c572aaa4a1f8380b94862332d8964217da27ea,extracted_source,研究/设计方法、质量 Gate、演化与移交,application/json
full_archive/extracted_sources/PRSE-OS_完整开发包_v0.3-dev_可交接本地团队(1)/PRSE-OS_完整开发包_v0.3-dev/07_ARTIFACTS/schemas/EscalationCase.schema.json,607,519bb62da40bfc647abb900cfbccbfb49ce7063cfc40d5553b80088b37a0052a,extracted_source,研究/设计方法、质量 Gate、演化与移交,application/json
full_archive/extracted_sources/PRSE-OS_完整开发包_v0.3-dev_可交接本地团队(1)/PRSE-OS_完整开发包_v0.3-dev/07_ARTIFACTS/schemas/RunManifest.schema.json,659,93add5688a4814b58cea4c095ede38d3c65c69b8103fe5fbf0ec602a92d91801,extracted_source,研究/设计方法、质量 Gate、演化与移交,application/json
full_archive/extracted_sources/PRSE-OS_完整开发包_v0.3-dev_可交接本地团队(1)/PRSE-OS_完整开发包_v0.3-dev/07_ARTIFACTS/templates/CapabilityPlan.md,152,d94bea2af93676ea52f14092f120ffd2097929a8fe1813b87a0e593d222af68f,extracted_source,研究/设计方法、质量 Gate、演化与移交,text/markdown
full_archive/extracted_sources/PRSE-OS_完整开发包_v0.3-dev_可交接本地团队(1)/PRSE-OS_完整开发包_v0.3-dev/07_ARTIFACTS/templates/ChangeSet.md,147,326f27d6f4a0a72b662ac624649a851d670b7e6a7990f3a121069a29abe8ecf7,extracted_source,研究/设计方法、质量 Gate、演化与移交,text/markdown
full_archive/extracted_sources/PRSE-OS_完整开发包_v0.3-dev_可交接本地团队(1)/PRSE-OS_完整开发包_v0.3-dev/07_ARTIFACTS/templates/ClaimRecord.md,149,bc5f9f37ee124463d3c1734e8b9e47dc82373ad45f5e0ec5ccf13a568f09de33,extracted_source,研究/设计方法、质量 Gate、演化与移交,text/markdown
full_archive/extracted_sources/PRSE-OS_完整开发包_v0.3-dev_可交接本地团队(1)/PRSE-OS_完整开发包_v0.3-dev/07_ARTIFACTS/templates/ClosedLoopCard.md,152,717c46bf3178bdecf1fc807541b2b14e3d7865eac60801b17ad008e7af84498f,extracted_source,研究/设计方法、质量 Gate、演化与移交,text/markdown
full_archive/extracted_sources/PRSE-OS_完整开发包_v0.3-dev_可交接本地团队(1)/PRSE-OS_完整开发包_v0.3-dev/07_ARTIFACTS/templates/ConsumerSession.md,153,cd0f89e30ddae5891315aa0a27c9844ccfa38e79f8465e34c0242b7afe0400cf,extracted_source,研究/设计方法、质量 Gate、演化与移交,text/markdown
full_archive/extracted_sources/PRSE-OS_完整开发包_v0.3-dev_可交接本地团队(1)/PRSE-OS_完整开发包_v0.3-dev/07_ARTIFACTS/templates/ContextLoadRecord.md,155,3734491b404995be250894cf6ee26663a147373c12cfa8b210ba25f058c57e87,extracted_source,研究/设计方法、质量 Gate、演化与移交,text/markdown
full_archive/extracted_sources/PRSE-OS_完整开发包_v0.3-dev_可交接本地团队(1)/PRSE-OS_完整开发包_v0.3-dev/07_ARTIFACTS/templates/DecisionRecord.md,152,91b0f28852e143d7b1168ffad65df00f8bafb8e7ea9c4fa2463ba9cab69d31f1,extracted_source,研究/设计方法、质量 Gate、演化与移交,text/markdown
full_archive/extracted_sources/PRSE-OS_完整开发包_v0.3-dev_可交接本地团队(1)/PRSE-OS_完整开发包_v0.3-dev/07_ARTIFACTS/templates/EscalationCase.md,152,811969090785e33c838cf165b31c66d017ad801a8f20e9e2318447b4ab19a0f4,extracted_source,研究/设计方法、质量 Gate、演化与移交,text/markdown
full_archive/extracted_sources/PRSE-OS_完整开发包_v0.3-dev_可交接本地团队(1)/PRSE-OS_完整开发包_v0.3-dev/07_ARTIFACTS/templates/EvidenceItem.md,150,a538d1450411f2d3097c1767cfe25e8d4ce24355b6e7d3842d5abf5986234732,extracted_source,研究/设计方法、质量 Gate、演化与移交,text/markdown
full_archive/extracted_sources/PRSE-OS_完整开发包_v0.3-dev_可交接本地团队(1)/PRSE-OS_完整开发包_v0.3-dev/07_ARTIFACTS/templates/ObjectCard.md,148,82c8b9cf9154c4053298ffca8283e46a35da400d0290fc151d44235d0e65e702,extracted_source,研究/设计方法、质量 Gate、演化与移交,text/markdown
full_archive/extracted_sources/PRSE-OS_完整开发包_v0.3-dev_可交接本地团队(1)/PRSE-OS_完整开发包_v0.3-dev/07_ARTIFACTS/templates/RiskRecord.md,148,97d2314480c9c9cc9d8df71b86c89dfae723de76f74d919ce29948667f171add,extracted_source,研究/设计方法、质量 Gate、演化与移交,text/markdown
full_archive/extracted_sources/PRSE-OS_完整开发包_v0.3-dev_可交接本地团队(1)/PRSE-OS_完整开发包_v0.3-dev/07_ARTIFACTS/templates/RunManifest.md,149,c15ca02b990458df1c4570b35b547223b966ecbed9373103c0c9242b82f053b3,extracted_source,研究/设计方法、质量 Gate、演化与移交,text/markdown
full_archive/extracted_sources/PRSE-OS_完整开发包_v0.3-dev_可交接本地团队(1)/PRSE-OS_完整开发包_v0.3-dev/07_ARTIFACTS/templates/RunReport.md,147,8cf3765ebbcea5ac90a8ded7513520556ad1c5c20a37b8cea4d6d9f2e029cb80,extracted_source,研究/设计方法、质量 Gate、演化与移交,text/markdown
full_archive/extracted_sources/PRSE-OS_完整开发包_v0.3-dev_可交接本地团队(1)/PRSE-OS_完整开发包_v0.3-dev/07_ARTIFACTS/templates/ValidationReport.md,154,b948256e6389e62655ef4356c52142b241c200efcfc2144d24dea7055eb3c5a8,extracted_source,研究/设计方法、质量 Gate、演化与移交,text/markdown
full_archive/extracted_sources/PRSE-OS_完整开发包_v0.3-dev_可交接本地团队(1)/PRSE-OS_完整开发包_v0.3-dev/07_ARTIFACTS/templates/ViewCard.md,146,c61ee7a2a3d0464697dec57301746066b566bc8861b97db7d4d104ad896b8edd,extracted_source,研究/设计方法、质量 Gate、演化与移交,text/markdown
full_archive/extracted_sources/PRSE-OS_完整开发包_v0.3-dev_可交接本地团队(1)/PRSE-OS_完整开发包_v0.3-dev/08_QUALITY_GATES/quality_gates.yaml,919,91d4e0b6153535d76314e45bb6de180adf216cb5fd95c62ed51cdbd83099dd66,extracted_source,研究/设计方法、质量 Gate、演化与移交,application/yaml
full_archive/extracted_sources/PRSE-OS_完整开发包_v0.3-dev_可交接本地团队(1)/PRSE-OS_完整开发包_v0.3-dev/08_QUALITY_GATES/quality_requirement_model.md,367,5380bb3ccc56f0cbbb04d8ce96761ff150b65301ad0a57dfeb87427ff0eb9de4,extracted_source,研究/设计方法、质量 Gate、演化与移交,text/markdown
full_archive/extracted_sources/PRSE-OS_完整开发包_v0.3-dev_可交接本地团队(1)/PRSE-OS_完整开发包_v0.3-dev/08_QUALITY_GATES/release_checklist.md,356,a0260168d879d03d85c9b4867c6c8e0ee2963393b7bf07d009e16c689d1e168b,extracted_source,研究/设计方法、质量 Gate、演化与移交,text/markdown
full_archive/extracted_sources/PRSE-OS_完整开发包_v0.3-dev_可交接本地团队(1)/PRSE-OS_完整开发包_v0.3-dev/08_QUALITY_GATES/specification_readiness_levels.md,287,178b0dc9ea1caca55645153f5b9314c1fe81c26fcc057dd8206654bd116baaae,extracted_source,研究/设计方法、质量 Gate、演化与移交,text/markdown
full_archive/extracted_sources/PRSE-OS_完整开发包_v0.3-dev_可交接本地团队(1)/PRSE-OS_完整开发包_v0.3-dev/08_QUALITY_GATES/stop_conditions.md,368,c2c4c4716394bcc37c8515325a951dd7a51166d1fff370a86a719fc243b9d703,extracted_source,研究/设计方法、质量 Gate、演化与移交,text/markdown
full_archive/extracted_sources/PRSE-OS_完整开发包_v0.3-dev_可交接本地团队(1)/PRSE-OS_完整开发包_v0.3-dev/09_OBSERVABILITY/dashboard_spec.md,441,6b5c4535202beb853f3435c72abcdf596289e1d5759a1ef9e264080f8deb32f4,extracted_source,研究/设计方法、质量 Gate、演化与移交,text/markdown
full_archive/extracted_sources/PRSE-OS_完整开发包_v0.3-dev_可交接本地团队(1)/PRSE-OS_完整开发包_v0.3-dev/09_OBSERVABILITY/event_types.yaml,369,b4ee1b740da0c1fb3c1de1c8c1ae77a6664b2150479d35b155510d7decc3d70b,extracted_source,研究/设计方法、质量 Gate、演化与移交,application/yaml
full_archive/extracted_sources/PRSE-OS_完整开发包_v0.3-dev_可交接本地团队(1)/PRSE-OS_完整开发包_v0.3-dev/09_OBSERVABILITY/failure_localization.md,401,8eec7f7862b878129229236736839925c9e3f9d100b230704bc3f44aaa40ae6a,extracted_source,研究/设计方法、质量 Gate、演化与移交,text/markdown
full_archive/extracted_sources/PRSE-OS_完整开发包_v0.3-dev_可交接本地团队(1)/PRSE-OS_完整开发包_v0.3-dev/09_OBSERVABILITY/method-event.schema.json,681,d086dc6725552822e97ae688e5d701f63cc1c5520ef0ddb866bc63f5acf7241d,extracted_source,研究/设计方法、质量 Gate、演化与移交,application/json
full_archive/extracted_sources/PRSE-OS_完整开发包_v0.3-dev_可交接本地团队(1)/PRSE-OS_完整开发包_v0.3-dev/09_OBSERVABILITY/metrics.yaml,677,096b9760079f0e74f46a20eab2c02f8b461d8b183296e0d326ac41ad72b6f888,extracted_source,研究/设计方法、质量 Gate、演化与移交,application/yaml
full_archive/extracted_sources/PRSE-OS_完整开发包_v0.3-dev_可交接本地团队(1)/PRSE-OS_完整开发包_v0.3-dev/09_OBSERVABILITY/sample_events.jsonl,2046,f43c7f1a4eda37de4dfa41f5609c69a9d2ef322dfe67b5f9bb915a0d4f4d66f9,extracted_source,研究/设计方法、质量 Gate、演化与移交,application/octet-stream
full_archive/extracted_sources/PRSE-OS_完整开发包_v0.3-dev_可交接本地团队(1)/PRSE-OS_完整开发包_v0.3-dev/10_TESTS/blind_consumer_test.md,377,1ccd4c9ea90907501698db6787455b87421c3c90c95a4f2be49b57c52e790137,extracted_source,研究/设计方法、质量 Gate、演化与移交,text/markdown
full_archive/extracted_sources/PRSE-OS_完整开发包_v0.3-dev_可交接本地团队(1)/PRSE-OS_完整开发包_v0.3-dev/10_TESTS/change_propagation_test.md,244,2e064989a8afc8c96ac3a3cf4e3d94156de174b216ed5fa7c90fba4bedca24a6,extracted_source,研究/设计方法、质量 Gate、演化与移交,text/markdown
full_archive/extracted_sources/PRSE-OS_完整开发包_v0.3-dev_可交接本地团队(1)/PRSE-OS_完整开发包_v0.3-dev/10_TESTS/cross_runtime_portability.md,233,f0a5cb0f60e683304485267e23151c2a25ab7d8c2ca4b6921c702726b274048a,extracted_source,研究/设计方法、质量 Gate、演化与移交,text/markdown
full_archive/extracted_sources/PRSE-OS_完整开发包_v0.3-dev_可交接本地团队(1)/PRSE-OS_完整开发包_v0.3-dev/10_TESTS/integration_acceptance.md,225,bb52d50f491cac93d16b6789e5f9d03f97c06dcef8fcaf12ca1d6e02be644797,extracted_source,研究/设计方法、质量 Gate、演化与移交,text/markdown
full_archive/extracted_sources/PRSE-OS_完整开发包_v0.3-dev_可交接本地团队(1)/PRSE-OS_完整开发包_v0.3-dev/10_TESTS/language_drift_test.md,186,294b25d6be1b5ebab084d69e6e01c2bf0df3715d265dc02485757c04fada0c98,extracted_source,研究/设计方法、质量 Gate、演化与移交,text/markdown
full_archive/extracted_sources/PRSE-OS_完整开发包_v0.3-dev_可交接本地团队(1)/PRSE-OS_完整开发包_v0.3-dev/10_TESTS/prototype_anchoring_experiment.md,265,5c04b9445a24739254935fb3496b0e736c6d064935c69f52fc478962a02d5414,extracted_source,研究/设计方法、质量 Gate、演化与移交,text/markdown
full_archive/extracted_sources/PRSE-OS_完整开发包_v0.3-dev_可交接本地团队(1)/PRSE-OS_完整开发包_v0.3-dev/10_TESTS/smoke_tests.yaml,763,c368a81b4630178d43f332aa8b6311b3207c3fcb4e7d0d563c6a8a2e1200c4a5,extracted_source,研究/设计方法、质量 Gate、演化与移交,application/yaml
full_archive/extracted_sources/PRSE-OS_完整开发包_v0.3-dev_可交接本地团队(1)/PRSE-OS_完整开发包_v0.3-dev/11_SUMMON_REFERENCE/README.md,487,a45c9114581f107a7d7444d36faf7d6c8e06d67b913f45402f51f55b8493f95e,extracted_source,研究/设计方法、质量 Gate、演化与移交,text/markdown
full_archive/extracted_sources/PRSE-OS_完整开发包_v0.3-dev_可交接本地团队(1)/PRSE-OS_完整开发包_v0.3-dev/11_SUMMON_REFERENCE/impact_on_summon.md,580,c677584c0a90cfe28d0989c08084c0f7880171fc520d197f64ed628110dfabf3,extracted_source,研究/设计方法、质量 Gate、演化与移交,text/markdown
full_archive/extracted_sources/PRSE-OS_完整开发包_v0.3-dev_可交接本地团队(1)/PRSE-OS_完整开发包_v0.3-dev/11_SUMMON_REFERENCE/project.manifest.yaml,668,36366eb146ce76a8bc3fb8f9719298419ff7ed3f2c41b12675e7e8eac1d63500,extracted_source,研究/设计方法、质量 Gate、演化与移交,application/yaml
full_archive/extracted_sources/PRSE-OS_完整开发包_v0.3-dev_可交接本地团队(1)/PRSE-OS_完整开发包_v0.3-dev/11_SUMMON_REFERENCE/sources/deep-research-report.md,26080,834af91cf3d0c8fd5d90dacd505fa6a494ccef9d18e2b0880bc0db151ea71b66,extracted_source,研究/设计方法、质量 Gate、演化与移交,text/markdown
full_archive/extracted_sources/PRSE-OS_完整开发包_v0.3-dev_可交接本地团队(1)/PRSE-OS_完整开发包_v0.3-dev/11_SUMMON_REFERENCE/sources/legibility-engineering.skill,24606,877fe360c42a04c9ed7fb7a4db2460fd0565157055ecce56a67245864f418570,extracted_source,研究/设计方法、质量 Gate、演化与移交,application/octet-stream
full_archive/extracted_sources/PRSE-OS_完整开发包_v0.3-dev_可交接本地团队(1)/PRSE-OS_完整开发包_v0.3-dev/11_SUMMON_REFERENCE/sources/召集台_v0.6.docx,3216302,d536e1ce1d2da76004525f453477736d1481df5b0905d10ef07d1775db93384d,extracted_source,研究/设计方法、质量 Gate、演化与移交,application/vnd.openxmlformats-officedocument.wordprocessingml.document
full_archive/extracted_sources/PRSE-OS_完整开发包_v0.3-dev_可交接本地团队(1)/PRSE-OS_完整开发包_v0.3-dev/11_SUMMON_REFERENCE/sources/召集台_v0.7.docx,3236497,55d48e620fb9ea3ea8ea285af7eca5b03cafbe1b801b736218115c1a292e9497,extracted_source,研究/设计方法、质量 Gate、演化与移交,application/vnd.openxmlformats-officedocument.wordprocessingml.document
full_archive/extracted_sources/PRSE-OS_完整开发包_v0.3-dev_可交接本地团队(1)/PRSE-OS_完整开发包_v0.3-dev/11_SUMMON_REFERENCE/sources/召集台_v0.8.docx,1526259,88f4aa67129813a37df0af26f25d19c366c0a6af2cb15c31e369fdacb6dbd08f,extracted_source,研究/设计方法、质量 Gate、演化与移交,application/vnd.openxmlformats-officedocument.wordprocessingml.document
full_archive/extracted_sources/PRSE-OS_完整开发包_v0.3-dev_可交接本地团队(1)/PRSE-OS_完整开发包_v0.3-dev/11_SUMMON_REFERENCE/sources/旧原型演示截图.png,1155862,5f925d1ae71d3f8f6a1b1649763ccfba5c20a8315b655d85f74e2626ccec0aba,extracted_source,研究/设计方法、质量 Gate、演化与移交,image/png
full_archive/extracted_sources/PRSE-OS_完整开发包_v0.3-dev_可交接本地团队(1)/PRSE-OS_完整开发包_v0.3-dev/11_SUMMON_REFERENCE/spec/conformance_cases.yaml,687,66767a61e3b65291954c2d4833698003e2da6e23c793f5cdc12d58485ab16d71,extracted_source,研究/设计方法、质量 Gate、演化与移交,application/yaml
full_archive/extracted_sources/PRSE-OS_完整开发包_v0.3-dev_可交接本地团队(1)/PRSE-OS_完整开发包_v0.3-dev/11_SUMMON_REFERENCE/spec/constitution.yaml,1521,94ca0ac79153b535bc3eea222c4c35f2fc635f2a5785f68601fba163f574ea97,extracted_source,研究/设计方法、质量 Gate、演化与移交,application/yaml
full_archive/extracted_sources/PRSE-OS_完整开发包_v0.3-dev_可交接本地团队(1)/PRSE-OS_完整开发包_v0.3-dev/11_SUMMON_REFERENCE/spec/core_loops.yaml,709,59e56b7f02da6cd8d0f63510cfc04844a0f310f06f73b8a15111f8620edbeb6f,extracted_source,研究/设计方法、质量 Gate、演化与移交,application/yaml
full_archive/extracted_sources/PRSE-OS_完整开发包_v0.3-dev_可交接本地团队(1)/PRSE-OS_完整开发包_v0.3-dev/11_SUMMON_REFERENCE/spec/core_objects.yaml,771,6c1dd548bda8a04916796335a06c65aaf88064d39bedf9401c925edef53d93a6,extracted_source,研究/设计方法、质量 Gate、演化与移交,application/yaml
full_archive/extracted_sources/PRSE-OS_完整开发包_v0.3-dev_可交接本地团队(1)/PRSE-OS_完整开发包_v0.3-dev/11_SUMMON_REFERENCE/spec/forbidden_interpretations.yaml,204,b5adf60bb446a1cc3b4969c8a37d424d783dc0209777081a60f69fab10f2e034,extracted_source,研究/设计方法、质量 Gate、演化与移交,application/yaml
full_archive/extracted_sources/PRSE-OS_完整开发包_v0.3-dev_可交接本地团队(1)/PRSE-OS_完整开发包_v0.3-dev/11_SUMMON_REFERENCE/spec/product_change.yaml,140,9a8a702708cbad6b8f0415d60d933b8b5496f2997407bac8b493914fda729c17,extracted_source,研究/设计方法、质量 Gate、演化与移交,application/yaml
full_archive/extracted_sources/PRSE-OS_完整开发包_v0.3-dev_可交接本地团队(1)/PRSE-OS_完整开发包_v0.3-dev/11_SUMMON_REFERENCE/spec/ui_principles.yaml,651,c1b22bc00e654429c6bd7e3bad33121c2dbbb3313f59cf02e6bfcd6f99f63b92,extracted_source,研究/设计方法、质量 Gate、演化与移交,application/yaml
full_archive/extracted_sources/PRSE-OS_完整开发包_v0.3-dev_可交接本地团队(1)/PRSE-OS_完整开发包_v0.3-dev/12_ROADMAP/adoption_experiments.md,325,91dae4cc04f70784764ae1db322cd0a0efcd5d3b2bbed437983ed6728d3e42b6,extracted_source,研究/设计方法、质量 Gate、演化与移交,text/markdown
full_archive/extracted_sources/PRSE-OS_完整开发包_v0.3-dev_可交接本地团队(1)/PRSE-OS_完整开发包_v0.3-dev/12_ROADMAP/engineering_backlog.yaml,606,cf7518437ea1be93a9014ec02578c3e9951fa845e20fc39eef9203fb971c3a41,extracted_source,研究/设计方法、质量 Gate、演化与移交,application/yaml
full_archive/extracted_sources/PRSE-OS_完整开发包_v0.3-dev_可交接本地团队(1)/PRSE-OS_完整开发包_v0.3-dev/12_ROADMAP/governance_options.md,402,48815ec89b1f335afb99c94512c797dc87b16e89290c53edced8a30b3ba5d970,extracted_source,研究/设计方法、质量 Gate、演化与移交,text/markdown
full_archive/extracted_sources/PRSE-OS_完整开发包_v0.3-dev_可交接本地团队(1)/PRSE-OS_完整开发包_v0.3-dev/12_ROADMAP/research_backlog.yaml,770,0550d515777e80f01812f85a2ec419ea5d655c80ac87abfa84d5917c973da31f,extracted_source,研究/设计方法、质量 Gate、演化与移交,application/yaml
full_archive/extracted_sources/PRSE-OS_完整开发包_v0.3-dev_可交接本地团队(1)/PRSE-OS_完整开发包_v0.3-dev/12_ROADMAP/risk_register.yaml,844,1b8edc79071360de51356c253686b05e72504f2285ff8a328fc44a1f854899ce,extracted_source,研究/设计方法、质量 Gate、演化与移交,application/yaml
full_archive/extracted_sources/PRSE-OS_完整开发包_v0.3-dev_可交接本地团队(1)/PRSE-OS_完整开发包_v0.3-dev/12_ROADMAP/roadmap_v0.3_to_v1.0.md,1685,62408ffe5b71639a49238ff5842624ef53245d3a01087471adf69d84ff11e6c1,extracted_source,研究/设计方法、质量 Gate、演化与移交,text/markdown
full_archive/extracted_sources/PRSE-OS_完整开发包_v0.3-dev_可交接本地团队(1)/PRSE-OS_完整开发包_v0.3-dev/13_ARCHIVE/README.md,218,72b2c3a4ccb709921f0b1227c7993913ec477ca514d347a75e1c486c821005e5,extracted_source,研究/设计方法、质量 Gate、演化与移交,text/markdown
full_archive/extracted_sources/PRSE-OS_完整开发包_v0.3-dev_可交接本地团队(1)/PRSE-OS_完整开发包_v0.3-dev/13_ARCHIVE/v0.1/PRSE-OS_v0.1_总纲.md,1881,484ffb87ce5f5a96b7f9a27777ffb571f93ab7554e6e62a3a31c2fffd7b5a3ef,extracted_source,研究/设计方法、质量 Gate、演化与移交,text/markdown
full_archive/extracted_sources/PRSE-OS_完整开发包_v0.3-dev_可交接本地团队(1)/PRSE-OS_完整开发包_v0.3-dev/13_ARCHIVE/v0.1/PRSE-OS_v0.1_方法论运行包.zip,30621,01e51fc146474a2596ab2f05b781b4f02dacb007fb27e2333d5528ae245cb10b,extracted_source,研究/设计方法、质量 Gate、演化与移交,application/zip
full_archive/extracted_sources/PRSE-OS_完整开发包_v0.3-dev_可交接本地团队(1)/PRSE-OS_完整开发包_v0.3-dev/13_ARCHIVE/v0.1/expanded/PRSE-OS_v0.1/00_constitution/constitution.md,2279,0f65f4c98dc98e0daf68d3c6580268a97ce909e2c3a557daed5f537fa7fe6b4a,extracted_source,研究/设计方法、质量 Gate、演化与移交,text/markdown
full_archive/extracted_sources/PRSE-OS_完整开发包_v0.3-dev_可交接本地团队(1)/PRSE-OS_完整开发包_v0.3-dev/13_ARCHIVE/v0.1/expanded/PRSE-OS_v0.1/01_ontology/method_objects.yaml,2799,ae7f3d6821424e349391a1fa7a1b2864a679160f2167f2127c17608aadb50e50,extracted_source,研究/设计方法、质量 Gate、演化与移交,application/yaml
full_archive/extracted_sources/PRSE-OS_完整开发包_v0.3-dev_可交接本地团队(1)/PRSE-OS_完整开发包_v0.3-dev/13_ARCHIVE/v0.1/expanded/PRSE-OS_v0.1/02_capabilities/capability_model.md,1762,07460534fa0a34244f5f8a38225c652b2f6ea9d1aff146fca0f3eea373855b3d,extracted_source,研究/设计方法、质量 Gate、演化与移交,text/markdown
full_archive/extracted_sources/PRSE-OS_完整开发包_v0.3-dev_可交接本地团队(1)/PRSE-OS_完整开发包_v0.3-dev/13_ARCHIVE/v0.1/expanded/PRSE-OS_v0.1/02_capabilities/capability_registry.example.yaml,1410,d77dfe43c08165ce3eef4dcf73087187690fa2f55f831ad6c8ab54a6d420f768,extracted_source,研究/设计方法、质量 Gate、演化与移交,application/yaml
full_archive/extracted_sources/PRSE-OS_完整开发包_v0.3-dev_可交接本地团队(1)/PRSE-OS_完整开发包_v0.3-dev/13_ARCHIVE/v0.1/expanded/PRSE-OS_v0.1/03_context/context_pack.schema.json,2090,4d93ee31fd3e67be5cc6efc1363bacd06cbada79164d0eb2e3b3e2522bcc6e35,extracted_source,研究/设计方法、质量 Gate、演化与移交,application/json
full_archive/extracted_sources/PRSE-OS_完整开发包_v0.3-dev_可交接本地团队(1)/PRSE-OS_完整开发包_v0.3-dev/13_ARCHIVE/v0.1/expanded/PRSE-OS_v0.1/03_context/routing_policy.md,1519,5effe0dbefd04efcbf1ac72b12e53d49c2cacc2535b64777df6e934cd568f088,extracted_source,研究/设计方法、质量 Gate、演化与移交,text/markdown
full_archive/extracted_sources/PRSE-OS_完整开发包_v0.3-dev_可交接本地团队(1)/PRSE-OS_完整开发包_v0.3-dev/13_ARCHIVE/v0.1/expanded/PRSE-OS_v0.1/04_methods/cards/closed_loop_design.md,940,7d391dca52a23a34fffa8097aa574aabca57defeeb086b5e6deafad390aa8fc3,extracted_source,研究/设计方法、质量 Gate、演化与移交,text/markdown
full_archive/extracted_sources/PRSE-OS_完整开发包_v0.3-dev_可交接本地团队(1)/PRSE-OS_完整开发包_v0.3-dev/13_ARCHIVE/v0.1/expanded/PRSE-OS_v0.1/04_methods/cards/historical_solution_scan.md,1010,1e3f67c8ea839b15931ddfa8528fdc31a3d07c04df52a392b38fa74c5bf63acf,extracted_source,研究/设计方法、质量 Gate、演化与移交,text/markdown
full_archive/extracted_sources/PRSE-OS_完整开发包_v0.3-dev_可交接本地团队(1)/PRSE-OS_完整开发包_v0.3-dev/13_ARCHIVE/v0.1/expanded/PRSE-OS_v0.1/04_methods/cards/interface_projection.md,1076,03aa9997be629bf12f94b651fd29d4ec4e3d646d1fcc70beaf78a36f51b1d283,extracted_source,研究/设计方法、质量 Gate、演化与移交,text/markdown
full_archive/extracted_sources/PRSE-OS_完整开发包_v0.3-dev_可交接本地团队(1)/PRSE-OS_完整开发包_v0.3-dev/13_ARCHIVE/v0.1/expanded/PRSE-OS_v0.1/04_methods/cards/language_compilation.md,1042,12ff42af2e04a6f114a8f5286c470498521841868c3b9e03fc3ae22f48ddf4e6,extracted_source,研究/设计方法、质量 Gate、演化与移交,text/markdown
full_archive/extracted_sources/PRSE-OS_完整开发包_v0.3-dev_可交接本地团队(1)/PRSE-OS_完整开发包_v0.3-dev/13_ARCHIVE/v0.1/expanded/PRSE-OS_v0.1/04_methods/cards/ontology_modeling.md,954,f83bcaaccf69a7f254246213136365005b5fd2c54f1516afd0a42ae914dbdaea,extracted_source,研究/设计方法、质量 Gate、演化与移交,text/markdown
full_archive/extracted_sources/PRSE-OS_完整开发包_v0.3-dev_可交接本地团队(1)/PRSE-OS_完整开发包_v0.3-dev/13_ARCHIVE/v0.1/expanded/PRSE-OS_v0.1/04_methods/method_card.schema.json,1266,227b07dcf403d5f23fe9103cae1230a9fde9faa1433ed1509f703c28fb208116,extracted_source,研究/设计方法、质量 Gate、演化与移交,application/json
full_archive/extracted_sources/PRSE-OS_完整开发包_v0.3-dev_可交接本地团队(1)/PRSE-OS_完整开发包_v0.3-dev/13_ARCHIVE/v0.1/expanded/PRSE-OS_v0.1/05_workflows/iteration.yaml,989,664a442b7924e469faad709daf6fed4be3c470059d20ce5c897c6642ed1b585c,extracted_source,研究/设计方法、质量 Gate、演化与移交,application/yaml
full_archive/extracted_sources/PRSE-OS_完整开发包_v0.3-dev_可交接本地团队(1)/PRSE-OS_完整开发包_v0.3-dev/13_ARCHIVE/v0.1/expanded/PRSE-OS_v0.1/05_workflows/language_translation.yaml,479,f31e1459fade544c4fb45a25d6c1da4adf7c0d016fdd9d749b52b0e5ba311fe5,extracted_source,研究/设计方法、质量 Gate、演化与移交,application/yaml
full_archive/extracted_sources/PRSE-OS_完整开发包_v0.3-dev_可交接本地团队(1)/PRSE-OS_完整开发包_v0.3-dev/13_ARCHIVE/v0.1/expanded/PRSE-OS_v0.1/05_workflows/new_product.yaml,1747,4ee1106da5c44b2b1a8e1ab76ca6b0d9e67fadeda7a623a088ea00906e881763,extracted_source,研究/设计方法、质量 Gate、演化与移交,application/yaml
full_archive/extracted_sources/PRSE-OS_完整开发包_v0.3-dev_可交接本地团队(1)/PRSE-OS_完整开发包_v0.3-dev/13_ARCHIVE/v0.1/expanded/PRSE-OS_v0.1/05_workflows/spec_audit.yaml,643,45fd1552b5e1e4bced42ebfa61c8dc4679db9233d3ba773b5f0590bd95088604,extracted_source,研究/设计方法、质量 Gate、演化与移交,application/yaml
full_archive/extracted_sources/PRSE-OS_完整开发包_v0.3-dev_可交接本地团队(1)/PRSE-OS_完整开发包_v0.3-dev/13_ARCHIVE/v0.1/expanded/PRSE-OS_v0.1/06_artifacts/artifact_catalog.yaml,1788,7945cd1d8898d8320b1704d9677cf1ab40669a6ad7d7c97a662e9bed4666f6c6,extracted_source,研究/设计方法、质量 Gate、演化与移交,application/yaml
full_archive/extracted_sources/PRSE-OS_完整开发包_v0.3-dev_可交接本地团队(1)/PRSE-OS_完整开发包_v0.3-dev/13_ARCHIVE/v0.1/expanded/PRSE-OS_v0.1/06_artifacts/templates/claim_record.md,295,7b5f1a88dcf1a6bf285c61be820f0602d26cef1d8a25c7b50d352262376939d7,extracted_source,研究/设计方法、质量 Gate、演化与移交,text/markdown
full_archive/extracted_sources/PRSE-OS_完整开发包_v0.3-dev_可交接本地团队(1)/PRSE-OS_完整开发包_v0.3-dev/13_ARCHIVE/v0.1/expanded/PRSE-OS_v0.1/06_artifacts/templates/closed_loop_card.md,318,09277207c838c97dcc0e0f6991e1b19f49033bd76f411a81cd027c1a32a2f315,extracted_source,研究/设计方法、质量 Gate、演化与移交,text/markdown
full_archive/extracted_sources/PRSE-OS_完整开发包_v0.3-dev_可交接本地团队(1)/PRSE-OS_完整开发包_v0.3-dev/13_ARCHIVE/v0.1/expanded/PRSE-OS_v0.1/06_artifacts/templates/decision_record.md,314,afa13d2c48f085a446ddab3d9a196db9c0e971ae5024080df63ac22e85044667,extracted_source,研究/设计方法、质量 Gate、演化与移交,text/markdown
full_archive/extracted_sources/PRSE-OS_完整开发包_v0.3-dev_可交接本地团队(1)/PRSE-OS_完整开发包_v0.3-dev/13_ARCHIVE/v0.1/expanded/PRSE-OS_v0.1/06_artifacts/templates/object_card.md,298,04e0eaeef6549faea8ff6471fef1ea8c68b7e597ac5ddeed12148b35837cb8b0,extracted_source,研究/设计方法、质量 Gate、演化与移交,text/markdown
full_archive/extracted_sources/PRSE-OS_完整开发包_v0.3-dev_可交接本地团队(1)/PRSE-OS_完整开发包_v0.3-dev/13_ARCHIVE/v0.1/expanded/PRSE-OS_v0.1/06_artifacts/templates/view_card.md,330,c2dca2d6b5e45e10e6582460b86959ef8e76f4b93dd9411ce9b2b43aca5841ac,extracted_source,研究/设计方法、质量 Gate、演化与移交,text/markdown
full_archive/extracted_sources/PRSE-OS_完整开发包_v0.3-dev_可交接本地团队(1)/PRSE-OS_完整开发包_v0.3-dev/13_ARCHIVE/v0.1/expanded/PRSE-OS_v0.1/07_validation/escalation_policy.md,1210,460f3906298dca8296ea3a895de5da2e1b31f8c9ffc96a694ab8bf1b700fd3a2,extracted_source,研究/设计方法、质量 Gate、演化与移交,text/markdown
full_archive/extracted_sources/PRSE-OS_完整开发包_v0.3-dev_可交接本地团队(1)/PRSE-OS_完整开发包_v0.3-dev/13_ARCHIVE/v0.1/expanded/PRSE-OS_v0.1/07_validation/quality_gates.yaml,2391,842b3040bbc2e202d4fd078f8563cda2a45015f87059575e2eb0d0daa03779a3,extracted_source,研究/设计方法、质量 Gate、演化与移交,application/yaml
full_archive/extracted_sources/PRSE-OS_完整开发包_v0.3-dev_可交接本地团队(1)/PRSE-OS_完整开发包_v0.3-dev/13_ARCHIVE/v0.1/expanded/PRSE-OS_v0.1/08_observability/event_schema.json,1539,86f94691ed25daf586d71400becf675501d677fb58fd2f810c1ead2694b3bac8,extracted_source,研究/设计方法、质量 Gate、演化与移交,application/json
full_archive/extracted_sources/PRSE-OS_完整开发包_v0.3-dev_可交接本地团队(1)/PRSE-OS_完整开发包_v0.3-dev/13_ARCHIVE/v0.1/expanded/PRSE-OS_v0.1/08_observability/metrics.yaml,1279,ef6bb801f263fedd29eaca4af3131dcc49fa50398f1b8d1eae208afded656fad,extracted_source,研究/设计方法、质量 Gate、演化与移交,application/yaml
full_archive/extracted_sources/PRSE-OS_完整开发包_v0.3-dev_可交接本地团队(1)/PRSE-OS_完整开发包_v0.3-dev/13_ARCHIVE/v0.1/expanded/PRSE-OS_v0.1/09_language/language_architecture.md,1402,3582da6ce0a962e9dfca9ce5d3e12513fe01a9b15cb11428e530981c2fa0c17f,extracted_source,研究/设计方法、质量 Gate、演化与移交,text/markdown
full_archive/extracted_sources/PRSE-OS_完整开发包_v0.3-dev_可交接本地团队(1)/PRSE-OS_完整开发包_v0.3-dev/13_ARCHIVE/v0.1/expanded/PRSE-OS_v0.1/09_language/translation_registry.example.yaml,738,6fe98a25e40d6ee7c5005f8ceea5d576419d31403f14ba9f2b04006c0f95e49f,extracted_source,研究/设计方法、质量 Gate、演化与移交,application/yaml
full_archive/extracted_sources/PRSE-OS_完整开发包_v0.3-dev_可交接本地团队(1)/PRSE-OS_完整开发包_v0.3-dev/13_ARCHIVE/v0.1/expanded/PRSE-OS_v0.1/10_examples/summon_table/capability_plan.yaml,695,bee839798c959e27877b84c2e35a7d5d476deccf878c3b3fdd4c6c2a52272848,extracted_source,研究/设计方法、质量 Gate、演化与移交,application/yaml
full_archive/extracted_sources/PRSE-OS_完整开发包_v0.3-dev_可交接本地团队(1)/PRSE-OS_完整开发包_v0.3-dev/13_ARCHIVE/v0.1/expanded/PRSE-OS_v0.1/10_examples/summon_table/run_manifest.yaml,874,50b5cb529a9cda5afb5006e57bdcde248676254e5b9a4b5148c084950f5fe5f2,extracted_source,研究/设计方法、质量 Gate、演化与移交,application/yaml
full_archive/extracted_sources/PRSE-OS_完整开发包_v0.3-dev_可交接本地团队(1)/PRSE-OS_完整开发包_v0.3-dev/13_ARCHIVE/v0.1/expanded/PRSE-OS_v0.1/11_governance/versioning_and_change.md,1310,dc371f2e9d190f07c761fbf9b3d1bf14a34aee85356626c08069729dd7e1b0ca,extracted_source,研究/设计方法、质量 Gate、演化与移交,text/markdown
full_archive/extracted_sources/PRSE-OS_完整开发包_v0.3-dev_可交接本地团队(1)/PRSE-OS_完整开发包_v0.3-dev/13_ARCHIVE/v0.1/expanded/PRSE-OS_v0.1/AGENT_START_HERE.md,2160,1326021659768ab043a708af63592939c429a4ced47a3e1f6487ffebda397280,extracted_source,研究/设计方法、质量 Gate、演化与移交,text/markdown
full_archive/extracted_sources/PRSE-OS_完整开发包_v0.3-dev_可交接本地团队(1)/PRSE-OS_完整开发包_v0.3-dev/13_ARCHIVE/v0.1/expanded/PRSE-OS_v0.1/PRSE-OS_v0.1_总纲.md,1881,484ffb87ce5f5a96b7f9a27777ffb571f93ab7554e6e62a3a31c2fffd7b5a3ef,extracted_source,研究/设计方法、质量 Gate、演化与移交,text/markdown
full_archive/extracted_sources/PRSE-OS_完整开发包_v0.3-dev_可交接本地团队(1)/PRSE-OS_完整开发包_v0.3-dev/13_ARCHIVE/v0.1/expanded/PRSE-OS_v0.1/README.md,2876,5e161ed3480e01e5bdbc563d333aa7633ec2830eb93d47c2dc5cee108ae68b01,extracted_source,研究/设计方法、质量 Gate、演化与移交,text/markdown
full_archive/extracted_sources/PRSE-OS_完整开发包_v0.3-dev_可交接本地团队(1)/PRSE-OS_完整开发包_v0.3-dev/13_ARCHIVE/v0.1/expanded/PRSE-OS_v0.1/method.manifest.yaml,1570,e2eebeddfb26584340de49c425dcd78cb200ccbc66474a3876d44b54d5ab6213,extracted_source,研究/设计方法、质量 Gate、演化与移交,application/yaml
full_archive/extracted_sources/PRSE-OS_完整开发包_v0.3-dev_可交接本地团队(1)/PRSE-OS_完整开发包_v0.3-dev/13_ARCHIVE/v0.2/PRSE-AI原生规格运行包_v0.2_含召集台参考实现.zip,31220,b55ef6cab8c9cb0675e32f48567d998ff09b250be942d08f1c0d254125ab9a5e,extracted_source,研究/设计方法、质量 Gate、演化与移交,application/zip
full_archive/extracted_sources/PRSE-OS_完整开发包_v0.3-dev_可交接本地团队(1)/PRSE-OS_完整开发包_v0.3-dev/13_ARCHIVE/v0.2/expanded/PRSE-AI-Native-SpecKit_v0.2/00_constitution/constitution.md,2567,4e2e36ef28e6974b369796e0c1286f75c42cfa2a56c9c21eedb251db07a589e8,extracted_source,研究/设计方法、质量 Gate、演化与移交,text/markdown
full_archive/extracted_sources/PRSE-OS_完整开发包_v0.3-dev_可交接本地团队(1)/PRSE-OS_完整开发包_v0.3-dev/13_ARCHIVE/v0.2/expanded/PRSE-AI-Native-SpecKit_v0.2/01_ai_native_spec_protocol/normative_keywords.yaml,357,1f4c675747a87eabacc8a1ed6bc4b52065dbc3694999aca06a98b18509b9326b,extracted_source,研究/设计方法、质量 Gate、演化与移交,application/yaml
full_archive/extracted_sources/PRSE-OS_完整开发包_v0.3-dev_可交接本地团队(1)/PRSE-OS_完整开发包_v0.3-dev/13_ARCHIVE/v0.2/expanded/PRSE-AI-Native-SpecKit_v0.2/01_ai_native_spec_protocol/package_structure.md,1199,4f994dec9549f0e9d6c9cfe1c409dc28b193061bc457bbae1727bfd2f7fe1296,extracted_source,研究/设计方法、质量 Gate、演化与移交,text/markdown
full_archive/extracted_sources/PRSE-OS_完整开发包_v0.3-dev_可交接本地团队(1)/PRSE-OS_完整开发包_v0.3-dev/13_ARCHIVE/v0.2/expanded/PRSE-AI-Native-SpecKit_v0.2/01_ai_native_spec_protocol/quality-requirement.schema.json,1195,a7f5eb8bd77782dd0561ac079fa7ca3ee9ba3b3b5916691fd143ce8d5c44df65,extracted_source,研究/设计方法、质量 Gate、演化与移交,application/json
full_archive/extracted_sources/PRSE-OS_完整开发包_v0.3-dev_可交接本地团队(1)/PRSE-OS_完整开发包_v0.3-dev/13_ARCHIVE/v0.2/expanded/PRSE-AI-Native-SpecKit_v0.2/01_ai_native_spec_protocol/quality_requirement_model.md,965,9b913353885e3e2f4a892ea7ae761d99f915a6d755c7534bc26d0c58ec7add8b,extracted_source,研究/设计方法、质量 Gate、演化与移交,text/markdown
full_archive/extracted_sources/PRSE-OS_完整开发包_v0.3-dev_可交接本地团队(1)/PRSE-OS_完整开发包_v0.3-dev/13_ARCHIVE/v0.2/expanded/PRSE-AI-Native-SpecKit_v0.2/01_ai_native_spec_protocol/reader_protocol.md,1520,fe52c73aac323d520608bf233e629c8ec1a1a893a91487b2f6e8813b80ed27cd,extracted_source,研究/设计方法、质量 Gate、演化与移交,text/markdown
full_archive/extracted_sources/PRSE-OS_完整开发包_v0.3-dev_可交接本地团队(1)/PRSE-OS_完整开发包_v0.3-dev/13_ARCHIVE/v0.2/expanded/PRSE-AI-Native-SpecKit_v0.2/01_ai_native_spec_protocol/spec-node.schema.json,2217,1614ef9588438f3dacc751fdac9f034ccd030c14eb3457556b8c04e9e41ce9b8,extracted_source,研究/设计方法、质量 Gate、演化与移交,application/json
full_archive/extracted_sources/PRSE-OS_完整开发包_v0.3-dev_可交接本地团队(1)/PRSE-OS_完整开发包_v0.3-dev/13_ARCHIVE/v0.2/expanded/PRSE-AI-Native-SpecKit_v0.2/02_method_runtime/default_workflow.yaml,892,d6251052b3db4be9a3429aed9f2ab3b254f6b4ee62d82b5531525bd28d1b0242,extracted_source,研究/设计方法、质量 Gate、演化与移交,application/yaml
full_archive/extracted_sources/PRSE-OS_完整开发包_v0.3-dev_可交接本地团队(1)/PRSE-OS_完整开发包_v0.3-dev/13_ARCHIVE/v0.2/expanded/PRSE-AI-Native-SpecKit_v0.2/02_method_runtime/runtime.contract.yaml,1068,0449a44ccf81de4d053c2c5573d095f74d50c2c0ce03c83e526eac840ecc2528,extracted_source,研究/设计方法、质量 Gate、演化与移交,application/yaml
full_archive/extracted_sources/PRSE-OS_完整开发包_v0.3-dev_可交接本地团队(1)/PRSE-OS_完整开发包_v0.3-dev/13_ARCHIVE/v0.2/expanded/PRSE-AI-Native-SpecKit_v0.2/02_method_runtime/skills_and_processes.md,1053,dc7dcb47d2d8f688597546e2d4a1e03eb8b57ad94a962f20894babe1bceae93c,extracted_source,研究/设计方法、质量 Gate、演化与移交,text/markdown
full_archive/extracted_sources/PRSE-OS_完整开发包_v0.3-dev_可交接本地团队(1)/PRSE-OS_完整开发包_v0.3-dev/13_ARCHIVE/v0.2/expanded/PRSE-AI-Native-SpecKit_v0.2/03_harness_adapter/ADAPTER_GUIDE.md,1964,45c841d83a473cdcf4189a26ef040bc2a668d2ba3bac1b310e582405afb753ad,extracted_source,研究/设计方法、质量 Gate、演化与移交,text/markdown
full_archive/extracted_sources/PRSE-OS_完整开发包_v0.3-dev_可交接本地团队(1)/PRSE-OS_完整开发包_v0.3-dev/13_ARCHIVE/v0.2/expanded/PRSE-AI-Native-SpecKit_v0.2/03_harness_adapter/adapter.contract.schema.json,1574,f4ad3e13a8bbf6e5589130c2bb4c433ca7d06ffb9bed25ba63d48018c8487c32,extracted_source,研究/设计方法、质量 Gate、演化与移交,application/json
full_archive/extracted_sources/PRSE-OS_完整开发包_v0.3-dev_可交接本地团队(1)/PRSE-OS_完整开发包_v0.3-dev/13_ARCHIVE/v0.2/expanded/PRSE-AI-Native-SpecKit_v0.2/03_harness_adapter/import_checklist.md,521,1b9d70793f5a094e5ed9143227bef450528fc0aee3f46ad8e16b7aa2bdd1aced,extracted_source,研究/设计方法、质量 Gate、演化与移交,text/markdown
full_archive/extracted_sources/PRSE-OS_完整开发包_v0.3-dev_可交接本地团队(1)/PRSE-OS_完整开发包_v0.3-dev/13_ARCHIVE/v0.2/expanded/PRSE-AI-Native-SpecKit_v0.2/03_harness_adapter/local-harness.mapping.example.yaml,622,505512ecf268f5fa0415f366d51304412369fbd3d1bbd09b550b568a7d242950,extracted_source,研究/设计方法、质量 Gate、演化与移交,application/yaml
full_archive/extracted_sources/PRSE-OS_完整开发包_v0.3-dev_可交接本地团队(1)/PRSE-OS_完整开发包_v0.3-dev/13_ARCHIVE/v0.2/expanded/PRSE-AI-Native-SpecKit_v0.2/04_observability/method-event.schema.json,1628,7f887ac2c403bb41e71a0eb32f25e5644cd7a0a1117a164013b5e675f9a0cc72,extracted_source,研究/设计方法、质量 Gate、演化与移交,application/json
full_archive/extracted_sources/PRSE-OS_完整开发包_v0.3-dev_可交接本地团队(1)/PRSE-OS_完整开发包_v0.3-dev/13_ARCHIVE/v0.2/expanded/PRSE-AI-Native-SpecKit_v0.2/04_observability/metrics.yaml,741,f1a06a1020200601d366489580ab7611226edf940d128c04935dae849b04ddad,extracted_source,研究/设计方法、质量 Gate、演化与移交,application/yaml
full_archive/extracted_sources/PRSE-OS_完整开发包_v0.3-dev_可交接本地团队(1)/PRSE-OS_完整开发包_v0.3-dev/13_ARCHIVE/v0.2/expanded/PRSE-AI-Native-SpecKit_v0.2/04_observability/observability_model.md,749,19610d40739a2182c6ab9e5e1b4f710d6503c156e4230fa6e5aafb0031bdd3af,extracted_source,研究/设计方法、质量 Gate、演化与移交,text/markdown
full_archive/extracted_sources/PRSE-OS_完整开发包_v0.3-dev_可交接本地团队(1)/PRSE-OS_完整开发包_v0.3-dev/13_ARCHIVE/v0.2/expanded/PRSE-AI-Native-SpecKit_v0.2/05_conformance/blind_consumer_test.md,815,3abe79c65ef5da107d29792cacc5e4e7b4be4f7f4aac659c1b2e18e12ef58cea,extracted_source,研究/设计方法、质量 Gate、演化与移交,text/markdown
full_archive/extracted_sources/PRSE-OS_完整开发包_v0.3-dev_可交接本地团队(1)/PRSE-OS_完整开发包_v0.3-dev/13_ARCHIVE/v0.2/expanded/PRSE-AI-Native-SpecKit_v0.2/05_conformance/conformance.profile.yaml,830,a5bb57a88a5723af036d4fb0c598967834067eac303f119817b5162ed2eadff7,extracted_source,研究/设计方法、质量 Gate、演化与移交,application/yaml
full_archive/extracted_sources/PRSE-OS_完整开发包_v0.3-dev_可交接本地团队(1)/PRSE-OS_完整开发包_v0.3-dev/13_ARCHIVE/v0.2/expanded/PRSE-AI-Native-SpecKit_v0.2/05_conformance/smoke_tests.yaml,867,82867c0e9294e57bcd161053923221a49ffb929537906e1d12b1fb956b4ae305,extracted_source,研究/设计方法、质量 Gate、演化与移交,application/yaml
full_archive/extracted_sources/PRSE-OS_完整开发包_v0.3-dev_可交接本地团队(1)/PRSE-OS_完整开发包_v0.3-dev/13_ARCHIVE/v0.2/expanded/PRSE-AI-Native-SpecKit_v0.2/06_projects/summon/constitution/spec_nodes.yaml,2072,16353884c4e5cc7d8b7592cc1585d5880ded4c54d9fc8069a00d8cf5ec742c73,extracted_source,研究/设计方法、质量 Gate、演化与移交,application/yaml
full_archive/extracted_sources/PRSE-OS_完整开发包_v0.3-dev_可交接本地团队(1)/PRSE-OS_完整开发包_v0.3-dev/13_ARCHIVE/v0.2/expanded/PRSE-AI-Native-SpecKit_v0.2/06_projects/summon/loops/core_loops.yaml,1689,3998ebbda8b8277fa90a961f22f70c7198695d63ace4c9448712fb09c5837a8b,extracted_source,研究/设计方法、质量 Gate、演化与移交,application/yaml
full_archive/extracted_sources/PRSE-OS_完整开发包_v0.3-dev_可交接本地团队(1)/PRSE-OS_完整开发包_v0.3-dev/13_ARCHIVE/v0.2/expanded/PRSE-AI-Native-SpecKit_v0.2/06_projects/summon/negative/forbidden_interpretations.yaml,793,ec849f8b052be14a1d1f96d27ae903a924dcf31e70390b2265d79231f6534d48,extracted_source,研究/设计方法、质量 Gate、演化与移交,application/yaml
full_archive/extracted_sources/PRSE-OS_完整开发包_v0.3-dev_可交接本地团队(1)/PRSE-OS_完整开发包_v0.3-dev/13_ARCHIVE/v0.2/expanded/PRSE-AI-Native-SpecKit_v0.2/06_projects/summon/ontology/core_objects.yaml,1765,c31708b7ae4320722e348d48c4dcb132c90d2a13560128fdbf0dc9f9ed3f8230,extracted_source,研究/设计方法、质量 Gate、演化与移交,application/yaml
full_archive/extracted_sources/PRSE-OS_完整开发包_v0.3-dev_可交接本地团队(1)/PRSE-OS_完整开发包_v0.3-dev/13_ARCHIVE/v0.2/expanded/PRSE-AI-Native-SpecKit_v0.2/06_projects/summon/project.manifest.yaml,662,2acf22570e3b150fd156e3414e7b2977d44308c3b545a9cac0dbd8ff077dbf40,extracted_source,研究/设计方法、质量 Gate、演化与移交,application/yaml
full_archive/extracted_sources/PRSE-OS_完整开发包_v0.3-dev_可交接本地团队(1)/PRSE-OS_完整开发包_v0.3-dev/13_ARCHIVE/v0.2/expanded/PRSE-AI-Native-SpecKit_v0.2/06_projects/summon/tests/conformance_cases.yaml,1158,b4eeb60e6784423fb548196f07e18803798ac9953d7e02e0b6c8eb21c20c3cc1,extracted_source,研究/设计方法、质量 Gate、演化与移交,application/yaml
full_archive/extracted_sources/PRSE-OS_完整开发包_v0.3-dev_可交接本地团队(1)/PRSE-OS_完整开发包_v0.3-dev/13_ARCHIVE/v0.2/expanded/PRSE-AI-Native-SpecKit_v0.2/06_projects/summon/views/ui_principles.yaml,1018,9721622bd279688b55c7fa75bb06d4f9798af1029d1f795f7d314f119c684850,extracted_source,研究/设计方法、质量 Gate、演化与移交,application/yaml
full_archive/extracted_sources/PRSE-OS_完整开发包_v0.3-dev_可交接本地团队(1)/PRSE-OS_完整开发包_v0.3-dev/13_ARCHIVE/v0.2/expanded/PRSE-AI-Native-SpecKit_v0.2/06_projects/summon/workflows/product_change.yaml,923,84148d3142b0bf79af9cb78d04db664dd0447ff55f657f4fb359b5d328a02f4e,extracted_source,研究/设计方法、质量 Gate、演化与移交,application/yaml
full_archive/extracted_sources/PRSE-OS_完整开发包_v0.3-dev_可交接本地团队(1)/PRSE-OS_完整开发包_v0.3-dev/13_ARCHIVE/v0.2/expanded/PRSE-AI-Native-SpecKit_v0.2/AGENT_START_HERE.md,1893,9535650797ee360fcfe2967807b91f4025191ce6472b09c151b1793ebae223f6,extracted_source,研究/设计方法、质量 Gate、演化与移交,text/markdown
full_archive/extracted_sources/PRSE-OS_完整开发包_v0.3-dev_可交接本地团队(1)/PRSE-OS_完整开发包_v0.3-dev/13_ARCHIVE/v0.2/expanded/PRSE-AI-Native-SpecKit_v0.2/MIGRATION_FROM_PRSE_V0.1.md,832,edbbcd4830bc9179887fc65ede147508c3b25d59e7c818611812a55d5925bf15,extracted_source,研究/设计方法、质量 Gate、演化与移交,text/markdown
full_archive/extracted_sources/PRSE-OS_完整开发包_v0.3-dev_可交接本地团队(1)/PRSE-OS_完整开发包_v0.3-dev/13_ARCHIVE/v0.2/expanded/PRSE-AI-Native-SpecKit_v0.2/PACKAGE_INVENTORY.json,5764,affe3b950d779cfbcc8564dbe60e155438701512f97918c1a05f0a628826ed53,extracted_source,研究/设计方法、质量 Gate、演化与移交,application/json
full_archive/extracted_sources/PRSE-OS_完整开发包_v0.3-dev_可交接本地团队(1)/PRSE-OS_完整开发包_v0.3-dev/13_ARCHIVE/v0.2/expanded/PRSE-AI-Native-SpecKit_v0.2/README.md,2160,59aa1d6bfb67841ab790551384ff2903e3e76a9f76002058a4e906a23413237b,extracted_source,研究/设计方法、质量 Gate、演化与移交,text/markdown
full_archive/extracted_sources/PRSE-OS_完整开发包_v0.3-dev_可交接本地团队(1)/PRSE-OS_完整开发包_v0.3-dev/13_ARCHIVE/v0.2/expanded/PRSE-AI-Native-SpecKit_v0.2/install_to_local.sh,426,f38556c841af087c0303a6d7fd22f74b01c96ab9ed417a7787c27f8c62f71b9b,extracted_source,研究/设计方法、质量 Gate、演化与移交,text/x-sh
full_archive/extracted_sources/PRSE-OS_完整开发包_v0.3-dev_可交接本地团队(1)/PRSE-OS_完整开发包_v0.3-dev/13_ARCHIVE/v0.2/expanded/PRSE-AI-Native-SpecKit_v0.2/package.manifest.yaml,1084,86a54844e7d004ffc016aaeaaef142bb700d1ffbcb324383a8f81d42ccf94545,extracted_source,研究/设计方法、质量 Gate、演化与移交,application/yaml
full_archive/extracted_sources/PRSE-OS_完整开发包_v0.3-dev_可交接本地团队(1)/PRSE-OS_完整开发包_v0.3-dev/13_ARCHIVE/v0.2/接入与影响说明.md,4790,50a031dc9fe2ea6e6f8e7f0b7febfde1c555a8c6552f696038153851985ddf46,extracted_source,研究/设计方法、质量 Gate、演化与移交,text/markdown
full_archive/extracted_sources/PRSE-OS_完整开发包_v0.3-dev_可交接本地团队(1)/PRSE-OS_完整开发包_v0.3-dev/14_PROJECT_TEMPLATE/README.md,127,435fadc456a5c945d25fd6006a0546483d62281485994d68f26793deec546043,extracted_source,研究/设计方法、质量 Gate、演化与移交,text/markdown
full_archive/extracted_sources/PRSE-OS_完整开发包_v0.3-dev_可交接本地团队(1)/PRSE-OS_完整开发包_v0.3-dev/14_PROJECT_TEMPLATE/constitution/spec_nodes.yaml,10,704056ab12a52a1a941fd543cb0207a1117d3fb8884a0428a7c7ccce5feb946e,extracted_source,研究/设计方法、质量 Gate、演化与移交,application/yaml
full_archive/extracted_sources/PRSE-OS_完整开发包_v0.3-dev_可交接本地团队(1)/PRSE-OS_完整开发包_v0.3-dev/14_PROJECT_TEMPLATE/context/project_core.context.yaml,261,568aefafdbdf6077ed057a56655077f3cd4fb9e0586ddc4acc7699442377d943,extracted_source,研究/设计方法、质量 Gate、演化与移交,application/yaml
full_archive/extracted_sources/PRSE-OS_完整开发包_v0.3-dev_可交接本地团队(1)/PRSE-OS_完整开发包_v0.3-dev/14_PROJECT_TEMPLATE/loops/core_loops.yaml,10,3f85ee0d0543e87e8788e039cfbdcca48124e5e98330246a797004712960d55f,extracted_source,研究/设计方法、质量 Gate、演化与移交,application/yaml
full_archive/extracted_sources/PRSE-OS_完整开发包_v0.3-dev_可交接本地团队(1)/PRSE-OS_完整开发包_v0.3-dev/14_PROJECT_TEMPLATE/ontology/core_objects.yaml,12,1c7a5b841e940c226969c64f7820eb758551c0a8b18c41d31e9922c5278c5b1d,extracted_source,研究/设计方法、质量 Gate、演化与移交,application/yaml
full_archive/extracted_sources/PRSE-OS_完整开发包_v0.3-dev_可交接本地团队(1)/PRSE-OS_完整开发包_v0.3-dev/14_PROJECT_TEMPLATE/project.manifest.yaml,313,14f6854350f29bebd21030b2cf7fda31fe7c3a069f6e324af660a1fc3ee71f9d,extracted_source,研究/设计方法、质量 Gate、演化与移交,application/yaml
full_archive/extracted_sources/PRSE-OS_完整开发包_v0.3-dev_可交接本地团队(1)/PRSE-OS_完整开发包_v0.3-dev/14_PROJECT_TEMPLATE/run.manifest.example.yaml,149,3ce514376703c991a6aba1803b2ba4549f595fc6ab8d13c930ebd5a3f0f6b1f5,extracted_source,研究/设计方法、质量 Gate、演化与移交,application/yaml
full_archive/extracted_sources/PRSE-OS_完整开发包_v0.3-dev_可交接本地团队(1)/PRSE-OS_完整开发包_v0.3-dev/14_PROJECT_TEMPLATE/tests/conformance_cases.yaml,10,67fd4cc91da7c4d6870049981fed4d367327a4bb687e73666652796d80b533b8,extracted_source,研究/设计方法、质量 Gate、演化与移交,application/yaml
full_archive/extracted_sources/PRSE-OS_完整开发包_v0.3-dev_可交接本地团队(1)/PRSE-OS_完整开发包_v0.3-dev/14_PROJECT_TEMPLATE/views/index.yaml,10,96f38c29a06a779a354059c40c74130771b33df5743d2e3c18f9ce1851a17f26,extracted_source,研究/设计方法、质量 Gate、演化与移交,application/yaml
full_archive/extracted_sources/PRSE-OS_完整开发包_v0.3-dev_可交接本地团队(1)/PRSE-OS_完整开发包_v0.3-dev/15_TOOLING/README.md,193,ef9612dc01055860cd997c5dd80919c9e533e4884a3d6e580717ff8d74e7b8e3,extracted_source,研究/设计方法、质量 Gate、演化与移交,text/markdown
full_archive/extracted_sources/PRSE-OS_完整开发包_v0.3-dev_可交接本地团队(1)/PRSE-OS_完整开发包_v0.3-dev/15_TOOLING/bootstrap_project.py,302,4eaa554d229b92da2077a6202b7843fcb741713ab626bfabd81731330feaa567,extracted_source,研究/设计方法、质量 Gate、演化与移交,text/x-python
full_archive/extracted_sources/PRSE-OS_完整开发包_v0.3-dev_可交接本地团队(1)/PRSE-OS_完整开发包_v0.3-dev/15_TOOLING/generate_inventory.py,514,a35cee98f1c8347f2f11dbed0d301ba3c7a3b65be0045819e3279b6fc4af1e77,extracted_source,研究/设计方法、质量 Gate、演化与移交,text/x-python
full_archive/extracted_sources/PRSE-OS_完整开发包_v0.3-dev_可交接本地团队(1)/PRSE-OS_完整开发包_v0.3-dev/15_TOOLING/validate_package.py,1555,c8bd8035d94873b18837982f5ca5518f5b50a9b3af39d0eb7ed7c1c8588f3067,extracted_source,研究/设计方法、质量 Gate、演化与移交,text/x-python
full_archive/extracted_sources/PRSE-OS_完整开发包_v0.3-dev_可交接本地团队(1)/PRSE-OS_完整开发包_v0.3-dev/PACKAGE_INVENTORY.json,42866,af2bcecb9d94ea6eec9224e61b26349d186996dc596cfe868d4573cee39ecdf4,extracted_source,研究/设计方法、质量 Gate、演化与移交,application/json
full_archive/extracted_sources/PRSE-OS_完整开发包_v0.3-dev_可交接本地团队(1)/PRSE-OS_完整开发包_v0.3-dev/PACKAGE_SUMMARY.json,224,10c5e18b1eb1e5b72a4c18dbff6ea49600bfc915985375abc3da8a52f63f08ae,extracted_source,研究/设计方法、质量 Gate、演化与移交,application/json
full_archive/extracted_sources/PRSE-OS_完整开发包_v0.3-dev_可交接本地团队(1)/PRSE-OS_完整开发包_v0.3-dev/RELEASE_NOTES.md,590,f882dd5a5ce442122ef908fd73f6b88308e9196993a910a0b6a41c16b1dcae75,extracted_source,研究/设计方法、质量 Gate、演化与移交,text/markdown
full_archive/extracted_sources/PRSE-OS_完整开发包_v0.3-dev_可交接本地团队(1)/PRSE-OS_完整开发包_v0.3-dev/VALIDATION_REPORT.txt,34,d7dc6ab4c8bb75b5b88737ac882b113842e4e2d3afe766d2df0345d05cd6448f,extracted_source,研究/设计方法、质量 Gate、演化与移交,text/plain
full_archive/extracted_sources/PRSE-OS_完整开发包_v0.3-dev_可交接本地团队(1)/PRSE-OS_完整开发包_v0.3-dev/package.manifest.yaml,1083,647a5eeb364c7289816b1e8a5c12399916b4517f2767fa81f66fc014ea82facc,extracted_source,研究/设计方法、质量 Gate、演化与移交,application/yaml
full_archive/extracted_sources/R5C-RETURN-001/R5C-RETURN-001/BASELINES_AND_ABLATIONS.md,2419,54656efe70b7fd1b94bc6ad5d0dfc4a51b61222845647b9e1d0961551ec8dbca,extracted_source,跨技术域形成、采纳、撤销、离线与复用证据,text/markdown
full_archive/extracted_sources/R5C-RETURN-001/R5C-RETURN-001/CAPABILITY_HOLDOUT.md,891,1af944f3d1af20562f836f13e38afee70b6ff21cc7da47a2d030a60eba05e91c,extracted_source,跨技术域形成、采纳、撤销、离线与复用证据,text/markdown
full_archive/extracted_sources/R5C-RETURN-001/R5C-RETURN-001/CLAIM_EVIDENCE_UPDATE.csv,7389,4e72915417a1dd163e43583a4bf48bf20b8bd5cf882dfb976df8d0105d11c238,extracted_source,跨技术域形成、采纳、撤销、离线与复用证据,text/csv
full_archive/extracted_sources/R5C-RETURN-001/R5C-RETURN-001/CURRENT_SYSTEM_PATCH.md,2405,b638b95098fa28c57f169fe30938c0552eae80da2373570066a2468decd2716d,extracted_source,跨技术域形成、采纳、撤销、离线与复用证据,text/markdown
full_archive/extracted_sources/R5C-RETURN-001/R5C-RETURN-001/DESIGN_METHOD_RESULT.md,3239,938949f5c145310b046381720f27aef8a36327d4ea7e73c75529f1ce3eaaa2d7,extracted_source,跨技术域形成、采纳、撤销、离线与复用证据,text/markdown
full_archive/extracted_sources/R5C-RETURN-001/R5C-RETURN-001/DISCOVERY/R5C-DISCOVERY-001/CANDIDATE_COMPARISON.md,3219,13230ff131a313b90dc18851d99e137e46785d573d99119ad260791c068bdc79,extracted_source,跨技术域形成、采纳、撤销、离线与复用证据,text/markdown
full_archive/extracted_sources/R5C-RETURN-001/R5C-RETURN-001/DISCOVERY/R5C-DISCOVERY-001/ENVIRONMENT.md,1057,dede9e9d7fe2b6ca06dc3ab5228c51cf604c690e3549d113775756f1fea965ac,extracted_source,跨技术域形成、采纳、撤销、离线与复用证据,text/markdown
full_archive/extracted_sources/R5C-RETURN-001/R5C-RETURN-001/DISCOVERY/R5C-DISCOVERY-001/TASK_CANDIDATE.md,3424,beb80c87d59c3a9b3dcdf7ee010096507e31f51ce5fb03698e9fd6b2547d0901,extracted_source,跨技术域形成、采纳、撤销、离线与复用证据,text/markdown
full_archive/extracted_sources/R5C-RETURN-001/R5C-RETURN-001/ECONOMIC_AND_ATTENTION_ACCOUNTING.md,2167,0a1c685d39021caa032d312aab3edb440d30d58e79ffae47eda8420cad90b763,extracted_source,跨技术域形成、采纳、撤销、离线与复用证据,text/markdown
full_archive/extracted_sources/R5C-RETURN-001/R5C-RETURN-001/FORMATION_EPISODES/R5C-EP-001/ALLBUDDY_IMPLEMENTATION_02.md,2668,add37adb370d5e5f0e941dad7b47dc09eed0fd041698e9786d7eab69fc3d3f54,extracted_source,跨技术域形成、采纳、撤销、离线与复用证据,text/markdown
full_archive/extracted_sources/R5C-RETURN-001/R5C-RETURN-001/FORMATION_EPISODES/R5C-EP-001/ALLBUDDY_IMPLEMENTATION_03.md,5190,179287d9799cfa5a721f1b0f315e5d51dc69ad874b6fc8431643cf7f533c339e,extracted_source,跨技术域形成、采纳、撤销、离线与复用证据,text/markdown
full_archive/extracted_sources/R5C-RETURN-001/R5C-RETURN-001/FORMATION_EPISODES/R5C-EP-001/BASELINE_CENTRAL_RESULT.md,1387,e0a74486196cd0f0815dc9e80f7a2c608ea8939a2166ed6a2038ba3c452f4b03,extracted_source,跨技术域形成、采纳、撤销、离线与复用证据,text/markdown
full_archive/extracted_sources/R5C-RETURN-001/R5C-RETURN-001/FORMATION_EPISODES/R5C-EP-001/BASELINE_STATIC_RESULT.md,1855,cd05d9f08ae8ae94d288fca2dbf3b619c6c87a718a3f0a3e7cee5cee180d2efe,extracted_source,跨技术域形成、采纳、撤销、离线与复用证据,text/markdown
full_archive/extracted_sources/R5C-RETURN-001/R5C-RETURN-001/FORMATION_EPISODES/R5C-EP-001/CAPABILITY_CLAIM_FROZEN_BEFORE_HOLDOUT.md,2876,7cd894136cfee42e4df393f84b6a0f692b09a4c641d347a5793833160453d51d,extracted_source,跨技术域形成、采纳、撤销、离线与复用证据,text/markdown
full_archive/extracted_sources/R5C-RETURN-001/R5C-RETURN-001/FORMATION_EPISODES/R5C-EP-001/COMPARISON_AND_ABLATION_PLAN.md,2179,da746a205b777f5c82262fa6683af11fcd6bbe9b298c6d16492f1beda9b1e125,extracted_source,跨技术域形成、采纳、撤销、离线与复用证据,text/markdown
full_archive/extracted_sources/R5C-RETURN-001/R5C-RETURN-001/FORMATION_EPISODES/R5C-EP-001/EPISODE.json,2962,860d028e4506ae32e0462882e29e3cd820199565d0c0672d9fbad1e8cbcbdfbe,extracted_source,跨技术域形成、采纳、撤销、离线与复用证据,application/json
full_archive/extracted_sources/R5C-RETURN-001/R5C-RETURN-001/FORMATION_EPISODES/R5C-EP-001/FORMATION_ORACLE.md,2134,b3f850ccb20b891b1da9653ae4f06953df2b1ff8f705ad1df8d0e70ebbf48c1d,extracted_source,跨技术域形成、采纳、撤销、离线与复用证据,text/markdown
full_archive/extracted_sources/R5C-RETURN-001/R5C-RETURN-001/FORMATION_EPISODES/R5C-EP-001/GIT_AND_VERIFICATION_FINAL.md,1925,93a6ac010564a3069ba5d2fbf376a6ed6bf391894b4e291a71607ece5a17bdce,extracted_source,跨技术域形成、采纳、撤销、离线与复用证据,text/markdown
full_archive/extracted_sources/R5C-RETURN-001/R5C-RETURN-001/FORMATION_EPISODES/R5C-EP-001/HOLDOUT_RESULT.md,1606,8315afb9d2b1c51a95a9d970f0d3ff4147e9aa2a218d7ea528da48f15f988174,extracted_source,跨技术域形成、采纳、撤销、离线与复用证据,text/markdown
full_archive/extracted_sources/R5C-RETURN-001/R5C-RETURN-001/FORMATION_EPISODES/R5C-EP-001/LIVE_CROSS_REPO_EPISODE.md,6260,459bd6b98fb45ec88fe98bc39a68137e330f5130a1f66a3152a7427715efc50b,extracted_source,跨技术域形成、采纳、撤销、离线与复用证据,text/markdown
full_archive/extracted_sources/R5C-RETURN-001/R5C-RETURN-001/FORMATION_EPISODES/R5C-EP-001/OPEN_REREVIEW_01.md,2231,9f4037b5e39af0742d0634e257b1189e1e6cdf97125be1f71ac5c7f29a998c47,extracted_source,跨技术域形成、采纳、撤销、离线与复用证据,text/markdown
full_archive/extracted_sources/R5C-RETURN-001/R5C-RETURN-001/FORMATION_EPISODES/R5C-EP-001/OPEN_REREVIEW_02.md,2027,cc3f66f55b9c3cb62de9f5c09c38a0264660a20a78b0758da75373a9edca21b0,extracted_source,跨技术域形成、采纳、撤销、离线与复用证据,text/markdown
full_archive/extracted_sources/R5C-RETURN-001/R5C-RETURN-001/FORMATION_EPISODES/R5C-EP-001/OPEN_REREVIEW_03.md,2605,22d2face109185b3dc29174cab29423d8ce12894defb3e90c260ac241bfc045c,extracted_source,跨技术域形成、采纳、撤销、离线与复用证据,text/markdown
full_archive/extracted_sources/R5C-RETURN-001/R5C-RETURN-001/FORMATION_EPISODES/R5C-EP-001/OPEN_REREVIEW_04.md,1869,3febcdcae822525d8513e7f00534e0445a815970a0531e5085b72d7ab346bcb9,extracted_source,跨技术域形成、采纳、撤销、离线与复用证据,text/markdown
full_archive/extracted_sources/R5C-RETURN-001/R5C-RETURN-001/FORMATION_EPISODES/R5C-EP-001/OPEN_REREVIEW_05.md,1546,16757076d0aa808a732b7eedd56d913bf22a84a37d19a9b56190f2df5b5f2009,extracted_source,跨技术域形成、采纳、撤销、离线与复用证据,text/markdown
full_archive/extracted_sources/R5C-RETURN-001/R5C-RETURN-001/FORMATION_EPISODES/R5C-EP-001/PRESTATE.md,2935,12e2f59333e34308de0fcfdf03d54b291da5007d5eeb2f7ecb0d1543614f833c,extracted_source,跨技术域形成、采纳、撤销、离线与复用证据,text/markdown
full_archive/extracted_sources/R5C-RETURN-001/R5C-RETURN-001/FORMATION_EPISODES/R5C-EP-001/PROMPTS.md,972,2cced1be93840345d9082bff271dbcf2fd2154325a831c29d24edd79567c3609,extracted_source,跨技术域形成、采纳、撤销、离线与复用证据,text/markdown
full_archive/extracted_sources/R5C-RETURN-001/R5C-RETURN-001/FORMATION_EPISODES/R5C-EP-001/ROUND_01_ALLBUDDY.md,2821,eebc8fbffd4542296b8a1a8d096b15f40fa9b97b38c83a66db6fa1ed728cf9d0,extracted_source,跨技术域形成、采纳、撤销、离线与复用证据,text/markdown
full_archive/extracted_sources/R5C-RETURN-001/R5C-RETURN-001/FORMATION_EPISODES/R5C-EP-001/ROUND_01_WORLD.md,3919,29be3a40dc2a47223e67a155e6c2dcb1f375b6063f7d59b39e1c32d80206db2d,extracted_source,跨技术域形成、采纳、撤销、离线与复用证据,text/markdown
full_archive/extracted_sources/R5C-RETURN-001/R5C-RETURN-001/FORMATION_EPISODES/R5C-EP-001/ROUND_02_ALLBUDDY.md,2264,acf8606967f958535c0f608b567c54020d6903ab734881f22d93b5101978acb5,extracted_source,跨技术域形成、采纳、撤销、离线与复用证据,text/markdown
full_archive/extracted_sources/R5C-RETURN-001/R5C-RETURN-001/FORMATION_EPISODES/R5C-EP-001/ROUND_02_WORLD.md,1452,af7efdd8cc79778102cad748f1f0b44a6f183a59d9a1a37ed06513c1cfc3ebef,extracted_source,跨技术域形成、采纳、撤销、离线与复用证据,text/markdown
full_archive/extracted_sources/R5C-RETURN-001/R5C-RETURN-001/FORMATION_EPISODES/R5C-EP-001/ROUND_03_ALIGNMENT.md,1913,fda49ebc0d755c9f55e9cca7b054875653c7ccbdd575a001b32090681aadfea1,extracted_source,跨技术域形成、采纳、撤销、离线与复用证据,text/markdown
full_archive/extracted_sources/R5C-RETURN-001/R5C-RETURN-001/FORMATION_EPISODES/R5C-EP-001/ROUND_05_RECOVERY_ALIGNMENT.md,1352,6a9bb3dd2feef6fd3de8eddaa7c2389cc6bbd1b0edc49d1e469c5abd0d0ff58c,extracted_source,跨技术域形成、采纳、撤销、离线与复用证据,text/markdown
full_archive/extracted_sources/R5C-RETURN-001/R5C-RETURN-001/FORMATION_EPISODES/R5C-EP-001/WORLD_OPEN_REREVIEW_03.md,1072,cf6568520b81249895c45156421868efbaf5baf066da5722f9fe841852bef0bb,extracted_source,跨技术域形成、采纳、撤销、离线与复用证据,text/markdown
full_archive/extracted_sources/R5C-RETURN-001/R5C-RETURN-001/FORMATION_EPISODES/R5C-EP-001/WORLD_OPEN_REREVIEW_04.md,1359,2e18e92a2970cd1c932ecc7c36364cdbe836aeee905521d22140ff3cd0e04ace,extracted_source,跨技术域形成、采纳、撤销、离线与复用证据,text/markdown
full_archive/extracted_sources/R5C-RETURN-001/R5C-RETURN-001/FORMATION_EPISODES/R5C-EP-001/WORLD_OPEN_REREVIEW_05.md,992,f24d93378d8a1ed670c32989e135ac558e30407851be9a0aeeaee92d0e51d61f,extracted_source,跨技术域形成、采纳、撤销、离线与复用证据,text/markdown
full_archive/extracted_sources/R5C-RETURN-001/R5C-RETURN-001/FORMATION_EPISODES/R5C-EP-001/WORLD_OPEN_REREVIEW_06.md,891,808f2473b7fbd203ec0ea097179c75fae6680b206b90e97578bfd972992d2f36,extracted_source,跨技术域形成、采纳、撤销、离线与复用证据,text/markdown
full_archive/extracted_sources/R5C-RETURN-001/R5C-RETURN-001/FORMATION_EPISODES/R5C-EP-001/WORLD_OPEN_REREVIEW_07_FINAL.md,1464,b27a9319aa7672f89b432e3d64fce0799a96aecd8bf839027c85b6831c3a49e4,extracted_source,跨技术域形成、采纳、撤销、离线与复用证据,text/markdown
full_archive/extracted_sources/R5C-RETURN-001/R5C-RETURN-001/FORMATION_EPISODES/R5C-EP-001/WORLD_PLAN_REVIEW_01.md,2266,ba8295992fd6f3b00da2d9cb9d4aefc96b2b0639104f319b88d17edc444e0c4c,extracted_source,跨技术域形成、采纳、撤销、离线与复用证据,text/markdown
full_archive/extracted_sources/R5C-RETURN-001/R5C-RETURN-001/FORMATION_EPISODES/R5C-EP-001/WORLD_PLAN_REVIEW_02.md,1770,79539a6bd2d72387a6ceca367f831b810117a31fff779c1a6221e049f64a436b,extracted_source,跨技术域形成、采纳、撤销、离线与复用证据,text/markdown
full_archive/extracted_sources/R5C-RETURN-001/R5C-RETURN-001/FORMATION_EPISODES/R5C-EP-001/allbuddy_e2e_redacted_readback.json,588,a82c411c7cf69b57eba855d82c2dcd89d8e032df2135d96688706d5ec0b779c2,extracted_source,跨技术域形成、采纳、撤销、离线与复用证据,application/json
full_archive/extracted_sources/R5C-RETURN-001/R5C-RETURN-001/FORMATION_EPISODES/R5C-EP-001/allbuddy_v3_e2e_redacted_readback.json,750,5f4224a1043d4c1d21f099cd0ada142c8b0c014cb27f1add89f8f2db78f31474,extracted_source,跨技术域形成、采纳、撤销、离线与复用证据,application/json
full_archive/extracted_sources/R5C-RETURN-001/R5C-RETURN-001/FORMATION_EPISODES/R5C-EP-001/allbuddy_v4_e2e_redacted_readback.json,1262,c8e821da3b3b96f20d000f5805b2147f351dc05963bcd113ef6b252d2d1fe7a3,extracted_source,跨技术域形成、采纳、撤销、离线与复用证据,application/json
full_archive/extracted_sources/R5C-RETURN-001/R5C-RETURN-001/FORMATION_EPISODES/R5C-EP-001/allbuddy_v5_cancel_race_redacted.json,1327,20f658077d5d41ef1cb0ca40ec900e9717ebbfe2c6021152cc87c0b103e419fa,extracted_source,跨技术域形成、采纳、撤销、离线与复用证据,application/json
full_archive/extracted_sources/R5C-RETURN-001/R5C-RETURN-001/FORMATION_EPISODES/README.md,2123,43e7bf31d3500210842c95bb8a35a4fffb861c7b2443a75d05b91566305d17b9,extracted_source,跨技术域形成、采纳、撤销、离线与复用证据,text/markdown
full_archive/extracted_sources/R5C-RETURN-001/R5C-RETURN-001/HUMAN_RECOGNITION_AND_VALUE.md,915,64f7a7c74327766165d6367faf65f59bfc66a54d88d768e471cd8af5c4907b28,extracted_source,跨技术域形成、采纳、撤销、离线与复用证据,text/markdown
full_archive/extracted_sources/R5C-RETURN-001/R5C-RETURN-001/INPUTS/00_README_START_HERE.md,2444,059973f58be8735daff8b0f2b527a75f916550f9162c6f8b0a4a97f58990a1b5,extracted_source,跨技术域形成、采纳、撤销、离线与复用证据,text/markdown
full_archive/extracted_sources/R5C-RETURN-001/R5C-RETURN-001/INPUTS/01_CURRENT_SYSTEM_v0.7.2.md,5797,1e62ea94fa0a752e253964d95e7f3ba41eb2c7347764623cf9849c358da4ce7a,extracted_source,跨技术域形成、采纳、撤销、离线与复用证据,text/markdown
full_archive/extracted_sources/R5C-RETURN-001/R5C-RETURN-001/INPUTS/02_DYNAMIC_RESEARCH_MAP.md,3149,e1e2883a5c98fff4fb2b91dbe291de234e4341463c383c68073d028312a27647,extracted_source,跨技术域形成、采纳、撤销、离线与复用证据,text/markdown
full_archive/extracted_sources/R5C-RETURN-001/R5C-RETURN-001/INPUTS/03_DESIGN_DECISION_MAP.csv,1376,f906f49de60e42cee04d12206c12ad0ea204f47b4e286455991b09adf49e2df8,extracted_source,跨技术域形成、采纳、撤销、离线与复用证据,text/csv
full_archive/extracted_sources/R5C-RETURN-001/R5C-RETURN-001/INPUTS/03_DESIGN_GAP_DECISION_MAP.md,2696,1f01c9e62668b528bcc565ac56dc1347434d3e32681a585751b86b491c6d120f,extracted_source,跨技术域形成、采纳、撤销、离线与复用证据,text/markdown
full_archive/extracted_sources/R5C-RETURN-001/R5C-RETURN-001/INPUTS/04_FLAGSHIP_CONSTRUCTIVE_RESEARCH_CHARTER.md,3994,6b57460de56446c88337424dcef7ddf3c92cfacc1cc25de64414fd7bba153a98,extracted_source,跨技术域形成、采纳、撤销、离线与复用证据,text/markdown
full_archive/extracted_sources/R5C-RETURN-001/R5C-RETURN-001/INPUTS/05_LOCAL_RESEARCH_MISSION.md,2208,e16be9990f1cb806cadeee1c04cd6f069a92199c4825d04b6420388eeb0018e8,extracted_source,跨技术域形成、采纳、撤销、离线与复用证据,text/markdown
full_archive/extracted_sources/R5C-RETURN-001/R5C-RETURN-001/INPUTS/06_EXECUTION_AND_SAFETY_CHARTER.md,1685,7f112928695a248e5b6100b62d10fdb15635d2a01a9ddc51879ea766e50afae4,extracted_source,跨技术域形成、采纳、撤销、离线与复用证据,text/markdown
full_archive/extracted_sources/R5C-RETURN-001/R5C-RETURN-001/INPUTS/07_EVIDENCE_AND_CAUSALITY_CONTRACT.md,2915,765630906897d4748dec197b84af5a604778b381b9f89b9af1d1a59399cd3076,extracted_source,跨技术域形成、采纳、撤销、离线与复用证据,text/markdown
full_archive/extracted_sources/R5C-RETURN-001/R5C-RETURN-001/INPUTS/08_RESEARCH_DECISION_RULES.md,2864,58e3f3b0388155965f33ce6d9ad397479910925ee99e80d87a112a5c8b8182ba,extracted_source,跨技术域形成、采纳、撤销、离线与复用证据,text/markdown
full_archive/extracted_sources/R5C-RETURN-001/R5C-RETURN-001/INPUTS/09_RETURN_PACKET_TEMPLATE.md,2744,15ad89083be9a9b1bd5687750b3f69666a5cd5391268d618f7d0476f33064820,extracted_source,跨技术域形成、采纳、撤销、离线与复用证据,text/markdown
full_archive/extracted_sources/R5C-RETURN-001/R5C-RETURN-001/INPUTS/10_CODEX_BOOTSTRAP_PROMPT.md,5788,e03bacade3ffb6a41efa7df8c70fd02577a769a9b676b8dde89f77df03ec1998,extracted_source,跨技术域形成、采纳、撤销、离线与复用证据,text/markdown
full_archive/extracted_sources/R5C-RETURN-001/R5C-RETURN-001/INPUTS/11_TASK_SELECTION_SCORECARD.md,1792,b566692a63a78571533e7026d222fe591c0feab753eda98e2b1a22e2e479ae7c,extracted_source,跨技术域形成、采纳、撤销、离线与复用证据,text/markdown
full_archive/extracted_sources/R5C-RETURN-001/R5C-RETURN-001/INPUTS/12_RESEARCH_REFERENCES.md,1287,75e19c2000a2ee87d8d9cfb27ff25e14ba24e70eda04289533dfe9df94318dd8,extracted_source,跨技术域形成、采纳、撤销、离线与复用证据,text/markdown
full_archive/extracted_sources/R5C-RETURN-001/R5C-RETURN-001/INPUTS/CLAIM_EVIDENCE_BASELINE.csv,823,63f4ef50d98e29691c0adf6d9c87498640f8b698b38c5c96c234f1aea9196328,extracted_source,跨技术域形成、采纳、撤销、离线与复用证据,text/csv
full_archive/extracted_sources/R5C-RETURN-001/R5C-RETURN-001/INPUTS/R5_4_NEGATIVE_CONTROL_SUMMARY.md,1166,f5f38234facc8cf502d919d1af84bbe12ed2d8630bf0ae2c48248aea0ed3be1b,extracted_source,跨技术域形成、采纳、撤销、离线与复用证据,text/markdown
full_archive/extracted_sources/R5C-RETURN-001/R5C-RETURN-001/INPUTS/baseline/CLAIM_EVIDENCE_BASELINE.csv,823,63f4ef50d98e29691c0adf6d9c87498640f8b698b38c5c96c234f1aea9196328,extracted_source,跨技术域形成、采纳、撤销、离线与复用证据,text/csv
full_archive/extracted_sources/R5C-RETURN-001/R5C-RETURN-001/INPUTS/baseline/R5_4_NEGATIVE_CONTROL_SUMMARY.md,1166,f5f38234facc8cf502d919d1af84bbe12ed2d8630bf0ae2c48248aea0ed3be1b,extracted_source,跨技术域形成、采纳、撤销、离线与复用证据,text/markdown
full_archive/extracted_sources/R5C-RETURN-001/R5C-RETURN-001/INPUTS/baseline/towow-a2a-r5-4-return-packet.tar.gz,233062,e2625a656b98a0f6f8abb26f458a2f522f1087b56a2d4094933938eb014a3477,extracted_source,真实模型协商负对照与成本分析,application/x-tar
full_archive/extracted_sources/R5C-RETURN-001/R5C-RETURN-001/INPUTS/schemas/formation_episode.schema.json,4002,102fd1bde6686d42662a76207f8a5fb3091722b4fe4affa55206ed2c023961ac,extracted_source,跨技术域形成、采纳、撤销、离线与复用证据,application/json
full_archive/extracted_sources/R5C-RETURN-001/R5C-RETURN-001/INPUTS/schemas/return_manifest.schema.json,1633,069dbba68d2cbab21703ea030a55bf88ae5df27aa11c469abddebe8438ac5a5a,extracted_source,跨技术域形成、采纳、撤销、离线与复用证据,application/json
full_archive/extracted_sources/R5C-RETURN-001/R5C-RETURN-001/INPUTS/templates/DECISION_LOG.md,257,0089a27fa64361159a84915507f7cf3f00b5f3f125ee331b664d4b090b4580b8,extracted_source,跨技术域形成、采纳、撤销、离线与复用证据,text/markdown
full_archive/extracted_sources/R5C-RETURN-001/R5C-RETURN-001/INPUTS/templates/DESIGN_DELTA.md,367,3ec2082279267e3d2fc81d36ff369c86d1849ad73a7b5a0f87594d36ea4510af,extracted_source,跨技术域形成、采纳、撤销、离线与复用证据,text/markdown
full_archive/extracted_sources/R5C-RETURN-001/R5C-RETURN-001/INPUTS/templates/EPISODE_CARD.md,1563,66155f7d6f958cc2a23fd42ce17c582ec57f604cb5a04df2c63b189a3095e571,extracted_source,跨技术域形成、采纳、撤销、离线与复用证据,text/markdown
full_archive/extracted_sources/R5C-RETURN-001/R5C-RETURN-001/INPUTS/templates/RESEARCH_STATE.yaml,496,03871e3e409f9fdbd392066fcaed770ee655b68c3bc2ac89e132adf0fe1ec1dd,extracted_source,跨技术域形成、采纳、撤销、离线与复用证据,application/yaml
full_archive/extracted_sources/R5C-RETURN-001/R5C-RETURN-001/INPUTS/templates/TASK_CANDIDATE.md,531,aafa1a13ef2867d35f0682aff83bd218028503154699ee47c69d5f309b80684c,extracted_source,跨技术域形成、采纳、撤销、离线与复用证据,text/markdown
full_archive/extracted_sources/R5C-RETURN-001/R5C-RETURN-001/INPUTS/tools/verify_task_packet.py,691,95b3f5132d1a8e6a24f27117314824590205971cc942cd770de112e2e8ca953a,extracted_source,跨技术域形成、采纳、撤销、离线与复用证据,text/x-python
full_archive/extracted_sources/R5C-RETURN-001/R5C-RETURN-001/MANIFEST.sha256,9812,07353c884c9088fda94b9ee274fbb908257b7358529e4b7f81ac5c4c3d031c30,extracted_source,跨技术域形成、采纳、撤销、离线与复用证据,application/octet-stream
full_archive/extracted_sources/R5C-RETURN-001/R5C-RETURN-001/PACKET_README.md,1794,8c6971a8599e5cd7f2f1e13b35e3ab9fcdf9decbcbd834cd0e6de49eae777064,extracted_source,跨技术域形成、采纳、撤销、离线与复用证据,text/markdown
full_archive/extracted_sources/R5C-RETURN-001/R5C-RETURN-001/RAW_EVIDENCE/COMMAND_EXIT_STATUS.md,1769,6d4fd92d0d47ce604c9572c6ddee939a1c01afa485b9ba5e4640c9531f781763,extracted_source,跨技术域形成、采纳、撤销、离线与复用证据,text/markdown
full_archive/extracted_sources/R5C-RETURN-001/R5C-RETURN-001/RAW_EVIDENCE/MODEL_AGENT_ENVIRONMENT.md,1958,bdecd489640d38c6b3592e238e310871536bb07e644ebc9313c22e7b2436ecac,extracted_source,跨技术域形成、采纳、撤销、离线与复用证据,text/markdown
full_archive/extracted_sources/R5C-RETURN-001/R5C-RETURN-001/RAW_EVIDENCE/PROVENANCE_LIMITATIONS.md,1901,1fba27d8dca7f03fe52fc023628977fdc959e95a039980eea7e5b7b03f7d2d4d,extracted_source,跨技术域形成、采纳、撤销、离线与复用证据,text/markdown
full_archive/extracted_sources/R5C-RETURN-001/R5C-RETURN-001/RAW_EVIDENCE/SCHEMA_AND_DEPENDENCIES.md,1395,c3507993a9a3ad46be8310ea8874cdaebfdd27475af3f122518049e872836eab,extracted_source,跨技术域形成、采纳、撤销、离线与复用证据,text/markdown
full_archive/extracted_sources/R5C-RETURN-001/R5C-RETURN-001/RETURN_MANIFEST.json,17290,30a116d2630310f94046cb5715503fbbb34a9182d6886594ba0c7157ac49523e,extracted_source,跨技术域形成、采纳、撤销、离线与复用证据,application/json
full_archive/extracted_sources/R5C-RETURN-001/R5C-RETURN-001/RETURN_SUMMARY.md,4483,004142f8275b76a91ce5d9b994395d7bf843e5e5cf1f49654e4039fe4ff019bd,extracted_source,跨技术域形成、采纳、撤销、离线与复用证据,text/markdown
full_archive/extracted_sources/R5C-RETURN-001/R5C-RETURN-001/SCHEMAS/formation_episode.schema.json,4002,102fd1bde6686d42662a76207f8a5fb3091722b4fe4affa55206ed2c023961ac,extracted_source,跨技术域形成、采纳、撤销、离线与复用证据,application/json
full_archive/extracted_sources/R5C-RETURN-001/R5C-RETURN-001/SCHEMAS/return_manifest.schema.json,1633,069dbba68d2cbab21703ea030a55bf88ae5df27aa11c469abddebe8438ac5a5a,extracted_source,跨技术域形成、采纳、撤销、离线与复用证据,application/json
full_archive/extracted_sources/R5C-RETURN-001/R5C-RETURN-001/SOURCE_PATCHES/AGENT_WORLD_393b08e_to_bfff6d0.patch,102377,60cd832cb89c1020c8bc3dcc5457023ae465a74edcc429b1eebefcb5f4ecb2f2,extracted_source,跨技术域形成、采纳、撤销、离线与复用证据,text/x-diff
full_archive/extracted_sources/R5C-RETURN-001/R5C-RETURN-001/SOURCE_PATCHES/ALLBUDDY_1a70fb5_to_6e55534.patch,100274,17bd77d96a8229ffc2bfc0ab8c3a879acdd60805340cacb6b7a1df28458b14c7,extracted_source,跨技术域形成、采纳、撤销、离线与复用证据,text/x-diff
full_archive/extracted_sources/R5C-RETURN-001/R5C-RETURN-001/SOURCE_PATCHES/GIT_PROVENANCE.md,1644,0affc9c0a47659390b840defd2998ae4b019fdf0e27fc57a4bfa50d3bd53115b,extracted_source,跨技术域形成、采纳、撤销、离线与复用证据,text/markdown
full_archive/extracted_sources/R5C-RETURN-001/R5C-RETURN-001/STATE/DECISION_LOG.md,17445,ade840e4b6944c073cf6a7850cc0895decfbd32e10a1021af4f5f50490404446,extracted_source,跨技术域形成、采纳、撤销、离线与复用证据,text/markdown
full_archive/extracted_sources/R5C-RETURN-001/R5C-RETURN-001/STATE/RESEARCH_STATE.yaml,6684,526112d19793937f0f6faf513477dc0dc44b25dfcb1f8ee7b33548c08a4798fc,extracted_source,跨技术域形成、采纳、撤销、离线与复用证据,application/yaml
full_archive/extracted_sources/R5C-RETURN-001/R5C-RETURN-001/verify_return_packet.py,13555,6b3bd8659c29ad2eacc2219a0186832f45c460644936e0d0a3f0dc070d566487,extracted_source,跨技术域形成、采纳、撤销、离线与复用证据,text/x-python
full_archive/extracted_sources/Towow_A2A_Flagship_Experiment_Chief_Research_Absorption/01_旗舰实验解释与研究判断.md,17333,dc62f5f53bf12a475c3a3470e8199d308f639f3a396fd3cbac966efe07c4244d,extracted_source,旗舰实验首席吸收、Design Delta 与现实主体转向,text/markdown
full_archive/extracted_sources/Towow_A2A_Flagship_Experiment_Chief_Research_Absorption/02_当前统一体系_旗舰实验吸收版.md,5503,ab402524b41803745e2ee0c5ab83dc5f0ae82f75faa6bf70e2af4ab218fd9d80,extracted_source,旗舰实验首席吸收、Design Delta 与现实主体转向,text/markdown
full_archive/extracted_sources/Towow_A2A_Flagship_Experiment_Chief_Research_Absorption/03_动态研究地图_现实主体转向.md,3889,37dd36cfaedb1a7e65da0ec677854e6cefb5b41792f5134680303adc4399d6f6,extracted_source,原始研究或支持材料,text/markdown
full_archive/extracted_sources/Towow_A2A_Flagship_Experiment_Chief_Research_Absorption/04_DESIGN_DELTA.md,3242,2ad62982c5d8d5acefbd16289370b1d2b50ba3dba62d3c3ba91408a440abb3e4,extracted_source,原始研究或支持材料,text/markdown
full_archive/extracted_sources/Towow_A2A_Flagship_Experiment_Chief_Research_Absorption/05_CLAIM_EVIDENCE_UPDATE_CHIEF.csv,2043,1870a27faeb912bbf188219dac696f704e2e13cefbe623a394d9508e97a5e72d,extracted_source,原始研究或支持材料,text/csv
full_archive/extracted_sources/Towow_A2A_Flagship_Experiment_Chief_Research_Absorption/06_返回包证据审计说明.md,732,e6c020704d228250f5c37108152f376d0f8d6c390634102452cf7703bd995bda,extracted_source,原始研究或支持材料,text/markdown
full_archive/extracted_sources/Towow_A2A_R5_2_Harness_Reality_Transfer_Return_Packet_v1.1/return-packet/CLAIM_EVIDENCE_UPDATE.csv,5935,9465476117aa4bce3658dfd9768d3745312dd8e5865c2bda776454cc00e7006c,extracted_source,真实 Harness 语义、能力 holdout 与独立复核,text/csv
full_archive/extracted_sources/Towow_A2A_R5_2_Harness_Reality_Transfer_Return_Packet_v1.1/return-packet/CURRENT_SYSTEM_PATCH.md,2556,37b396f539402433b0e5f2ad8f537cb44265b220d5d41e885de1b6935cde1012,extracted_source,真实 Harness 语义、能力 holdout 与独立复核,text/markdown
full_archive/extracted_sources/Towow_A2A_R5_2_Harness_Reality_Transfer_Return_Packet_v1.1/return-packet/DECISION_LOG.md,6314,7a588a29bb34f9ee190c5fd609257468acba3621929a3f2c1673b54354b2f890,extracted_source,真实 Harness 语义、能力 holdout 与独立复核,text/markdown
full_archive/extracted_sources/Towow_A2A_R5_2_Harness_Reality_Transfer_Return_Packet_v1.1/return-packet/ENVIRONMENT_FACTS.json,9014,097b5fd038f7a55ff5eebfcda53bea13c64e439d8abb05c9f5e9fa400613458e,extracted_source,真实 Harness 语义、能力 holdout 与独立复核,application/json
full_archive/extracted_sources/Towow_A2A_R5_2_Harness_Reality_Transfer_Return_Packet_v1.1/return-packet/NEXT_RESEARCH_ACTIONS.md,1215,aa197408615fdb0141a56acabc88b90975229d7d44b850bacba3a4e2909b59d7,extracted_source,真实 Harness 语义、能力 holdout 与独立复核,text/markdown
full_archive/extracted_sources/Towow_A2A_R5_2_Harness_Reality_Transfer_Return_Packet_v1.1/return-packet/RESEARCH_STATE.yaml,4720,cbf1de13d5ee342fea559fd43e2a19213b6aaa116c43e11244f8ab1ca8fde06e,extracted_source,真实 Harness 语义、能力 holdout 与独立复核,application/yaml
full_archive/extracted_sources/Towow_A2A_R5_2_Harness_Reality_Transfer_Return_Packet_v1.1/return-packet/RETURN_SUMMARY.md,3851,f5c64cb89efc570f871ea72e01cbc2b31b8cdb1d77f7be5666d06b0b9bf549dd,extracted_source,真实 Harness 语义、能力 holdout 与独立复核,text/markdown
full_archive/extracted_sources/Towow_A2A_R5_2_Harness_Reality_Transfer_Return_Packet_v1.1/return-packet/THEORY_ENGINEERING_CHANGELOG.md,1695,c320344141a7ccc1cff1bb9839009420160d1f645bd4047a04cb9c50bbf6d3ac,extracted_source,真实 Harness 语义、能力 holdout 与独立复核,text/markdown
full_archive/extracted_sources/Towow_A2A_R5_2_Harness_Reality_Transfer_Return_Packet_v1.1/return-packet/blockers/BLOCKERS.md,514,5df6088d062e89e7fdef3911db82b8092eb1e4b4afd53356d2e10f90267d3801,extracted_source,真实 Harness 语义、能力 holdout 与独立复核,text/markdown
full_archive/extracted_sources/Towow_A2A_R5_2_Harness_Reality_Transfer_Return_Packet_v1.1/return-packet/code_changes/FILE_MAP.md,591,45a3d226693daa8ce0aeeeb60371bc4067d30b359fb02fc43e857579c0dbe834,extracted_source,真实 Harness 语义、能力 holdout 与独立复核,text/markdown
full_archive/extracted_sources/Towow_A2A_R5_2_Harness_Reality_Transfer_Return_Packet_v1.1/return-packet/code_changes/ROLLBACK.md,485,86a87dea55e90eba252ec5a0a5416339348a44c42154698969764cb1be28d1b0,extracted_source,真实 Harness 语义、能力 holdout 与独立复核,text/markdown
full_archive/extracted_sources/Towow_A2A_R5_2_Harness_Reality_Transfer_Return_Packet_v1.1/return-packet/code_changes/TEST_RESULTS.md,1222,c2db72894222b2bc81247ef3c334b53462408bf5339dbeec781eccd99d4e3294,extracted_source,真实 Harness 语义、能力 holdout 与独立复核,text/markdown
full_archive/extracted_sources/Towow_A2A_R5_2_Harness_Reality_Transfer_Return_Packet_v1.1/return-packet/code_changes/source-or-patch/changes.patch,5867,94a49fbb4c6eb260d12cba8ef5d2de09fd0ec7a80b34e1ca79446c8e05ee9ea2,extracted_source,真实 Harness 语义、能力 holdout 与独立复核,text/x-diff
full_archive/extracted_sources/Towow_A2A_R5_2_Harness_Reality_Transfer_Return_Packet_v1.1/return-packet/code_changes/source-or-patch/harness/src/towow/l2/bg_worktree_poller.py,8016,7068da03eb1021748cddd44b9dff4aff50e92c115517e91780b7bfbbc1f11c89,extracted_source,真实 Harness 语义、能力 holdout 与独立复核,text/x-python
full_archive/extracted_sources/Towow_A2A_R5_2_Harness_Reality_Transfer_Return_Packet_v1.1/return-packet/code_changes/source-or-patch/harness/tests/unit/test_bg_worktree_poller.py,9853,dfee04276d01710a7236a16d87ac3e5b0ccdd3f0d61b71503d5041a67cc23816,extracted_source,真实 Harness 语义、能力 holdout 与独立复核,text/x-python
full_archive/extracted_sources/Towow_A2A_R5_2_Harness_Reality_Transfer_Return_Packet_v1.1/return-packet/experiments/r5-2-run-001-effect-reality/analysis.md,5671,4d7087c58f96a463e730dbb84cc3b5d4be817efa237dad4bbc598978e3e61171,extracted_source,真实 Harness 语义、能力 holdout 与独立复核,text/markdown
full_archive/extracted_sources/Towow_A2A_R5_2_Harness_Reality_Transfer_Return_Packet_v1.1/return-packet/experiments/r5-2-run-001-effect-reality/boundary_and_disclosure.json,691,c7c1712b6d089b8e9523d193920fd27917c81b306538a4ac2c73cd6de7d6f1f4,extracted_source,真实 Harness 语义、能力 holdout 与独立复核,application/json
full_archive/extracted_sources/Towow_A2A_R5_2_Harness_Reality_Transfer_Return_Packet_v1.1/return-packet/experiments/r5-2-run-001-effect-reality/costs.json,549,828e0377ad64db42f7a32d01ef7229b52a2ccf9cec78d2d4d381b602655d4a72,extracted_source,真实 Harness 语义、能力 holdout 与独立复核,application/json
full_archive/extracted_sources/Towow_A2A_R5_2_Harness_Reality_Transfer_Return_Packet_v1.1/return-packet/experiments/r5-2-run-001-effect-reality/human_interventions.jsonl,299,d99b8da1a6e346520d753c86c6786affd9774336e120e4bcf4538337b0885d01,extracted_source,真实 Harness 语义、能力 holdout 与独立复核,application/octet-stream
full_archive/extracted_sources/Towow_A2A_R5_2_Harness_Reality_Transfer_Return_Packet_v1.1/return-packet/experiments/r5-2-run-001-effect-reality/hypothesis.md,6438,3cc4ccda281ed82012af7949f34ebea958b4c3e32a315b7ec328be39258aacd1,extracted_source,真实 Harness 语义、能力 holdout 与独立复核,text/markdown
full_archive/extracted_sources/Towow_A2A_R5_2_Harness_Reality_Transfer_Return_Packet_v1.1/return-packet/experiments/r5-2-run-001-effect-reality/inputs/transfer_case_preregistration.json,2868,8da43b22c3a5c7a07deee3c478774d695712e3392b4575f995de8687c495c0bf,extracted_source,真实 Harness 语义、能力 holdout 与独立复核,application/json
full_archive/extracted_sources/Towow_A2A_R5_2_Harness_Reality_Transfer_Return_Packet_v1.1/return-packet/experiments/r5-2-run-001-effect-reality/outputs/scenario_matrix.csv,5261,98ea6dbc0567085d2e31aba9ef77ccf1ac7613db8a04ea7681fa2d3f25dc178b,extracted_source,真实 Harness 语义、能力 holdout 与独立复核,text/csv
full_archive/extracted_sources/Towow_A2A_R5_2_Harness_Reality_Transfer_Return_Packet_v1.1/return-packet/experiments/r5-2-run-001-effect-reality/run.json,8062,986666b1370ce618a556525d8ce1deb6a3388d53676bc794df34239709306cee,extracted_source,真实 Harness 语义、能力 holdout 与独立复核,application/json
full_archive/extracted_sources/Towow_A2A_R5_2_Harness_Reality_Transfer_Return_Packet_v1.1/return-packet/experiments/r5-2-run-001-effect-reality/traces/eventlog-regression-suite.json,935,55430f6a2451c78a0bc3c5ec6d5d07a0101c9e0b75af36839cac31d532f0ad78,extracted_source,真实 Harness 语义、能力 holdout 与独立复核,application/json
full_archive/extracted_sources/Towow_A2A_R5_2_Harness_Reality_Transfer_Return_Packet_v1.1/return-packet/experiments/r5-2-run-001-effect-reality/traces/mypy-final.json,596,4b42548802d346605deb15debfcd80d8bf444728f6d1fec5270c56fa32f8d6ca,extracted_source,真实 Harness 语义、能力 holdout 与独立复核,application/json
full_archive/extracted_sources/Towow_A2A_R5_2_Harness_Reality_Transfer_Return_Packet_v1.1/return-packet/experiments/r5-2-run-001-effect-reality/traces/poller-eventlog-readback-baseline-attempt2.json,3938,e0acb3278e6680a8bee752cd3d977f6573ca20a645357b47dcf63495a5b9de81,extracted_source,真实 Harness 语义、能力 holdout 与独立复核,application/json
full_archive/extracted_sources/Towow_A2A_R5_2_Harness_Reality_Transfer_Return_Packet_v1.1/return-packet/experiments/r5-2-run-001-effect-reality/traces/poller-eventlog-readback-baseline.json,962,369d49f8cb7c1af8fa9740e5ebb786697f9aff1328ebb53520f47951671cfa91,extracted_source,真实 Harness 语义、能力 holdout 与独立复核,application/json
full_archive/extracted_sources/Towow_A2A_R5_2_Harness_Reality_Transfer_Return_Packet_v1.1/return-packet/experiments/r5-2-run-001-effect-reality/traces/poller-eventlog-readback-fixed-target.json,886,bb23849c9d14846e59bd359fff4f6704b3ab6f39baeebabaf6267baba1bd57f3,extracted_source,真实 Harness 语义、能力 holdout 与独立复核,application/json
full_archive/extracted_sources/Towow_A2A_R5_2_Harness_Reality_Transfer_Return_Packet_v1.1/return-packet/experiments/r5-2-run-001-effect-reality/traces/poller-suite-final.json,831,0f7486372631d109148d46f3a48d5cbd943c61a26bffe00849f6ea774428ace7,extracted_source,真实 Harness 语义、能力 holdout 与独立复核,application/json
full_archive/extracted_sources/Towow_A2A_R5_2_Harness_Reality_Transfer_Return_Packet_v1.1/return-packet/experiments/r5-2-run-001-effect-reality/traces/poller-suite-fixed.json,832,85fd969c21e578891b4c0f4be42d3d23e00009e1a5bb9f58a2c6ab1d0d275a01,extracted_source,真实 Harness 语义、能力 holdout 与独立复核,application/json
full_archive/extracted_sources/Towow_A2A_R5_2_Harness_Reality_Transfer_Return_Packet_v1.1/return-packet/experiments/r5-2-run-001-effect-reality/traces/ruff-final.json,461,50566e3c07dd62254012754dee570db413499474d223ac6519edc01a47aaaf1a,extracted_source,真实 Harness 语义、能力 holdout 与独立复核,application/json
full_archive/extracted_sources/Towow_A2A_R5_2_Harness_Reality_Transfer_Return_Packet_v1.1/return-packet/experiments/r5-2-run-002-capability-holdout/analysis.md,3961,12bf20bc6fa0d7a9afc76f6cd9bd819723f55df4c2c9d6c73d2f04deec7385f9,extracted_source,真实 Harness 语义、能力 holdout 与独立复核,text/markdown
full_archive/extracted_sources/Towow_A2A_R5_2_Harness_Reality_Transfer_Return_Packet_v1.1/return-packet/experiments/r5-2-run-002-capability-holdout/boundary_and_disclosure.json,582,d070cd54b97712ccdcfe18b2d5a07fdc9d1d4565248cadf577a03f60c085c782,extracted_source,真实 Harness 语义、能力 holdout 与独立复核,application/json
full_archive/extracted_sources/Towow_A2A_R5_2_Harness_Reality_Transfer_Return_Packet_v1.1/return-packet/experiments/r5-2-run-002-capability-holdout/costs.json,426,b67b19450226dd36cae218a5c5a2f4c35ee1cf343023d9f69cbe5906e4893512,extracted_source,真实 Harness 语义、能力 holdout 与独立复核,application/json
full_archive/extracted_sources/Towow_A2A_R5_2_Harness_Reality_Transfer_Return_Packet_v1.1/return-packet/experiments/r5-2-run-002-capability-holdout/human_interventions.jsonl,358,548e69e2bda1787c05c5e0c47d1825802659a2c92d7282451299cc70f9d01d02,extracted_source,真实 Harness 语义、能力 holdout 与独立复核,application/octet-stream
full_archive/extracted_sources/Towow_A2A_R5_2_Harness_Reality_Transfer_Return_Packet_v1.1/return-packet/experiments/r5-2-run-002-capability-holdout/hypothesis.md,2863,621bb9e5575df1c4f957d049a1ae7adb6932bca2420ff950d65a8832c3769ab4,extracted_source,真实 Harness 语义、能力 holdout 与独立复核,text/markdown
full_archive/extracted_sources/Towow_A2A_R5_2_Harness_Reality_Transfer_Return_Packet_v1.1/return-packet/experiments/r5-2-run-002-capability-holdout/inputs/predictions_before.json,3794,0d3f7fd77de02bde83b46c04ae012aebbf334c49b07c700ae0aceaee43a6034e,extracted_source,真实 Harness 语义、能力 holdout 与独立复核,application/json
full_archive/extracted_sources/Towow_A2A_R5_2_Harness_Reality_Transfer_Return_Packet_v1.1/return-packet/experiments/r5-2-run-002-capability-holdout/outputs/scorecard.csv,2102,484cabaf8d2eca5281a7a9afe5beaa7abc159b1d53b1aa7b295ff96e827b7dbe,extracted_source,真实 Harness 语义、能力 holdout 与独立复核,text/csv
full_archive/extracted_sources/Towow_A2A_R5_2_Harness_Reality_Transfer_Return_Packet_v1.1/return-packet/experiments/r5-2-run-002-capability-holdout/run.json,7142,1c24567aebf82f98e187672982f996cfacfaef33692cb89daee258aca08f2f56,extracted_source,真实 Harness 语义、能力 holdout 与独立复核,application/json
full_archive/extracted_sources/Towow_A2A_R5_2_Harness_Reality_Transfer_Return_Packet_v1.1/return-packet/experiments/r5-2-run-002-capability-holdout/traces/cap-env-01-explicit-worktree-import.json,610,d8218d4928fe46f0827b9ac2ea69c33df47f25528449a2e6efa95f877316a01a,extracted_source,真实 Harness 语义、能力 holdout 与独立复核,application/json
full_archive/extracted_sources/Towow_A2A_R5_2_Harness_Reality_Transfer_Return_Packet_v1.1/return-packet/experiments/r5-2-run-002-capability-holdout/traces/cap-env-02-unqualified-shared-venv.json,536,eb0eb36d3fe6c916d2e56c3b7b7c82c3285fe92d7d6dc580e30bb42ddc4c42f9,extracted_source,真实 Harness 语义、能力 holdout 与独立复核,application/json
full_archive/extracted_sources/Towow_A2A_R5_2_Harness_Reality_Transfer_Return_Packet_v1.1/return-packet/experiments/r5-2-run-002-capability-holdout/traces/cap-test-03-fork-timeout-retry-attempt2.json,859,5b111e3ce282b9b2e73d2b59a6ba6aef5e8572ac18c8157f5f8130e7221ae71c,extracted_source,真实 Harness 语义、能力 holdout 与独立复核,application/json
full_archive/extracted_sources/Towow_A2A_R5_2_Harness_Reality_Transfer_Return_Packet_v1.1/return-packet/experiments/r5-2-run-002-capability-holdout/traces/cap-test-03-fork-timeout-retry.json,5204,709da0478c07557967aa7d0408dbd4637b5c52197111b883f3f8342d81f28a1f,extracted_source,真实 Harness 语义、能力 holdout 与独立复核,application/json
full_archive/extracted_sources/Towow_A2A_R5_2_Harness_Reality_Transfer_Return_Packet_v1.1/return-packet/experiments/r5-2-run-002-capability-holdout/traces/cap-test-04-escalation-reflow-attempt2.json,73283,1fd670abb2eab65c19c3af73e6262db8ba853464a5218d9e8fff8d074af40285,extracted_source,真实 Harness 语义、能力 holdout 与独立复核,application/json
full_archive/extracted_sources/Towow_A2A_R5_2_Harness_Reality_Transfer_Return_Packet_v1.1/return-packet/experiments/r5-2-run-002-capability-holdout/traces/cap-test-04-escalation-reflow-attempt3.json,865,98b45c6e94551cf822e7d72d341599dc070ceb3f285176b9dddcceb21e23ae63,extracted_source,真实 Harness 语义、能力 holdout 与独立复核,application/json
full_archive/extracted_sources/Towow_A2A_R5_2_Harness_Reality_Transfer_Return_Packet_v1.1/return-packet/experiments/r5-2-run-002-capability-holdout/traces/cap-test-04-escalation-reflow.json,75776,b96492bd50ea850fecf0d95d59c07a58bfcbe6939a216e06191decd710e0ea74,extracted_source,真实 Harness 语义、能力 holdout 与独立复核,application/json
full_archive/extracted_sources/Towow_A2A_R5_2_Harness_Reality_Transfer_Return_Packet_v1.1/return-packet/experiments/r5-2-run-002-capability-holdout/traces/cap-test-05-index-freshness.json,1301,20305eb8eef1a8d2b61192e3020eed3f545cb9d48d970f74fb6b7ea3f416a628,extracted_source,真实 Harness 语义、能力 holdout 与独立复核,application/json
full_archive/extracted_sources/Towow_A2A_R5_2_Harness_Reality_Transfer_Return_Packet_v1.1/return-packet/experiments/r5-2-run-002-capability-holdout/traces/cap-test-06-semantic-toctou.json,861,216bf5a318b7431324ba75f4d695f7e0d56d86468bc372833d0aab9b349bb491,extracted_source,真实 Harness 语义、能力 holdout 与独立复核,application/json
full_archive/extracted_sources/Towow_A2A_R5_2_Harness_Reality_Transfer_Return_Packet_v1.1/return-packet/failures/KNOWN_FAILURES.md,1060,56d456767b2ab78bd4f46d9ea3539c4cacaed34712f34a41a7307eaf8ee58dc3,extracted_source,真实 Harness 语义、能力 holdout 与独立复核,text/markdown
full_archive/extracted_sources/Towow_A2A_R5_2_Harness_Reality_Transfer_Return_Packet_v1.1/return-packet/failures/SCOPE_EXCLUSION.md,256,f4ff1ca1dbcc652eab71e9567c8cf38777cf0a0e6413869ec0949cac4f62e3af,extracted_source,真实 Harness 语义、能力 holdout 与独立复核,text/markdown
full_archive/extracted_sources/Towow_A2A_R5_2_Harness_Reality_Transfer_Return_Packet_v1.1/return-packet/future_replication/glm-handoff/README.md,4569,fa41d673df1083aa34338b93c8842c0b86b0d8b2f2ff77cce571f752166ef9ac,extracted_source,真实 Harness 语义、能力 holdout 与独立复核,text/markdown
full_archive/extracted_sources/Towow_A2A_R5_2_Harness_Reality_Transfer_Return_Packet_v1.1/return-packet/future_replication/glm-handoff/SOURCES.md,1977,5408c195ab59ccae2951a661866c448e2512e55baf8485a713c73a44920e5747,extracted_source,真实 Harness 语义、能力 holdout 与独立复核,text/markdown
full_archive/extracted_sources/Towow_A2A_R5_2_Harness_Reality_Transfer_Return_Packet_v1.1/return-packet/future_replication/glm-handoff/glm-options.example,372,54db494a82327f76de077d070e5104fe2b3fae8f9ee1a156cab48e92698569f4,extracted_source,真实 Harness 语义、能力 holdout 与独立复核,application/octet-stream
full_archive/extracted_sources/Towow_A2A_R5_2_Harness_Reality_Transfer_Return_Packet_v1.1/return-packet/future_replication/glm-handoff/launch-claude-glm52.sh,910,f03ca1c97891bb3f4bad32f2c4a41eb2dd94e7d6a229be223bf1bea4075e06fa,extracted_source,真实 Harness 语义、能力 holdout 与独立复核,text/x-sh
full_archive/extracted_sources/Towow_A2A_R5_2_Harness_Reality_Transfer_Return_Packet_v1.1/return-packet/future_replication/glm-handoff/smoke_chat_completion.py,1566,e77c687950da9ed5c6d3aaf83167b20269442b15c362c43ef8c9f60f978521e5,extracted_source,真实 Harness 语义、能力 holdout 与独立复核,text/x-python
full_archive/extracted_sources/Towow_A2A_R5_2_Harness_Reality_Transfer_Return_Packet_v1.1/return-packet/git/baseline.txt,449,92fe2d607093f73af174947cbc8af90e66109db038e5eb985209c1deba3ceb1a,extracted_source,真实 Harness 语义、能力 holdout 与独立复核,text/plain
full_archive/extracted_sources/Towow_A2A_R5_2_Harness_Reality_Transfer_Return_Packet_v1.1/return-packet/git/changes.patch,5867,94a49fbb4c6eb260d12cba8ef5d2de09fd0ec7a80b34e1ca79446c8e05ee9ea2,extracted_source,真实 Harness 语义、能力 holdout 与独立复核,text/x-diff
full_archive/extracted_sources/Towow_A2A_R5_2_Harness_Reality_Transfer_Return_Packet_v1.1/return-packet/git/commits.txt,302,c1f90725cbcbb0c19646bbec1a5b306b8b26b4d0836fae1872071b2af968c136,extracted_source,真实 Harness 语义、能力 holdout 与独立复核,text/plain
full_archive/extracted_sources/Towow_A2A_R5_2_Harness_Reality_Transfer_Return_Packet_v1.1/return-packet/git/final.txt,646,f1bd3152f9161878324aaca26760b7d67cc17bd0860f65b51f6273784e46f096,extracted_source,真实 Harness 语义、能力 holdout 与独立复核,text/plain
full_archive/extracted_sources/Towow_A2A_R5_2_Harness_Reality_Transfer_Return_Packet_v1.1/return-packet/git/status.txt,737,c89a4d8fe62d3d2f0e47ae5ae4ce0c0638c39e9f4cb744bb1fadc879d136546e,extracted_source,真实 Harness 语义、能力 holdout 与独立复核,text/plain
full_archive/extracted_sources/Towow_A2A_R5_2_Harness_Reality_Transfer_Return_Packet_v1.1/return-packet/independent_reviews/effect-reality-independent-review.md,2162,d1ee7421e9cf3a396c2afb8722318521f53b05ac19b70549853f6ed41fc75985,extracted_source,真实 Harness 语义、能力 holdout 与独立复核,text/markdown
full_archive/extracted_sources/Towow_A2A_R5_2_Harness_Reality_Transfer_Return_Packet_v1.1/return-packet/independent_reviews/return-packet-contract-review.md,1738,67ce4e3d1da79d68031b1c977beae543c4cd200346892e875a82f46f464da66a,extracted_source,真实 Harness 语义、能力 holdout 与独立复核,text/markdown
full_archive/extracted_sources/Towow_A2A_R5_2_Harness_Reality_Transfer_Return_Packet_v1.1/return-packet/manifests/RELOCATION_TEST.json,1498,387fd3a26df1e032a6246c36116bf7a9dc309251424f9bdc066ff9cf413fedb7,extracted_source,真实 Harness 语义、能力 holdout 与独立复核,application/json
full_archive/extracted_sources/Towow_A2A_R5_2_Harness_Reality_Transfer_Return_Packet_v1.1/return-packet/manifests/REPLAY_TEST.json,628,e6ded5a6662844b89e7ecff6133bfaad4b9fa988c21a39c56f6a5d54935f4263,extracted_source,真实 Harness 语义、能力 holdout 与独立复核,application/json
full_archive/extracted_sources/Towow_A2A_R5_2_Harness_Reality_Transfer_Return_Packet_v1.1/return-packet/real_tasks/coordination_baseline_comparison.md,2687,ba945e100d06d9763d34175d25cf17f491b544e202e74aaf36084d5207263e6b,extracted_source,真实 Harness 语义、能力 holdout 与独立复核,text/markdown
full_archive/extracted_sources/Towow_A2A_R5_2_Harness_Reality_Transfer_Return_Packet_v1.1/return-packet/requirements.txt,18,ea2ec52222f29d9cb1e88db678fc7c2b5f5526fa73a0a69c418d871a414735a4,extracted_source,真实 Harness 语义、能力 holdout 与独立复核,text/plain
full_archive/extracted_sources/Towow_A2A_R5_2_Harness_Reality_Transfer_Return_Packet_v1.1/return-packet/schemas/evidence_item.schema.json,2333,955b4fbad513d0445d5ece3896880ac71eb8028b76f999455cf3aeeb7935b6d9,extracted_source,真实 Harness 语义、能力 holdout 与独立复核,application/json
full_archive/extracted_sources/Towow_A2A_R5_2_Harness_Reality_Transfer_Return_Packet_v1.1/return-packet/schemas/experiment_record.schema.json,5082,a87069927efdce6f2ee366c44aff946041bbf73bad99a866b3b9df8e61601b76,extracted_source,真实 Harness 语义、能力 holdout 与独立复核,application/json
full_archive/extracted_sources/Towow_A2A_R5_2_Harness_Reality_Transfer_Return_Packet_v1.1/return-packet/schemas/return_packet_manifest.schema.json,3305,3c1ee6d801d7ce70ae10c55a7f69444e1cfc0700fc2ddea9a65e0855f89505b4,extracted_source,真实 Harness 语义、能力 holdout 与独立复核,application/json
full_archive/extracted_sources/Towow_A2A_R5_2_Harness_Reality_Transfer_Return_Packet_v1.1/return-packet/tools/build_manifest.py,5680,48492779fa2e3aedc6abfffbe75ca8d8a383fe65c6b42b98111a279712a2820f,extracted_source,真实 Harness 语义、能力 holdout 与独立复核,text/x-python
full_archive/extracted_sources/Towow_A2A_R5_2_Harness_Reality_Transfer_Return_Packet_v1.1/return-packet/tools/portable_return_verifier.py,6551,4a79f7f92d5484a237836b2c369e9d7b837bb9447bc1c7f882981e089877d0e3,extracted_source,真实 Harness 语义、能力 holdout 与独立复核,text/x-python
full_archive/extracted_sources/Towow_A2A_R5_2_Harness_Reality_Transfer_Return_Packet_v1.1/return-packet/tools/recompute_research_metrics.py,4087,563a05fd248ed7bd716ae085de40093fc22eb4ea0cca7649b6bdb05d4fb7c7fc,extracted_source,真实 Harness 语义、能力 holdout 与独立复核,text/x-python
full_archive/extracted_sources/Towow_A2A_R5_Constructive_Flagship_Local_Research_Packet_v1.5/towow_a2a_r5_constructive_packet_v1.5/00_README_START_HERE.md,2444,059973f58be8735daff8b0f2b527a75f916550f9162c6f8b0a4a97f58990a1b5,extracted_source,原始研究或支持材料,text/markdown
full_archive/extracted_sources/Towow_A2A_R5_Constructive_Flagship_Local_Research_Packet_v1.5/towow_a2a_r5_constructive_packet_v1.5/01_CURRENT_SYSTEM_v0.7.2.md,5797,1e62ea94fa0a752e253964d95e7f3ba41eb2c7347764623cf9849c358da4ce7a,extracted_source,原始研究或支持材料,text/markdown
full_archive/extracted_sources/Towow_A2A_R5_Constructive_Flagship_Local_Research_Packet_v1.5/towow_a2a_r5_constructive_packet_v1.5/02_DYNAMIC_RESEARCH_MAP.md,3149,e1e2883a5c98fff4fb2b91dbe291de234e4341463c383c68073d028312a27647,extracted_source,原始研究或支持材料,text/markdown
full_archive/extracted_sources/Towow_A2A_R5_Constructive_Flagship_Local_Research_Packet_v1.5/towow_a2a_r5_constructive_packet_v1.5/03_DESIGN_DECISION_MAP.csv,1376,f906f49de60e42cee04d12206c12ad0ea204f47b4e286455991b09adf49e2df8,extracted_source,原始研究或支持材料,text/csv
full_archive/extracted_sources/Towow_A2A_R5_Constructive_Flagship_Local_Research_Packet_v1.5/towow_a2a_r5_constructive_packet_v1.5/03_DESIGN_GAP_DECISION_MAP.md,2696,1f01c9e62668b528bcc565ac56dc1347434d3e32681a585751b86b491c6d120f,extracted_source,原始研究或支持材料,text/markdown
full_archive/extracted_sources/Towow_A2A_R5_Constructive_Flagship_Local_Research_Packet_v1.5/towow_a2a_r5_constructive_packet_v1.5/04_FLAGSHIP_CONSTRUCTIVE_RESEARCH_CHARTER.md,3994,6b57460de56446c88337424dcef7ddf3c92cfacc1cc25de64414fd7bba153a98,extracted_source,原始研究或支持材料,text/markdown
full_archive/extracted_sources/Towow_A2A_R5_Constructive_Flagship_Local_Research_Packet_v1.5/towow_a2a_r5_constructive_packet_v1.5/05_LOCAL_RESEARCH_MISSION.md,2208,e16be9990f1cb806cadeee1c04cd6f069a92199c4825d04b6420388eeb0018e8,extracted_source,原始研究或支持材料,text/markdown
full_archive/extracted_sources/Towow_A2A_R5_Constructive_Flagship_Local_Research_Packet_v1.5/towow_a2a_r5_constructive_packet_v1.5/06_EXECUTION_AND_SAFETY_CHARTER.md,1685,7f112928695a248e5b6100b62d10fdb15635d2a01a9ddc51879ea766e50afae4,extracted_source,原始研究或支持材料,text/markdown
full_archive/extracted_sources/Towow_A2A_R5_Constructive_Flagship_Local_Research_Packet_v1.5/towow_a2a_r5_constructive_packet_v1.5/07_EVIDENCE_AND_CAUSALITY_CONTRACT.md,2915,765630906897d4748dec197b84af5a604778b381b9f89b9af1d1a59399cd3076,extracted_source,原始研究或支持材料,text/markdown
full_archive/extracted_sources/Towow_A2A_R5_Constructive_Flagship_Local_Research_Packet_v1.5/towow_a2a_r5_constructive_packet_v1.5/08_RESEARCH_DECISION_RULES.md,2864,58e3f3b0388155965f33ce6d9ad397479910925ee99e80d87a112a5c8b8182ba,extracted_source,原始研究或支持材料,text/markdown
full_archive/extracted_sources/Towow_A2A_R5_Constructive_Flagship_Local_Research_Packet_v1.5/towow_a2a_r5_constructive_packet_v1.5/09_RETURN_PACKET_TEMPLATE.md,2744,15ad89083be9a9b1bd5687750b3f69666a5cd5391268d618f7d0476f33064820,extracted_source,原始研究或支持材料,text/markdown
full_archive/extracted_sources/Towow_A2A_R5_Constructive_Flagship_Local_Research_Packet_v1.5/towow_a2a_r5_constructive_packet_v1.5/10_CODEX_BOOTSTRAP_PROMPT.md,5788,e03bacade3ffb6a41efa7df8c70fd02577a769a9b676b8dde89f77df03ec1998,extracted_source,原始研究或支持材料,text/markdown
full_archive/extracted_sources/Towow_A2A_R5_Constructive_Flagship_Local_Research_Packet_v1.5/towow_a2a_r5_constructive_packet_v1.5/11_TASK_SELECTION_SCORECARD.md,1792,b566692a63a78571533e7026d222fe591c0feab753eda98e2b1a22e2e479ae7c,extracted_source,原始研究或支持材料,text/markdown
full_archive/extracted_sources/Towow_A2A_R5_Constructive_Flagship_Local_Research_Packet_v1.5/towow_a2a_r5_constructive_packet_v1.5/12_RESEARCH_REFERENCES.md,1287,75e19c2000a2ee87d8d9cfb27ff25e14ba24e70eda04289533dfe9df94318dd8,extracted_source,原始研究或支持材料,text/markdown
full_archive/extracted_sources/Towow_A2A_R5_Constructive_Flagship_Local_Research_Packet_v1.5/towow_a2a_r5_constructive_packet_v1.5/baseline/CLAIM_EVIDENCE_BASELINE.csv,823,63f4ef50d98e29691c0adf6d9c87498640f8b698b38c5c96c234f1aea9196328,extracted_source,原始研究或支持材料,text/csv
full_archive/extracted_sources/Towow_A2A_R5_Constructive_Flagship_Local_Research_Packet_v1.5/towow_a2a_r5_constructive_packet_v1.5/baseline/R5_4_NEGATIVE_CONTROL_SUMMARY.md,1166,f5f38234facc8cf502d919d1af84bbe12ed2d8630bf0ae2c48248aea0ed3be1b,extracted_source,原始研究或支持材料,text/markdown
full_archive/extracted_sources/Towow_A2A_R5_Constructive_Flagship_Local_Research_Packet_v1.5/towow_a2a_r5_constructive_packet_v1.5/baseline/towow-a2a-r5-4-return-packet.tar.gz,233062,e2625a656b98a0f6f8abb26f458a2f522f1087b56a2d4094933938eb014a3477,extracted_source,真实模型协商负对照与成本分析,application/x-tar
full_archive/extracted_sources/Towow_A2A_R5_Constructive_Flagship_Local_Research_Packet_v1.5/towow_a2a_r5_constructive_packet_v1.5/schemas/formation_episode.schema.json,4002,102fd1bde6686d42662a76207f8a5fb3091722b4fe4affa55206ed2c023961ac,extracted_source,原始研究或支持材料,application/json
full_archive/extracted_sources/Towow_A2A_R5_Constructive_Flagship_Local_Research_Packet_v1.5/towow_a2a_r5_constructive_packet_v1.5/schemas/return_manifest.schema.json,1633,069dbba68d2cbab21703ea030a55bf88ae5df27aa11c469abddebe8438ac5a5a,extracted_source,原始研究或支持材料,application/json
full_archive/extracted_sources/Towow_A2A_R5_Constructive_Flagship_Local_Research_Packet_v1.5/towow_a2a_r5_constructive_packet_v1.5/templates/DECISION_LOG.md,257,0089a27fa64361159a84915507f7cf3f00b5f3f125ee331b664d4b090b4580b8,extracted_source,原始研究或支持材料,text/markdown
full_archive/extracted_sources/Towow_A2A_R5_Constructive_Flagship_Local_Research_Packet_v1.5/towow_a2a_r5_constructive_packet_v1.5/templates/DESIGN_DELTA.md,367,3ec2082279267e3d2fc81d36ff369c86d1849ad73a7b5a0f87594d36ea4510af,extracted_source,原始研究或支持材料,text/markdown
full_archive/extracted_sources/Towow_A2A_R5_Constructive_Flagship_Local_Research_Packet_v1.5/towow_a2a_r5_constructive_packet_v1.5/templates/EPISODE_CARD.md,1563,66155f7d6f958cc2a23fd42ce17c582ec57f604cb5a04df2c63b189a3095e571,extracted_source,原始研究或支持材料,text/markdown
full_archive/extracted_sources/Towow_A2A_R5_Constructive_Flagship_Local_Research_Packet_v1.5/towow_a2a_r5_constructive_packet_v1.5/templates/RESEARCH_STATE.yaml,496,03871e3e409f9fdbd392066fcaed770ee655b68c3bc2ac89e132adf0fe1ec1dd,extracted_source,原始研究或支持材料,application/yaml
full_archive/extracted_sources/Towow_A2A_R5_Constructive_Flagship_Local_Research_Packet_v1.5/towow_a2a_r5_constructive_packet_v1.5/templates/TASK_CANDIDATE.md,531,aafa1a13ef2867d35f0682aff83bd218028503154699ee47c69d5f309b80684c,extracted_source,原始研究或支持材料,text/markdown
full_archive/extracted_sources/Towow_A2A_R5_Constructive_Flagship_Local_Research_Packet_v1.5/towow_a2a_r5_constructive_packet_v1.5/tools/verify_task_packet.py,691,95b3f5132d1a8e6a24f27117314824590205971cc942cd770de112e2e8ca953a,extracted_source,原始研究或支持材料,text/x-python
full_archive/extracted_sources/return-packet/return-packet/CLAIM_EVIDENCE_UPDATE.csv,9754,44984a0436c8a16830d8d618ae086331b3345ea514b81a985b0013087957e0f3,extracted_source,原始研究或支持材料,text/csv
full_archive/extracted_sources/return-packet/return-packet/DECISION_LOG.md,12330,0e604288cbcc495c70af1028ff2904381d57dd4ee6a2b19318af330b8a66826e,extracted_source,原始研究或支持材料,text/markdown
full_archive/extracted_sources/return-packet/return-packet/ENVIRONMENT_FACTS.json,12761,a6f6524fbad159b9d7a9427d04f6102a29c4ef8ed0c4d02d333655a49adad871,extracted_source,原始研究或支持材料,application/json
full_archive/extracted_sources/return-packet/return-packet/NEXT_RESEARCH_ACTIONS.md,2102,63d4ddcf31fe044b6fa35668701bd43d4dc2cd1f8fedfd60dc5d53f5a1d2b89e,extracted_source,原始研究或支持材料,text/markdown
full_archive/extracted_sources/return-packet/return-packet/RESEARCH_STATE.yaml,7951,89d6460cf511e615a145aca578dd3db9903c10daae85b685b0ee90feefed8965,extracted_source,原始研究或支持材料,application/yaml
full_archive/extracted_sources/return-packet/return-packet/RETURN_SUMMARY.md,8825,b6ecd444e61d168547fba8ddbbc328587aa07a552e6296ca60678941e483587c,extracted_source,原始研究或支持材料,text/markdown
full_archive/extracted_sources/return-packet/return-packet/blockers/BLOCKERS.md,1478,dd59daf3e9eb3c01ebba1001521c09a28a55f0b34ad036db30b2f59f408f4635,extracted_source,原始研究或支持材料,text/markdown
full_archive/extracted_sources/return-packet/return-packet/code_changes/FILE_MAP.md,1061,938ae6157796e8a14a74bdd56979cb99f9e35e025a9c99940c06c7a71fb2c429,extracted_source,原始研究或支持材料,text/markdown
full_archive/extracted_sources/return-packet/return-packet/code_changes/ROLLBACK.md,621,9ec6fae4e85863c7f42fd18cf5cb754bc7899ed1b2a261e6c906b873bb34c361,extracted_source,原始研究或支持材料,text/markdown
full_archive/extracted_sources/return-packet/return-packet/code_changes/TEST_RESULTS.md,1346,ed248428faeddc56b3184813a58011005fd62788d482eb0f019dfc85b9fbd43a,extracted_source,原始研究或支持材料,text/markdown
full_archive/extracted_sources/return-packet/return-packet/code_changes/source/action_space_probe.py,7709,2b9b87d5acc67f1457eb71f477b22f99f2fba1e14243fc7c7078cffee3ac2182,extracted_source,原始研究或支持材料,text/x-python
full_archive/extracted_sources/return-packet/return-packet/code_changes/source/build_return_packet.py,9164,381d8137f42cbd946283eeb1bde81a597dbe0bc0952371fcd65467937965ad55,extracted_source,原始研究或支持材料,text/x-python
full_archive/extracted_sources/return-packet/return-packet/code_changes/source/effect_trace_lab.py,11981,6b6029bed5bc7ac55316ebf9ed21f570851a5cd81f6f601db611ee976828c254,extracted_source,原始研究或支持材料,text/x-python
full_archive/extracted_sources/return-packet/return-packet/code_changes/source/evidence_reachability.py,5073,bae3bd7ed1dae85c3e0ff6964f73b34a4f2bb000873d0b1e5de2a3ff31663f9f,extracted_source,原始研究或支持材料,text/x-python
full_archive/extracted_sources/return-packet/return-packet/code_changes/source/sovereign_node.py,10163,0d9b207db6f97d813ccba661a4fe4c90b29c035dbf7dcce72b1293eb6e28258c,extracted_source,原始研究或支持材料,text/x-python
full_archive/extracted_sources/return-packet/return-packet/code_changes/source/sovereign_workspace_lab.py,22916,3cf61d49ab29f8af2907829207f67d05048e7f91f068c6fb9b992e05707940aa,extracted_source,原始研究或支持材料,text/x-python
full_archive/extracted_sources/return-packet/return-packet/experiments/r5-run-001-evidence-reachability/analysis.md,1555,8787ee14efd22bc3e319553b417335a316c6a9063b0a144144c064e603fb6880,extracted_source,原始研究或支持材料,text/markdown
full_archive/extracted_sources/return-packet/return-packet/experiments/r5-run-001-evidence-reachability/boundary_and_disclosure.json,207,2d3845c46eabcd2bf43a582a15ad5d2ab5fbc5c900401558243a2e7a264c841b,extracted_source,原始研究或支持材料,application/json
full_archive/extracted_sources/return-packet/return-packet/experiments/r5-run-001-evidence-reachability/costs.json,164,7221a0e5e12d36620be648114076c3d636a8897c2fc52c98c64b1830a3bb1a87,extracted_source,原始研究或支持材料,application/json
full_archive/extracted_sources/return-packet/return-packet/experiments/r5-run-001-evidence-reachability/human_interventions.jsonl,1,01ba4719c80b6fe911b091a7c05124b64eeece964e09c058ef8f9805daca546b,extracted_source,原始研究或支持材料,application/octet-stream
full_archive/extracted_sources/return-packet/return-packet/experiments/r5-run-001-evidence-reachability/hypothesis.md,890,133ea0e30d811783454dde1cf9b77f6bf795c1c6a53dcddf32f21f38136aec50,extracted_source,原始研究或支持材料,text/markdown
full_archive/extracted_sources/return-packet/return-packet/experiments/r5-run-001-evidence-reachability/outputs/reachability.csv,1507,26e1f8aa5ab1460d38046537b95159ca95b7eb58e91ea045541fd32cbd04f5c9,extracted_source,原始研究或支持材料,text/csv
full_archive/extracted_sources/return-packet/return-packet/experiments/r5-run-001-evidence-reachability/outputs/reachability.json,14632,d5241d6c9c9154a7097a36e90cd0c1ae80c5ebb78720abafa9f0d83afa6271af,extracted_source,原始研究或支持材料,application/json
full_archive/extracted_sources/return-packet/return-packet/experiments/r5-run-001-evidence-reachability/run.json,3021,ca86f320bdae6cbca501938e9b6330ccd58d4d7e55f68ff83f3540b205b6bc73,extracted_source,原始研究或支持材料,application/json
full_archive/extracted_sources/return-packet/return-packet/experiments/r5-run-002-effect-granularity/analysis.md,2774,ca8c411a53a38f77709f8613a3c69f0106e40cc17aedf71cdfac1019ae9ae720,extracted_source,原始研究或支持材料,text/markdown
full_archive/extracted_sources/return-packet/return-packet/experiments/r5-run-002-effect-granularity/boundary_and_disclosure.json,383,51d66cf442d4a3561cc421d37c2cd875602687be4695455b38e8b2cbf13e3d9b,extracted_source,原始研究或支持材料,application/json
full_archive/extracted_sources/return-packet/return-packet/experiments/r5-run-002-effect-granularity/costs.json,344,0dc42c87479c2b2e499f8432bfac19196dab918b43d2b6a3bcf3dffed0c28b5b,extracted_source,原始研究或支持材料,application/json
full_archive/extracted_sources/return-packet/return-packet/experiments/r5-run-002-effect-granularity/human_interventions.jsonl,1,01ba4719c80b6fe911b091a7c05124b64eeece964e09c058ef8f9805daca546b,extracted_source,原始研究或支持材料,application/octet-stream
full_archive/extracted_sources/return-packet/return-packet/experiments/r5-run-002-effect-granularity/hypothesis.md,1126,66411e854b76172c1d8fdcb7415860e7f31666e5a63aed896e36b9e5dc731227,extracted_source,原始研究或支持材料,text/markdown
full_archive/extracted_sources/return-packet/return-packet/experiments/r5-run-002-effect-granularity/input/actual_workspace_events.json,1247,913dfbb39c35cfb20ea397da8bd932c71602c137146f8795ddafc6f2cd0c99c2,extracted_source,原始研究或支持材料,application/json
full_archive/extracted_sources/return-packet/return-packet/experiments/r5-run-002-effect-granularity/logs/actual_git_switch_sandbox_lock.stderr.log,123,1a5244a52115b987a8ff1504b1fdd02e27fafd36a1ea8b7bc56576c6c2685ff7,extracted_source,原始研究或支持材料,application/octet-stream
full_archive/extracted_sources/return-packet/return-packet/experiments/r5-run-002-effect-granularity/logs/actual_git_switch_sandbox_lock.stdout.log,65,6155bf9f0fc4aad4c2ef9e3965c1746565a96eb4fca833d1e96d3ecf28acfcf6,extracted_source,原始研究或支持材料,application/octet-stream
full_archive/extracted_sources/return-packet/return-packet/experiments/r5-run-002-effect-granularity/logs/effect_then_failure.stderr.log,24,d3a711b0a7309f14cb89932c2df154a35a66cc4bd9908ac955defa88dad620a9,extracted_source,原始研究或支持材料,application/octet-stream
full_archive/extracted_sources/return-packet/return-packet/experiments/r5-run-002-effect-granularity/logs/effect_then_failure.stdout.log,0,e3b0c44298fc1c149afbf4c8996fb92427ae41e4649b934ca495991b7852b855,extracted_source,原始研究或支持材料,application/octet-stream
full_archive/extracted_sources/return-packet/return-packet/experiments/r5-run-002-effect-granularity/logs/effect_then_rollback.stderr.log,0,e3b0c44298fc1c149afbf4c8996fb92427ae41e4649b934ca495991b7852b855,extracted_source,原始研究或支持材料,application/octet-stream
full_archive/extracted_sources/return-packet/return-packet/experiments/r5-run-002-effect-granularity/logs/effect_then_rollback.stdout.log,19,6c588cec7c775022084a7fcc1a0b736b633d20c9d6a1add8e8775db30cc7f153,extracted_source,原始研究或支持材料,application/octet-stream
full_archive/extracted_sources/return-packet/return-packet/experiments/r5-run-002-effect-granularity/logs/exit_zero_no_effect.stderr.log,0,e3b0c44298fc1c149afbf4c8996fb92427ae41e4649b934ca495991b7852b855,extracted_source,原始研究或支持材料,application/octet-stream
full_archive/extracted_sources/return-packet/return-packet/experiments/r5-run-002-effect-granularity/logs/exit_zero_no_effect.stdout.log,3,a12b7cb43c9d9134b5bb1b35e9096b66775d9e92e7611d1cc92b02edd6782a87,extracted_source,原始研究或支持材料,application/octet-stream
full_archive/extracted_sources/return-packet/return-packet/experiments/r5-run-002-effect-granularity/logs/explicit_refusal.stderr.log,0,e3b0c44298fc1c149afbf4c8996fb92427ae41e4649b934ca495991b7852b855,extracted_source,原始研究或支持材料,application/octet-stream
full_archive/extracted_sources/return-packet/return-packet/experiments/r5-run-002-effect-granularity/logs/explicit_refusal.stdout.log,32,2eda2ddda85428ce13c5ea90b1fc643484da9bca9dca6919496d23234c260cc3,extracted_source,原始研究或支持材料,application/octet-stream
full_archive/extracted_sources/return-packet/return-packet/experiments/r5-run-002-effect-granularity/logs/masked_first_failure.stderr.log,18,82b905a26f39e034ff61ffc6c46fd8bcc374d8959bada17e094ae46fd2c0da3c,extracted_source,原始研究或支持材料,application/octet-stream
full_archive/extracted_sources/return-packet/return-packet/experiments/r5-run-002-effect-granularity/logs/masked_first_failure.stdout.log,25,a7cfdd84151017e089b9342a69bdf092adff6f52c626a8f95c1f11a2a5b0440b,extracted_source,原始研究或支持材料,application/octet-stream
full_archive/extracted_sources/return-packet/return-packet/experiments/r5-run-002-effect-granularity/logs/partial_bundle_masked.stderr.log,0,e3b0c44298fc1c149afbf4c8996fb92427ae41e4649b934ca495991b7852b855,extracted_source,原始研究或支持材料,application/octet-stream
full_archive/extracted_sources/return-packet/return-packet/experiments/r5-run-002-effect-granularity/logs/partial_bundle_masked.stdout.log,0,e3b0c44298fc1c149afbf4c8996fb92427ae41e4649b934ca495991b7852b855,extracted_source,原始研究或支持材料,application/octet-stream
full_archive/extracted_sources/return-packet/return-packet/experiments/r5-run-002-effect-granularity/logs/success_text_failure.stderr.log,0,e3b0c44298fc1c149afbf4c8996fb92427ae41e4649b934ca495991b7852b855,extracted_source,原始研究或支持材料,application/octet-stream
full_archive/extracted_sources/return-packet/return-packet/experiments/r5-run-002-effect-granularity/logs/success_text_failure.stdout.log,25,e810a2c2c36f4d665af79c150d650149946f017560ffa8c327c0e96d3905cf25,extracted_source,原始研究或支持材料,application/octet-stream
full_archive/extracted_sources/return-packet/return-packet/experiments/r5-run-002-effect-granularity/logs/truthful_success.stderr.log,0,e3b0c44298fc1c149afbf4c8996fb92427ae41e4649b934ca495991b7852b855,extracted_source,原始研究或支持材料,application/octet-stream
full_archive/extracted_sources/return-packet/return-packet/experiments/r5-run-002-effect-granularity/logs/truthful_success.stdout.log,19,6c588cec7c775022084a7fcc1a0b736b633d20c9d6a1add8e8775db30cc7f153,extracted_source,原始研究或支持材料,application/octet-stream
full_archive/extracted_sources/return-packet/return-packet/experiments/r5-run-002-effect-granularity/outputs/eager_full_projection.json,11325,298d8bb18fc13bdbb4ed94d0d22267b3212ddc622b3cc58c6033c8be9ea7f8bc,extracted_source,原始研究或支持材料,application/json
full_archive/extracted_sources/return-packet/return-packet/experiments/r5-run-002-effect-granularity/outputs/events.json,8004,6512b7910ea1378a9dc37c292c4264035f3073d347cb0025274dfb64d7bb0d58,extracted_source,原始研究或支持材料,application/json
full_archive/extracted_sources/return-packet/return-packet/experiments/r5-run-002-effect-granularity/outputs/minimal_projection.json,2815,de24ce8aebf533d907e4ef3ea00f1a8b24aba7865f6438b4f1adbb6846f99589,extracted_source,原始研究或支持材料,application/json
full_archive/extracted_sources/return-packet/return-packet/experiments/r5-run-002-effect-granularity/outputs/summary.json,1926,904ddbdecd966d82735dc7087dc48a72a9dbb57e1aefa7617ff5ddfd26c98fab,extracted_source,原始研究或支持材料,application/json
full_archive/extracted_sources/return-packet/return-packet/experiments/r5-run-002-effect-granularity/run.json,5067,2292571f1183adfea62e260a045f982546b791d2e532629f6ab5374690991126,extracted_source,原始研究或支持材料,application/json
full_archive/extracted_sources/return-packet/return-packet/experiments/r5-run-003-action-space-claims/analysis.md,1985,a6d5b00531ee96be681c849dbf3905b86a16b74c654efd1abc9e53faadfca896,extracted_source,原始研究或支持材料,text/markdown
full_archive/extracted_sources/return-packet/return-packet/experiments/r5-run-003-action-space-claims/boundary_and_disclosure.json,447,c374423565d2f0d909a6a07d8d80080a15f98e3916c15251c9e392622a83d4a7,extracted_source,原始研究或支持材料,application/json
full_archive/extracted_sources/return-packet/return-packet/experiments/r5-run-003-action-space-claims/costs.json,302,a8f099cf201e5ff14812eda619e91187952358c15b93a338d5d49a306ceb887a,extracted_source,原始研究或支持材料,application/json
full_archive/extracted_sources/return-packet/return-packet/experiments/r5-run-003-action-space-claims/human_interventions.jsonl,441,c4f4976dd23495c6bc3536e149b3c28826771a2c8f9acee30a2c4eda884eac14,extracted_source,原始研究或支持材料,application/octet-stream
full_archive/extracted_sources/return-packet/return-packet/experiments/r5-run-003-action-space-claims/hypothesis.md,1245,bc00b8e7fb4e21dfbf5b606dd952d54a13286106e507db2421c8554fe1cdf902,extracted_source,原始研究或支持材料,text/markdown
full_archive/extracted_sources/return-packet/return-packet/experiments/r5-run-003-action-space-claims/input/escalated_boundary_canary.txt,30,bb5804d54c80a404f33dd0e0eb690f9a74dece7eef3120b0c3b26591744bac44,extracted_source,原始研究或支持材料,text/plain
full_archive/extracted_sources/return-packet/return-packet/experiments/r5-run-003-action-space-claims/input/predictions_before.json,3320,b14351cdda8dd55f607f1725eaec596d179ef678d4fc9837fa394639aad81aee,extracted_source,原始研究或支持材料,application/json
full_archive/extracted_sources/return-packet/return-packet/experiments/r5-run-003-action-space-claims/logs/docker_daemon_query.stderr.log,108,06d1fe85cf51a837bef8db3896fd79c4486fc029b9517a5cf2949154fda95862,extracted_source,原始研究或支持材料,application/octet-stream
full_archive/extracted_sources/return-packet/return-packet/experiments/r5-run-003-action-space-claims/logs/docker_daemon_query.stdout.log,1,01ba4719c80b6fe911b091a7c05124b64eeece964e09c058ef8f9805daca546b,extracted_source,原始研究或支持材料,application/octet-stream
full_archive/extracted_sources/return-packet/return-packet/experiments/r5-run-003-action-space-claims/logs/sandbox_exec_allow_true.stderr.log,53,d34a4e4359a4dc36526cf5b363da32f7b7594a3a09eea17cbdfd6425b052d93e,extracted_source,原始研究或支持材料,application/octet-stream
full_archive/extracted_sources/return-packet/return-packet/experiments/r5-run-003-action-space-claims/logs/sandbox_exec_allow_true.stdout.log,0,e3b0c44298fc1c149afbf4c8996fb92427ae41e4649b934ca495991b7852b855,extracted_source,原始研究或支持材料,application/octet-stream
full_archive/extracted_sources/return-packet/return-packet/experiments/r5-run-003-action-space-claims/logs/sandbox_exec_deny_canary.stderr.log,53,d34a4e4359a4dc36526cf5b363da32f7b7594a3a09eea17cbdfd6425b052d93e,extracted_source,原始研究或支持材料,application/octet-stream
full_archive/extracted_sources/return-packet/return-packet/experiments/r5-run-003-action-space-claims/logs/sandbox_exec_deny_canary.stdout.log,0,e3b0c44298fc1c149afbf4c8996fb92427ae41e4649b934ca495991b7852b855,extracted_source,原始研究或支持材料,application/octet-stream
full_archive/extracted_sources/return-packet/return-packet/experiments/r5-run-003-action-space-claims/outputs/cases.json,5248,0fc591c3d55d05c4fa9d1b2e6e3e71c8eb78e631dfc5bd0543c35cfa3d17fdbe,extracted_source,原始研究或支持材料,application/json
full_archive/extracted_sources/return-packet/return-packet/experiments/r5-run-003-action-space-claims/outputs/escalated_formation_results.json,1847,8e00e6a27f6177862aaecbe28eb8408fa5a8be34a00f67828b6b6f85195d0646,extracted_source,原始研究或支持材料,application/json
full_archive/extracted_sources/return-packet/return-packet/experiments/r5-run-003-action-space-claims/outputs/summary.json,1463,84d2bb6ef8ca4ae2bf60ecb6e4b0beb4d35ad70550ee1c75715d61f7101f6811,extracted_source,原始研究或支持材料,application/json
full_archive/extracted_sources/return-packet/return-packet/experiments/r5-run-003-action-space-claims/run.json,4928,149cfefca4878d54dc3f0faa90cf01f8495dd5eab640edd90ded63632232cec3,extracted_source,原始研究或支持材料,application/json
full_archive/extracted_sources/return-packet/return-packet/experiments/r5-run-004-sovereign-workspace/analysis.md,3474,65a1b8f0e58ef26e6dc3327d6dd7f7aefc6756172219ecb7d9c2aaedbd010748,extracted_source,原始研究或支持材料,text/markdown
full_archive/extracted_sources/return-packet/return-packet/experiments/r5-run-004-sovereign-workspace/attempt2-literal-deny/logs/central.stderr.log,0,e3b0c44298fc1c149afbf4c8996fb92427ae41e4649b934ca495991b7852b855,extracted_source,原始研究或支持材料,application/octet-stream
full_archive/extracted_sources/return-packet/return-packet/experiments/r5-run-004-sovereign-workspace/attempt2-literal-deny/logs/central.stdout.log,0,e3b0c44298fc1c149afbf4c8996fb92427ae41e4649b934ca495991b7852b855,extracted_source,原始研究或支持材料,application/octet-stream
full_archive/extracted_sources/return-packet/return-packet/experiments/r5-run-004-sovereign-workspace/attempt2-literal-deny/logs/honest_coordinator_finalize.stderr.log,0,e3b0c44298fc1c149afbf4c8996fb92427ae41e4649b934ca495991b7852b855,extracted_source,原始研究或支持材料,application/octet-stream
full_archive/extracted_sources/return-packet/return-packet/experiments/r5-run-004-sovereign-workspace/attempt2-literal-deny/logs/honest_coordinator_finalize.stdout.log,0,e3b0c44298fc1c149afbf4c8996fb92427ae41e4649b934ca495991b7852b855,extracted_source,原始研究或支持材料,application/octet-stream
full_archive/extracted_sources/return-packet/return-packet/experiments/r5-run-004-sovereign-workspace/attempt2-literal-deny/logs/honest_coordinator_preflight.stderr.log,0,e3b0c44298fc1c149afbf4c8996fb92427ae41e4649b934ca495991b7852b855,extracted_source,原始研究或支持材料,application/octet-stream
full_archive/extracted_sources/return-packet/return-packet/experiments/r5-run-004-sovereign-workspace/attempt2-literal-deny/logs/honest_coordinator_preflight.stdout.log,0,e3b0c44298fc1c149afbf4c8996fb92427ae41e4649b934ca495991b7852b855,extracted_source,原始研究或支持材料,application/octet-stream
full_archive/extracted_sources/return-packet/return-packet/experiments/r5-run-004-sovereign-workspace/attempt2-literal-deny/logs/honest_producer.stderr.log,0,e3b0c44298fc1c149afbf4c8996fb92427ae41e4649b934ca495991b7852b855,extracted_source,原始研究或支持材料,application/octet-stream
full_archive/extracted_sources/return-packet/return-packet/experiments/r5-run-004-sovereign-workspace/attempt2-literal-deny/logs/honest_producer.stdout.log,0,e3b0c44298fc1c149afbf4c8996fb92427ae41e4649b934ca495991b7852b855,extracted_source,原始研究或支持材料,application/octet-stream
full_archive/extracted_sources/return-packet/return-packet/experiments/r5-run-004-sovereign-workspace/attempt2-literal-deny/logs/honest_validator.stderr.log,0,e3b0c44298fc1c149afbf4c8996fb92427ae41e4649b934ca495991b7852b855,extracted_source,原始研究或支持材料,application/octet-stream
full_archive/extracted_sources/return-packet/return-packet/experiments/r5-run-004-sovereign-workspace/attempt2-literal-deny/logs/honest_validator.stdout.log,0,e3b0c44298fc1c149afbf4c8996fb92427ae41e4649b934ca495991b7852b855,extracted_source,原始研究或支持材料,application/octet-stream
full_archive/extracted_sources/return-packet/return-packet/experiments/r5-run-004-sovereign-workspace/attempt2-literal-deny/logs/tamper_coordinator_finalize.stderr.log,0,e3b0c44298fc1c149afbf4c8996fb92427ae41e4649b934ca495991b7852b855,extracted_source,原始研究或支持材料,application/octet-stream
full_archive/extracted_sources/return-packet/return-packet/experiments/r5-run-004-sovereign-workspace/attempt2-literal-deny/logs/tamper_coordinator_finalize.stdout.log,0,e3b0c44298fc1c149afbf4c8996fb92427ae41e4649b934ca495991b7852b855,extracted_source,原始研究或支持材料,application/octet-stream
full_archive/extracted_sources/return-packet/return-packet/experiments/r5-run-004-sovereign-workspace/attempt2-literal-deny/logs/tamper_coordinator_preflight.stderr.log,0,e3b0c44298fc1c149afbf4c8996fb92427ae41e4649b934ca495991b7852b855,extracted_source,原始研究或支持材料,application/octet-stream
full_archive/extracted_sources/return-packet/return-packet/experiments/r5-run-004-sovereign-workspace/attempt2-literal-deny/logs/tamper_coordinator_preflight.stdout.log,0,e3b0c44298fc1c149afbf4c8996fb92427ae41e4649b934ca495991b7852b855,extracted_source,原始研究或支持材料,application/octet-stream
full_archive/extracted_sources/return-packet/return-packet/experiments/r5-run-004-sovereign-workspace/attempt2-literal-deny/logs/tamper_producer.stderr.log,0,e3b0c44298fc1c149afbf4c8996fb92427ae41e4649b934ca495991b7852b855,extracted_source,原始研究或支持材料,application/octet-stream
full_archive/extracted_sources/return-packet/return-packet/experiments/r5-run-004-sovereign-workspace/attempt2-literal-deny/logs/tamper_producer.stdout.log,0,e3b0c44298fc1c149afbf4c8996fb92427ae41e4649b934ca495991b7852b855,extracted_source,原始研究或支持材料,application/octet-stream
full_archive/extracted_sources/return-packet/return-packet/experiments/r5-run-004-sovereign-workspace/attempt2-literal-deny/logs/tamper_validator.stderr.log,0,e3b0c44298fc1c149afbf4c8996fb92427ae41e4649b934ca495991b7852b855,extracted_source,原始研究或支持材料,application/octet-stream
full_archive/extracted_sources/return-packet/return-packet/experiments/r5-run-004-sovereign-workspace/attempt2-literal-deny/logs/tamper_validator.stdout.log,0,e3b0c44298fc1c149afbf4c8996fb92427ae41e4649b934ca495991b7852b855,extracted_source,原始研究或支持材料,application/octet-stream
full_archive/extracted_sources/return-packet/return-packet/experiments/r5-run-004-sovereign-workspace/attempt2-literal-deny/outputs/costs.json,259,e921485d8ed12790324bd2231d01e834c655431498c87327923d0851deafd9bc,extracted_source,原始研究或支持材料,application/json
full_archive/extracted_sources/return-packet/return-packet/experiments/r5-run-004-sovereign-workspace/attempt2-literal-deny/outputs/honest_public/capability_cards.json,158,c7476847bd3996061d96e274ea2539a76436f77c126f55b9077dcf7fbb793496,extracted_source,原始研究或支持材料,application/json
full_archive/extracted_sources/return-packet/return-packet/experiments/r5-run-004-sovereign-workspace/attempt2-literal-deny/outputs/honest_public/producer.ed25519.public,32,a46610ebc9e760b98566cb61cd9afa3e989d54dd3015612fa4d335078e8ad3c6,extracted_source,原始研究或支持材料,application/octet-stream
full_archive/extracted_sources/return-packet/return-packet/experiments/r5-run-004-sovereign-workspace/attempt2-literal-deny/outputs/honest_public/report.json,1813,d7f09484b5b4be2b290f92533dcf8ec10003192cc83512d1304454f518d479e4,extracted_source,原始研究或支持材料,application/json
full_archive/extracted_sources/return-packet/return-packet/experiments/r5-run-004-sovereign-workspace/attempt2-literal-deny/outputs/honest_public/report.sig,89,b8389892c724aeb009c345c938f4eae00e7cf16dd241cb608a9fe82e3143379e,extracted_source,原始研究或支持材料,application/pgp-signature
full_archive/extracted_sources/return-packet/return-packet/experiments/r5-run-004-sovereign-workspace/attempt2-literal-deny/outputs/honest_public/request.json,114,ddd1a315bbd497aae3ae210111896b1edb28fb3c80e8d9ce34ac6b2b1cdf9a58,extracted_source,原始研究或支持材料,application/json
full_archive/extracted_sources/return-packet/return-packet/experiments/r5-run-004-sovereign-workspace/attempt2-literal-deny/outputs/honest_public/validator.ed25519.public,32,e66b921dd36fb28b5f2762e2e065abc13540ed381d435731365feb27e14d7400,extracted_source,原始研究或支持材料,application/octet-stream
full_archive/extracted_sources/return-packet/return-packet/experiments/r5-run-004-sovereign-workspace/attempt2-literal-deny/outputs/honest_public/verdict.json,185,9357a0a78f5e2e429ba92fe9091de1353357aef9d36eadd5dec790b60ffd33d6,extracted_source,原始研究或支持材料,application/json
full_archive/extracted_sources/return-packet/return-packet/experiments/r5-run-004-sovereign-workspace/attempt2-literal-deny/outputs/honest_public/verdict.sig,89,57826b777d5b934480e3c0c2b1e6a489d99211d9467848726881637a8c939a33,extracted_source,原始研究或支持材料,application/pgp-signature
full_archive/extracted_sources/return-packet/return-packet/experiments/r5-run-004-sovereign-workspace/attempt2-literal-deny/outputs/records.json,8343,d26229212d4ca21318269db84dd4c8171c6caaacdd52f8e50cf41a4878824277,extracted_source,原始研究或支持材料,application/json
full_archive/extracted_sources/return-packet/return-packet/experiments/r5-run-004-sovereign-workspace/attempt2-literal-deny/outputs/summary.json,1825,cd9541351f44c935546014235aac5f6d6444550c13747a6cec8fcf00fd79130d,extracted_source,原始研究或支持材料,application/json
full_archive/extracted_sources/return-packet/return-packet/experiments/r5-run-004-sovereign-workspace/attempt2-literal-deny/outputs/tampered_public/capability_cards.json,158,c7476847bd3996061d96e274ea2539a76436f77c126f55b9077dcf7fbb793496,extracted_source,原始研究或支持材料,application/json
full_archive/extracted_sources/return-packet/return-packet/experiments/r5-run-004-sovereign-workspace/attempt2-literal-deny/outputs/tampered_public/producer.ed25519.public,32,44a2351cdee46509b9f976fa3e0a94eabfea642ba110e9a6666a6ce9c6466def,extracted_source,原始研究或支持材料,application/octet-stream
full_archive/extracted_sources/return-packet/return-packet/experiments/r5-run-004-sovereign-workspace/attempt2-literal-deny/outputs/tampered_public/report.json,1813,d7de2f7775598be3785684365ad9b9c5b4606d84f2c09c3111926c83b72f608e,extracted_source,原始研究或支持材料,application/json
full_archive/extracted_sources/return-packet/return-packet/experiments/r5-run-004-sovereign-workspace/attempt2-literal-deny/outputs/tampered_public/report.sig,89,cfd6bbb32c4195473cab502d6405b1b3f9031a72d4a8997c7a4debc137ff3375,extracted_source,原始研究或支持材料,application/pgp-signature
full_archive/extracted_sources/return-packet/return-packet/experiments/r5-run-004-sovereign-workspace/attempt2-literal-deny/outputs/tampered_public/request.json,114,ddd1a315bbd497aae3ae210111896b1edb28fb3c80e8d9ce34ac6b2b1cdf9a58,extracted_source,原始研究或支持材料,application/json
full_archive/extracted_sources/return-packet/return-packet/experiments/r5-run-004-sovereign-workspace/attempt2-literal-deny/outputs/tampered_public/validator.ed25519.public,32,6131903454c4a4bfa6c1380213e2bf4663041acd1d1b58880eac87a6800eb485,extracted_source,原始研究或支持材料,application/octet-stream
full_archive/extracted_sources/return-packet/return-packet/experiments/r5-run-004-sovereign-workspace/attempt2-literal-deny/outputs/tampered_public/verdict.json,206,04c281d6f7dc373acb1d27fab70d127e0baf529be8514abeec78b8347a27d519,extracted_source,原始研究或支持材料,application/json
full_archive/extracted_sources/return-packet/return-packet/experiments/r5-run-004-sovereign-workspace/attempt2-literal-deny/outputs/tampered_public/verdict.sig,89,d28eb372a43e717fe85ebc891906a9f130e6727897389cd0b39250f6ce67a94f,extracted_source,原始研究或支持材料,application/pgp-signature
full_archive/extracted_sources/return-packet/return-packet/experiments/r5-run-004-sovereign-workspace/attempt3-canonical-path/logs/central.stderr.log,0,e3b0c44298fc1c149afbf4c8996fb92427ae41e4649b934ca495991b7852b855,extracted_source,原始研究或支持材料,application/octet-stream
full_archive/extracted_sources/return-packet/return-packet/experiments/r5-run-004-sovereign-workspace/attempt3-canonical-path/logs/central.stdout.log,0,e3b0c44298fc1c149afbf4c8996fb92427ae41e4649b934ca495991b7852b855,extracted_source,原始研究或支持材料,application/octet-stream
full_archive/extracted_sources/return-packet/return-packet/experiments/r5-run-004-sovereign-workspace/attempt3-canonical-path/logs/honest_coordinator_finalize.stderr.log,0,e3b0c44298fc1c149afbf4c8996fb92427ae41e4649b934ca495991b7852b855,extracted_source,原始研究或支持材料,application/octet-stream
full_archive/extracted_sources/return-packet/return-packet/experiments/r5-run-004-sovereign-workspace/attempt3-canonical-path/logs/honest_coordinator_finalize.stdout.log,0,e3b0c44298fc1c149afbf4c8996fb92427ae41e4649b934ca495991b7852b855,extracted_source,原始研究或支持材料,application/octet-stream
full_archive/extracted_sources/return-packet/return-packet/experiments/r5-run-004-sovereign-workspace/attempt3-canonical-path/logs/honest_coordinator_preflight.stderr.log,0,e3b0c44298fc1c149afbf4c8996fb92427ae41e4649b934ca495991b7852b855,extracted_source,原始研究或支持材料,application/octet-stream
full_archive/extracted_sources/return-packet/return-packet/experiments/r5-run-004-sovereign-workspace/attempt3-canonical-path/logs/honest_coordinator_preflight.stdout.log,0,e3b0c44298fc1c149afbf4c8996fb92427ae41e4649b934ca495991b7852b855,extracted_source,原始研究或支持材料,application/octet-stream
full_archive/extracted_sources/return-packet/return-packet/experiments/r5-run-004-sovereign-workspace/attempt3-canonical-path/logs/honest_producer.stderr.log,0,e3b0c44298fc1c149afbf4c8996fb92427ae41e4649b934ca495991b7852b855,extracted_source,原始研究或支持材料,application/octet-stream
full_archive/extracted_sources/return-packet/return-packet/experiments/r5-run-004-sovereign-workspace/attempt3-canonical-path/logs/honest_producer.stdout.log,0,e3b0c44298fc1c149afbf4c8996fb92427ae41e4649b934ca495991b7852b855,extracted_source,原始研究或支持材料,application/octet-stream
full_archive/extracted_sources/return-packet/return-packet/experiments/r5-run-004-sovereign-workspace/attempt3-canonical-path/logs/honest_validator.stderr.log,0,e3b0c44298fc1c149afbf4c8996fb92427ae41e4649b934ca495991b7852b855,extracted_source,原始研究或支持材料,application/octet-stream
full_archive/extracted_sources/return-packet/return-packet/experiments/r5-run-004-sovereign-workspace/attempt3-canonical-path/logs/honest_validator.stdout.log,0,e3b0c44298fc1c149afbf4c8996fb92427ae41e4649b934ca495991b7852b855,extracted_source,原始研究或支持材料,application/octet-stream
full_archive/extracted_sources/return-packet/return-packet/experiments/r5-run-004-sovereign-workspace/attempt3-canonical-path/logs/tamper_coordinator_finalize.stderr.log,0,e3b0c44298fc1c149afbf4c8996fb92427ae41e4649b934ca495991b7852b855,extracted_source,原始研究或支持材料,application/octet-stream
full_archive/extracted_sources/return-packet/return-packet/experiments/r5-run-004-sovereign-workspace/attempt3-canonical-path/logs/tamper_coordinator_finalize.stdout.log,0,e3b0c44298fc1c149afbf4c8996fb92427ae41e4649b934ca495991b7852b855,extracted_source,原始研究或支持材料,application/octet-stream
full_archive/extracted_sources/return-packet/return-packet/experiments/r5-run-004-sovereign-workspace/attempt3-canonical-path/logs/tamper_coordinator_preflight.stderr.log,0,e3b0c44298fc1c149afbf4c8996fb92427ae41e4649b934ca495991b7852b855,extracted_source,原始研究或支持材料,application/octet-stream
full_archive/extracted_sources/return-packet/return-packet/experiments/r5-run-004-sovereign-workspace/attempt3-canonical-path/logs/tamper_coordinator_preflight.stdout.log,0,e3b0c44298fc1c149afbf4c8996fb92427ae41e4649b934ca495991b7852b855,extracted_source,原始研究或支持材料,application/octet-stream
full_archive/extracted_sources/return-packet/return-packet/experiments/r5-run-004-sovereign-workspace/attempt3-canonical-path/logs/tamper_producer.stderr.log,0,e3b0c44298fc1c149afbf4c8996fb92427ae41e4649b934ca495991b7852b855,extracted_source,原始研究或支持材料,application/octet-stream
full_archive/extracted_sources/return-packet/return-packet/experiments/r5-run-004-sovereign-workspace/attempt3-canonical-path/logs/tamper_producer.stdout.log,0,e3b0c44298fc1c149afbf4c8996fb92427ae41e4649b934ca495991b7852b855,extracted_source,原始研究或支持材料,application/octet-stream
full_archive/extracted_sources/return-packet/return-packet/experiments/r5-run-004-sovereign-workspace/attempt3-canonical-path/logs/tamper_validator.stderr.log,0,e3b0c44298fc1c149afbf4c8996fb92427ae41e4649b934ca495991b7852b855,extracted_source,原始研究或支持材料,application/octet-stream
full_archive/extracted_sources/return-packet/return-packet/experiments/r5-run-004-sovereign-workspace/attempt3-canonical-path/logs/tamper_validator.stdout.log,0,e3b0c44298fc1c149afbf4c8996fb92427ae41e4649b934ca495991b7852b855,extracted_source,原始研究或支持材料,application/octet-stream
full_archive/extracted_sources/return-packet/return-packet/experiments/r5-run-004-sovereign-workspace/attempt3-canonical-path/outputs/costs.json,249,807e370bf532a799d2d77e7bf2befd704701a8d1798ceba53bbf1d7c8db386a3,extracted_source,原始研究或支持材料,application/json
full_archive/extracted_sources/return-packet/return-packet/experiments/r5-run-004-sovereign-workspace/attempt3-canonical-path/outputs/honest_public/capability_cards.json,158,c7476847bd3996061d96e274ea2539a76436f77c126f55b9077dcf7fbb793496,extracted_source,原始研究或支持材料,application/json
full_archive/extracted_sources/return-packet/return-packet/experiments/r5-run-004-sovereign-workspace/attempt3-canonical-path/outputs/honest_public/producer.ed25519.public,32,c076a9548601ed04cede3c7afc19f93827520239e520ed8503e3bd0c02e128e9,extracted_source,原始研究或支持材料,application/octet-stream
full_archive/extracted_sources/return-packet/return-packet/experiments/r5-run-004-sovereign-workspace/attempt3-canonical-path/outputs/honest_public/report.json,1813,d7f09484b5b4be2b290f92533dcf8ec10003192cc83512d1304454f518d479e4,extracted_source,原始研究或支持材料,application/json
full_archive/extracted_sources/return-packet/return-packet/experiments/r5-run-004-sovereign-workspace/attempt3-canonical-path/outputs/honest_public/report.sig,89,e34bcfcb2a3393a24766631269c6c3d17678e09b44a7b9202cf1fb9c729a3c38,extracted_source,原始研究或支持材料,application/pgp-signature
full_archive/extracted_sources/return-packet/return-packet/experiments/r5-run-004-sovereign-workspace/attempt3-canonical-path/outputs/honest_public/request.json,114,ddd1a315bbd497aae3ae210111896b1edb28fb3c80e8d9ce34ac6b2b1cdf9a58,extracted_source,原始研究或支持材料,application/json
full_archive/extracted_sources/return-packet/return-packet/experiments/r5-run-004-sovereign-workspace/attempt3-canonical-path/outputs/honest_public/validator.ed25519.public,32,a75897edd79042cd03409648cbe6cda9f15b1ec09e73346d2a98934a119bd448,extracted_source,原始研究或支持材料,application/octet-stream
full_archive/extracted_sources/return-packet/return-packet/experiments/r5-run-004-sovereign-workspace/attempt3-canonical-path/outputs/honest_public/verdict.json,185,9357a0a78f5e2e429ba92fe9091de1353357aef9d36eadd5dec790b60ffd33d6,extracted_source,原始研究或支持材料,application/json
full_archive/extracted_sources/return-packet/return-packet/experiments/r5-run-004-sovereign-workspace/attempt3-canonical-path/outputs/honest_public/verdict.sig,89,980d956d5071830716d71b4624154a95e6159d3d4c49181a506bce92ebb5c8fa,extracted_source,原始研究或支持材料,application/pgp-signature
full_archive/extracted_sources/return-packet/return-packet/experiments/r5-run-004-sovereign-workspace/attempt3-canonical-path/outputs/records.json,8631,986eec2335ddead55b65790b1fa6ce1a24c202b0e777eb3cd43b5056d2395e6c,extracted_source,原始研究或支持材料,application/json
full_archive/extracted_sources/return-packet/return-packet/experiments/r5-run-004-sovereign-workspace/attempt3-canonical-path/outputs/summary.json,1820,04c01fc4ff7195c21f1039433c132da329df54d1c5bebdf8aaa56bf7e4e6a84e,extracted_source,原始研究或支持材料,application/json
full_archive/extracted_sources/return-packet/return-packet/experiments/r5-run-004-sovereign-workspace/attempt3-canonical-path/outputs/tampered_public/capability_cards.json,158,c7476847bd3996061d96e274ea2539a76436f77c126f55b9077dcf7fbb793496,extracted_source,原始研究或支持材料,application/json
full_archive/extracted_sources/return-packet/return-packet/experiments/r5-run-004-sovereign-workspace/attempt3-canonical-path/outputs/tampered_public/producer.ed25519.public,32,2cae9fb879b644c3ff97c1abbd0e78a02eface3f7bae02f36046ed054845580e,extracted_source,原始研究或支持材料,application/octet-stream
full_archive/extracted_sources/return-packet/return-packet/experiments/r5-run-004-sovereign-workspace/attempt3-canonical-path/outputs/tampered_public/report.json,1813,d7de2f7775598be3785684365ad9b9c5b4606d84f2c09c3111926c83b72f608e,extracted_source,原始研究或支持材料,application/json
full_archive/extracted_sources/return-packet/return-packet/experiments/r5-run-004-sovereign-workspace/attempt3-canonical-path/outputs/tampered_public/report.sig,89,1f2610e9c8ab8033e815a0da8029baae1691d32b63add3fef5563a6f01dff1fd,extracted_source,原始研究或支持材料,application/pgp-signature
full_archive/extracted_sources/return-packet/return-packet/experiments/r5-run-004-sovereign-workspace/attempt3-canonical-path/outputs/tampered_public/request.json,114,ddd1a315bbd497aae3ae210111896b1edb28fb3c80e8d9ce34ac6b2b1cdf9a58,extracted_source,原始研究或支持材料,application/json
full_archive/extracted_sources/return-packet/return-packet/experiments/r5-run-004-sovereign-workspace/attempt3-canonical-path/outputs/tampered_public/validator.ed25519.public,32,f3cd3e7ae4df7cf7f93f6c761edba7d77e96c6943d52f8436bdcc7e43402b0d7,extracted_source,原始研究或支持材料,application/octet-stream
full_archive/extracted_sources/return-packet/return-packet/experiments/r5-run-004-sovereign-workspace/attempt3-canonical-path/outputs/tampered_public/verdict.json,206,04c281d6f7dc373acb1d27fab70d127e0baf529be8514abeec78b8347a27d519,extracted_source,原始研究或支持材料,application/json
full_archive/extracted_sources/return-packet/return-packet/experiments/r5-run-004-sovereign-workspace/attempt3-canonical-path/outputs/tampered_public/verdict.sig,89,385e0c258a52af64e5370b42b929ce29a239f0c2efea7e1707306d45a9c4c43e,extracted_source,原始研究或支持材料,application/pgp-signature
full_archive/extracted_sources/return-packet/return-packet/experiments/r5-run-004-sovereign-workspace/boundary_and_disclosure.json,623,869479cbf32c740a5cea58f451beb3840be97b1c4cfb3c857098617e106f2ff3,extracted_source,原始研究或支持材料,application/json
full_archive/extracted_sources/return-packet/return-packet/experiments/r5-run-004-sovereign-workspace/costs.json,567,c61947247317ea874cc866b2d7bdb8197bf9d80d4337875e0780951568e41b80,extracted_source,原始研究或支持材料,application/json
full_archive/extracted_sources/return-packet/return-packet/experiments/r5-run-004-sovereign-workspace/failures/ATTEMPT_1_BOUNDARY_BYPASS.md,366,c22a1a49329ee20be4672ffeacf67b3bfbaa565d3c8c73a939bf8c38edbaf4cc,extracted_source,原始研究或支持材料,text/markdown
full_archive/extracted_sources/return-packet/return-packet/experiments/r5-run-004-sovereign-workspace/failures/ATTEMPT_2_RESOURCE_IDENTITY.md,339,443dcf0423ed6ed219dfea782e323044073ae49b7f9804b53800aacfcaf6e112,extracted_source,原始研究或支持材料,text/markdown
full_archive/extracted_sources/return-packet/return-packet/experiments/r5-run-004-sovereign-workspace/human_interventions.jsonl,427,7fc3c1d0995b535153bc1ca85bb426cd25e20a974e37696ee4176008742db5c6,extracted_source,原始研究或支持材料,application/octet-stream
full_archive/extracted_sources/return-packet/return-packet/experiments/r5-run-004-sovereign-workspace/hypothesis.md,1611,80da9e1ea1d02046110f6a91c5f01168b046a0a5dcf3f0d008982f9ee0e1273f,extracted_source,原始研究或支持材料,text/markdown
full_archive/extracted_sources/return-packet/return-packet/experiments/r5-run-004-sovereign-workspace/logs/central.stderr.log,0,e3b0c44298fc1c149afbf4c8996fb92427ae41e4649b934ca495991b7852b855,extracted_source,原始研究或支持材料,application/octet-stream
full_archive/extracted_sources/return-packet/return-packet/experiments/r5-run-004-sovereign-workspace/logs/central.stdout.log,0,e3b0c44298fc1c149afbf4c8996fb92427ae41e4649b934ca495991b7852b855,extracted_source,原始研究或支持材料,application/octet-stream
full_archive/extracted_sources/return-packet/return-packet/experiments/r5-run-004-sovereign-workspace/logs/honest_coordinator_finalize.stderr.log,0,e3b0c44298fc1c149afbf4c8996fb92427ae41e4649b934ca495991b7852b855,extracted_source,原始研究或支持材料,application/octet-stream
full_archive/extracted_sources/return-packet/return-packet/experiments/r5-run-004-sovereign-workspace/logs/honest_coordinator_finalize.stdout.log,0,e3b0c44298fc1c149afbf4c8996fb92427ae41e4649b934ca495991b7852b855,extracted_source,原始研究或支持材料,application/octet-stream
full_archive/extracted_sources/return-packet/return-packet/experiments/r5-run-004-sovereign-workspace/logs/honest_coordinator_preflight.stderr.log,0,e3b0c44298fc1c149afbf4c8996fb92427ae41e4649b934ca495991b7852b855,extracted_source,原始研究或支持材料,application/octet-stream
full_archive/extracted_sources/return-packet/return-packet/experiments/r5-run-004-sovereign-workspace/logs/honest_coordinator_preflight.stdout.log,0,e3b0c44298fc1c149afbf4c8996fb92427ae41e4649b934ca495991b7852b855,extracted_source,原始研究或支持材料,application/octet-stream
full_archive/extracted_sources/return-packet/return-packet/experiments/r5-run-004-sovereign-workspace/logs/honest_producer.stderr.log,0,e3b0c44298fc1c149afbf4c8996fb92427ae41e4649b934ca495991b7852b855,extracted_source,原始研究或支持材料,application/octet-stream
full_archive/extracted_sources/return-packet/return-packet/experiments/r5-run-004-sovereign-workspace/logs/honest_producer.stdout.log,0,e3b0c44298fc1c149afbf4c8996fb92427ae41e4649b934ca495991b7852b855,extracted_source,原始研究或支持材料,application/octet-stream
full_archive/extracted_sources/return-packet/return-packet/experiments/r5-run-004-sovereign-workspace/logs/honest_validator.stderr.log,0,e3b0c44298fc1c149afbf4c8996fb92427ae41e4649b934ca495991b7852b855,extracted_source,原始研究或支持材料,application/octet-stream
full_archive/extracted_sources/return-packet/return-packet/experiments/r5-run-004-sovereign-workspace/logs/honest_validator.stdout.log,0,e3b0c44298fc1c149afbf4c8996fb92427ae41e4649b934ca495991b7852b855,extracted_source,原始研究或支持材料,application/octet-stream
full_archive/extracted_sources/return-packet/return-packet/experiments/r5-run-004-sovereign-workspace/logs/tamper_coordinator_finalize.stderr.log,0,e3b0c44298fc1c149afbf4c8996fb92427ae41e4649b934ca495991b7852b855,extracted_source,原始研究或支持材料,application/octet-stream
full_archive/extracted_sources/return-packet/return-packet/experiments/r5-run-004-sovereign-workspace/logs/tamper_coordinator_finalize.stdout.log,0,e3b0c44298fc1c149afbf4c8996fb92427ae41e4649b934ca495991b7852b855,extracted_source,原始研究或支持材料,application/octet-stream
full_archive/extracted_sources/return-packet/return-packet/experiments/r5-run-004-sovereign-workspace/logs/tamper_coordinator_preflight.stderr.log,0,e3b0c44298fc1c149afbf4c8996fb92427ae41e4649b934ca495991b7852b855,extracted_source,原始研究或支持材料,application/octet-stream
full_archive/extracted_sources/return-packet/return-packet/experiments/r5-run-004-sovereign-workspace/logs/tamper_coordinator_preflight.stdout.log,0,e3b0c44298fc1c149afbf4c8996fb92427ae41e4649b934ca495991b7852b855,extracted_source,原始研究或支持材料,application/octet-stream
full_archive/extracted_sources/return-packet/return-packet/experiments/r5-run-004-sovereign-workspace/logs/tamper_producer.stderr.log,0,e3b0c44298fc1c149afbf4c8996fb92427ae41e4649b934ca495991b7852b855,extracted_source,原始研究或支持材料,application/octet-stream
full_archive/extracted_sources/return-packet/return-packet/experiments/r5-run-004-sovereign-workspace/logs/tamper_producer.stdout.log,0,e3b0c44298fc1c149afbf4c8996fb92427ae41e4649b934ca495991b7852b855,extracted_source,原始研究或支持材料,application/octet-stream
full_archive/extracted_sources/return-packet/return-packet/experiments/r5-run-004-sovereign-workspace/logs/tamper_validator.stderr.log,0,e3b0c44298fc1c149afbf4c8996fb92427ae41e4649b934ca495991b7852b855,extracted_source,原始研究或支持材料,application/octet-stream
full_archive/extracted_sources/return-packet/return-packet/experiments/r5-run-004-sovereign-workspace/logs/tamper_validator.stdout.log,0,e3b0c44298fc1c149afbf4c8996fb92427ae41e4649b934ca495991b7852b855,extracted_source,原始研究或支持材料,application/octet-stream
full_archive/extracted_sources/return-packet/return-packet/experiments/r5-run-004-sovereign-workspace/outputs/costs.json,250,95754480d3bcccd66f0d868a7d91f04ea9862ae9064a7a05e63eed5bb8b7e359,extracted_source,原始研究或支持材料,application/json
full_archive/extracted_sources/return-packet/return-packet/experiments/r5-run-004-sovereign-workspace/outputs/honest_public/capability_cards.json,158,c7476847bd3996061d96e274ea2539a76436f77c126f55b9077dcf7fbb793496,extracted_source,原始研究或支持材料,application/json
full_archive/extracted_sources/return-packet/return-packet/experiments/r5-run-004-sovereign-workspace/outputs/honest_public/producer.ed25519.public,32,674dc53affa0fd29101307dd2434e95917fb32aafc16a7de37c00379bbf1cd44,extracted_source,原始研究或支持材料,application/octet-stream
full_archive/extracted_sources/return-packet/return-packet/experiments/r5-run-004-sovereign-workspace/outputs/honest_public/report.json,1813,d7f09484b5b4be2b290f92533dcf8ec10003192cc83512d1304454f518d479e4,extracted_source,原始研究或支持材料,application/json
full_archive/extracted_sources/return-packet/return-packet/experiments/r5-run-004-sovereign-workspace/outputs/honest_public/report.sig,89,a6b89b353660dc007e5dbfa5511d9e87afabd5631955704ec42e1b2bcbdb35e6,extracted_source,原始研究或支持材料,application/pgp-signature
full_archive/extracted_sources/return-packet/return-packet/experiments/r5-run-004-sovereign-workspace/outputs/honest_public/request.json,114,ddd1a315bbd497aae3ae210111896b1edb28fb3c80e8d9ce34ac6b2b1cdf9a58,extracted_source,原始研究或支持材料,application/json
full_archive/extracted_sources/return-packet/return-packet/experiments/r5-run-004-sovereign-workspace/outputs/honest_public/validator.ed25519.public,32,f1c90033844fdb22c113178d14b07471c39be3f8c1c9faa33cf9e9c02ed006e1,extracted_source,原始研究或支持材料,application/octet-stream
full_archive/extracted_sources/return-packet/return-packet/experiments/r5-run-004-sovereign-workspace/outputs/honest_public/verdict.json,185,9357a0a78f5e2e429ba92fe9091de1353357aef9d36eadd5dec790b60ffd33d6,extracted_source,原始研究或支持材料,application/json
full_archive/extracted_sources/return-packet/return-packet/experiments/r5-run-004-sovereign-workspace/outputs/honest_public/verdict.sig,89,1dd28d90797f707a7403b1e92ad23e3b123f5503aa3f420de11d9ca0a12933d9,extracted_source,原始研究或支持材料,application/pgp-signature
full_archive/extracted_sources/return-packet/return-packet/experiments/r5-run-004-sovereign-workspace/outputs/observed_cost_and_classification_correction.json,1404,2651d62b146b82cce5467be111d12128ce8a909345dc0e21827f80cb04f71367,extracted_source,原始研究或支持材料,application/json
full_archive/extracted_sources/return-packet/return-packet/experiments/r5-run-004-sovereign-workspace/outputs/records.json,7493,9c6da00b429778154c7a411f7a69bb9fc86ed2a5f5f3ba3d58f4cd83082a04b9,extracted_source,原始研究或支持材料,application/json
full_archive/extracted_sources/return-packet/return-packet/experiments/r5-run-004-sovereign-workspace/outputs/summary.json,1709,e17ec7ee4ead57f80d9051defa28dee977169a9c7511012407f02ca9c5e5e392,extracted_source,原始研究或支持材料,application/json
full_archive/extracted_sources/return-packet/return-packet/experiments/r5-run-004-sovereign-workspace/outputs/tampered_public/capability_cards.json,158,c7476847bd3996061d96e274ea2539a76436f77c126f55b9077dcf7fbb793496,extracted_source,原始研究或支持材料,application/json
full_archive/extracted_sources/return-packet/return-packet/experiments/r5-run-004-sovereign-workspace/outputs/tampered_public/producer.ed25519.public,32,55dcfd26db13dba718d5f2ee4d47aea73cdfe81fb5231cb1e7f4f24067026ab0,extracted_source,原始研究或支持材料,application/octet-stream
full_archive/extracted_sources/return-packet/return-packet/experiments/r5-run-004-sovereign-workspace/outputs/tampered_public/report.json,1813,d7de2f7775598be3785684365ad9b9c5b4606d84f2c09c3111926c83b72f608e,extracted_source,原始研究或支持材料,application/json
full_archive/extracted_sources/return-packet/return-packet/experiments/r5-run-004-sovereign-workspace/outputs/tampered_public/report.sig,89,350e5e6c6896ad24177ee062844e854bb76642213212e9c619326c79df152db9,extracted_source,原始研究或支持材料,application/pgp-signature
full_archive/extracted_sources/return-packet/return-packet/experiments/r5-run-004-sovereign-workspace/outputs/tampered_public/request.json,114,ddd1a315bbd497aae3ae210111896b1edb28fb3c80e8d9ce34ac6b2b1cdf9a58,extracted_source,原始研究或支持材料,application/json
full_archive/extracted_sources/return-packet/return-packet/experiments/r5-run-004-sovereign-workspace/outputs/tampered_public/validator.ed25519.public,32,422c42b070f0be7e1e6665504e08cbfb1df60fc51af4d1e6abb1977676827072,extracted_source,原始研究或支持材料,application/octet-stream
full_archive/extracted_sources/return-packet/return-packet/experiments/r5-run-004-sovereign-workspace/outputs/tampered_public/verdict.json,206,04c281d6f7dc373acb1d27fab70d127e0baf529be8514abeec78b8347a27d519,extracted_source,原始研究或支持材料,application/json
full_archive/extracted_sources/return-packet/return-packet/experiments/r5-run-004-sovereign-workspace/outputs/tampered_public/verdict.sig,89,7214272319c0329ad2e0e10f0a7fcbe8bd71a00a0ca486790b0dbf9afa92eb16,extracted_source,原始研究或支持材料,application/pgp-signature
full_archive/extracted_sources/return-packet/return-packet/experiments/r5-run-004-sovereign-workspace/run.json,6325,81942164700272f2150a746e059cd8552effaf2242b77c8065deeb8fe9d241da,extracted_source,原始研究或支持材料,application/json
full_archive/extracted_sources/return-packet/return-packet/experiments/smoke/CODEX_LOCAL_SMOKE_RESULT.json,2384,801e8d0b3b2c9dcb39a1999849721cd0b5eeddc59333163f8eb191e72a32c456,extracted_source,原始研究或支持材料,application/json
full_archive/extracted_sources/return-packet/return-packet/failures/FAILURE_INDEX.md,767,804a966b57fbd86d28691c0cec5dd2b6a9e5a456e1ef26efec00508a21bb50ce,extracted_source,原始研究或支持材料,text/markdown
full_archive/extracted_sources/return-packet/return-packet/failures/r5-run-004/ATTEMPT_1_BOUNDARY_BYPASS.md,366,c22a1a49329ee20be4672ffeacf67b3bfbaa565d3c8c73a939bf8c38edbaf4cc,extracted_source,原始研究或支持材料,text/markdown
full_archive/extracted_sources/return-packet/return-packet/failures/r5-run-004/ATTEMPT_2_RESOURCE_IDENTITY.md,339,443dcf0423ed6ed219dfea782e323044073ae49b7f9804b53800aacfcaf6e112,extracted_source,原始研究或支持材料,text/markdown
full_archive/extracted_sources/return-packet/return-packet/git/baseline.txt,225,b85724ac3cca509ba007ef3b4d3a7a7e2a869244d5224af8cc5e0803de3893e5,extracted_source,原始研究或支持材料,text/plain
full_archive/extracted_sources/return-packet/return-packet/git/changes.patch,79758,e398cbe69777fc22abd5baf2d6b7dadfdb5d3612a517de520b18d93e022d3a7d,extracted_source,原始研究或支持材料,text/x-diff
full_archive/extracted_sources/return-packet/return-packet/git/commits.txt,68,354d4eb912f92033520582e944438be3fbb68d5ecc677ba1ca5b8a2db5dc40ce,extracted_source,原始研究或支持材料,text/plain
full_archive/extracted_sources/return-packet/return-packet/git/final.txt,279,a3780add5589249422640b04652e6e97d318a0ed31e775fda6bf4fb68065e6f5,extracted_source,原始研究或支持材料,text/plain
full_archive/extracted_sources/return-packet/return-packet/git/status.txt,2202,87019e7f2c236d2b439c95c8d03eb3665c9235b35ab0fa430f7f62464709c14d,extracted_source,原始研究或支持材料,text/plain
full_archive/extracted_sources/return-packet/return-packet/independent_reviews/OPEN_REVIEW.md,2046,e09caf8be26591d6ed249032469d206f285287d0c999cc8ac5b35bc290700f5e,extracted_source,原始研究或支持材料,text/markdown
full_archive/extracted_sources/return-packet/return-packet/independent_reviews/OPEN_REVIEW_RESULT.json,1241,da363a7d4ac3b6408f8b800dea91cd7842e738440d80df5b19d11efe391df915,extracted_source,原始研究或支持材料,application/json
full_archive/extracted_sources/return-packet/return-packet/independent_reviews/open_review_verifier.py,9963,fb6763bcef0c69dc172c6000b2bf87e0b49add9819e27996a0a50a82ce7b646a,extracted_source,原始研究或支持材料,text/x-python
full_archive/extracted_sources/towow-a2a-r5-4-return-packet/return-packet/ARCHITECTURE_AND_NET_VALUE.md,3212,d740400b255b5eb27f417ae592144cd4a67d28830af5bebe4b80745535808109,extracted_source,真实模型协商负对照与成本分析,text/markdown
full_archive/extracted_sources/towow-a2a-r5-4-return-packet/return-packet/CLAIM_EVIDENCE_UPDATE.csv,3905,cb9c5993827d272581ca6dd0d7146286052cfb40c3a779fa1ed6ad3020b73550,extracted_source,真实模型协商负对照与成本分析,text/csv
full_archive/extracted_sources/towow-a2a-r5-4-return-packet/return-packet/CORE_A2A_EXPERIMENT.md,4255,c39b566e7014c1e37968cd99ae446139966df056d6d57dd9069e9e5e40eccff0,extracted_source,真实模型协商负对照与成本分析,text/markdown
full_archive/extracted_sources/towow-a2a-r5-4-return-packet/return-packet/CURRENT_SYSTEM_PATCH.md,2702,99acd36cb45d3f4e51bc1744cb9875346bff59865a440f6b054a592d2447cc79,extracted_source,真实模型协商负对照与成本分析,text/markdown
full_archive/extracted_sources/towow-a2a-r5-4-return-packet/return-packet/DECISION_LOG.md,5738,4745826513f915518aafe860de08c542ec31840bde458aa7a690aa312351aded,extracted_source,真实模型协商负对照与成本分析,text/markdown
full_archive/extracted_sources/towow-a2a-r5-4-return-packet/return-packet/ENVIRONMENT_FACTS.json,1394,c13b53b3e198750ca72292303ca0a47227f876cbee29f11ddf49391026f0c650,extracted_source,真实模型协商负对照与成本分析,application/json
full_archive/extracted_sources/towow-a2a-r5-4-return-packet/return-packet/EXECUTIVE_FINDINGS.md,4012,c66243fffb4ce5adca486139227b5f87cf34acaccec395e8ee339ffa3cc5e9eb,extracted_source,真实模型协商负对照与成本分析,text/markdown
full_archive/extracted_sources/towow-a2a-r5-4-return-packet/return-packet/FORMATION_CAUSALITY.md,3082,882d3eedfa83a49040bc9130bac836230fbff23daf9669530537516750785751,extracted_source,真实模型协商负对照与成本分析,text/markdown
full_archive/extracted_sources/towow-a2a-r5-4-return-packet/return-packet/NEXT_RESEARCH_ACTIONS.md,1164,bf19cd004497a7a03cb951a48855c6c8758c57a687e4caa3ff5ff80ad937856a,extracted_source,真实模型协商负对照与成本分析,text/markdown
full_archive/extracted_sources/towow-a2a-r5-4-return-packet/return-packet/RESEARCH_STATE.yaml,5808,bdcff79bc4387b1c2d35b6bab084780b2a752fc69030f0046626ceff21ad96fa,extracted_source,真实模型协商负对照与成本分析,application/yaml
full_archive/extracted_sources/towow-a2a-r5-4-return-packet/return-packet/RESULT_CLASSIFICATION.csv,2756,a463a426029a48901693b292e4254b9b842bb4a3d84f814c6510064e4ec86c35,extracted_source,真实模型协商负对照与成本分析,text/csv
full_archive/extracted_sources/towow-a2a-r5-4-return-packet/return-packet/THEORY_ENGINEERING_CHANGELOG.md,1197,c038545c7a158efcb2e88003437b8f0fe3b255354e885eccb11f76c6e4644bd2,extracted_source,真实模型协商负对照与成本分析,text/markdown
full_archive/extracted_sources/towow-a2a-r5-4-return-packet/return-packet/blockers/README.md,586,c8699c00d8d346518fb0644f295a1a6bf1b81f67e6b678fb352ba1c98a4db082,extracted_source,真实模型协商负对照与成本分析,text/markdown
full_archive/extracted_sources/towow-a2a-r5-4-return-packet/return-packet/code_changes/README.md,855,0bf68916753672effef83dc107b01f5ab5bf396dd83100c6fe08769a96218471,extracted_source,真实模型协商负对照与成本分析,text/markdown
full_archive/extracted_sources/towow-a2a-r5-4-return-packet/return-packet/code_changes/a2a-null-source-counterfactual.patch,24597,d79b36c2b14b2bca065cf18303689c1d60e44d2193e7e8ffc0f6c34c0fb15f9a,extracted_source,真实模型协商负对照与成本分析,text/x-diff
full_archive/extracted_sources/towow-a2a-r5-4-return-packet/return-packet/code_changes/hidden-oracle-cumulative.patch,127717,d5e9cbf57fd17fec75e289033272261ce247ad69b14177e82c04e902accbd466,extracted_source,真实模型协商负对照与成本分析,text/x-diff
full_archive/extracted_sources/towow-a2a-r5-4-return-packet/return-packet/code_changes/static-exact.patch,14186,50c6d098a89859e9db43428b1e944a632704e3eeeaecf349eb8e4c40862a7ccd,extracted_source,真实模型协商负对照与成本分析,text/x-diff
full_archive/extracted_sources/towow-a2a-r5-4-return-packet/return-packet/code_changes/static-path-normalized.patch,14358,2502a087cf71c4e7a25ef0f95ae364be42c0c7511ca73bb64a59ece6371e27a6,extracted_source,真实模型协商负对照与成本分析,text/x-diff
full_archive/extracted_sources/towow-a2a-r5-4-return-packet/return-packet/experiments/MODEL_COSTS.json,12066,0c81a851cd9e3bb1977a88b808c407bd0f5ca132509f60677a4edb20d8c186b4,extracted_source,真实模型协商负对照与成本分析,application/json
full_archive/extracted_sources/towow-a2a-r5-4-return-packet/return-packet/experiments/r5-4-run-001-source-identity/acceptance.json,1805,9258bc3734893ede235596df23222b74f40efdb162008a6002213c70eed8f101,extracted_source,真实模型协商负对照与成本分析,application/json
full_archive/extracted_sources/towow-a2a-r5-4-return-packet/return-packet/experiments/r5-4-run-001-source-identity/analysis.md,2313,a6bd8547821432f575dbe8713e2e013875b531e1ccadc79497b45266bfb0e8f8,extracted_source,真实模型协商负对照与成本分析,text/markdown
full_archive/extracted_sources/towow-a2a-r5-4-return-packet/return-packet/experiments/r5-4-run-001-source-identity/boundary_and_disclosure.json,2116,bd85b6cae9736da16016905018b74fee4776f75f6fd814ebb1fdb302998764f3,extracted_source,真实模型协商负对照与成本分析,application/json
full_archive/extracted_sources/towow-a2a-r5-4-return-packet/return-packet/experiments/r5-4-run-001-source-identity/costs.json,2005,7e8f59d00e7ca7edac27561630196e52a8a7a95dc9700959b72800bb3ffb981d,extracted_source,真实模型协商负对照与成本分析,application/json
full_archive/extracted_sources/towow-a2a-r5-4-return-packet/return-packet/experiments/r5-4-run-001-source-identity/evaluators/test_null_source_contract.py,5103,f08870607aa42cc99bd757707cbd79ada7d233387fb44456ae712edf926c7756,extracted_source,真实模型协商负对照与成本分析,text/x-python
full_archive/extracted_sources/towow-a2a-r5-4-return-packet/return-packet/experiments/r5-4-run-001-source-identity/experiment_record.json,4889,3655974a8711c7dfcc1fcecff57f538a20a8a258e162b685c2c813548782ee34,extracted_source,真实模型协商负对照与成本分析,application/json
full_archive/extracted_sources/towow-a2a-r5-4-return-packet/return-packet/experiments/r5-4-run-001-source-identity/formation_episode.json,3837,de0f8852782168a335b38c048c7f6392d2a7963f7d08e7d43a99954cff11b3e8,extracted_source,真实模型协商负对照与成本分析,application/json
full_archive/extracted_sources/towow-a2a-r5-4-return-packet/return-packet/experiments/r5-4-run-001-source-identity/formation_episode.md,3820,61c4cc4064886b26674119af030551e90057b39730ebdb5d929eeea4170f38d0,extracted_source,真实模型协商负对照与成本分析,text/markdown
full_archive/extracted_sources/towow-a2a-r5-4-return-packet/return-packet/experiments/r5-4-run-001-source-identity/human_interventions.jsonl,1218,c01a95fd88d0c5e74ee097ef068bcfbd805c6754e86fd6b18deb8a9dd9ebc51d,extracted_source,真实模型协商负对照与成本分析,application/octet-stream
full_archive/extracted_sources/towow-a2a-r5-4-return-packet/return-packet/experiments/r5-4-run-001-source-identity/hypothesis.md,2059,de5e75bba90c66fac91152a65b53b3758db6b3b021032cf86e059073cf52480e,extracted_source,真实模型协商负对照与成本分析,text/markdown
full_archive/extracted_sources/towow-a2a-r5-4-return-packet/return-packet/experiments/r5-4-run-001-source-identity/inputs/agent_a_private.md,692,0b39b243a37225c5b969ce0a7bffc95dda574c4c51aa8ba359876678b49b39bd,extracted_source,真实模型协商负对照与成本分析,text/markdown
full_archive/extracted_sources/towow-a2a-r5-4-return-packet/return-packet/experiments/r5-4-run-001-source-identity/inputs/agent_a_private.md.enc,975,b451a3e0ed5234eb74319366c7d7e04e6e1e34e479c84d3f08193dc688ca8d37,extracted_source,真实模型协商负对照与成本分析,application/octet-stream
full_archive/extracted_sources/towow-a2a-r5-4-return-packet/return-packet/experiments/r5-4-run-001-source-identity/inputs/agent_b_private.md,867,d28798282eae8861dfe5094a2f12df4fc9125469bd5140c5860b1e0df1ec2a55,extracted_source,真实模型协商负对照与成本分析,text/markdown
full_archive/extracted_sources/towow-a2a-r5-4-return-packet/return-packet/experiments/r5-4-run-001-source-identity/inputs/agent_b_private.md.enc,1215,49cd5506fe9290f015fcf400a8ca565533236ed5bc42bbfd1218f5a5791eb2d2,extracted_source,真实模型协商负对照与成本分析,application/octet-stream
full_archive/extracted_sources/towow-a2a-r5-4-return-packet/return-packet/experiments/r5-4-run-001-source-identity/inputs/conformance_a.md,211,47408daa433ca58be372a1751ab182756da82b8c1baabb375ba9db3acefb2a14,extracted_source,真实模型协商负对照与成本分析,text/markdown
full_archive/extracted_sources/towow-a2a-r5-4-return-packet/return-packet/experiments/r5-4-run-001-source-identity/inputs/conformance_b.md,211,75a694f5e7f964d0db3c9894248da1416deeb7eedf7b45f39fe359a9f2b8ccf7,extracted_source,真实模型协商负对照与成本分析,text/markdown
full_archive/extracted_sources/towow-a2a-r5-4-return-packet/return-packet/experiments/r5-4-run-001-source-identity/inputs/mixed_legacy_identity_fixture.json,606,b139d63bf86fb8290a207b1969e0380c4c6be5196b4736ebe339435bab249a8b,extracted_source,真实模型协商负对照与成本分析,application/json
full_archive/extracted_sources/towow-a2a-r5-4-return-packet/return-packet/experiments/r5-4-run-001-source-identity/inputs/public_problem.md,859,f4118040cdff425c336b342e41b13e16e0b90f547bff1a643ac39b096a33a73a,extracted_source,真实模型协商负对照与成本分析,text/markdown
full_archive/extracted_sources/towow-a2a-r5-4-return-packet/return-packet/experiments/r5-4-run-001-source-identity/inputs/static_capability_card.md,672,346a2991295b03914589752176460ac562b9a70dd3a80b48a0777a4b6d6f6fdd,extracted_source,真实模型协商负对照与成本分析,text/markdown
full_archive/extracted_sources/towow-a2a-r5-4-return-packet/return-packet/experiments/r5-4-run-001-source-identity/outputs/static-exact.patch,14186,50c6d098a89859e9db43428b1e944a632704e3eeeaecf349eb8e4c40862a7ccd,extracted_source,真实模型协商负对照与成本分析,text/x-diff
full_archive/extracted_sources/towow-a2a-r5-4-return-packet/return-packet/experiments/r5-4-run-001-source-identity/outputs/static-patch-extraction.json,758,08122fa9e0b61ce6adbde014ad3a02cef15e91c5ee7fa0c8775fc0d7c7c08caa,extracted_source,真实模型协商负对照与成本分析,application/json
full_archive/extracted_sources/towow-a2a-r5-4-return-packet/return-packet/experiments/r5-4-run-001-source-identity/outputs/static-path-normalized.patch,14358,2502a087cf71c4e7a25ef0f95ae364be42c0c7511ca73bb64a59ece6371e27a6,extracted_source,真实模型协商负对照与成本分析,text/x-diff
full_archive/extracted_sources/towow-a2a-r5-4-return-packet/return-packet/experiments/r5-4-run-001-source-identity/preregistration.json,5095,ba9720027f5d95344e553edfb79c0260a0f625fbd430cadbdb8d9b565df817ec,extracted_source,真实模型协商负对照与成本分析,application/json
full_archive/extracted_sources/towow-a2a-r5-4-return-packet/return-packet/experiments/r5-4-run-001-source-identity/prompts/a2a_a_round1.md,1854,0dcb69ed8ca2a9412063061de439aeb3aec502ba1e64d1385e3a0de5e5d1715f,extracted_source,真实模型协商负对照与成本分析,text/markdown
full_archive/extracted_sources/towow-a2a-r5-4-return-packet/return-packet/experiments/r5-4-run-001-source-identity/prompts/a2a_a_round3.md,10875,96badd2e43d44fe07c6a8d3c3fab26a7da923c0d281c3e87278bca1dae5468e2,extracted_source,真实模型协商负对照与成本分析,text/markdown
full_archive/extracted_sources/towow-a2a-r5-4-return-packet/return-packet/experiments/r5-4-run-001-source-identity/prompts/a2a_a_round5.md,12984,b4c06ca2c5899120547180a157be500970749fa88e3b26df93d87494e7d276a1,extracted_source,真实模型协商负对照与成本分析,text/markdown
full_archive/extracted_sources/towow-a2a-r5-4-return-packet/return-packet/experiments/r5-4-run-001-source-identity/prompts/a2a_b_round2.md,5721,92575b23b467ebac9ef8d1792947fb6c55920c28b98a3bf6d84b048e01dbf8b6,extracted_source,真实模型协商负对照与成本分析,text/markdown
full_archive/extracted_sources/towow-a2a-r5-4-return-packet/return-packet/experiments/r5-4-run-001-source-identity/prompts/a2a_b_round4.md,9705,16cc05f146113359f3c3b0ee17508f507d2228dc22973037daf0211632ba2f76,extracted_source,真实模型协商负对照与成本分析,text/markdown
full_archive/extracted_sources/towow-a2a-r5-4-return-packet/return-packet/experiments/r5-4-run-001-source-identity/prompts/a2a_b_round6.md,10926,292ed855686445ae4edae84c9c2aeb40a96558ba9e75ce7fd83cda8e6a08ef5e,extracted_source,真实模型协商负对照与成本分析,text/markdown
full_archive/extracted_sources/towow-a2a-r5-4-return-packet/return-packet/experiments/r5-4-run-001-source-identity/prompts/central_a_report.md,1109,31cfce9b1eb9874e52a0829bbcfbe83deaad2451708b8c40ec49ef2a30425306,extracted_source,真实模型协商负对照与成本分析,text/markdown
full_archive/extracted_sources/towow-a2a-r5-4-return-packet/return-packet/experiments/r5-4-run-001-source-identity/prompts/central_b_report.md,1284,d16103cdc6faa35df10afc3a80073bac1f6cc14167ca22e0512f948d68be3729,extracted_source,真实模型协商负对照与成本分析,text/markdown
full_archive/extracted_sources/towow-a2a-r5-4-return-packet/return-packet/experiments/r5-4-run-001-source-identity/prompts/central_builder.md,44979,8e1fbd00fbd592208a3c4eb3b1bf68baa1f1d6b56ba4f750952fd0495dfae6b2,extracted_source,真实模型协商负对照与成本分析,text/markdown
full_archive/extracted_sources/towow-a2a-r5-4-return-packet/return-packet/experiments/r5-4-run-001-source-identity/prompts/public_source.txt,36525,b3856684951dfc98ae048bd6074541407d24f48dc36a15c047aa1948cd9d5023,extracted_source,真实模型协商负对照与成本分析,text/plain
full_archive/extracted_sources/towow-a2a-r5-4-return-packet/return-packet/experiments/r5-4-run-001-source-identity/prompts/static_builder.md,38394,45b1cec99cb6f2eb02fe795f554bbbfed3ad5f2d7873e51d92882db18d777f9c,extracted_source,真实模型协商负对照与成本分析,text/markdown
full_archive/extracted_sources/towow-a2a-r5-4-return-packet/return-packet/experiments/r5-4-run-001-source-identity/run.json,1450,567fd396514f498876c6bf6b0ee401f392b1b9dd0d3d34052036694eb487eff7,extracted_source,真实模型协商负对照与成本分析,application/json
full_archive/extracted_sources/towow-a2a-r5-4-return-packet/return-packet/experiments/r5-4-run-001-source-identity/traces/central/builder/parsed.json,1775,81c27531092454cd4b5d63affb3b36b49fbdd3a374cc2dac7a76d7f235f6b79d,extracted_source,真实模型协商负对照与成本分析,application/json
full_archive/extracted_sources/towow-a2a-r5-4-return-packet/return-packet/experiments/r5-4-run-001-source-identity/traces/central/builder/request.json,860,09fc84fc339989f5834f7a05c0c0116cd662cdb8a4e3f0f813be1ebbdb2cb15e,extracted_source,真实模型协商负对照与成本分析,application/json
full_archive/extracted_sources/towow-a2a-r5-4-return-packet/return-packet/experiments/r5-4-run-001-source-identity/traces/central/builder/stderr.txt,0,e3b0c44298fc1c149afbf4c8996fb92427ae41e4649b934ca495991b7852b855,extracted_source,真实模型协商负对照与成本分析,text/plain
full_archive/extracted_sources/towow-a2a-r5-4-return-packet/return-packet/experiments/r5-4-run-001-source-identity/traces/central/builder/stdout.json,1412,beba8ef7b45070cce80d6774724860c3cadbdec050101dbf0b6fc618109b729c,extracted_source,真实模型协商负对照与成本分析,application/json
full_archive/extracted_sources/towow-a2a-r5-4-return-packet/return-packet/experiments/r5-4-run-001-source-identity/traces/central/owner_a_report/parsed.json,9611,c43de04d5defd689076ca3f6608a4073ea584350f0c1310f65f982660ccf026f,extracted_source,真实模型协商负对照与成本分析,application/json
full_archive/extracted_sources/towow-a2a-r5-4-return-packet/return-packet/experiments/r5-4-run-001-source-identity/traces/central/owner_a_report/request.json,865,fc7d1ecabc00f44c9014eba523928d8ff5468609e534e5b8ee163a7c7ad2a02c,extracted_source,真实模型协商负对照与成本分析,application/json
full_archive/extracted_sources/towow-a2a-r5-4-return-packet/return-packet/experiments/r5-4-run-001-source-identity/traces/central/owner_a_report/stderr.txt,0,e3b0c44298fc1c149afbf4c8996fb92427ae41e4649b934ca495991b7852b855,extracted_source,真实模型协商负对照与成本分析,text/plain
full_archive/extracted_sources/towow-a2a-r5-4-return-packet/return-packet/experiments/r5-4-run-001-source-identity/traces/central/owner_a_report/stdout.json,8701,1466634c3ff9b3c43fce129d956ca52b6b6ffaa7ec38c3ad50bef2e471eb5e8a,extracted_source,真实模型协商负对照与成本分析,application/json
full_archive/extracted_sources/towow-a2a-r5-4-return-packet/return-packet/experiments/r5-4-run-001-source-identity/traces/central/owner_b_report/parsed.json,10703,bc9ab806b3cf2e9afc34593239a02d87a00ff90bb14ec2e15eac32e8f422c0aa,extracted_source,真实模型协商负对照与成本分析,application/json
full_archive/extracted_sources/towow-a2a-r5-4-return-packet/return-packet/experiments/r5-4-run-001-source-identity/traces/central/owner_b_report/request.json,865,f11bc203431bd64cd87ae5c461c210655726577e99b42cdaf7cdcc57a63b93bb,extracted_source,真实模型协商负对照与成本分析,application/json
full_archive/extracted_sources/towow-a2a-r5-4-return-packet/return-packet/experiments/r5-4-run-001-source-identity/traces/central/owner_b_report/stderr.txt,0,e3b0c44298fc1c149afbf4c8996fb92427ae41e4649b934ca495991b7852b855,extracted_source,真实模型协商负对照与成本分析,text/plain
full_archive/extracted_sources/towow-a2a-r5-4-return-packet/return-packet/experiments/r5-4-run-001-source-identity/traces/central/owner_b_report/stdout.json,9758,101a4e4469322524aa3e9f40e2cd672fe9f89b09502d5241fa57f6c343324e83,extracted_source,真实模型协商负对照与成本分析,application/json
full_archive/extracted_sources/towow-a2a-r5-4-return-packet/return-packet/experiments/r5-4-run-001-source-identity/traces/conformance/a/parsed.json,143,4c32ce92c5982053dc3eb8340b1e117fe002fcb7b587510a3b5b63af8223188d,extracted_source,真实模型协商负对照与成本分析,application/json
full_archive/extracted_sources/towow-a2a-r5-4-return-packet/return-packet/experiments/r5-4-run-001-source-identity/traces/conformance/a/request.json,853,f5326391c7a8a3ca31515a8530354d41331db0d1ead47766a4c4d0ae8606818c,extracted_source,真实模型协商负对照与成本分析,application/json
full_archive/extracted_sources/towow-a2a-r5-4-return-packet/return-packet/experiments/r5-4-run-001-source-identity/traces/conformance/a/stderr.txt,122,d8a1e758a0885d376f7a2457d829c53f27040ef929246fb4e28105670fb743de,extracted_source,真实模型协商负对照与成本分析,text/plain
full_archive/extracted_sources/towow-a2a-r5-4-return-packet/return-packet/experiments/r5-4-run-001-source-identity/traces/conformance/a/stdout.json,0,e3b0c44298fc1c149afbf4c8996fb92427ae41e4649b934ca495991b7852b855,extracted_source,真实模型协商负对照与成本分析,application/json
full_archive/extracted_sources/towow-a2a-r5-4-return-packet/return-packet/experiments/r5-4-run-001-source-identity/traces/conformance/a-attempt3/parsed.json,1001,1514006a05565ee0f4e218a19ec152b269cef5fbf371dced715357b54a28a030,extracted_source,真实模型协商负对照与成本分析,application/json
full_archive/extracted_sources/towow-a2a-r5-4-return-packet/return-packet/experiments/r5-4-run-001-source-identity/traces/conformance/a-attempt3/request.json,852,36d74f80050f68c99c8e3527f83f283aab25088c97c2f762fe67889a20f65b95,extracted_source,真实模型协商负对照与成本分析,application/json
full_archive/extracted_sources/towow-a2a-r5-4-return-packet/return-packet/experiments/r5-4-run-001-source-identity/traces/conformance/a-attempt3/stderr.txt,0,e3b0c44298fc1c149afbf4c8996fb92427ae41e4649b934ca495991b7852b855,extracted_source,真实模型协商负对照与成本分析,text/plain
full_archive/extracted_sources/towow-a2a-r5-4-return-packet/return-packet/experiments/r5-4-run-001-source-identity/traces/conformance/a-attempt3/stdout.json,823,c2caab2c2551fa415cbda609f1a88727bcfee2943f57b1fa75fe6c2cd3821f42,extracted_source,真实模型协商负对照与成本分析,application/json
full_archive/extracted_sources/towow-a2a-r5-4-return-packet/return-packet/experiments/r5-4-run-001-source-identity/traces/conformance/a-network-approved/parsed.json,2745,63b716ac9506936cff0362e2bd6ac68e97b1196d08d1dc475b0a4526bc8611c9,extracted_source,真实模型协商负对照与成本分析,application/json
full_archive/extracted_sources/towow-a2a-r5-4-return-packet/return-packet/experiments/r5-4-run-001-source-identity/traces/conformance/a-network-approved/request.json,853,2db20e7c2e02c788de5e97e8bb1f0fe65362bd857082c684cbe540413c93d7fc,extracted_source,真实模型协商负对照与成本分析,application/json
full_archive/extracted_sources/towow-a2a-r5-4-return-packet/return-packet/experiments/r5-4-run-001-source-identity/traces/conformance/a-network-approved/stderr.txt,0,e3b0c44298fc1c149afbf4c8996fb92427ae41e4649b934ca495991b7852b855,extracted_source,真实模型协商负对照与成本分析,text/plain
full_archive/extracted_sources/towow-a2a-r5-4-return-packet/return-packet/experiments/r5-4-run-001-source-identity/traces/conformance/a-network-approved/stdout.json,2197,ccd60a836b8232660aefa25d77b9935c3a2a7c4308b8237db5b0d338f4696e4b,extracted_source,真实模型协商负对照与成本分析,application/json
full_archive/extracted_sources/towow-a2a-r5-4-return-packet/return-packet/experiments/r5-4-run-001-source-identity/traces/conformance/b/parsed.json,143,4c32ce92c5982053dc3eb8340b1e117fe002fcb7b587510a3b5b63af8223188d,extracted_source,真实模型协商负对照与成本分析,application/json
full_archive/extracted_sources/towow-a2a-r5-4-return-packet/return-packet/experiments/r5-4-run-001-source-identity/traces/conformance/b/request.json,852,489b1cefdcfac1c80ebf1eead661a6a93ad11ea0a670cf9c4b3c411ca195271c,extracted_source,真实模型协商负对照与成本分析,application/json
full_archive/extracted_sources/towow-a2a-r5-4-return-packet/return-packet/experiments/r5-4-run-001-source-identity/traces/conformance/b/stderr.txt,122,d8a1e758a0885d376f7a2457d829c53f27040ef929246fb4e28105670fb743de,extracted_source,真实模型协商负对照与成本分析,text/plain
full_archive/extracted_sources/towow-a2a-r5-4-return-packet/return-packet/experiments/r5-4-run-001-source-identity/traces/conformance/b/stdout.json,0,e3b0c44298fc1c149afbf4c8996fb92427ae41e4649b934ca495991b7852b855,extracted_source,真实模型协商负对照与成本分析,application/json
full_archive/extracted_sources/towow-a2a-r5-4-return-packet/return-packet/experiments/r5-4-run-001-source-identity/traces/conformance/b-attempt3/parsed.json,1001,ea3aa36c7eb07192fe94f12f64d91d04f4c73173823971ae72053a36edab37b1,extracted_source,真实模型协商负对照与成本分析,application/json
full_archive/extracted_sources/towow-a2a-r5-4-return-packet/return-packet/experiments/r5-4-run-001-source-identity/traces/conformance/b-attempt3/request.json,853,d0dc57fa124220177cec11a03d7a4d7d1fb42a792a5e7c6c787a02916736a19b,extracted_source,真实模型协商负对照与成本分析,application/json
full_archive/extracted_sources/towow-a2a-r5-4-return-packet/return-packet/experiments/r5-4-run-001-source-identity/traces/conformance/b-attempt3/stderr.txt,0,e3b0c44298fc1c149afbf4c8996fb92427ae41e4649b934ca495991b7852b855,extracted_source,真实模型协商负对照与成本分析,text/plain
full_archive/extracted_sources/towow-a2a-r5-4-return-packet/return-packet/experiments/r5-4-run-001-source-identity/traces/conformance/b-attempt3/stdout.json,823,a7d840047a00c56e3d67b5061cfe6ab7f72d0116ac4a083eb35ea6287414e7b9,extracted_source,真实模型协商负对照与成本分析,application/json
full_archive/extracted_sources/towow-a2a-r5-4-return-packet/return-packet/experiments/r5-4-run-001-source-identity/traces/conformance/b-network-approved/parsed.json,2985,224ce7343587e720ee04fde3c0c0be89aded1de135bb5ce28c92587af2149d4a,extracted_source,真实模型协商负对照与成本分析,application/json
full_archive/extracted_sources/towow-a2a-r5-4-return-packet/return-packet/experiments/r5-4-run-001-source-identity/traces/conformance/b-network-approved/request.json,852,c9749f50cdf29ccbfaea28b41449e9b38b2fe7b6813c9771e1fd1e2cf0abb18d,extracted_source,真实模型协商负对照与成本分析,application/json
full_archive/extracted_sources/towow-a2a-r5-4-return-packet/return-packet/experiments/r5-4-run-001-source-identity/traces/conformance/b-network-approved/stderr.txt,0,e3b0c44298fc1c149afbf4c8996fb92427ae41e4649b934ca495991b7852b855,extracted_source,真实模型协商负对照与成本分析,text/plain
full_archive/extracted_sources/towow-a2a-r5-4-return-packet/return-packet/experiments/r5-4-run-001-source-identity/traces/conformance/b-network-approved/stdout.json,2437,56548cd61dc79c89b0cbea38ee57abcea49389b50a3b31d74237a3eee76224a4,extracted_source,真实模型协商负对照与成本分析,application/json
full_archive/extracted_sources/towow-a2a-r5-4-return-packet/return-packet/experiments/r5-4-run-001-source-identity/traces/static/builder/parsed.json,42619,65771937100758f1b8c9f92a6884e3b18040d5032b035bbe81cc798f0d663830,extracted_source,真实模型协商负对照与成本分析,application/json
full_archive/extracted_sources/towow-a2a-r5-4-return-packet/return-packet/experiments/r5-4-run-001-source-identity/traces/static/builder/request.json,859,df13c83ecef89aa175f0adf2e836613a36441f81b45101c5d8b66c290e46311f,extracted_source,真实模型协商负对照与成本分析,application/json
full_archive/extracted_sources/towow-a2a-r5-4-return-packet/return-packet/experiments/r5-4-run-001-source-identity/traces/static/builder/stderr.txt,0,e3b0c44298fc1c149afbf4c8996fb92427ae41e4649b934ca495991b7852b855,extracted_source,真实模型协商负对照与成本分析,text/plain
full_archive/extracted_sources/towow-a2a-r5-4-return-packet/return-packet/experiments/r5-4-run-001-source-identity/traces/static/builder/stdout.json,41848,156590239c364b4bf699d6e5a543ee08fa5d18ac70cd1e7968ae44840c4a7e35,extracted_source,真实模型协商负对照与成本分析,application/json
full_archive/extracted_sources/towow-a2a-r5-4-return-packet/return-packet/experiments/r5-4-run-001-source-identity/transcripts/a2a/round1_a/parsed.json,10406,e4278d297cc228ae54503ef7c84dc068dc34aec534d23ffc046e8ec0a3df5f29,extracted_source,真实模型协商负对照与成本分析,application/json
full_archive/extracted_sources/towow-a2a-r5-4-return-packet/return-packet/experiments/r5-4-run-001-source-identity/transcripts/a2a/round1_a/request.json,857,9fff9b00bfd73328007f2d6f8c9b703e2fc9e2eb16805e82700b6f223b7fef67,extracted_source,真实模型协商负对照与成本分析,application/json
full_archive/extracted_sources/towow-a2a-r5-4-return-packet/return-packet/experiments/r5-4-run-001-source-identity/transcripts/a2a/round1_a/stderr.txt,0,e3b0c44298fc1c149afbf4c8996fb92427ae41e4649b934ca495991b7852b855,extracted_source,真实模型协商负对照与成本分析,text/plain
full_archive/extracted_sources/towow-a2a-r5-4-return-packet/return-packet/experiments/r5-4-run-001-source-identity/transcripts/a2a/round1_a/stdout.json,9482,53b4f7695074d64e9003ebc41e30833b7b5f364ff35d053860399da90821aa5e,extracted_source,真实模型协商负对照与成本分析,application/json
full_archive/extracted_sources/towow-a2a-r5-4-return-packet/return-packet/experiments/r5-4-run-001-source-identity/transcripts/a2a/round2_b/parsed.json,13752,232c0e4b06201b9bf2f7b6eb53f7351129dc37bfb1efc42a06ada31d38528df4,extracted_source,真实模型协商负对照与成本分析,application/json
full_archive/extracted_sources/towow-a2a-r5-4-return-packet/return-packet/experiments/r5-4-run-001-source-identity/transcripts/a2a/round2_b/request.json,857,964d798e3c4bba36f3dff33511a72f2079a2cbe2dbf7467bb55311098e3ca5ad,extracted_source,真实模型协商负对照与成本分析,application/json
full_archive/extracted_sources/towow-a2a-r5-4-return-packet/return-packet/experiments/r5-4-run-001-source-identity/transcripts/a2a/round2_b/stderr.txt,0,e3b0c44298fc1c149afbf4c8996fb92427ae41e4649b934ca495991b7852b855,extracted_source,真实模型协商负对照与成本分析,text/plain
full_archive/extracted_sources/towow-a2a-r5-4-return-packet/return-packet/experiments/r5-4-run-001-source-identity/transcripts/a2a/round2_b/stdout.json,12828,35ea57caa61a31ccc6f4aee7bab0e93a1601873d5264493988029ed4edd5250e,extracted_source,真实模型协商负对照与成本分析,application/json
full_archive/extracted_sources/towow-a2a-r5-4-return-packet/return-packet/experiments/r5-4-run-001-source-identity/transcripts/a2a/round3_a/parsed.json,18409,de2620077572e52d745fdc34815ef89ffb0bb2d23a81bdb24ee3e201c89da30e,extracted_source,真实模型协商负对照与成本分析,application/json
full_archive/extracted_sources/towow-a2a-r5-4-return-packet/return-packet/experiments/r5-4-run-001-source-identity/transcripts/a2a/round3_a/request.json,859,6a9de8390a7667e03ba279471f396a1712bbe74dda3437352f5a97b7a629581e,extracted_source,真实模型协商负对照与成本分析,application/json
full_archive/extracted_sources/towow-a2a-r5-4-return-packet/return-packet/experiments/r5-4-run-001-source-identity/transcripts/a2a/round3_a/stderr.txt,0,e3b0c44298fc1c149afbf4c8996fb92427ae41e4649b934ca495991b7852b855,extracted_source,真实模型协商负对照与成本分析,text/plain
full_archive/extracted_sources/towow-a2a-r5-4-return-packet/return-packet/experiments/r5-4-run-001-source-identity/transcripts/a2a/round3_a/stdout.json,17471,348539318455a28a06068a80302b4ca6e20ffe516d6b31b541195c35841576f6,extracted_source,真实模型协商负对照与成本分析,application/json
full_archive/extracted_sources/towow-a2a-r5-4-return-packet/return-packet/experiments/r5-4-run-001-source-identity/transcripts/a2a/round4_b/parsed.json,9920,a2d0ebac164b4bf743f13b58f9c50b5736c7710452f3795f3022060f00645850,extracted_source,真实模型协商负对照与成本分析,application/json
full_archive/extracted_sources/towow-a2a-r5-4-return-packet/return-packet/experiments/r5-4-run-001-source-identity/transcripts/a2a/round4_b/request.json,857,7475a417d747c71f6db71ade50b7884762d76e2701afa2f4ac92d569bd25fb79,extracted_source,真实模型协商负对照与成本分析,application/json
full_archive/extracted_sources/towow-a2a-r5-4-return-packet/return-packet/experiments/r5-4-run-001-source-identity/transcripts/a2a/round4_b/stderr.txt,0,e3b0c44298fc1c149afbf4c8996fb92427ae41e4649b934ca495991b7852b855,extracted_source,真实模型协商负对照与成本分析,text/plain
full_archive/extracted_sources/towow-a2a-r5-4-return-packet/return-packet/experiments/r5-4-run-001-source-identity/transcripts/a2a/round4_b/stdout.json,9029,21c1e30052233657060fb128919dea1e226506e6545fd909d05241ff6450b625,extracted_source,真实模型协商负对照与成本分析,application/json
full_archive/extracted_sources/towow-a2a-r5-4-return-packet/return-packet/experiments/r5-4-run-001-source-identity/transcripts/a2a/round5_a/parsed.json,20869,f4948d2a7831999cff2ceacd5bdf98007618a54d366315f2634d974554da7e9c,extracted_source,真实模型协商负对照与成本分析,application/json
full_archive/extracted_sources/towow-a2a-r5-4-return-packet/return-packet/experiments/r5-4-run-001-source-identity/transcripts/a2a/round5_a/request.json,859,eb6b3bee5b2e2222a48a9044158659dad63f4f4842b3279bf3a8391ef5aed97b,extracted_source,真实模型协商负对照与成本分析,application/json
full_archive/extracted_sources/towow-a2a-r5-4-return-packet/return-packet/experiments/r5-4-run-001-source-identity/transcripts/a2a/round5_a/stderr.txt,0,e3b0c44298fc1c149afbf4c8996fb92427ae41e4649b934ca495991b7852b855,extracted_source,真实模型协商负对照与成本分析,text/plain
full_archive/extracted_sources/towow-a2a-r5-4-return-packet/return-packet/experiments/r5-4-run-001-source-identity/transcripts/a2a/round5_a/stdout.json,19971,12d1cf0c613373dd60b9826d971985bdd8c597bf817b40fa39fc7e5fad9db9f7,extracted_source,真实模型协商负对照与成本分析,application/json
full_archive/extracted_sources/towow-a2a-r5-4-return-packet/return-packet/experiments/r5-4-run-001-source-identity/transcripts/a2a/round6_b/parsed.json,13351,d28d6ec13e885c7a8a3dc213160fddda5ad8aae44f8dbf82ed51d8e54c310607,extracted_source,真实模型协商负对照与成本分析,application/json
full_archive/extracted_sources/towow-a2a-r5-4-return-packet/return-packet/experiments/r5-4-run-001-source-identity/transcripts/a2a/round6_b/request.json,859,471793c574bb80782db3313f7aff69e796d5e9ece8748008ac473b22850e3627,extracted_source,真实模型协商负对照与成本分析,application/json
full_archive/extracted_sources/towow-a2a-r5-4-return-packet/return-packet/experiments/r5-4-run-001-source-identity/transcripts/a2a/round6_b/stderr.txt,0,e3b0c44298fc1c149afbf4c8996fb92427ae41e4649b934ca495991b7852b855,extracted_source,真实模型协商负对照与成本分析,text/plain
full_archive/extracted_sources/towow-a2a-r5-4-return-packet/return-packet/experiments/r5-4-run-001-source-identity/transcripts/a2a/round6_b/stdout.json,12439,387229ca99ccafc1a5aca217d4d23c0a757902f80bc0f257b89924b0008c0be5,extracted_source,真实模型协商负对照与成本分析,application/json
full_archive/extracted_sources/towow-a2a-r5-4-return-packet/return-packet/experiments/r5-4-run-001-source-identity/validation/blind_mechanism_review.md,3303,ce28716148142c2946f107e083325327936614ee296fbd417ab91258ed923883,extracted_source,真实模型协商负对照与成本分析,text/markdown
full_archive/extracted_sources/towow-a2a-r5-4-return-packet/return-packet/experiments/r5-4-run-001-source-identity/validation/candidate_against_oracle_core.xml,8443,02482db8a77a70179ad5b09d6098770ac45c640b25cc64dc24c873a7c0cbd947,extracted_source,真实模型协商负对照与成本分析,application/xml
full_archive/extracted_sources/towow-a2a-r5-4-return-packet/return-packet/experiments/r5-4-run-001-source-identity/validation/candidate_null_source.xml,962,6c0880df44fa101bb7cf9f2e38c289451a66c59447963c09a33b3d58ca5aa92c,extracted_source,真实模型协商负对照与成本分析,application/xml
full_archive/extracted_sources/towow-a2a-r5-4-return-packet/return-packet/experiments/r5-4-run-001-source-identity/validation/oracle_against_null_source.xml,6835,bd102d554435134ea7adf1da7ab4750c257e1d24ee7c0567d92a0ccf62adb88b,extracted_source,真实模型协商负对照与成本分析,application/xml
full_archive/extracted_sources/towow-a2a-r5-4-return-packet/return-packet/experiments/r5-4-run-001-source-identity/validation/oracle_aware_engineering_review.md,5543,adddae88e0407ce5bd917ae925f05ab204a874d7c3c75a9c3993201f2ed468c5,extracted_source,真实模型协商负对照与成本分析,text/markdown
full_archive/extracted_sources/towow-a2a-r5-4-return-packet/return-packet/experiments/r5-4-run-001-source-identity/validation/oracle_native_full.xml,5853,ece0a68148c9de5387126bbdb297ddb5d819d914736444934bb8239c26b6a633,extracted_source,真实模型协商负对照与成本分析,application/xml
full_archive/extracted_sources/towow-a2a-r5-4-return-packet/return-packet/experiments/r5-4-run-002-central-replication/acceptance.json,284,05d8cc5072337cb70ef5a43922ecf7b13178664f34b855a62c3418200b715fbe,extracted_source,真实模型协商负对照与成本分析,application/json
full_archive/extracted_sources/towow-a2a-r5-4-return-packet/return-packet/experiments/r5-4-run-002-central-replication/analysis.md,632,7cf2f61c183b4d5ee22186d7e658bdb450dd32ddfafa1a6b1346475879a44e8e,extracted_source,真实模型协商负对照与成本分析,text/markdown
full_archive/extracted_sources/towow-a2a-r5-4-return-packet/return-packet/experiments/r5-4-run-002-central-replication/boundary_and_disclosure.json,315,7ee070ec22af1b5b1e84f4c224dfba3a2ec2e8dd296e6ab66b5c69a5e74e3088,extracted_source,真实模型协商负对照与成本分析,application/json
full_archive/extracted_sources/towow-a2a-r5-4-return-packet/return-packet/experiments/r5-4-run-002-central-replication/costs.json,321,f53fde014c6114cb91c74d4b1a0f6da121f26c60874f3200c1c1083d82d8b09f,extracted_source,真实模型协商负对照与成本分析,application/json
full_archive/extracted_sources/towow-a2a-r5-4-return-packet/return-packet/experiments/r5-4-run-002-central-replication/formation_episode.md,315,7066913b74adc80fac373bbb60aeb3556ba91de0d4e67779c77ceafff99acae0,extracted_source,真实模型协商负对照与成本分析,text/markdown
full_archive/extracted_sources/towow-a2a-r5-4-return-packet/return-packet/experiments/r5-4-run-002-central-replication/human_interventions.jsonl,386,27b488a8f8754e3f13aeb0f9a52c9fe9f51d10f0ab8983985b464b250a080af1,extracted_source,真实模型协商负对照与成本分析,application/octet-stream
full_archive/extracted_sources/towow-a2a-r5-4-return-packet/return-packet/experiments/r5-4-run-002-central-replication/hypothesis.md,397,7005cf48268a9c356c3b53471cda65059c930ee84e5ec9200aa60a712bf8e22f,extracted_source,真实模型协商负对照与成本分析,text/markdown
full_archive/extracted_sources/towow-a2a-r5-4-return-packet/return-packet/experiments/r5-4-run-002-central-replication/inputs/frozen_prompt.json,217,f45a48268df9882ecaef2183521b809d4987eb76dfa8cb6e2fe40cbfcd983143,extracted_source,真实模型协商负对照与成本分析,application/json
full_archive/extracted_sources/towow-a2a-r5-4-return-packet/return-packet/experiments/r5-4-run-002-central-replication/outputs/terminal_failure.json,450,24811a421f98bd00434e9ceb107de5b361214559ae6fef41a3723e3579f2b673,extracted_source,真实模型协商负对照与成本分析,application/json
full_archive/extracted_sources/towow-a2a-r5-4-return-packet/return-packet/experiments/r5-4-run-002-central-replication/preregistration.json,1345,a5db01126e0376e6e9c6a860f195f8b502c2c816ada17e664caa0b4ce71a8373,extracted_source,真实模型协商负对照与成本分析,application/json
full_archive/extracted_sources/towow-a2a-r5-4-return-packet/return-packet/experiments/r5-4-run-002-central-replication/run.json,630,41c0b976c1fc99db63c810088928e0fe6f2506530709b3fb2bba1caa6a457e2a,extracted_source,真实模型协商负对照与成本分析,application/json
full_archive/extracted_sources/towow-a2a-r5-4-return-packet/return-packet/experiments/r5-4-run-002-central-replication/traces/central_builder/parsed.json,1752,5139b50128eecad3e34ecb58ce2bc0826b32e60af880ab8aa3ffda25b71eaf0d,extracted_source,真实模型协商负对照与成本分析,application/json
full_archive/extracted_sources/towow-a2a-r5-4-return-packet/return-packet/experiments/r5-4-run-002-central-replication/traces/central_builder/request.json,932,eaf0411cdca36b5a5157c0f7ae183684db5e00526528b6a224967b8667cbf458,extracted_source,真实模型协商负对照与成本分析,application/json
full_archive/extracted_sources/towow-a2a-r5-4-return-packet/return-packet/experiments/r5-4-run-002-central-replication/traces/central_builder/stderr.txt,0,e3b0c44298fc1c149afbf4c8996fb92427ae41e4649b934ca495991b7852b855,extracted_source,真实模型协商负对照与成本分析,text/plain
full_archive/extracted_sources/towow-a2a-r5-4-return-packet/return-packet/experiments/r5-4-run-002-central-replication/traces/central_builder/stdout.json,1389,5ce683bb6b295471ccccf84ae6a4e667837a4c0355c0b631517e284c3cae7870,extracted_source,真实模型协商负对照与成本分析,application/json
full_archive/extracted_sources/towow-a2a-r5-4-return-packet/return-packet/experiments/r5-4-run-002-central-replication/transcripts/README.md,222,b01f2d6736b774a9e13854871be027a42c6083e79716a1be57bb023d02b9e381,extracted_source,真实模型协商负对照与成本分析,text/markdown
full_archive/extracted_sources/towow-a2a-r5-4-return-packet/return-packet/failures/CENTRAL_TRANSPORT_FAILURES.md,785,5b60705f8d3f8e614973ff3df8e172b5ba284c22391528dd2fa5ae5ef008bfe1,extracted_source,真实模型协商负对照与成本分析,text/markdown
full_archive/extracted_sources/towow-a2a-r5-4-return-packet/return-packet/failures/STATIC_AND_ACCEPTANCE_FAILURES.md,1337,774b226e6f7828642097ad524e57d3e4db48ad2846d3833aa53bd2d55df296a5,extracted_source,真实模型协商负对照与成本分析,text/markdown
full_archive/extracted_sources/towow-a2a-r5-4-return-packet/return-packet/git/WORKTREE_AND_GIT_STATE.md,1408,380d37de8bcc05b2e2c4d4840dc8bf9f02399e6fabe2ae1fb74dd468d571818e,extracted_source,真实模型协商负对照与成本分析,text/markdown
full_archive/extracted_sources/towow-a2a-r5-4-return-packet/return-packet/independent_reviews/README.md,603,36300e5002fbc86d65c6c9503136b944d5faa6e665b0e633b4cd2d8a5d2c7cb8,extracted_source,真实模型协商负对照与成本分析,text/markdown
full_archive/extracted_sources/towow-a2a-r5-4-return-packet/return-packet/independent_reviews/blind_mechanism_review.md,3303,ce28716148142c2946f107e083325327936614ee296fbd417ab91258ed923883,extracted_source,真实模型协商负对照与成本分析,text/markdown
full_archive/extracted_sources/towow-a2a-r5-4-return-packet/return-packet/independent_reviews/oracle_aware_engineering_review.md,5543,adddae88e0407ce5bd917ae925f05ab204a874d7c3c75a9c3993201f2ed468c5,extracted_source,真实模型协商负对照与成本分析,text/markdown
full_archive/extracted_sources/towow-a2a-r5-4-return-packet/return-packet/manifests/RECOMPUTE_TEST.json,370,d9b9cc6fb7eb2a7d5c7d377bb2aec6521dff1cd1864f0c161c9954576f9b49c7,extracted_source,真实模型协商负对照与成本分析,application/json
full_archive/extracted_sources/towow-a2a-r5-4-return-packet/return-packet/manifests/RELOCATION_TEST.json,707,9f10270ebc89b671c65c3db2783b304dee54d647bcfe5eb7696a084a21158529,extracted_source,真实模型协商负对照与成本分析,application/json
full_archive/extracted_sources/towow-a2a-r5-4-return-packet/return-packet/manifests/REPLAY_TEST.json,553,9701cfd0846dffa68aa43fd8fff3bdce048c3f681d7a5abf2a35d0de8c78858c,extracted_source,真实模型协商负对照与成本分析,application/json
full_archive/extracted_sources/towow-a2a-r5-4-return-packet/return-packet/manifests/VERIFY_TEST.json,321,18725302d43a4a61f8ca9d053fd84cd83b59d608e79f7d9943a877952012d976,extracted_source,真实模型协商负对照与成本分析,application/json
full_archive/extracted_sources/towow-a2a-r5-4-return-packet/return-packet/model_agents/README.md,1634,b30fb7d30fcd9f390d122f5d3fc740f0b3912480068656535fd48707222b68ef,extracted_source,真实模型协商负对照与成本分析,text/markdown
full_archive/extracted_sources/towow-a2a-r5-4-return-packet/return-packet/schemas/agent_action.schema.json,574,0b22c58dfb721e901f8d2f0c54d02cbfdeec63aa2d76e9cb8e2c6185eb67481b,extracted_source,真实模型协商负对照与成本分析,application/json
full_archive/extracted_sources/towow-a2a-r5-4-return-packet/return-packet/schemas/experiment_record.schema.json,2829,905c9ffa19f4051ab460882985e16200c287d84828e3d0bbf5c512d6f4bbf147,extracted_source,真实模型协商负对照与成本分析,application/json
full_archive/extracted_sources/towow-a2a-r5-4-return-packet/return-packet/schemas/formation_episode.schema.json,1624,31af056341407ac92f303821d05d6aaf375e2fbb4b5190592b149f5c5cc68cf2,extracted_source,真实模型协商负对照与成本分析,application/json
full_archive/extracted_sources/towow-a2a-r5-4-return-packet/return-packet/schemas/manifest.schema.json,742,586c52b638015144e770217004f31611c2c7813d0847b9f53ef1bab633d5b7cd,extracted_source,真实模型协商负对照与成本分析,application/json
full_archive/extracted_sources/towow-a2a-r5-4-return-packet/return-packet/schemas/patch_proposal.schema.json,598,5ec046603cbb2df02078cd7848a4478b03c5f1c581d06fcb61c554af87093447,extracted_source,真实模型协商负对照与成本分析,application/json
full_archive/extracted_sources/towow-a2a-r5-4-return-packet/return-packet/tools/build_manifest.py,1473,9816608dbd6d760ed3f3f5b0a6495e21116b443a99896490825be27ed1c2f0b5,extracted_source,真实模型协商负对照与成本分析,text/x-python
full_archive/extracted_sources/towow-a2a-r5-4-return-packet/return-packet/tools/extract_run001_patches.py,1913,230caa01a6e36450c73ae44c6fdfc5511512b995e91db53f1808f9b585080ffd,extracted_source,真实模型协商负对照与成本分析,text/x-python
full_archive/extracted_sources/towow-a2a-r5-4-return-packet/return-packet/tools/prepare_run001_dynamic_prompts.py,6864,0ca9611f32e239c6cbd57933011fd41c7fed7b79a2f83417b5aed90bfb611199,extracted_source,真实模型协商负对照与成本分析,text/x-python
full_archive/extracted_sources/towow-a2a-r5-4-return-packet/return-packet/tools/prepare_run001_prompts.py,3211,bcd61565cf12de464816c759550d6fa4a39973f41b0c6e8b2fec183f13a82df1,extracted_source,真实模型协商负对照与成本分析,text/x-python
full_archive/extracted_sources/towow-a2a-r5-4-return-packet/return-packet/tools/recompute_packet_costs.py,1845,f79793415f6a152364c346ef5d813fbf0de98380a4fb4c5bd8476f370f5a0787,extracted_source,真实模型协商负对照与成本分析,text/x-python
full_archive/extracted_sources/towow-a2a-r5-4-return-packet/return-packet/tools/replay_identity_semantics.py,2313,040f4d298d2a97e828573b27dc088383645da939af21b0216d0d1c84b599d775,extracted_source,真实模型协商负对照与成本分析,text/x-python
full_archive/extracted_sources/towow-a2a-r5-4-return-packet/return-packet/tools/run_toolless_model.py,4304,60c987ae24aba8703a54bae2479931f014a606b29ee5ab98f1c17e5d5e3dd406,extracted_source,真实模型协商负对照与成本分析,text/x-python
full_archive/extracted_sources/towow-a2a-r5-4-return-packet/return-packet/tools/summarize_model_costs.py,4547,6b8f002562f522e02c35ce2f6cb83db2e66e2b5729e6da32a51615fcc0cdf013,extracted_source,真实模型协商负对照与成本分析,text/x-python
full_archive/extracted_sources/towow-a2a-r5-4-return-packet/return-packet/tools/verify_return_packet.py,5668,d61d0bbf72e60931e12132fee76515e779e4600a7988c57bab49afd278c6eb1b,extracted_source,真实模型协商负对照与成本分析,text/x-python
full_archive/extracted_sources/通爻_A2A_第二轮研究_完整研究包(1)/towow_round2_release/README.md,2880,1cf7a4c1fc4a9814e56a0660f9bf574336e2899da1c96407c347c50c137e38d0,extracted_source,同行 SJAC、边界 Oracle、求解器与实验,text/markdown
full_archive/extracted_sources/通爻_A2A_第二轮研究_完整研究包(1)/towow_round2_release/SHA256SUMS.txt,3862,84060de5fe5671a382dd5a7bea2e025a6486a27e7b0855de34975259e4dfbb81,extracted_source,同行 SJAC、边界 Oracle、求解器与实验,text/plain
full_archive/extracted_sources/通爻_A2A_第二轮研究_完整研究包(1)/towow_round2_release/experiments/make_diagrams.py,7528,af215294628ed812378bb20fa0ba0c9819085017252a903b7f24aa02aed066ea,extracted_source,同行 SJAC、边界 Oracle、求解器与实验,text/x-python
full_archive/extracted_sources/通爻_A2A_第二轮研究_完整研究包(1)/towow_round2_release/experiments/run_all.py,17729,1c18513d7a4a999ddda66139dc3832834fab9e2e5be5d55c704ee067291ead03,extracted_source,同行 SJAC、边界 Oracle、求解器与实验,text/x-python
full_archive/extracted_sources/通爻_A2A_第二轮研究_完整研究包(1)/towow_round2_release/figures/body_boundary_duality.png,214031,cb584c052e022c2310fccebb3007631e8afd81fd08d3c106fdbcb0f9c9e09468,extracted_source,同行 SJAC、边界 Oracle、求解器与实验,image/png
full_archive/extracted_sources/通爻_A2A_第二轮研究_完整研究包(1)/towow_round2_release/figures/boundary_disclosure_tradeoff.png,53587,255fd5e880af65ddba2ff161c6e5cd2ae664a5c0e027aee1dba48a2f1f1389b6,extracted_source,同行 SJAC、边界 Oracle、求解器与实验,image/png
full_archive/extracted_sources/通爻_A2A_第二轮研究_完整研究包(1)/towow_round2_release/figures/boundary_feasibility.png,48548,57b8546cf8045c865eb4aefc122512e420dc3f22c756991d9995753818cefd4b,extracted_source,同行 SJAC、边界 Oracle、求解器与实验,image/png
full_archive/extracted_sources/通爻_A2A_第二轮研究_完整研究包(1)/towow_round2_release/figures/coordination_constitution_loops.png,229372,1221d2ed4a63e602710a97b9e7f00f6f7bdd47dace656ed3d120bc532b07a0a8,extracted_source,同行 SJAC、边界 Oracle、求解器与实验,image/png
full_archive/extracted_sources/通爻_A2A_第二轮研究_完整研究包(1)/towow_round2_release/figures/ideal_vs_reality.png,257019,2cf2314181916ce6468548290cbe0dfd6b6c54a917c7c5dc50ebf1706bd3ce9c,extracted_source,同行 SJAC、边界 Oracle、求解器与实验,image/png
full_archive/extracted_sources/通爻_A2A_第二轮研究_完整研究包(1)/towow_round2_release/figures/normative_lifecycle.png,124281,6401668b4789fc7649dab3d5da6c2d9ece9bea6dbe522fb711a4bca5e500c270,extracted_source,同行 SJAC、边界 Oracle、求解器与实验,image/png
full_archive/extracted_sources/通爻_A2A_第二轮研究_完整研究包(1)/towow_round2_release/figures/probability_shift.png,91845,d31bf2882c5a3a9360c0251d425741d5f3873def69de13c4264eccf8998650fd,extracted_source,同行 SJAC、边界 Oracle、求解器与实验,image/png
full_archive/extracted_sources/通爻_A2A_第二轮研究_完整研究包(1)/towow_round2_release/figures/production_stack.png,223527,8cb4c26f2ed2281991a6b6edb7139d37a01314a709be24b67a885c4e3dc5feb0,extracted_source,同行 SJAC、边界 Oracle、求解器与实验,image/png
full_archive/extracted_sources/通爻_A2A_第二轮研究_完整研究包(1)/towow_round2_release/figures/team_feasibility.png,61039,f55d45a8240591cbb6dd1997c838d429f8c590179b1b82dfc587c226063c6a35,extracted_source,同行 SJAC、边界 Oracle、求解器与实验,image/png
full_archive/extracted_sources/通爻_A2A_第二轮研究_完整研究包(1)/towow_round2_release/papers/references.bib,11487,51783641fb176ff2f16503b05dc20d8f4fde2523329e1d45566245f764b5f75a,extracted_source,同行 SJAC、边界 Oracle、求解器与实验,text/x-bibtex
full_archive/extracted_sources/通爻_A2A_第二轮研究_完整研究包(1)/towow_round2_release/papers/第二轮研究_合订本.pdf,2158330,472c5f13bdf4d2cba64f9027d5508418f2d3586b8260df9ec7e3bf49fe1d371f,extracted_source,同行 SJAC、边界 Oracle、求解器与实验,application/pdf
full_archive/extracted_sources/通爻_A2A_第二轮研究_完整研究包(1)/towow_round2_release/papers/论文II_边界预言机生成式协调引擎.docx,547292,53d9ec791833cbf179f7d5e2f6811d96048a854d6379b5b465d673d0096f7993,extracted_source,同行 SJAC、边界 Oracle、求解器与实验,application/vnd.openxmlformats-officedocument.wordprocessingml.document
full_archive/extracted_sources/通爻_A2A_第二轮研究_完整研究包(1)/towow_round2_release/papers/论文II_边界预言机生成式协调引擎.md,39624,b623a1001de7684b6812fee6de4850a0c957b0db9cba68ab5f74589f1cc0e6f7,extracted_source,同行 SJAC、边界 Oracle、求解器与实验,text/markdown
full_archive/extracted_sources/通爻_A2A_第二轮研究_完整研究包(1)/towow_round2_release/papers/论文II_边界预言机生成式协调引擎.pdf,965876,3c61b6fe5bdb248c7ff9b479dfb2ad26cc673f36b5e56e3eeeb053a62e3345fd,extracted_source,同行 SJAC、边界 Oracle、求解器与实验,application/pdf
full_archive/extracted_sources/通爻_A2A_第二轮研究_完整研究包(1)/towow_round2_release/papers/论文I_从搜索到行动构成.docx,746195,9ba624ecbe4888269383454394590731b74cc5f05a40261e7b7c0b0eec197950,extracted_source,同行 SJAC、边界 Oracle、求解器与实验,application/vnd.openxmlformats-officedocument.wordprocessingml.document
full_archive/extracted_sources/通爻_A2A_第二轮研究_完整研究包(1)/towow_round2_release/papers/论文I_从搜索到行动构成.md,34641,e2777bd62c7b93319d3115d4ccf3e04047da4967ab8ec954377fdc455492448b,extracted_source,同行 SJAC、边界 Oracle、求解器与实验,text/markdown
full_archive/extracted_sources/通爻_A2A_第二轮研究_完整研究包(1)/towow_round2_release/papers/论文I_从搜索到行动构成.pdf,1108518,c1167d9cf0685dd40f2892fc18445c4488591f904533f7d8e74b807bf00b774c,extracted_source,同行 SJAC、边界 Oracle、求解器与实验,application/pdf
full_archive/extracted_sources/通爻_A2A_第二轮研究_完整研究包(1)/towow_round2_release/reference_engine/README.md,871,bf985b9d453dcecb194eeba980d56cb5ca45d417960375b9fa046614c69545f4,extracted_source,同行 SJAC、边界 Oracle、求解器与实验,text/markdown
full_archive/extracted_sources/通爻_A2A_第二轮研究_完整研究包(1)/towow_round2_release/reference_engine/pyproject.toml,248,f081385db018b6915fef436c61979db95369ae74d37c7d039a639b78838000a1,extracted_source,同行 SJAC、边界 Oracle、求解器与实验,application/toml
full_archive/extracted_sources/通爻_A2A_第二轮研究_完整研究包(1)/towow_round2_release/reference_engine/tests/test_core.py,2505,6bd73a4e72add474c303300c1757bf27a1e5e613f5cb896793e5b1061ab510f4,extracted_source,同行 SJAC、边界 Oracle、求解器与实验,text/x-python
full_archive/extracted_sources/通爻_A2A_第二轮研究_完整研究包(1)/towow_round2_release/reference_engine/towow_sjac/__init__.py,731,47bcf536d17ce6ad946de6ae7d0a36f97a2e2981c8e0cd58b3a292b620e2a5c3,extracted_source,同行 SJAC、边界 Oracle、求解器与实验,text/x-python
full_archive/extracted_sources/通爻_A2A_第二轮研究_完整研究包(1)/towow_round2_release/reference_engine/towow_sjac/column_generation.py,3736,92a7c8dbed8e09c780ddd3213096acc5bda3dd6f8779a92ef5b08280bf5e44ba,extracted_source,同行 SJAC、边界 Oracle、求解器与实验,text/x-python
full_archive/extracted_sources/通爻_A2A_第二轮研究_完整研究包(1)/towow_round2_release/reference_engine/towow_sjac/engine.py,5013,9c04f7bf9cc5d48a6f25112e057861ab88720f4397e3c435544d11980e1b65ca,extracted_source,同行 SJAC、边界 Oracle、求解器与实验,text/x-python
full_archive/extracted_sources/通爻_A2A_第二轮研究_完整研究包(1)/towow_round2_release/reference_engine/towow_sjac/events.py,1996,07024ae55b64bf526034859e72a1703dcdee7988b42cab9aeca8e23c9324ccd8,extracted_source,同行 SJAC、边界 Oracle、求解器与实验,text/x-python
full_archive/extracted_sources/通爻_A2A_第二轮研究_完整研究包(1)/towow_round2_release/reference_engine/towow_sjac/models.py,5777,e55bc4db4a9fd3c604f558425bdbd954bea322a2f9c1c2420f71d5ecbacc7776,extracted_source,同行 SJAC、边界 Oracle、求解器与实验,text/x-python
full_archive/extracted_sources/通爻_A2A_第二轮研究_完整研究包(1)/towow_round2_release/reference_engine/towow_sjac/oracles.py,1946,c753dadb855bdf11c77602ddc4531ed99c806e0a80d227e41bc967af3d660d1a,extracted_source,同行 SJAC、边界 Oracle、求解器与实验,text/x-python
full_archive/extracted_sources/通爻_A2A_第二轮研究_完整研究包(1)/towow_round2_release/reference_engine/towow_sjac/trust.py,4083,cca1bda4b019564f5e3ee3abda7c9645a4fa835700d1ec6fbb9c85ec3aa83f7f,extracted_source,同行 SJAC、边界 Oracle、求解器与实验,text/x-python
full_archive/extracted_sources/通爻_A2A_第二轮研究_完整研究包(1)/towow_round2_release/results/boundary_oracle_summary.csv,604,205cbe9aacefade34bbe9cb75d57d85665a60b5d46814d6f0dd4ef76a4cb5bd6,extracted_source,同行 SJAC、边界 Oracle、求解器与实验,text/csv
full_archive/extracted_sources/通爻_A2A_第二轮研究_完整研究包(1)/towow_round2_release/results/boundary_oracle_trials.csv,191947,ba166a6a3ffd43eb1257975d7875d31ff6924bae0db725cb97481825def9e5ac,extracted_source,同行 SJAC、边界 Oracle、求解器与实验,text/csv
full_archive/extracted_sources/通爻_A2A_第二轮研究_完整研究包(1)/towow_round2_release/results/manifest.json,4199,f0dd5a60c6bb42835b58e811bd6cbb92c7c94b90fe0fd0bb4fda59153a6e2893,extracted_source,同行 SJAC、边界 Oracle、求解器与实验,application/json
full_archive/extracted_sources/通爻_A2A_第二轮研究_完整研究包(1)/towow_round2_release/results/probabilistic_oracle_summary.csv,398,53fd5bcbf0f5a7c312292f86d23d9bf71da3ce197386ab471408d61df1d22ab5,extracted_source,同行 SJAC、边界 Oracle、求解器与实验,text/csv
full_archive/extracted_sources/通爻_A2A_第二轮研究_完整研究包(1)/towow_round2_release/results/team_constitution_summary.csv,308,bd4b11c660609ab78f7ec98bf70f4107ed6fad724a2392657caa080f7c2d3446,extracted_source,同行 SJAC、边界 Oracle、求解器与实验,text/csv
full_archive/extracted_sources/通爻_A2A_第二轮研究_完整研究包(1)/towow_round2_release/results/team_constitution_trials.csv,52886,1d28f66efd996f0acd13a1b1818078a8ca5f9bc114d2df194e43effe9657dfbf,extracted_source,同行 SJAC、边界 Oracle、求解器与实验,text/csv
full_archive/extracted_sources/通爻_A2A_第二轮研究_完整研究包(1)/towow_round2_release/results/trust_concurrency_summary.csv,85,2e5a702f9de5786228fe94b0c8009f7022afb79cb1b682cb8bbd920e628a9d8d,extracted_source,同行 SJAC、边界 Oracle、求解器与实验,text/csv
full_archive/extracted_sources/通爻协议 设计语料库 v1.5 终包/towow-protocol-design-pack-v1/00-总目录.md,8277,c3488ba8e8a1725552db7e0026165294ee086c1076a29184967df71fdccb99d2,extracted_source,早期通爻协议、NAC、四动词、类型账本与实验规格,text/markdown
full_archive/extracted_sources/通爻协议 设计语料库 v1.5 终包/towow-protocol-design-pack-v1/00A-通爻协议_内部协议与工程蓝图_v1.0.md,35553,25350d6d0261daacd72fba43fb05c46a7dce628e990efaeba8852fa6ad0d9253,extracted_source,早期通爻协议、NAC、四动词、类型账本与实验规格,text/markdown
full_archive/extracted_sources/通爻协议 设计语料库 v1.5 终包/towow-protocol-design-pack-v1/01-问题定义书_v1.0.md,18823,2108128d0c98ad1349bb4061284ef48c67ac92601b04a5b51ab46bb05eebbf99,extracted_source,早期通爻协议、NAC、四动词、类型账本与实验规格,text/markdown
full_archive/extracted_sources/通爻协议 设计语料库 v1.5 终包/towow-protocol-design-pack-v1/02-总体设计书_v1.2.md,37779,4a45ede13e689f6ad042541a929bfe00eaf67a021689327151bfe4f6974cb9a1,extracted_source,早期通爻协议、NAC、四动词、类型账本与实验规格,text/markdown
full_archive/extracted_sources/通爻协议 设计语料库 v1.5 终包/towow-protocol-design-pack-v1/03-研究报告_证据底稿.md,28385,cca07e4aba4a736dae9bda8a93c4e11ac5f81b0c15cc00bd8d3e69cc1637c77f,extracted_source,早期通爻协议、NAC、四动词、类型账本与实验规格,text/markdown
full_archive/extracted_sources/通爻协议 设计语料库 v1.5 终包/towow-protocol-design-pack-v1/04-备忘_意图输入层五机制.md,4765,f1b29232d6f931eb29c1ff7fceb6883149e717b25077b1dddd20595c013ab9f8,extracted_source,早期通爻协议、NAC、四动词、类型账本与实验规格,text/markdown
full_archive/extracted_sources/通爻协议 设计语料库 v1.5 终包/towow-protocol-design-pack-v1/05-生成哲学_方案即启迪.md,5985,7abf8a55de07f1a827f623473a1e324048f310d2b527f9cf942e6cd0421cbe26,extracted_source,早期通爻协议、NAC、四动词、类型账本与实验规格,text/markdown
full_archive/extracted_sources/通爻协议 设计语料库 v1.5 终包/towow-protocol-design-pack-v1/06-IF-1_四动词接口规格.md,11073,4d7938d7f69857ac0b3f16df327030047147b8c895b2a755cdfc79c2a31fa670,extracted_source,早期通爻协议、NAC、四动词、类型账本与实验规格,text/markdown
full_archive/extracted_sources/通爻协议 设计语料库 v1.5 终包/towow-protocol-design-pack-v1/07-IF-2_NAC信号格式规格.md,6256,1bee81eadab65cd46822a8c1b049d207c3e4bcfe60aff1523182983f7658dd34,extracted_source,早期通爻协议、NAC、四动词、类型账本与实验规格,text/markdown
full_archive/extracted_sources/通爻协议 设计语料库 v1.5 终包/towow-protocol-design-pack-v1/08-IF-3_算子契约规格.md,6100,8009b774549f8c2729b45f6bf7245e8910c473dd3d67388ec866fe55ba88f10e,extracted_source,早期通爻协议、NAC、四动词、类型账本与实验规格,text/markdown
full_archive/extracted_sources/通爻协议 设计语料库 v1.5 终包/towow-protocol-design-pack-v1/09-设计工作流_方法论与队列.md,4820,25052bf414cafcac9981cd576c9b93222bb343e411ce424002fca679498b696d,extracted_source,早期通爻协议、NAC、四动词、类型账本与实验规格,text/markdown
full_archive/extracted_sources/通爻协议 设计语料库 v1.5 终包/towow-protocol-design-pack-v1/10-埋点规范v1.md,2953,336be264804f016d1d54f815bc8059b7e29325e2739af535e7da0c5e66d96ce7,extracted_source,早期通爻协议、NAC、四动词、类型账本与实验规格,text/markdown
full_archive/extracted_sources/通爻协议 设计语料库 v1.5 终包/towow-protocol-design-pack-v1/11-合同条款_沉淀数据权属v1.md,3546,bf955c9a824a710c4bfbd76269ee0ef23574d7f6098f0771d7bb41eda98a6f81,extracted_source,早期通爻协议、NAC、四动词、类型账本与实验规格,text/markdown
full_archive/extracted_sources/通爻协议 设计语料库 v1.5 终包/towow-protocol-design-pack-v1/12-专利交底书01_嵌套锚点坐标.md,6626,4c91d0ed8c8ae7d8600f97e02e8c06847cec4c8050efcdc42ad7919b9ababa8c,extracted_source,早期通爻协议、NAC、四动词、类型账本与实验规格,text/markdown
full_archive/extracted_sources/通爻协议 设计语料库 v1.5 终包/towow-protocol-design-pack-v1/13-B4-1_类型账本规格.md,4724,4994dbdf15f34dc170f15e004bd658e6f6c20ba3c319fec79cda295d590fc24f,extracted_source,早期通爻协议、NAC、四动词、类型账本与实验规格,text/markdown
full_archive/extracted_sources/通爻协议 设计语料库 v1.5 终包/towow-protocol-design-pack-v1/14-B4-2_执行适配器规格.md,4928,c86b81e0b267b4041ab6187e8e4e3dc7452d23a326d3effc0a45d956b6c5e5a5,extracted_source,早期通爻协议、NAC、四动词、类型账本与实验规格,text/markdown
full_archive/extracted_sources/通爻协议 设计语料库 v1.5 终包/towow-protocol-design-pack-v1/15-专利交底书02_包络路由.md,5727,5458a72c04132efa7cf264fa40f66d6efb0ce75e5fa7d6600e1ffcfafb9d5bcc,extracted_source,早期通爻协议、NAC、四动词、类型账本与实验规格,text/markdown
full_archive/extracted_sources/通爻协议 设计语料库 v1.5 终包/towow-protocol-design-pack-v1/16-专利交底书03_渐进披露.md,5877,e33874ee1c64e9bc71bab74d63850d9a88a808d0f7bec5f44363b22d44d1d1b6,extracted_source,早期通爻协议、NAC、四动词、类型账本与实验规格,text/markdown
full_archive/extracted_sources/通爻协议 设计语料库 v1.5 终包/towow-protocol-design-pack-v1/17-B5-M3_传播披露层详设.md,6730,fbb6924750e5768894599ce90720599b98740c2fbac07d386d0396c598076a38,extracted_source,早期通爻协议、NAC、四动词、类型账本与实验规格,text/markdown
full_archive/extracted_sources/通爻协议 设计语料库 v1.5 终包/towow-protocol-design-pack-v1/18-B5-M4_生成结晶层详设.md,6495,a251e33e29fcd62e04832f06da402e6f61f85ba13dc2698a4a901723c936c397,extracted_source,早期通爻协议、NAC、四动词、类型账本与实验规格,text/markdown
full_archive/extracted_sources/通爻协议 设计语料库 v1.5 终包/towow-protocol-design-pack-v1/19-B5-M1_全局信号层详设.md,6155,5a52813b628188b1e75137b8b922935e4d4ddbe0049ecf5421d382d6ee2dc5b8,extracted_source,早期通爻协议、NAC、四动词、类型账本与实验规格,text/markdown
full_archive/extracted_sources/通爻协议 设计语料库 v1.5 终包/towow-protocol-design-pack-v1/20-B5-M2_代数harness层详设.md,4886,d044f630456fc8fbb4ebdb1c55ca9ad7c4f5db08266b922ba8739f3cce7506ad,extracted_source,早期通爻协议、NAC、四动词、类型账本与实验规格,text/markdown
full_archive/extracted_sources/通爻协议 设计语料库 v1.5 终包/towow-protocol-design-pack-v1/21-B5-M5_进化环详设.md,5732,c3e07718cc6aa528b018e226a8370ff74e784000f2cb4dfe5d4ee8c7255a300f,extracted_source,早期通爻协议、NAC、四动词、类型账本与实验规格,text/markdown
full_archive/extracted_sources/通爻协议 设计语料库 v1.5 终包/towow-protocol-design-pack-v1/22-B7_实验规格.md,4589,2b8e039b222ef710247f5db108ba7611ebe77351ae4d7c774af7c2f14fb032ce,extracted_source,早期通爻协议、NAC、四动词、类型账本与实验规格,text/markdown
full_archive/extracted_sources/通爻协议 设计语料库 v1.5 终包/towow-protocol-design-pack-v1/23-口径同步审计与对齐层_v1.0.md,5361,e394fac301536e02bd16a5d200dad902d26f0da425dec6c4503b0b163dbd6cae,extracted_source,早期通爻协议、NAC、四动词、类型账本与实验规格,text/markdown
full_archive/extracted_sources/通爻协议 设计语料库 v1.5 终包/towow-protocol-design-pack-v1/24-测试与诊断规格_v1.0.md,8855,1ab7f98af3b3a7fc4ed0905726e687054261e528e9b406428e0f3c299772c2f8,extracted_source,早期通爻协议、NAC、四动词、类型账本与实验规格,text/markdown
full_archive/extracted_sources/通爻协议 设计语料库 v1.5 终包/towow-protocol-design-pack-v1/25-系统演进章程_v1.0.md,5553,5af282925a0f30702f0833c3c0d10c004afda4d5d53c612110cb9f491edd4811,extracted_source,早期通爻协议、NAC、四动词、类型账本与实验规格,text/markdown
full_archive/extracted_sources/通爻协议 设计语料库 v1.5 终包/towow-protocol-design-pack-v1/26-待讨论议题册_v1.0.md,12185,093df53ac7631bbef3f6316a1a098b4254120a48806f4129839a061358fddabe,extracted_source,早期通爻协议、NAC、四动词、类型账本与实验规格,text/markdown
full_archive/extracted_sources/通爻协议 设计语料库 v1.5 终包/towow-protocol-design-pack-v1/README-交接任务书.md,9787,8dad62bb43eb05a93ced65a056a3c41450a916e30851c779e792be6fac0bed85,extracted_source,早期通爻协议、NAC、四动词、类型账本与实验规格,text/markdown
full_archive/original_archives/Flowness-Harness-Cognitive-Engineering-v0.1(1).zip,218573,070cc9db9be1f021cd2acdd425dce0bdad8195201129853ef6844c0544163eb3,original_archive,Harness 认知工程、上下文编译、执行与证据闭环,application/zip
full_archive/original_archives/PRSE-OS_完整开发包_v0.3-dev_可交接本地团队(1).zip,9379692,1f606be5167a3e399a2ed763d28406e0bbc29577b33d048f599c3e5b0a7e191a,original_archive,研究/设计方法、质量 Gate、演化与移交,application/zip
full_archive/original_archives/R5C-RETURN-001.tar.gz,382374,c75b9a145281a25328d93b342a1e9a038f0370a01e0b3912c379f20833c5a532,original_archive,跨技术域形成、采纳、撤销、离线与复用证据,application/x-tar
full_archive/original_archives/Towow_A2A_Flagship_Experiment_Chief_Research_Absorption.zip,18574,7d3e1cf83a33e1463717519b6a048318476169af8ce9c8f4d77fd3e96ac25372,original_archive,原始研究或支持材料,application/zip
full_archive/original_archives/Towow_A2A_R5_2_Harness_Reality_Transfer_Return_Packet_v1.1.zip,124181,bd77e944edadf04233f47dcde14b437752f159b276a1bef692b26ba64ec409e5,original_archive,真实 Harness 语义、能力 holdout 与独立复核,application/zip
full_archive/original_archives/Towow_A2A_R5_Constructive_Flagship_Local_Research_Packet_v1.5.zip,270881,538a7318c5ca79b9dc8c61be1610f11efaac5943544c6bd00fb8e8274b0c22a0,original_archive,原始研究或支持材料,application/zip
full_archive/original_archives/return-packet.zip,175199,054d05d2b6c2024b5e18bd79d5231175fcca305a10fce3e14ae9a02b578e1442,original_archive,原始研究或支持材料,application/zip
full_archive/original_archives/towow-a2a-r5-4-return-packet.tar.gz,233062,e2625a656b98a0f6f8abb26f458a2f522f1087b56a2d4094933938eb014a3477,original_archive,真实模型协商负对照与成本分析,application/x-tar
full_archive/original_archives/通爻_A2A_第二轮研究_完整研究包(1).zip,6398053,4a70d440ab8444d88eb22512b7e523bbff3b3303014dd804b92244a2b7a109e9,original_archive,同行 SJAC、边界 Oracle、求解器与实验,application/zip
full_archive/original_archives/通爻_A2A_统一论文_源文件与证据账本.zip,4225619,e464a3d67ee5f01974d27ac7404d18ca4f58723e209fc6cf80af761a521cac11,original_archive,当前压缩统一论文、源稿、图与账本,application/zip
full_archive/original_archives/通爻协议 设计语料库 v1.5 终包.zip,151863,99a118362972b9b55323d4050bd98c57bcb6ac9455ff14245a95436dc63f5065,original_archive,早期通爻协议、NAC、四动词、类型账本与实验规格,application/zip
handoff/00_START_HERE.md,4054,6dc424a4564d1f3a2bd4117738693078924a44f3d4faf7965da0ca1be51e2010,handoff_document,新研究员交接与统一理论重建,text/markdown
handoff/01_RESEARCH_HANDOFF_MANUAL.md,16854,e19e79e4ee2c921e9913f03ed226516d353cf9ba79ca76413ff35959334a6385,handoff_document,新研究员交接与统一理论重建,text/markdown
handoff/02_CURRENT_UNIFIED_MODEL_THREE_AXES.md,12836,5c64e970804acd619532f8cb830bcf417021e7ed5dd68efa9aa82579aa6ea5ff,handoff_document,新研究员交接与统一理论重建,text/markdown
handoff/03_RESEARCH_LINEAGE_AND_CONCEPT_GENEALOGY.md,11452,d0c079e91baf777f068286aa6cd824502cd2ce1971c8f18783eaa3178a6f917a,handoff_document,新研究员交接与统一理论重建,text/markdown
handoff/04_EVIDENCE_AND_CLAIM_STATE.md,10041,7a9ebdd40f5bef572fc85bdd55d232865cd234637a82d96c9d0110c56f2c7bd2,handoff_document,新研究员交接与统一理论重建,text/markdown
handoff/05_RESEARCH_ASSISTANT_MISSION_AND_METHOD.md,8049,2ee765941e3886ffb9a2f1b4e20b66233e66f120bd74639e679bd3f718a3d56a,handoff_document,新研究员交接与统一理论重建,text/markdown
handoff/06_FULL_TREATISE_RECONSTRUCTION_BLUEPRINT.md,11933,a3903e78e034642c7da53024b444a9ed1950a18b157fb4b5fb8892cbcb6fa21e,handoff_document,新研究员交接与统一理论重建,text/markdown
handoff/07_READING_PATH_AND_SOURCE_GUIDE.md,9120,69debc3d30e0337ab2afdf7058bffc78df8d967c71f2fd5be42ac847b0100ceb,handoff_document,新研究员交接与统一理论重建,text/markdown
handoff/08_OPEN_QUESTIONS_AND_DECISION_POINTS.md,8079,bb25fd40445ff918d3898941d12d534cb39d2b72c46484b88320aa991a3bdc52,handoff_document,新研究员交接与统一理论重建,text/markdown
handoff/09_ASSET_COVERAGE_AND_GAPS.md,4419,459a8ebf51c0b37fe951e6d7ef4274f2e7a72c0b8ab61060b53792cd9d77f261,handoff_document,新研究员交接与统一理论重建,text/markdown
handoff/10_RESEARCH_ASSISTANT_BOOTSTRAP_PROMPT.md,6658,cc42929967c97fdebe7464b910f70ae9eb1c55ae34c5a1f0b42973eebbdbae2e,handoff_document,新研究员交接与统一理论重建,text/markdown
handoff/11_GLOSSARY.md,6850,e51f0c02b8c6f84b559e2d600dd44eef9e7df16e9c3d04d921d93d903882a606,handoff_document,新研究员交接与统一理论重建,text/markdown
handoff/12_HANDOFF_CHECKLIST.md,2135,f63ed11ba75655376cf602f3f5778e31b1ea36cdd82c00d0939f6fb9caa5eb80,handoff_document,新研究员交接与统一理论重建,text/markdown
handoff/13_INTERNAL_USE_NOTICE.md,500,df1b5d326cf03951266b8ce2dcb5df17559f7ce4f9989bf05279574f1a7f59cf,handoff_document,新研究员交接与统一理论重建,text/markdown
handoff/Towow_A2A_Research_Handoff_Manual_v1.0.docx,248822,71ec8ba2ccee0d967b0f5fe3864f4fd53e78aa4ca2143638cbe228a20680d78e,handoff_document,新研究员交接与统一理论重建,application/vnd.openxmlformats-officedocument.wordprocessingml.document
handoff/Towow_A2A_Research_Handoff_Manual_v1.0.md,102294,b93c9b9ac768cbc7852fccbe902a8a46489ffb682d31374df52a9a5985374060,handoff_document,新研究员交接与统一理论重建,text/markdown
handoff/通爻_A2A_研究交接手册_v1.0.pdf,2197758,735af1e77021113c2d3265cd6a3c66159fa49ab68358607c4722f65d9d671fa4,handoff_document,新研究员交接与统一理论重建,application/pdf
manifests/claim_genealogy_seed.csv,5925,1637f93f5237019f1e22e67504bd52d33cf6b7efd6cb1c6adf75c9bd121c1aeb,manifest,原始研究或支持材料,text/csv
manifests/concept_genealogy_seed.csv,5805,19eaaa0b313dfaff83df6c8e49dc7b7e9ae7008b208cfcce6df087db60edbf62,manifest,原始研究或支持材料,text/csv
manifests/reading_priority.csv,3044,bbfb5983fcb20f7d5aa52e862d0f7f196a3d030230544ed8bcf2d29641a2f7e6,manifest,原始研究或支持材料,text/csv
manifests/research_work_products.csv,832,cffd25b16a217b70926fb4fd1413debd60e2ce7d573632048f1d1d4e127d66a9,manifest,原始研究或支持材料,text/csv
qa/handoff_contact/sheet-1.jpg,310413,31e88270ffe2694e953622abcfb97de84831acbf905a0764370199cb25efb2c2,qa,原始研究或支持材料,image/jpeg
qa/handoff_contact/sheet-2.jpg,301621,41f4285eaf5d4852ea1f3e8c74cf524583848ceaa0e22bf48dbfa1aa80a07ba3,qa,原始研究或支持材料,image/jpeg
qa/handoff_contact/sheet-3.jpg,242178,c21c006de4da1f1c8171e97df9a24319ebd35d8ec8806c8f1dad19f5cea308f1,qa,原始研究或支持材料,image/jpeg
qa/handoff_contact/sheet-4.jpg,273330,7db12358779992043d51dba2ab18d03e9e7e6cfb3da85828a2b4a7ddcf83c255,qa,原始研究或支持材料,image/jpeg
qa/handoff_contact/sheet-5.jpg,89444,9bb92a39fdd36d5fb8c28ef7ba2306e065559ba726a5fc5a0b151d4b4cc17fb1,qa,原始研究或支持材料,image/jpeg
qa/handoff_docx_render/Towow_A2A_Research_Handoff_Manual_v1.0.pdf,2197758,735af1e77021113c2d3265cd6a3c66159fa49ab68358607c4722f65d9d671fa4,qa,原始研究或支持材料,application/pdf
qa/handoff_docx_render/page-1.png,464813,589eabf8563e74fc362e9be631a95c147ff6d4c0d0789b10234819c379c77e77,qa,原始研究或支持材料,image/png
qa/handoff_docx_render/page-10.png,365095,008447068da3beb33f58bc6d168aafd4187f7547621bfe54ff0d6f584e331477,qa,原始研究或支持材料,image/png
qa/handoff_docx_render/page-11.png,327150,0eba9aa23818292a093c6c4a009725d5ff15125afded8df77d1bec4a717e8b33,qa,原始研究或支持材料,image/png
qa/handoff_docx_render/page-12.png,415833,7df8b36020c48886c63015e23c86b10ce4503a41453dd6bb66792bfd8e793d0d,qa,原始研究或支持材料,image/png
qa/handoff_docx_render/page-13.png,453253,e5a67014a8dbfc4a086ca6f96c15ad97805e6ec98746f5be456ad3d04e99ff4c,qa,原始研究或支持材料,image/png
qa/handoff_docx_render/page-14.png,373318,a42d53c8f202a572f2b5da885da170d0e4a8ee2b317c70fecd2e1984e0a73087,qa,原始研究或支持材料,image/png
qa/handoff_docx_render/page-15.png,348793,4729a415c688e10c7e5ca471adce89247ca233f027342a2339f6fb638f05e9ad,qa,原始研究或支持材料,image/png
qa/handoff_docx_render/page-16.png,455380,a09b470f1420625bfc8b272e700d4a8677d71ea9d9a189008ea6a816fb05a726,qa,原始研究或支持材料,image/png
qa/handoff_docx_render/page-17.png,483695,9358410db56bd910a9b141b3036c561ed6fe3535296c06c04dc49003cfd3b696,qa,原始研究或支持材料,image/png
qa/handoff_docx_render/page-18.png,450312,ddd9589a4660884b105bec92d745decc7643f6b3d8451fb19abf7b29c8e097d3,qa,原始研究或支持材料,image/png
qa/handoff_docx_render/page-19.png,349595,d025d224a4c1d5b79f6ebc0a8adc9485c4b7562c0eb3c9e944a48dc742b5c495,qa,原始研究或支持材料,image/png
qa/handoff_docx_render/page-2.png,571732,76de06bee8ad31a43358c2681c498d2a3a68831722df277f5e4912b6a2ece526,qa,原始研究或支持材料,image/png
qa/handoff_docx_render/page-20.png,364390,9caa255d27e7fe9f364df90438935aed320a4ca349b152f4894c332858b72684,qa,原始研究或支持材料,image/png
qa/handoff_docx_render/page-21.png,369646,0a55704732b16c7e67f1c5a8aa3b1dd26f84b5ae77ced8446445c2b79bc0f7be,qa,原始研究或支持材料,image/png
qa/handoff_docx_render/page-22.png,368323,70b8bb18c9ddfedcc538c2715b3f7a30e22fd2f5afab2bb96020dc13180d2509,qa,原始研究或支持材料,image/png
qa/handoff_docx_render/page-23.png,305899,69012c5e49d93ab2b9e74583ccd42a3972c1aac4075f82d758c68360f0fdb07d,qa,原始研究或支持材料,image/png
qa/handoff_docx_render/page-24.png,396997,d78454ddd82b0c31c284fc06ca62280b189199ad216a770eaa3b0f72505ac1cb,qa,原始研究或支持材料,image/png
qa/handoff_docx_render/page-25.png,483123,e97f595c3a721c1e8f0450f5264bb45821124effcb6b3056e85ec8f0bd79053f,qa,原始研究或支持材料,image/png
qa/handoff_docx_render/page-26.png,388232,885c76b87108a5add69a8ebcb74b008e3645e5412602008577f9d739f4f0f19d,qa,原始研究或支持材料,image/png
qa/handoff_docx_render/page-27.png,430522,110a01f4f5ddbc00a9b82b182ffe1467ee932ec341aad964f6a9af7fe60a7890,qa,原始研究或支持材料,image/png
qa/handoff_docx_render/page-28.png,413319,a267715509cc250105409c392ff4d12094f9ae32beab17f67f6448da2c6da2a1,qa,原始研究或支持材料,image/png
qa/handoff_docx_render/page-29.png,443631,281e4fe4d24152cc93d675fbee2876565f9b84bbc1e3c6a260fead0c68e188f7,qa,原始研究或支持材料,image/png
qa/handoff_docx_render/page-3.png,433603,b1304389e48bbbe00b3934aef253d351d421b89c5989ea2872886a8c02b51810,qa,原始研究或支持材料,image/png
qa/handoff_docx_render/page-30.png,312928,80f3e1d538b6bb55557f63774db1392c2f30e42f4878c1da8c46f913a34081d5,qa,原始研究或支持材料,image/png
qa/handoff_docx_render/page-31.png,370584,80e5dcd9c88ad827c25f631065d141a478ee7acfa7ee07ff99af38e7556f632e,qa,原始研究或支持材料,image/png
qa/handoff_docx_render/page-32.png,360029,fce7e4e099452a8716dac740e66e7f51b4004d8d54cdcbaf082f971a0e3c6f45,qa,原始研究或支持材料,image/png
qa/handoff_docx_render/page-33.png,279961,1426b3a3d4fbda22e492ea339e4f3e4335d795f6447a92293e4cd12d8860869b,qa,原始研究或支持材料,image/png
qa/handoff_docx_render/page-34.png,284185,9f48287bf752c5157b4a98901c5c54804f429ba23ed9b154ad93e7b16485fce4,qa,原始研究或支持材料,image/png
qa/handoff_docx_render/page-35.png,299868,cf255e87e56facd91eefa2d6200e7c986f778ff14e9b8b1fc86472e3dce65a56,qa,原始研究或支持材料,image/png
qa/handoff_docx_render/page-36.png,249380,1da22be6ea1e854d6aea0bb98ab39105a11885a6b43819a947ebda44f8f4fada,qa,原始研究或支持材料,image/png
qa/handoff_docx_render/page-37.png,294788,6326b94534b1fd07fbe2f12cceffe652989c57de802dc8cfa0a342b5a0b53f5e,qa,原始研究或支持材料,image/png
qa/handoff_docx_render/page-38.png,368740,6936f7345d068eac9c197e55c39ee22bb504397e516a22214100ad47edd970a8,qa,原始研究或支持材料,image/png
qa/handoff_docx_render/page-39.png,358973,e2dc873c15ca2d6cbd9ab28d8b612b90b307a8c5733152f92b27aef598981870,qa,原始研究或支持材料,image/png
qa/handoff_docx_render/page-4.png,478606,04003de562f322a74b0df87d3a5ac07adb625377ba214f3f56877f111d853b46,qa,原始研究或支持材料,image/png
qa/handoff_docx_render/page-40.png,343201,ae0bc1c63121c9c2726774803ba4b0195b844a15e1880939bd6cfb3104eb9723,qa,原始研究或支持材料,image/png
qa/handoff_docx_render/page-41.png,305034,0189d8bdaaaed7d07900591e3efefb77b45a193d8c907bb02df13d30e03dfed2,qa,原始研究或支持材料,image/png
qa/handoff_docx_render/page-42.png,282295,42b3edb5e5a1ee8866020b935dffd988518e67c665bfc22c4075320311bf5e52,qa,原始研究或支持材料,image/png
qa/handoff_docx_render/page-43.png,262683,6abbea82656475d3d3a25ab9f7b957488ca8e84b42ab0e8f3b263ac1fa266efb,qa,原始研究或支持材料,image/png
qa/handoff_docx_render/page-44.png,301874,4e3284e3dd18bfdc08a26e3246edc1c594a8e697340cd98e88183655ecc85b92,qa,原始研究或支持材料,image/png
qa/handoff_docx_render/page-45.png,340159,e69e6f7e7357411019161e15963aeaab08b20001d6584f6f8dbc7e9d010d0213,qa,原始研究或支持材料,image/png
qa/handoff_docx_render/page-46.png,298637,e7337b7c7e7cf6d551bcc8b6fa8b825eec5068a7a7dcb4a92ed8e5379845d3cd,qa,原始研究或支持材料,image/png
qa/handoff_docx_render/page-47.png,371855,f12eaaec01be77481eeb01943a7da877bab6ef0b7917f42e764908b2005945b2,qa,原始研究或支持材料,image/png
qa/handoff_docx_render/page-48.png,308152,df6c1b1bcabd42c8689ee77edd61472c65482043720d1b43db98d46e82c55215,qa,原始研究或支持材料,image/png
qa/handoff_docx_render/page-49.png,352303,869385727df5feae8fd83276fda4dd900b6075d30ec20161ce8909d1a23e9627,qa,原始研究或支持材料,image/png
qa/handoff_docx_render/page-5.png,326744,a905c3605d42e1e82eb2eaf9232eab2f33d43887df73b131bce0b1e272455a80,qa,原始研究或支持材料,image/png
qa/handoff_docx_render/page-50.png,272290,a8396e05da454377bf102827ff919a6ffb37d2dd171c8285ad70c8008e1231c2,qa,原始研究或支持材料,image/png
qa/handoff_docx_render/page-51.png,278533,a4b1818821854b858c0fd6146045be716b0b17cbef9bdc4cc4879f267b1f17be,qa,原始研究或支持材料,image/png
qa/handoff_docx_render/page-52.png,283033,90a08a34a89aa063df13d90bbaaa7eb30b1263921ae17c57fdf08f379d060d84,qa,原始研究或支持材料,image/png
qa/handoff_docx_render/page-53.png,335503,0941f5855913b4333b2741bdd4fc7dc6d498651dd5a37332d1b2861d6c29b375,qa,原始研究或支持材料,image/png
qa/handoff_docx_render/page-54.png,416414,e8e17a0e02fdbdec1cad3b152bbc3ef3df011268124a870a08b27ca5a3165e9c,qa,原始研究或支持材料,image/png
qa/handoff_docx_render/page-55.png,333577,5c10c80df76a7ffb071405100f956ddbbae5b3ff6b8822140cc1b594db7e411c,qa,原始研究或支持材料,image/png
qa/handoff_docx_render/page-56.png,325799,659c737d57add0716488db2c66811ab37eab392457a197e19d25a612c31f3a7a,qa,原始研究或支持材料,image/png
qa/handoff_docx_render/page-57.png,354357,e470fe9b451f2baaf95c8984d701593a61f1064d169f45365c0595d161dad131,qa,原始研究或支持材料,image/png
qa/handoff_docx_render/page-58.png,276815,3f559dea51a352ae49e58fce6eeb45a302aec9478105debfc2c54698d3e8dcf3,qa,原始研究或支持材料,image/png
qa/handoff_docx_render/page-59.png,320127,cfec7d44fe1778cc6614b863c038c682626d292751627ab7ec4707ff1d7aea86,qa,原始研究或支持材料,image/png
qa/handoff_docx_render/page-6.png,477723,e1a868544150459d6a51ac663b2c23ae47bf99aa4e73fa8963d8bcb033f5a58e,qa,原始研究或支持材料,image/png
qa/handoff_docx_render/page-60.png,391793,676158e3b2d4182632a2929f05c7ec93998e83544cbdd3bd9683abc3e2b75985,qa,原始研究或支持材料,image/png
qa/handoff_docx_render/page-61.png,454216,f115836a1980262578fe6243c6069a150039ca357f42373ab2d33ce3b6290a6a,qa,原始研究或支持材料,image/png
qa/handoff_docx_render/page-62.png,362495,7b5ebe0e137d6f441775220b070d4176d48a0f5ea692adb5b3acfe2f7d9cabaf,qa,原始研究或支持材料,image/png
qa/handoff_docx_render/page-63.png,399142,6c35cdde16349bc1ba7c29bb3905c41e8112fa923eaac1308a8c522c3f416bbe,qa,原始研究或支持材料,image/png
qa/handoff_docx_render/page-64.png,401219,9b8f7b148359f949ae44b3c30f9adc7642728457204fe68115cf23e085568825,qa,原始研究或支持材料,image/png
qa/handoff_docx_render/page-65.png,355262,02471de8705613af0b9427fef41278ac630e544c491ae25e8be9008e3199f16d,qa,原始研究或支持材料,image/png
qa/handoff_docx_render/page-66.png,369738,4a77ec2b352970dfade8f424ee55ed7a08fa8d4c0da11dfb0f5dbfefdbfb6374,qa,原始研究或支持材料,image/png
qa/handoff_docx_render/page-67.png,348643,0a7e91c567e6dba3b6da1dcf25567bfa11f8ac71c1779c12ac9681e194ddadb8,qa,原始研究或支持材料,image/png
qa/handoff_docx_render/page-68.png,271404,7ebcf5c7f8537ba36f19836495cfb287020632695f79fe9141edd3558b723c04,qa,原始研究或支持材料,image/png
qa/handoff_docx_render/page-7.png,395890,a69460b48a7b4e1fde83ab33dcb0469eb9fd31a593385d4677a74ab18f589bd9,qa,原始研究或支持材料,image/png
qa/handoff_docx_render/page-8.png,361997,2b5c80abc7de20d2fa5f846a0aa5a18fe83641f65105cbde093426a750890a93,qa,原始研究或支持材料,image/png
qa/handoff_docx_render/page-9.png,395424,603b19d3cd9c3b17e344dc5067007a28ea17684780fccbadbea393ec917758ff,qa,原始研究或支持材料,image/png
qa/render_log.txt,1085,eaa0016ccb629c83fdefc7e23c88265c9d4c34e473978041ac73a7a06c6e8d22,qa,原始研究或支持材料,text/plain
