record_id,source_path,source_sha256,heading_level,heading,line_start,line_end,phase,artifact_type
S000001,00_START_HERE/COVERAGE_AND_LIMITATIONS.md,3431768ba16986b9351e2ab76bb81571b33838450964ed3b7b7bd3308e6ac8b3,1,档案覆盖与限制,1,34,archive-orientation,text-source
S000002,00_START_HERE/COVERAGE_AND_LIMITATIONS.md,3431768ba16986b9351e2ab76bb81571b33838450964ed3b7b7bd3308e6ac8b3,2,已纳入,3,15,archive-orientation,text-source
S000003,00_START_HERE/COVERAGE_AND_LIMITATIONS.md,3431768ba16986b9351e2ab76bb81571b33838450964ed3b7b7bd3308e6ac8b3,2,无法声称的完整性,16,24,archive-orientation,text-source
S000004,00_START_HERE/COVERAGE_AND_LIMITATIONS.md,3431768ba16986b9351e2ab76bb81571b33838450964ed3b7b7bd3308e6ac8b3,2,QDR 限制,25,28,archive-orientation,text-source
S000005,00_START_HERE/COVERAGE_AND_LIMITATIONS.md,3431768ba16986b9351e2ab76bb81571b33838450964ed3b7b7bd3308e6ac8b3,2,版本身份,29,34,archive-orientation,text-source
S000006,00_START_HERE/CURRENT_RESEARCH_STATE.md,8af30077f23682fcb96715c885b1579e0b460b1eb8db209d6bb54005fd88719c,1,当前研究状态,1,64,archive-orientation,text-source
S000007,00_START_HERE/CURRENT_RESEARCH_STATE.md,8af30077f23682fcb96715c885b1579e0b460b1eb8db209d6bb54005fd88719c,2,1. 研究真正解决的问题,3,17,archive-orientation,text-source
S000008,00_START_HERE/CURRENT_RESEARCH_STATE.md,8af30077f23682fcb96715c885b1579e0b460b1eb8db209d6bb54005fd88719c,2,2. 当前最稳固的结构,18,27,archive-orientation,text-source
S000009,00_START_HERE/CURRENT_RESEARCH_STATE.md,8af30077f23682fcb96715c885b1579e0b460b1eb8db209d6bb54005fd88719c,2,3. 当前证据等级,28,45,archive-orientation,text-source
S000010,00_START_HERE/CURRENT_RESEARCH_STATE.md,8af30077f23682fcb96715c885b1579e0b460b1eb8db209d6bb54005fd88719c,3,最强、真正改变设计的证据,30,36,archive-orientation,text-source
S000011,00_START_HERE/CURRENT_RESEARCH_STATE.md,8af30077f23682fcb96715c885b1579e0b460b1eb8db209d6bb54005fd88719c,3,校准与实现证据,37,45,archive-orientation,text-source
S000012,00_START_HERE/CURRENT_RESEARCH_STATE.md,8af30077f23682fcb96715c885b1579e0b460b1eb8db209d6bb54005fd88719c,2,4. 当前最可能的产品顺序（待 Q1 判别）,46,53,archive-orientation,text-source
S000013,00_START_HERE/CURRENT_RESEARCH_STATE.md,8af30077f23682fcb96715c885b1579e0b460b1eb8db209d6bb54005fd88719c,2,5. 立即停止的研究投入,54,64,archive-orientation,text-source
S000014,00_START_HERE/README.md,b3245bd9fd7d18a11240d8a3a9ce211c59c5540feeb6f110245dc2ecf58f0c38,1,通爻完整研究档案 v1.2,1,46,archive-orientation,orientation
S000015,00_START_HERE/README.md,b3245bd9fd7d18a11240d8a3a9ce211c59c5540feeb6f110245dc2ecf58f0c38,2,这是什么,6,16,archive-orientation,orientation
S000016,00_START_HERE/README.md,b3245bd9fd7d18a11240d8a3a9ce211c59c5540feeb6f110245dc2ecf58f0c38,2,推荐阅读顺序,17,26,archive-orientation,orientation
S000017,00_START_HERE/README.md,b3245bd9fd7d18a11240d8a3a9ce211c59c5540feeb6f110245dc2ecf58f0c38,2,当前研究身份,27,34,archive-orientation,orientation
S000018,00_START_HERE/README.md,b3245bd9fd7d18a11240d8a3a9ce211c59c5540feeb6f110245dc2ecf58f0c38,2,当前最高优先级,35,41,archive-orientation,orientation
S000019,00_START_HERE/README.md,b3245bd9fd7d18a11240d8a3a9ce211c59c5540feeb6f110245dc2ecf58f0c38,2,校验,42,46,archive-orientation,orientation
S000020,01_INTERACTIONS_AND_CORRECTIONS/00_INTERACTION_CORRECTION_CHRONICLE.md,a37f9009cf57f9dcc2d3498a4b9fe8a83426548bb5f2dbbe5a1401e0a92c17eb,1,交互与矫正纪事,1,74,interaction-correction,interaction-or-review
S000021,01_INTERACTIONS_AND_CORRECTIONS/00_INTERACTION_CORRECTION_CHRONICLE.md,a37f9009cf57f9dcc2d3498a4b9fe8a83426548bb5f2dbbe5a1401e0a92c17eb,2,阶段 0：开放式完整交接,5,12,interaction-correction,interaction-or-review
S000022,01_INTERACTIONS_AND_CORRECTIONS/00_INTERACTION_CORRECTION_CHRONICLE.md,a37f9009cf57f9dcc2d3498a4b9fe8a83426548bb5f2dbbe5a1401e0a92c17eb,2,阶段 1：用户补充全局价值取向,13,18,interaction-correction,interaction-or-review
S000023,01_INTERACTIONS_AND_CORRECTIONS/00_INTERACTION_CORRECTION_CHRONICLE.md,a37f9009cf57f9dcc2d3498a4b9fe8a83426548bb5f2dbbe5a1401e0a92c17eb,2,阶段 2：警惕概念增生与关系语法不可操作,19,24,interaction-correction,interaction-or-review
S000024,01_INTERACTIONS_AND_CORRECTIONS/00_INTERACTION_CORRECTION_CHRONICLE.md,a37f9009cf57f9dcc2d3498a4b9fe8a83426548bb5f2dbbe5a1401e0a92c17eb,2,阶段 3：现实资源暂缺，转向公开过程证据,25,30,interaction-correction,interaction-or-review
S000025,01_INTERACTIONS_AND_CORRECTIONS/00_INTERACTION_CORRECTION_CHRONICLE.md,a37f9009cf57f9dcc2d3498a4b9fe8a83426548bb5f2dbbe5a1401e0a92c17eb,2,阶段 4：聚焦超级个体与 OPC，但不窄化理论,31,36,interaction-correction,interaction-or-review
S000026,01_INTERACTIONS_AND_CORRECTIONS/00_INTERACTION_CORRECTION_CHRONICLE.md,a37f9009cf57f9dcc2d3498a4b9fe8a83426548bb5f2dbbe5a1401e0a92c17eb,2,阶段 5：27 页“统一论文”被否定,37,42,interaction-correction,interaction-or-review
S000027,01_INTERACTIONS_AND_CORRECTIONS/00_INTERACTION_CORRECTION_CHRONICLE.md,a37f9009cf57f9dcc2d3498a4b9fe8a83426548bb5f2dbbe5a1401e0a92c17eb,2,阶段 6：下一轮从“完整”转向“可执行闭环”,43,48,interaction-correction,interaction-or-review
S000028,01_INTERACTIONS_AND_CORRECTIONS/00_INTERACTION_CORRECTION_CHRONICLE.md,a37f9009cf57f9dcc2d3498a4b9fe8a83426548bb5f2dbbe5a1401e0a92c17eb,2,阶段 7：真人实验方案与内部可做研究,49,54,interaction-correction,interaction-or-review
S000029,01_INTERACTIONS_AND_CORRECTIONS/00_INTERACTION_CORRECTION_CHRONICLE.md,a37f9009cf57f9dcc2d3498a4b9fe8a83426548bb5f2dbbe5a1401e0a92c17eb,2,阶段 8：审稿 v1——把重量搬到证据在的地方,55,60,interaction-correction,interaction-or-review
S000030,01_INTERACTIONS_AND_CORRECTIONS/00_INTERACTION_CORRECTION_CHRONICLE.md,a37f9009cf57f9dcc2d3498a4b9fe8a83426548bb5f2dbbe5a1401e0a92c17eb,2,阶段 9：审稿 v2——求解效率重置,61,66,interaction-correction,interaction-or-review
S000031,01_INTERACTIONS_AND_CORRECTIONS/00_INTERACTION_CORRECTION_CHRONICLE.md,a37f9009cf57f9dcc2d3498a4b9fe8a83426548bb5f2dbbe5a1401e0a92c17eb,2,当前状态,67,74,interaction-correction,interaction-or-review
S000032,01_INTERACTIONS_AND_CORRECTIONS/01_RESEARCH_REQUIREMENTS_CONSTITUTION.md,05c55789c6ca52005c3d72a8efbd1783251c68ba093ef949b35b7f7920a3c19f,1,研究要求宪法：历次交互中稳定不变的约束,1,46,interaction-correction,interaction-or-review
S000033,01_INTERACTIONS_AND_CORRECTIONS/01_RESEARCH_REQUIREMENTS_CONSTITUTION.md,05c55789c6ca52005c3d72a8efbd1783251c68ba093ef949b35b7f7920a3c19f,2,A. 研究对象,3,9,interaction-correction,interaction-or-review
S000034,01_INTERACTIONS_AND_CORRECTIONS/01_RESEARCH_REQUIREMENTS_CONSTITUTION.md,05c55789c6ca52005c3d72a8efbd1783251c68ba093ef949b35b7f7920a3c19f,2,B. 真正问题,10,16,interaction-correction,interaction-or-review
S000035,01_INTERACTIONS_AND_CORRECTIONS/01_RESEARCH_REQUIREMENTS_CONSTITUTION.md,05c55789c6ca52005c3d72a8efbd1783251c68ba093ef949b35b7f7920a3c19f,2,C. 机制立场,17,23,interaction-correction,interaction-or-review
S000036,01_INTERACTIONS_AND_CORRECTIONS/01_RESEARCH_REQUIREMENTS_CONSTITUTION.md,05c55789c6ca52005c3d72a8efbd1783251c68ba093ef949b35b7f7920a3c19f,2,D. 价值目标,24,30,interaction-correction,interaction-or-review
S000037,01_INTERACTIONS_AND_CORRECTIONS/01_RESEARCH_REQUIREMENTS_CONSTITUTION.md,05c55789c6ca52005c3d72a8efbd1783251c68ba093ef949b35b7f7920a3c19f,2,E. 证据纪律,31,39,interaction-correction,interaction-or-review
S000038,01_INTERACTIONS_AND_CORRECTIONS/01_RESEARCH_REQUIREMENTS_CONSTITUTION.md,05c55789c6ca52005c3d72a8efbd1783251c68ba093ef949b35b7f7920a3c19f,2,F. 文档纪律,40,46,interaction-correction,interaction-or-review
S000039,01_INTERACTIONS_AND_CORRECTIONS/04_REVIEW_TO_v1.2_DECISION_RESET.md,1557f1b998822e5ec5af4ffa3980eec0eeb47b739c7c7751ce8134bb2fad6753,1,通爻 v1.2 研究程序重置：以设计判别信息为中心,1,122,interaction-correction,interaction-or-review
S000040,01_INTERACTIONS_AND_CORRECTIONS/04_REVIEW_TO_v1.2_DECISION_RESET.md,1557f1b998822e5ec5af4ffa3980eec0eeb47b739c7c7751ce8134bb2fad6753,2,1. 本轮接受的核心诊断,7,16,interaction-correction,interaction-or-review
S000041,01_INTERACTIONS_AND_CORRECTIONS/04_REVIEW_TO_v1.2_DECISION_RESET.md,1557f1b998822e5ec5af4ffa3980eec0eeb47b739c7c7751ce8134bb2fad6753,2,2. 文档身份调整,17,26,interaction-correction,interaction-or-review
S000042,01_INTERACTIONS_AND_CORRECTIONS/04_REVIEW_TO_v1.2_DECISION_RESET.md,1557f1b998822e5ec5af4ffa3980eec0eeb47b739c7c7751ce8134bb2fad6753,2,3. 已经形成的最重要设计结论,27,34,interaction-correction,interaction-or-review
S000043,01_INTERACTIONS_AND_CORRECTIONS/04_REVIEW_TO_v1.2_DECISION_RESET.md,1557f1b998822e5ec5af4ffa3980eec0eeb47b739c7c7751ce8134bb2fad6753,2,4. 立即停止或降级的工作,35,48,interaction-correction,interaction-or-review
S000044,01_INTERACTIONS_AND_CORRECTIONS/04_REVIEW_TO_v1.2_DECISION_RESET.md,1557f1b998822e5ec5af4ffa3980eec0eeb47b739c7c7751ce8134bb2fad6753,2,5. 当前六个真正待决问题,49,86,interaction-correction,interaction-or-review
S000045,01_INTERACTIONS_AND_CORRECTIONS/04_REVIEW_TO_v1.2_DECISION_RESET.md,1557f1b998822e5ec5af4ffa3980eec0eeb47b739c7c7751ce8134bb2fad6753,3,Q1 强中心 Agent 是否已经足够,51,59,interaction-correction,interaction-or-review
S000046,01_INTERACTIONS_AND_CORRECTIONS/04_REVIEW_TO_v1.2_DECISION_RESET.md,1557f1b998822e5ec5af4ffa3980eec0eeb47b739c7c7751ce8134bb2fad6753,3,Q2 真实 OPC 能否维护显式 Mandate,60,65,interaction-correction,interaction-or-review
S000047,01_INTERACTIONS_AND_CORRECTIONS/04_REVIEW_TO_v1.2_DECISION_RESET.md,1557f1b998822e5ec5af4ffa3980eec0eeb47b739c7c7751ce8134bb2fad6753,3,Q3 一条真实 causal formation 是否存在,66,71,interaction-correction,interaction-or-review
S000048,01_INTERACTIONS_AND_CORRECTIONS/04_REVIEW_TO_v1.2_DECISION_RESET.md,1557f1b998822e5ec5af4ffa3980eec0eeb47b739c7c7751ce8134bb2fad6753,3,Q4 Router 判据能否由真实输入可靠获得,72,76,interaction-correction,interaction-or-review
S000049,01_INTERACTIONS_AND_CORRECTIONS/04_REVIEW_TO_v1.2_DECISION_RESET.md,1557f1b998822e5ec5af4ffa3980eec0eeb47b739c7c7751ce8134bb2fad6753,3,Q5 编译复用是否产生现实净值,77,81,interaction-correction,interaction-or-review
S000050,01_INTERACTIONS_AND_CORRECTIONS/04_REVIEW_TO_v1.2_DECISION_RESET.md,1557f1b998822e5ec5af4ffa3980eec0eeb47b739c7c7751ce8134bb2fad6753,3,Q6 适用市场的对抗边界,82,86,interaction-correction,interaction-or-review
S000051,01_INTERACTIONS_AND_CORRECTIONS/04_REVIEW_TO_v1.2_DECISION_RESET.md,1557f1b998822e5ec5af4ffa3980eec0eeb47b739c7c7751ce8134bb2fad6753,2,6. v1.2 唯一优先级,87,97,interaction-correction,interaction-or-review
S000052,01_INTERACTIONS_AND_CORRECTIONS/04_REVIEW_TO_v1.2_DECISION_RESET.md,1557f1b998822e5ec5af4ffa3980eec0eeb47b739c7c7751ce8134bb2fad6753,2,7. 研究账本新字段,98,111,interaction-correction,interaction-or-review
S000053,01_INTERACTIONS_AND_CORRECTIONS/04_REVIEW_TO_v1.2_DECISION_RESET.md,1557f1b998822e5ec5af4ffa3980eec0eeb47b739c7c7751ce8134bb2fad6753,2,8. 当前产品顺序的暂定假说,112,122,interaction-correction,interaction-or-review
S000054,01_INTERACTIONS_AND_CORRECTIONS/reviews/REVIEW_v1_and_v2_full.md,e3c36a9f3c56b22af3153f2757e3e591f0220fb967081bce220de80e13022130,1,审稿意见：《主权智能主体的共同现实形成》v1.1,1,84,interaction-correction,interaction-or-review
S000055,01_INTERACTIONS_AND_CORRECTIONS/reviews/REVIEW_v1_and_v2_full.md,e3c36a9f3c56b22af3153f2757e3e591f0220fb967081bce220de80e13022130,2,审稿意见 v1,5,84,interaction-correction,interaction-or-review
S000056,01_INTERACTIONS_AND_CORRECTIONS/reviews/REVIEW_v1_and_v2_full.md,e3c36a9f3c56b22af3153f2757e3e591f0220fb967081bce220de80e13022130,3,M1. 形态：三份文档缝成一份,11,18,interaction-correction,interaction-or-review
S000057,01_INTERACTIONS_AND_CORRECTIONS/reviews/REVIEW_v1_and_v2_full.md,e3c36a9f3c56b22af3153f2757e3e591f0220fb967081bce220de80e13022130,3,M2. 命题体系需要分类,19,24,interaction-correction,interaction-or-review
S000058,01_INTERACTIONS_AND_CORRECTIONS/reviews/REVIEW_v1_and_v2_full.md,e3c36a9f3c56b22af3153f2757e3e591f0220fb967081bce220de80e13022130,3,M3. 证据自指闭环,25,28,interaction-correction,interaction-or-review
S000059,01_INTERACTIONS_AND_CORRECTIONS/reviews/REVIEW_v1_and_v2_full.md,e3c36a9f3c56b22af3153f2757e3e591f0220fb967081bce220de80e13022130,3,M4. 最强证据被埋没,29,34,interaction-correction,interaction-or-review
S000060,01_INTERACTIONS_AND_CORRECTIONS/reviews/REVIEW_v1_and_v2_full.md,e3c36a9f3c56b22af3153f2757e3e591f0220fb967081bce220de80e13022130,3,M5. 必须回答“为什么不是 FIPA 2.0”,35,44,interaction-correction,interaction-or-review
S000061,01_INTERACTIONS_AND_CORRECTIONS/reviews/REVIEW_v1_and_v2_full.md,e3c36a9f3c56b22af3153f2757e3e591f0220fb967081bce220de80e13022130,3,M6. 强中心对手没有公平出场,45,48,interaction-correction,interaction-or-review
S000062,01_INTERACTIONS_AND_CORRECTIONS/reviews/REVIEW_v1_and_v2_full.md,e3c36a9f3c56b22af3153f2757e3e591f0220fb967081bce220de80e13022130,3,M7. 真人实验设计好但过重,49,52,interaction-correction,interaction-or-review
S000063,01_INTERACTIONS_AND_CORRECTIONS/reviews/REVIEW_v1_and_v2_full.md,e3c36a9f3c56b22af3153f2757e3e591f0220fb967081bce220de80e13022130,3,M8. 术语负担,53,56,interaction-correction,interaction-or-review
S000064,01_INTERACTIONS_AND_CORRECTIONS/reviews/REVIEW_v1_and_v2_full.md,e3c36a9f3c56b22af3153f2757e3e591f0220fb967081bce220de80e13022130,3,M9. 博弈论威胁,57,60,interaction-correction,interaction-or-review
S000065,01_INTERACTIONS_AND_CORRECTIONS/reviews/REVIEW_v1_and_v2_full.md,e3c36a9f3c56b22af3153f2757e3e591f0220fb967081bce220de80e13022130,3,M10. 公开语料与 QDR,61,64,interaction-correction,interaction-or-review
S000066,01_INTERACTIONS_AND_CORRECTIONS/reviews/REVIEW_v1_and_v2_full.md,e3c36a9f3c56b22af3153f2757e3e591f0220fb967081bce220de80e13022130,3,Minor,65,76,interaction-correction,interaction-or-review
S000067,01_INTERACTIONS_AND_CORRECTIONS/reviews/REVIEW_v1_and_v2_full.md,e3c36a9f3c56b22af3153f2757e3e591f0220fb967081bce220de80e13022130,3,v1 的前三优先级,77,84,interaction-correction,interaction-or-review
S000068,01_INTERACTIONS_AND_CORRECTIONS/reviews/REVIEW_v1_and_v2_full.md,e3c36a9f3c56b22af3153f2757e3e591f0220fb967081bce220de80e13022130,1,审稿意见 v2：按“求解文档”标准重审,85,174,interaction-correction,interaction-or-review
S000069,01_INTERACTIONS_AND_CORRECTIONS/reviews/REVIEW_v1_and_v2_full.md,e3c36a9f3c56b22af3153f2757e3e591f0220fb967081bce220de80e13022130,2,1. 实验开工判据,91,98,interaction-correction,interaction-or-review
S000070,01_INTERACTIONS_AND_CORRECTIONS/reviews/REVIEW_v1_and_v2_full.md,e3c36a9f3c56b22af3153f2757e3e591f0220fb967081bce220de80e13022130,2,2. 常识过度论证,99,111,interaction-correction,interaction-or-review
S000071,01_INTERACTIONS_AND_CORRECTIONS/reviews/REVIEW_v1_and_v2_full.md,e3c36a9f3c56b22af3153f2757e3e591f0220fb967081bce220de80e13022130,2,3. 真正待决的设计问题,112,137,interaction-correction,interaction-or-review
S000072,01_INTERACTIONS_AND_CORRECTIONS/reviews/REVIEW_v1_and_v2_full.md,e3c36a9f3c56b22af3153f2757e3e591f0220fb967081bce220de80e13022130,3,Q1. 强中心 Agent 是否足够,114,117,interaction-correction,interaction-or-review
S000073,01_INTERACTIONS_AND_CORRECTIONS/reviews/REVIEW_v1_and_v2_full.md,e3c36a9f3c56b22af3153f2757e3e591f0220fb967081bce220de80e13022130,3,Q2. 真实用户能否维护显式 Mandate,118,121,interaction-correction,interaction-or-review
S000074,01_INTERACTIONS_AND_CORRECTIONS/reviews/REVIEW_v1_and_v2_full.md,e3c36a9f3c56b22af3153f2757e3e591f0220fb967081bce220de80e13022130,3,Q3. 是否存在真实 causal formation,122,125,interaction-correction,interaction-or-review
S000075,01_INTERACTIONS_AND_CORRECTIONS/reviews/REVIEW_v1_and_v2_full.md,e3c36a9f3c56b22af3153f2757e3e591f0220fb967081bce220de80e13022130,3,Q4. Router 判据能否从真实输入算出,126,129,interaction-correction,interaction-or-review
S000076,01_INTERACTIONS_AND_CORRECTIONS/reviews/REVIEW_v1_and_v2_full.md,e3c36a9f3c56b22af3153f2757e3e591f0220fb967081bce220de80e13022130,3,Q5. 编译复用的真实净值,130,133,interaction-correction,interaction-or-review
S000077,01_INTERACTIONS_AND_CORRECTIONS/reviews/REVIEW_v1_and_v2_full.md,e3c36a9f3c56b22af3153f2757e3e591f0220fb967081bce220de80e13022130,3,Q6. 对抗域边界,134,137,interaction-correction,interaction-or-review
S000078,01_INTERACTIONS_AND_CORRECTIONS/reviews/REVIEW_v1_and_v2_full.md,e3c36a9f3c56b22af3153f2757e3e591f0220fb967081bce220de80e13022130,2,4. 证据账本应按决策重组,138,147,interaction-correction,interaction-or-review
S000079,01_INTERACTIONS_AND_CORRECTIONS/reviews/REVIEW_v1_and_v2_full.md,e3c36a9f3c56b22af3153f2757e3e591f0220fb967081bce220de80e13022130,2,5. OPC 是参数空间极点，不是理论边界,148,151,interaction-correction,interaction-or-review
S000080,01_INTERACTIONS_AND_CORRECTIONS/reviews/REVIEW_v1_and_v2_full.md,e3c36a9f3c56b22af3153f2757e3e591f0220fb967081bce220de80e13022130,2,6. 对外形态按需触发,152,155,interaction-correction,interaction-or-review
S000081,01_INTERACTIONS_AND_CORRECTIONS/reviews/REVIEW_v1_and_v2_full.md,e3c36a9f3c56b22af3153f2757e3e591f0220fb967081bce220de80e13022130,2,v2 优先级,156,174,interaction-correction,interaction-or-review
S000082,02_WORKSPACE_SNAPSHOT/Towow_A2A_Independent_Research_v0.3/00_EXECUTIVE_FINDINGS.md,e6497025be9ea9d2c3001c76565acca46b83462c4c6986cfc8206ee0635746f3,1,本轮执行结论：通爻 A2A 独立理论重建 v0.3,1,174,v0.3-independent-rebuild,orientation
S000083,02_WORKSPACE_SNAPSHOT/Towow_A2A_Independent_Research_v0.3/00_EXECUTIVE_FINDINGS.md,e6497025be9ea9d2c3001c76565acca46b83462c4c6986cfc8206ee0635746f3,2,一、现在可以更准确地说：我们研究的是什么,6,13,v0.3-independent-rebuild,orientation
S000084,02_WORKSPACE_SNAPSHOT/Towow_A2A_Independent_Research_v0.3/00_EXECUTIVE_FINDINGS.md,e6497025be9ea9d2c3001c76565acca46b83462c4c6986cfc8206ee0635746f3,2,二、Agent 不再等同于模型、进程或单一人格,14,37,v0.3-independent-rebuild,orientation
S000085,02_WORKSPACE_SNAPSHOT/Towow_A2A_Independent_Research_v0.3/00_EXECUTIVE_FINDINGS.md,e6497025be9ea9d2c3001c76565acca46b83462c4c6986cfc8206ee0635746f3,2,三、越强的模型，越不能依赖模糊授权,38,58,v0.3-independent-rebuild,orientation
S000086,02_WORKSPACE_SNAPSHOT/Towow_A2A_Independent_Research_v0.3/00_EXECUTIVE_FINDINGS.md,e6497025be9ea9d2c3001c76565acca46b83462c4c6986cfc8206ee0635746f3,2,四、A2A 的本质是权威拓扑，不是点对点消息拓扑,59,74,v0.3-independent-rebuild,orientation
S000087,02_WORKSPACE_SNAPSHOT/Towow_A2A_Independent_Research_v0.3/00_EXECUTIVE_FINDINGS.md,e6497025be9ea9d2c3001c76565acca46b83462c4c6986cfc8206ee0635746f3,2,五、中心化的正确问题是 `CollapseSafe`，不是立场选择,75,82,v0.3-independent-rebuild,orientation
S000088,02_WORKSPACE_SNAPSHOT/Towow_A2A_Independent_Research_v0.3/00_EXECUTIVE_FINDINGS.md,e6497025be9ea9d2c3001c76565acca46b83462c4c6986cfc8206ee0635746f3,2,六、平台处理标准品；通爻形成非标准关系对象,83,101,v0.3-independent-rebuild,orientation
S000089,02_WORKSPACE_SNAPSHOT/Towow_A2A_Independent_Research_v0.3/00_EXECUTIVE_FINDINGS.md,e6497025be9ea9d2c3001c76565acca46b83462c4c6986cfc8206ee0635746f3,2,七、目标从“提高成交”改为“更快到达真实稳定处置”,102,115,v0.3-independent-rebuild,orientation
S000090,02_WORKSPACE_SNAPSHOT/Towow_A2A_Independent_Research_v0.3/00_EXECUTIVE_FINDINGS.md,e6497025be9ea9d2c3001c76565acca46b83462c4c6986cfc8206ee0635746f3,2,八、数据不是在系统里搬运，而是在使用中持续产生,116,123,v0.3-independent-rebuild,orientation
S000091,02_WORKSPACE_SNAPSHOT/Towow_A2A_Independent_Research_v0.3/00_EXECUTIVE_FINDINGS.md,e6497025be9ea9d2c3001c76565acca46b83462c4c6986cfc8206ee0635746f3,2,九、统一结构不再是全局 L0→L7 单向流水线,124,135,v0.3-independent-rebuild,orientation
S000092,02_WORKSPACE_SNAPSHOT/Towow_A2A_Independent_Research_v0.3/00_EXECUTIVE_FINDINGS.md,e6497025be9ea9d2c3001c76565acca46b83462c4c6986cfc8206ee0635746f3,2,十、门控状态机的建设性价值,136,141,v0.3-independent-rebuild,orientation
S000093,02_WORKSPACE_SNAPSHOT/Towow_A2A_Independent_Research_v0.3/00_EXECUTIVE_FINDINGS.md,e6497025be9ea9d2c3001c76565acca46b83462c4c6986cfc8206ee0635746f3,2,十一、本轮真正新增的不是漂亮数字，而是十个设计改变,142,154,v0.3-independent-rebuild,orientation
S000094,02_WORKSPACE_SNAPSHOT/Towow_A2A_Independent_Research_v0.3/00_EXECUTIVE_FINDINGS.md,e6497025be9ea9d2c3001c76565acca46b83462c4c6986cfc8206ee0635746f3,2,十二、证据目前到哪里,155,165,v0.3-independent-rebuild,orientation
S000095,02_WORKSPACE_SNAPSHOT/Towow_A2A_Independent_Research_v0.3/00_EXECUTIVE_FINDINGS.md,e6497025be9ea9d2c3001c76565acca46b83462c4c6986cfc8206ee0635746f3,2,十三、下一道真正决定系统是否成立的实验,166,174,v0.3-independent-rebuild,orientation
S000096,02_WORKSPACE_SNAPSHOT/Towow_A2A_Independent_Research_v0.3/README.md,9ec2be4c8286cf1e4d9a815191463f9d367f9fa7467c47e3ba59431a15f6045a,1,通爻 A2A 独立研究包 v0.3,1,145,v0.3-independent-rebuild,orientation
S000097,02_WORKSPACE_SNAPSHOT/Towow_A2A_Independent_Research_v0.3/README.md,9ec2be4c8286cf1e4d9a815191463f9d367f9fa7467c47e3ba59431a15f6045a,2,本轮最重要的收敛,15,24,v0.3-independent-rebuild,orientation
S000098,02_WORKSPACE_SNAPSHOT/Towow_A2A_Independent_Research_v0.3/README.md,9ec2be4c8286cf1e4d9a815191463f9d367f9fa7467c47e3ba59431a15f6045a,2,建议阅读顺序,25,39,v0.3-independent-rebuild,orientation
S000099,02_WORKSPACE_SNAPSHOT/Towow_A2A_Independent_Research_v0.3/README.md,9ec2be4c8286cf1e4d9a815191463f9d367f9fa7467c47e3ba59431a15f6045a,2,实验与实现规模,40,63,v0.3-independent-rebuild,orientation
S000100,02_WORKSPACE_SNAPSHOT/Towow_A2A_Independent_Research_v0.3/README.md,9ec2be4c8286cf1e4d9a815191463f9d367f9fa7467c47e3ba59431a15f6045a,3,R6 机制判别组,42,52,v0.3-independent-rebuild,orientation
S000101,02_WORKSPACE_SNAPSHOT/Towow_A2A_Independent_Research_v0.3/README.md,9ec2be4c8286cf1e4d9a815191463f9d367f9fa7467c47e3ba59431a15f6045a,3,独立交叉验证组,53,63,v0.3-independent-rebuild,orientation
S000102,02_WORKSPACE_SNAPSHOT/Towow_A2A_Independent_Research_v0.3/README.md,9ec2be4c8286cf1e4d9a815191463f9d367f9fa7467c47e3ba59431a15f6045a,2,复现 R6,64,83,v0.3-independent-rebuild,orientation
S000103,02_WORKSPACE_SNAPSHOT/Towow_A2A_Independent_Research_v0.3/README.md,9ec2be4c8286cf1e4d9a815191463f9d367f9fa7467c47e3ba59431a15f6045a,2,复现独立交叉验证,84,95,v0.3-independent-rebuild,orientation
S000104,02_WORKSPACE_SNAPSHOT/Towow_A2A_Independent_Research_v0.3/README.md,9ec2be4c8286cf1e4d9a815191463f9d367f9fa7467c47e3ba59431a15f6045a,2,运行最小语义内核,96,105,v0.3-independent-rebuild,orientation
S000105,02_WORKSPACE_SNAPSHOT/Towow_A2A_Independent_Research_v0.3/README.md,9ec2be4c8286cf1e4d9a815191463f9d367f9fa7467c47e3ba59431a15f6045a,2,运行真实案例现场仪器,106,118,v0.3-independent-rebuild,orientation
S000106,02_WORKSPACE_SNAPSHOT/Towow_A2A_Independent_Research_v0.3/README.md,9ec2be4c8286cf1e4d9a815191463f9d367f9fa7467c47e3ba59431a15f6045a,2,证据边界,119,130,v0.3-independent-rebuild,orientation
S000107,02_WORKSPACE_SNAPSHOT/Towow_A2A_Independent_Research_v0.3/README.md,9ec2be4c8286cf1e4d9a815191463f9d367f9fa7467c47e3ba59431a15f6045a,2,当前硬外部资源门,131,136,v0.3-independent-rebuild,orientation
S000108,02_WORKSPACE_SNAPSHOT/Towow_A2A_Independent_Research_v0.3/README.md,9ec2be4c8286cf1e4d9a815191463f9d367f9fa7467c47e3ba59431a15f6045a,2,完整性,137,145,v0.3-independent-rebuild,orientation
S000109,02_WORKSPACE_SNAPSHOT/Towow_A2A_Independent_Research_v0.3/evidence/01_实验与证据总账_v0.2.md,28d3fc0eb6fb96d6022b23ca17e0a3590233dc2c7585c9ff7fb23389f250af17,1,实验与证据总账 v0.2,1,72,v0.3-independent-rebuild,evidence-or-decision-ledger
S000110,02_WORKSPACE_SNAPSHOT/Towow_A2A_Independent_Research_v0.3/evidence/01_实验与证据总账_v0.2.md,28d3fc0eb6fb96d6022b23ca17e0a3590233dc2c7585c9ff7fb23389f250af17,2,1. 证据阶梯,3,12,v0.3-independent-rebuild,evidence-or-decision-ledger
S000111,02_WORKSPACE_SNAPSHOT/Towow_A2A_Independent_Research_v0.3/evidence/01_实验与证据总账_v0.2.md,28d3fc0eb6fb96d6022b23ca17e0a3590233dc2c7585c9ff7fb23389f250af17,2,2. 当前结论状态,13,44,v0.3-independent-rebuild,evidence-or-decision-ledger
S000112,02_WORKSPACE_SNAPSHOT/Towow_A2A_Independent_Research_v0.3/evidence/01_实验与证据总账_v0.2.md,28d3fc0eb6fb96d6022b23ca17e0a3590233dc2c7585c9ff7fb23389f250af17,3,可以作为系统设计依据,15,25,v0.3-independent-rebuild,evidence-or-decision-ledger
S000113,02_WORKSPACE_SNAPSHOT/Towow_A2A_Independent_Research_v0.3/evidence/01_实验与证据总账_v0.2.md,28d3fc0eb6fb96d6022b23ca17e0a3590233dc2c7585c9ff7fb23389f250af17,3,有较强候选证据，但必须进入真实主体实验,26,33,v0.3-independent-rebuild,evidence-or-decision-ledger
S000114,02_WORKSPACE_SNAPSHOT/Towow_A2A_Independent_Research_v0.3/evidence/01_实验与证据总账_v0.2.md,28d3fc0eb6fb96d6022b23ca17e0a3590233dc2c7585c9ff7fb23389f250af17,3,仍然开放,34,44,v0.3-independent-rebuild,evidence-or-decision-ledger
S000115,02_WORKSPACE_SNAPSHOT/Towow_A2A_Independent_Research_v0.3/evidence/01_实验与证据总账_v0.2.md,28d3fc0eb6fb96d6022b23ca17e0a3590233dc2c7585c9ff7fb23389f250af17,2,3. 本轮实验规模,45,48,v0.3-independent-rebuild,evidence-or-decision-ledger
S000116,02_WORKSPACE_SNAPSHOT/Towow_A2A_Independent_Research_v0.3/evidence/01_实验与证据总账_v0.2.md,28d3fc0eb6fb96d6022b23ca17e0a3590233dc2c7585c9ff7fb23389f250af17,2,4. 最重要的负结果,49,62,v0.3-independent-rebuild,evidence-or-decision-ledger
S000117,02_WORKSPACE_SNAPSHOT/Towow_A2A_Independent_Research_v0.3/evidence/01_实验与证据总账_v0.2.md,28d3fc0eb6fb96d6022b23ca17e0a3590233dc2c7585c9ff7fb23389f250af17,2,5. 证据入口,63,72,v0.3-independent-rebuild,evidence-or-decision-ledger
S000118,02_WORKSPACE_SNAPSHOT/Towow_A2A_Independent_Research_v0.3/evidence/claim_evidence_design_delta_v0.2.md,e452680383d5ba3b45f07f470d6f4ca758a453feaa068d36ecbc80ebc23afb69,1,主张—证据—Design Delta 账本 v0.2,1,276,v0.3-independent-rebuild,evidence-or-decision-ledger
S000119,02_WORKSPACE_SNAPSHOT/Towow_A2A_Independent_Research_v0.3/evidence/claim_evidence_design_delta_v0.2.md,e452680383d5ba3b45f07f470d6f4ca758a453feaa068d36ecbc80ebc23afb69,2,C01｜开放非标准协调的行动空间不是固定集合，而会随问题重构、主体发现、工具、伙伴、授权和现实 probe 改变。,5,12,v0.3-independent-rebuild,evidence-or-decision-ledger
S000120,02_WORKSPACE_SNAPSHOT/Towow_A2A_Independent_Research_v0.3/evidence/claim_evidence_design_delta_v0.2.md,e452680383d5ba3b45f07f470d6f4ca758a453feaa068d36ecbc80ebc23afb69,2,C02｜共同现实不要求共享完整世界模型，只要求行动所需的权威主张、条件、承诺、效力和接受可相互引用。,13,20,v0.3-independent-rebuild,evidence-or-decision-ledger
S000121,02_WORKSPACE_SNAPSHOT/Towow_A2A_Independent_Research_v0.3/evidence/claim_evidence_design_delta_v0.2.md,e452680383d5ba3b45f07f470d6f4ca758a453feaa068d36ecbc80ebc23afb69,2,C03｜概率智能、能力、权威、认领和接受彼此正交，不能由模型置信度相互替代。,21,28,v0.3-independent-rebuild,evidence-or-decision-ledger
S000122,02_WORKSPACE_SNAPSHOT/Towow_A2A_Independent_Research_v0.3/evidence/claim_evidence_design_delta_v0.2.md,e452680383d5ba3b45f07f470d6f4ca758a453feaa068d36ecbc80ebc23afb69,2,C04｜Agent 应作为外部可认证、连续、范围化授权和可追责的实体建模，其内部实现不受协议约束。,29,36,v0.3-independent-rebuild,evidence-or-decision-ledger
S000123,02_WORKSPACE_SNAPSHOT/Towow_A2A_Independent_Research_v0.3/evidence/claim_evidence_design_delta_v0.2.md,e452680383d5ba3b45f07f470d6f4ca758a453feaa068d36ecbc80ebc23afb69,2,C05｜一个权威根可以产生多个分身/角色；把范围压成并集会产生跨角色越权。,37,44,v0.3-independent-rebuild,evidence-or-decision-ledger
S000124,02_WORKSPACE_SNAPSHOT/Towow_A2A_Independent_Research_v0.3/evidence/claim_evidence_design_delta_v0.2.md,e452680383d5ba3b45f07f470d6f4ca758a453feaa068d36ecbc80ebc23afb69,2,C06｜实体连续性和授权连续性必须分开：组件轮换可保持实体，授权撤销必须终止动作。,45,52,v0.3-independent-rebuild,evidence-or-decision-ledger
S000125,02_WORKSPACE_SNAPSHOT/Towow_A2A_Independent_Research_v0.3/evidence/claim_evidence_design_delta_v0.2.md,e452680383d5ba3b45f07f470d6f4ca758a453feaa068d36ecbc80ebc23afb69,2,C07｜A2A 的理论不可约性来自独立权威、拒绝、责任和接受，而不是点对点消息拓扑。,53,60,v0.3-independent-rebuild,evidence-or-decision-ledger
S000126,02_WORKSPACE_SNAPSHOT/Towow_A2A_Independent_Research_v0.3/evidence/claim_evidence_design_delta_v0.2.md,e452680383d5ba3b45f07f470d6f4ca758a453feaa068d36ecbc80ebc23afb69,2,C08｜在双边、干净、信息充分场景中，中介制品没有语义优势并可能增加成本。,61,68,v0.3-independent-rebuild,evidence-or-decision-ledger
S000127,02_WORKSPACE_SNAPSHOT/Towow_A2A_Independent_Research_v0.3/evidence/claim_evidence_design_delta_v0.2.md,e452680383d5ba3b45f07f470d6f4ca758a453feaa068d36ecbc80ebc23afb69,2,C09｜中心化在任务投影充分、委托完整、目标一致、状态新鲜等条件下可成为保真且更便宜的压缩。,69,76,v0.3-independent-rebuild,evidence-or-decision-ledger
S000128,02_WORKSPACE_SNAPSHOT/Towow_A2A_Independent_Research_v0.3/evidence/claim_evidence_design_delta_v0.2.md,e452680383d5ba3b45f07f470d6f4ca758a453feaa068d36ecbc80ebc23afb69,2,C10｜无法证明 CollapseSafe 时，中心可能以表面效率换取越权、漏失和目标偏移。,77,84,v0.3-independent-rebuild,evidence-or-decision-ledger
S000129,02_WORKSPACE_SNAPSHOT/Towow_A2A_Independent_Research_v0.3/evidence/claim_evidence_design_delta_v0.2.md,e452680383d5ba3b45f07f470d6f4ca758a453feaa068d36ecbc80ebc23afb69,2,C11｜数据使用会产生新的查询、推断、共同制品、承诺、效果和学习对象。,85,92,v0.3-independent-rebuild,evidence-or-decision-ledger
S000130,02_WORKSPACE_SNAPSHOT/Towow_A2A_Independent_Research_v0.3/evidence/claim_evidence_design_delta_v0.2.md,e452680383d5ba3b45f07f470d6f4ca758a453feaa068d36ecbc80ebc23afb69,2,C12｜只控制源数据第一次访问无法约束多步衍生、用途变化和撤销。,93,100,v0.3-independent-rebuild,evidence-or-decision-ledger
S000131,02_WORKSPACE_SNAPSHOT/Towow_A2A_Independent_Research_v0.3/evidence/claim_evidence_design_delta_v0.2.md,e452680383d5ba3b45f07f470d6f4ca758a453feaa068d36ecbc80ebc23afb69,2,C13｜平台默认拥有全部过程/衍生数据和不可撤销训练权，与主体主权和真实拒绝目标冲突。,101,108,v0.3-independent-rebuild,evidence-or-decision-ledger
S000132,02_WORKSPACE_SNAPSHOT/Towow_A2A_Independent_Research_v0.3/evidence/claim_evidence_design_delta_v0.2.md,e452680383d5ba3b45f07f470d6f4ca758a453feaa068d36ecbc80ebc23afb69,2,C14｜系统目标应优化真实稳定处置，而非原始成交率。,109,116,v0.3-independent-rebuild,evidence-or-decision-ledger
S000133,02_WORKSPACE_SNAPSHOT/Towow_A2A_Independent_Research_v0.3/evidence/claim_evidence_design_delta_v0.2.md,e452680383d5ba3b45f07f470d6f4ca758a453feaa068d36ecbc80ebc23afb69,2,C15｜真实性惩罚单独使用会降低虚假成交，但可能成为低召回拒绝器。,117,124,v0.3-independent-rebuild,evidence-or-decision-ledger
S000134,02_WORKSPACE_SNAPSHOT/Towow_A2A_Independent_Research_v0.3/evidence/claim_evidence_design_delta_v0.2.md,e452680383d5ba3b45f07f470d6f4ca758a453feaa068d36ecbc80ebc23afb69,2,C16｜显式 Unknown 可减少错误拒绝，但会把成本转化为未决与后续探问。,125,132,v0.3-independent-rebuild,evidence-or-decision-ledger
S000135,02_WORKSPACE_SNAPSHOT/Towow_A2A_Independent_Research_v0.3/evidence/claim_evidence_design_delta_v0.2.md,e452680383d5ba3b45f07f470d6f4ca758a453feaa068d36ecbc80ebc23afb69,2,C17｜静态能力卡无法穷尽通过工具、授权、伙伴、训练或任务重构形成的行动空间。,133,140,v0.3-independent-rebuild,evidence-or-decision-ledger
S000136,02_WORKSPACE_SNAPSHOT/Towow_A2A_Independent_Research_v0.3/evidence/claim_evidence_design_delta_v0.2.md,e452680383d5ba3b45f07f470d6f4ca758a453feaa068d36ecbc80ebc23afb69,2,C18｜模型提出可能性不等于主体拥有能力；只有形成动作成功并产生证据后才能更新能力。,141,148,v0.3-independent-rebuild,evidence-or-decision-ledger
S000137,02_WORKSPACE_SNAPSHOT/Towow_A2A_Independent_Research_v0.3/evidence/claim_evidence_design_delta_v0.2.md,e452680383d5ba3b45f07f470d6f4ca758a453feaa068d36ecbc80ebc23afb69,2,C19｜形成和运行属于不同但交错的控制制度：未稳定部分适应性形成，稳定子图确定性编译。,149,156,v0.3-independent-rebuild,evidence-or-decision-ledger
S000138,02_WORKSPACE_SNAPSHOT/Towow_A2A_Independent_Research_v0.3/evidence/claim_evidence_design_delta_v0.2.md,e452680383d5ba3b45f07f470d6f4ca758a453feaa068d36ecbc80ebc23afb69,2,C20｜ActionAttempt、Effect、Adoption、Verification、Acceptance 和 Settlement 必须区分。,157,164,v0.3-independent-rebuild,evidence-or-decision-ledger
S000139,02_WORKSPACE_SNAPSHOT/Towow_A2A_Independent_Research_v0.3/evidence/claim_evidence_design_delta_v0.2.md,e452680383d5ba3b45f07f470d6f4ca758a453feaa068d36ecbc80ebc23afb69,2,C21｜朴素状态机允许大量规范捷径；硬 gate 能在有界范围内消除已定义违规。,165,172,v0.3-independent-rebuild,evidence-or-decision-ledger
S000140,02_WORKSPACE_SNAPSHOT/Towow_A2A_Independent_Research_v0.3/evidence/claim_evidence_design_delta_v0.2.md,e452680383d5ba3b45f07f470d6f4ca758a453feaa068d36ecbc80ebc23afb69,2,C22｜R5.4 主要证明规范表达增量，不证明能力形成或 A2A 净价值。,173,180,v0.3-independent-rebuild,evidence-or-decision-ledger
S000141,02_WORKSPACE_SNAPSHOT/Towow_A2A_Independent_Research_v0.3/evidence/claim_evidence_design_delta_v0.2.md,e452680383d5ba3b45f07f470d6f4ca758a453feaa068d36ecbc80ebc23afb69,2,C23｜R5C 证明跨技术权威域的局部能力形成，但不证明真实人类/组织接受或商业价值。,181,188,v0.3-independent-rebuild,evidence-or-decision-ledger
S000142,02_WORKSPACE_SNAPSHOT/Towow_A2A_Independent_Research_v0.3/evidence/claim_evidence_design_delta_v0.2.md,e452680383d5ba3b45f07f470d6f4ca758a453feaa068d36ecbc80ebc23afb69,2,C24｜现有 A2A/MCP 互操作部件可作为传输与工具层，但未定义本研究所需的权威实体、关系形成和现实接受语义。,189,196,v0.3-independent-rebuild,evidence-or-decision-ledger
S000143,02_WORKSPACE_SNAPSHOT/Towow_A2A_Independent_Research_v0.3/evidence/claim_evidence_design_delta_v0.2.md,e452680383d5ba3b45f07f470d6f4ca758a453feaa068d36ecbc80ebc23afb69,2,C25｜VC、ODRL/UCON、provenance 等是身份/权利/来源部件，而非完整共同可行动性构成系统。,197,204,v0.3-independent-rebuild,evidence-or-decision-ledger
S000144,02_WORKSPACE_SNAPSHOT/Towow_A2A_Independent_Research_v0.3/evidence/claim_evidence_design_delta_v0.2.md,e452680383d5ba3b45f07f470d6f4ca758a453feaa068d36ecbc80ebc23afb69,2,C26｜matching with contracts 等机制通常从已定义的合同集合开始；通爻的核心问题发生在合同/关系对象形成之前。,205,212,v0.3-independent-rebuild,evidence-or-decision-ledger
S000145,02_WORKSPACE_SNAPSHOT/Towow_A2A_Independent_Research_v0.3/evidence/claim_evidence_design_delta_v0.2.md,e452680383d5ba3b45f07f470d6f4ca758a453feaa068d36ecbc80ebc23afb69,2,C27｜真实主体进入后，权力、策略行为、代表性和第三方外部性会成为当前模型未覆盖的核心变量。,213,220,v0.3-independent-rebuild,evidence-or-decision-ledger
S000146,02_WORKSPACE_SNAPSHOT/Towow_A2A_Independent_Research_v0.3/evidence/claim_evidence_design_delta_v0.2.md,e452680383d5ba3b45f07f470d6f4ca758a453feaa068d36ecbc80ebc23afb69,2,C28｜通爻是否比人类经纪、人类+AI 或最小权限中心具有正商业净值仍未知。,221,228,v0.3-independent-rebuild,evidence-or-decision-ledger
S000147,02_WORKSPACE_SNAPSHOT/Towow_A2A_Independent_Research_v0.3/evidence/claim_evidence_design_delta_v0.2.md,e452680383d5ba3b45f07f470d6f4ca758a453feaa068d36ecbc80ebc23afb69,2,C29｜真实主体认领不能由自动 Adoption 或模型预测代替。,229,236,v0.3-independent-rebuild,evidence-or-decision-ledger
S000148,02_WORKSPACE_SNAPSHOT/Towow_A2A_Independent_Research_v0.3/evidence/claim_evidence_design_delta_v0.2.md,e452680383d5ba3b45f07f470d6f4ca758a453feaa068d36ecbc80ebc23afb69,2,C30｜当前最优研究路线是先建立最小仪器和真实 Principal 低风险实验，而不是先建完整平台。,237,244,v0.3-independent-rebuild,evidence-or-decision-ledger
S000149,02_WORKSPACE_SNAPSHOT/Towow_A2A_Independent_Research_v0.3/evidence/claim_evidence_design_delta_v0.2.md,e452680383d5ba3b45f07f470d6f4ca758a453feaa068d36ecbc80ebc23afb69,2,C31｜模型能力增强会放大模糊授权的真实越权效果，而不会自动修复权限边界。,245,252,v0.3-independent-rebuild,evidence-or-decision-ledger
S000150,02_WORKSPACE_SNAPSHOT/Towow_A2A_Independent_Research_v0.3/evidence/claim_evidence_design_delta_v0.2.md,e452680383d5ba3b45f07f470d6f4ca758a453feaa068d36ecbc80ebc23afb69,2,C32｜范围化授权只能保证 Authority safety，不能自动保证 Objective fidelity。,253,261,v0.3-independent-rebuild,evidence-or-decision-ledger
S000151,02_WORKSPACE_SNAPSHOT/Towow_A2A_Independent_Research_v0.3/evidence/claim_evidence_design_delta_v0.2.md,e452680383d5ba3b45f07f470d6f4ca758a453feaa068d36ecbc80ebc23afb69,2,C33｜标准化、目标一致且权限稳定的任务应旁路复杂形成机制。,262,269,v0.3-independent-rebuild,evidence-or-decision-ledger
S000152,02_WORKSPACE_SNAPSHOT/Towow_A2A_Independent_Research_v0.3/evidence/claim_evidence_design_delta_v0.2.md,e452680383d5ba3b45f07f470d6f4ca758a453feaa068d36ecbc80ebc23afb69,2,C34｜模型、工具或执行器升级不得改变 mandate 的范围；升级后的能力必须重新经过同一权威与效果门。,270,276,v0.3-independent-rebuild,evidence-or-decision-ledger
S000153,02_WORKSPACE_SNAPSHOT/Towow_A2A_Independent_Research_v0.3/experiments/00_跨实验综合与可靠性审查_v0.3.md,c809c93745b3f80e3e3f770930e4331921371331aee04eb090aa1554fd20d068,1,通爻 A2A 跨实验综合与可靠性审查 v0.3,1,671,v0.3-independent-rebuild,experiment-or-result
S000154,02_WORKSPACE_SNAPSHOT/Towow_A2A_Independent_Research_v0.3/experiments/00_跨实验综合与可靠性审查_v0.3.md,c809c93745b3f80e3e3f770930e4331921371331aee04eb090aa1554fd20d068,2,摘要,9,28,v0.3-independent-rebuild,experiment-or-result
S000155,02_WORKSPACE_SNAPSHOT/Towow_A2A_Independent_Research_v0.3/experiments/00_跨实验综合与可靠性审查_v0.3.md,c809c93745b3f80e3e3f770930e4331921371331aee04eb090aa1554fd20d068,2,1. 先区分四种“实验结果”,29,64,v0.3-independent-rebuild,experiment-or-result
S000156,02_WORKSPACE_SNAPSHOT/Towow_A2A_Independent_Research_v0.3/experiments/00_跨实验综合与可靠性审查_v0.3.md,c809c93745b3f80e3e3f770930e4331921371331aee04eb090aa1554fd20d068,3,1.1 构造保证,33,42,v0.3-independent-rebuild,experiment-or-result
S000157,02_WORKSPACE_SNAPSHOT/Towow_A2A_Independent_Research_v0.3/experiments/00_跨实验综合与可靠性审查_v0.3.md,c809c93745b3f80e3e3f770930e4331921371331aee04eb090aa1554fd20d068,3,1.2 条件性机制发现,43,52,v0.3-independent-rebuild,experiment-or-result
S000158,02_WORKSPACE_SNAPSHOT/Towow_A2A_Independent_Research_v0.3/experiments/00_跨实验综合与可靠性审查_v0.3.md,c809c93745b3f80e3e3f770930e4331921371331aee04eb090aa1554fd20d068,3,1.3 形式反例或有界安全证据,53,56,v0.3-independent-rebuild,experiment-or-result
S000159,02_WORKSPACE_SNAPSHOT/Towow_A2A_Independent_Research_v0.3/experiments/00_跨实验综合与可靠性审查_v0.3.md,c809c93745b3f80e3e3f770930e4331921371331aee04eb090aa1554fd20d068,3,1.4 技术域现实证据,57,64,v0.3-independent-rebuild,experiment-or-result
S000160,02_WORKSPACE_SNAPSHOT/Towow_A2A_Independent_Research_v0.3/experiments/00_跨实验综合与可靠性审查_v0.3.md,c809c93745b3f80e3e3f770930e4331921371331aee04eb090aa1554fd20d068,2,2. 十个系统问题与当前证据,65,456,v0.3-independent-rebuild,experiment-or-result
S000161,02_WORKSPACE_SNAPSHOT/Towow_A2A_Independent_Research_v0.3/experiments/00_跨实验综合与可靠性审查_v0.3.md,c809c93745b3f80e3e3f770930e4331921371331aee04eb090aa1554fd20d068,3,2.1 目标函数：成交率能否代表真实解决？,67,117,v0.3-independent-rebuild,experiment-or-result
S000162,02_WORKSPACE_SNAPSHOT/Towow_A2A_Independent_Research_v0.3/experiments/00_跨实验综合与可靠性审查_v0.3.md,c809c93745b3f80e3e3f770930e4331921371331aee04eb090aa1554fd20d068,4,R6-A 的反例,69,78,v0.3-independent-rebuild,experiment-or-result
S000163,02_WORKSPACE_SNAPSHOT/Towow_A2A_Independent_Research_v0.3/experiments/00_跨实验综合与可靠性审查_v0.3.md,c809c93745b3f80e3e3f770930e4331921371331aee04eb090aa1554fd20d068,4,独立交叉验证的补充,79,97,v0.3-independent-rebuild,experiment-or-result
S000164,02_WORKSPACE_SNAPSHOT/Towow_A2A_Independent_Research_v0.3/experiments/00_跨实验综合与可靠性审查_v0.3.md,c809c93745b3f80e3e3f770930e4331921371331aee04eb090aa1554fd20d068,4,综合判断,98,108,v0.3-independent-rebuild,experiment-or-result
S000165,02_WORKSPACE_SNAPSHOT/Towow_A2A_Independent_Research_v0.3/experiments/00_跨实验综合与可靠性审查_v0.3.md,c809c93745b3f80e3e3f770930e4331921371331aee04eb090aa1554fd20d068,4,Design Delta,109,117,v0.3-independent-rebuild,experiment-or-result
S000166,02_WORKSPACE_SNAPSHOT/Towow_A2A_Independent_Research_v0.3/experiments/00_跨实验综合与可靠性审查_v0.3.md,c809c93745b3f80e3e3f770930e4331921371331aee04eb090aa1554fd20d068,3,2.2 Agent 实体：一根信任根是否足够？,118,180,v0.3-independent-rebuild,experiment-or-result
S000167,02_WORKSPACE_SNAPSHOT/Towow_A2A_Independent_Research_v0.3/experiments/00_跨实验综合与可靠性审查_v0.3.md,c809c93745b3f80e3e3f770930e4331921371331aee04eb090aa1554fd20d068,4,R6-B,122,135,v0.3-independent-rebuild,experiment-or-result
S000168,02_WORKSPACE_SNAPSHOT/Towow_A2A_Independent_Research_v0.3/experiments/00_跨实验综合与可靠性审查_v0.3.md,c809c93745b3f80e3e3f770930e4331921371331aee04eb090aa1554fd20d068,4,独立交叉验证,136,144,v0.3-independent-rebuild,experiment-or-result
S000169,02_WORKSPACE_SNAPSHOT/Towow_A2A_Independent_Research_v0.3/experiments/00_跨实验综合与可靠性审查_v0.3.md,c809c93745b3f80e3e3f770930e4331921371331aee04eb090aa1554fd20d068,4,综合判断,145,168,v0.3-independent-rebuild,experiment-or-result
S000170,02_WORKSPACE_SNAPSHOT/Towow_A2A_Independent_Research_v0.3/experiments/00_跨实验综合与可靠性审查_v0.3.md,c809c93745b3f80e3e3f770930e4331921371331aee04eb090aa1554fd20d068,4,Design Delta,169,180,v0.3-independent-rebuild,experiment-or-result
S000171,02_WORKSPACE_SNAPSHOT/Towow_A2A_Independent_Research_v0.3/experiments/00_跨实验综合与可靠性审查_v0.3.md,c809c93745b3f80e3e3f770930e4331921371331aee04eb090aa1554fd20d068,3,2.3 能力提升：更强模型是否自动更安全？,181,221,v0.3-independent-rebuild,experiment-or-result
S000172,02_WORKSPACE_SNAPSHOT/Towow_A2A_Independent_Research_v0.3/experiments/00_跨实验综合与可靠性审查_v0.3.md,c809c93745b3f80e3e3f770930e4331921371331aee04eb090aa1554fd20d068,4,模糊授权下的能力放大,185,196,v0.3-independent-rebuild,experiment-or-result
S000173,02_WORKSPACE_SNAPSHOT/Towow_A2A_Independent_Research_v0.3/experiments/00_跨实验综合与可靠性审查_v0.3.md,c809c93745b3f80e3e3f770930e4331921371331aee04eb090aa1554fd20d068,4,授权安全不等于目标忠实,197,206,v0.3-independent-rebuild,experiment-or-result
S000174,02_WORKSPACE_SNAPSHOT/Towow_A2A_Independent_Research_v0.3/experiments/00_跨实验综合与可靠性审查_v0.3.md,c809c93745b3f80e3e3f770930e4331921371331aee04eb090aa1554fd20d068,4,标准化负对照,207,210,v0.3-independent-rebuild,experiment-or-result
S000175,02_WORKSPACE_SNAPSHOT/Towow_A2A_Independent_Research_v0.3/experiments/00_跨实验综合与可靠性审查_v0.3.md,c809c93745b3f80e3e3f770930e4331921371331aee04eb090aa1554fd20d068,4,Design Delta,211,221,v0.3-independent-rebuild,experiment-or-result
S000176,02_WORKSPACE_SNAPSHOT/Towow_A2A_Independent_Research_v0.3/experiments/00_跨实验综合与可靠性审查_v0.3.md,c809c93745b3f80e3e3f770930e4331921371331aee04eb090aa1554fd20d068,3,2.4 数据：一次授权能否覆盖后续使用？,222,263,v0.3-independent-rebuild,experiment-or-result
S000177,02_WORKSPACE_SNAPSHOT/Towow_A2A_Independent_Research_v0.3/experiments/00_跨实验综合与可靠性审查_v0.3.md,c809c93745b3f80e3e3f770930e4331921371331aee04eb090aa1554fd20d068,4,R6-C,224,231,v0.3-independent-rebuild,experiment-or-result
S000178,02_WORKSPACE_SNAPSHOT/Towow_A2A_Independent_Research_v0.3/experiments/00_跨实验综合与可靠性审查_v0.3.md,c809c93745b3f80e3e3f770930e4331921371331aee04eb090aa1554fd20d068,4,独立交叉验证,232,241,v0.3-independent-rebuild,experiment-or-result
S000179,02_WORKSPACE_SNAPSHOT/Towow_A2A_Independent_Research_v0.3/experiments/00_跨实验综合与可靠性审查_v0.3.md,c809c93745b3f80e3e3f770930e4331921371331aee04eb090aa1554fd20d068,4,综合判断,242,253,v0.3-independent-rebuild,experiment-or-result
S000180,02_WORKSPACE_SNAPSHOT/Towow_A2A_Independent_Research_v0.3/experiments/00_跨实验综合与可靠性审查_v0.3.md,c809c93745b3f80e3e3f770930e4331921371331aee04eb090aa1554fd20d068,4,Design Delta,254,263,v0.3-independent-rebuild,experiment-or-result
S000181,02_WORKSPACE_SNAPSHOT/Towow_A2A_Independent_Research_v0.3/experiments/00_跨实验综合与可靠性审查_v0.3.md,c809c93745b3f80e3e3f770930e4331921371331aee04eb090aa1554fd20d068,3,2.5 协调拓扑：A2A 是否必须直接对话？,264,289,v0.3-independent-rebuild,experiment-or-result
S000182,02_WORKSPACE_SNAPSHOT/Towow_A2A_Independent_Research_v0.3/experiments/00_跨实验综合与可靠性审查_v0.3.md,c809c93745b3f80e3e3f770930e4331921371331aee04eb090aa1554fd20d068,4,Design Delta,280,289,v0.3-independent-rebuild,experiment-or-result
S000183,02_WORKSPACE_SNAPSHOT/Towow_A2A_Independent_Research_v0.3/experiments/00_跨实验综合与可靠性审查_v0.3.md,c809c93745b3f80e3e3f770930e4331921371331aee04eb090aa1554fd20d068,3,2.6 能力：发现、声称和形成是否等价？,290,326,v0.3-independent-rebuild,experiment-or-result
S000184,02_WORKSPACE_SNAPSHOT/Towow_A2A_Independent_Research_v0.3/experiments/00_跨实验综合与可靠性审查_v0.3.md,c809c93745b3f80e3e3f770930e4331921371331aee04eb090aa1554fd20d068,4,当前形成判据,306,316,v0.3-independent-rebuild,experiment-or-result
S000185,02_WORKSPACE_SNAPSHOT/Towow_A2A_Independent_Research_v0.3/experiments/00_跨实验综合与可靠性审查_v0.3.md,c809c93745b3f80e3e3f770930e4331921371331aee04eb090aa1554fd20d068,4,Design Delta,317,326,v0.3-independent-rebuild,experiment-or-result
S000186,02_WORKSPACE_SNAPSHOT/Towow_A2A_Independent_Research_v0.3/experiments/00_跨实验综合与可靠性审查_v0.3.md,c809c93745b3f80e3e3f770930e4331921371331aee04eb090aa1554fd20d068,3,2.7 形成控制：单一路径是否足够？,327,363,v0.3-independent-rebuild,experiment-or-result
S000187,02_WORKSPACE_SNAPSHOT/Towow_A2A_Independent_Research_v0.3/experiments/00_跨实验综合与可靠性审查_v0.3.md,c809c93745b3f80e3e3f770930e4331921371331aee04eb090aa1554fd20d068,4,综合判断,348,357,v0.3-independent-rebuild,experiment-or-result
S000188,02_WORKSPACE_SNAPSHOT/Towow_A2A_Independent_Research_v0.3/experiments/00_跨实验综合与可靠性审查_v0.3.md,c809c93745b3f80e3e3f770930e4331921371331aee04eb090aa1554fd20d068,4,Design Delta,358,363,v0.3-independent-rebuild,experiment-or-result
S000189,02_WORKSPACE_SNAPSHOT/Towow_A2A_Independent_Research_v0.3/experiments/00_跨实验综合与可靠性审查_v0.3.md,c809c93745b3f80e3e3f770930e4331921371331aee04eb090aa1554fd20d068,3,2.8 中心化：什么时候是保真压缩？,364,415,v0.3-independent-rebuild,experiment-or-result
S000190,02_WORKSPACE_SNAPSHOT/Towow_A2A_Independent_Research_v0.3/experiments/00_跨实验综合与可靠性审查_v0.3.md,c809c93745b3f80e3e3f770930e4331921371331aee04eb090aa1554fd20d068,4,R6-F,368,384,v0.3-independent-rebuild,experiment-or-result
S000191,02_WORKSPACE_SNAPSHOT/Towow_A2A_Independent_Research_v0.3/experiments/00_跨实验综合与可靠性审查_v0.3.md,c809c93745b3f80e3e3f770930e4331921371331aee04eb090aa1554fd20d068,4,独立交叉验证,385,388,v0.3-independent-rebuild,experiment-or-result
S000192,02_WORKSPACE_SNAPSHOT/Towow_A2A_Independent_Research_v0.3/experiments/00_跨实验综合与可靠性审查_v0.3.md,c809c93745b3f80e3e3f770930e4331921371331aee04eb090aa1554fd20d068,4,综合判断,389,405,v0.3-independent-rebuild,experiment-or-result
S000193,02_WORKSPACE_SNAPSHOT/Towow_A2A_Independent_Research_v0.3/experiments/00_跨实验综合与可靠性审查_v0.3.md,c809c93745b3f80e3e3f770930e4331921371331aee04eb090aa1554fd20d068,4,Design Delta,406,415,v0.3-independent-rebuild,experiment-or-result
S000194,02_WORKSPACE_SNAPSHOT/Towow_A2A_Independent_Research_v0.3/experiments/00_跨实验综合与可靠性审查_v0.3.md,c809c93745b3f80e3e3f770930e4331921371331aee04eb090aa1554fd20d068,3,2.9 时间：形成后是否应该永久编译？,416,439,v0.3-independent-rebuild,experiment-or-result
S000195,02_WORKSPACE_SNAPSHOT/Towow_A2A_Independent_Research_v0.3/experiments/00_跨实验综合与可靠性审查_v0.3.md,c809c93745b3f80e3e3f770930e4331921371331aee04eb090aa1554fd20d068,4,Design Delta,430,439,v0.3-independent-rebuild,experiment-or-result
S000196,02_WORKSPACE_SNAPSHOT/Towow_A2A_Independent_Research_v0.3/experiments/00_跨实验综合与可靠性审查_v0.3.md,c809c93745b3f80e3e3f770930e4331921371331aee04eb090aa1554fd20d068,3,2.10 状态机：理论区分是否必须成为运行 gate？,440,456,v0.3-independent-rebuild,experiment-or-result
S000197,02_WORKSPACE_SNAPSHOT/Towow_A2A_Independent_Research_v0.3/experiments/00_跨实验综合与可靠性审查_v0.3.md,c809c93745b3f80e3e3f770930e4331921371331aee04eb090aa1554fd20d068,4,Design Delta,451,456,v0.3-independent-rebuild,experiment-or-result
S000198,02_WORKSPACE_SNAPSHOT/Towow_A2A_Independent_Research_v0.3/experiments/00_跨实验综合与可靠性审查_v0.3.md,c809c93745b3f80e3e3f770930e4331921371331aee04eb090aa1554fd20d068,2,3. 三角验证：哪些主张获得了独立支持,457,489,v0.3-independent-rebuild,experiment-or-result
S000199,02_WORKSPACE_SNAPSHOT/Towow_A2A_Independent_Research_v0.3/experiments/00_跨实验综合与可靠性审查_v0.3.md,c809c93745b3f80e3e3f770930e4331921371331aee04eb090aa1554fd20d068,3,3.1 “真实性”需要信息形成，而不只是更保守,459,466,v0.3-independent-rebuild,experiment-or-result
S000200,02_WORKSPACE_SNAPSHOT/Towow_A2A_Independent_Research_v0.3/experiments/00_跨实验综合与可靠性审查_v0.3.md,c809c93745b3f80e3e3f770930e4331921371331aee04eb090aa1554fd20d068,3,3.2 “多 Agent”不是多进程，而是多不可代行权威,467,474,v0.3-independent-rebuild,experiment-or-result
S000201,02_WORKSPACE_SNAPSHOT/Towow_A2A_Independent_Research_v0.3/experiments/00_跨实验综合与可靠性审查_v0.3.md,c809c93745b3f80e3e3f770930e4331921371331aee04eb090aa1554fd20d068,3,3.3 “形成”必须有现实状态差与消融,475,481,v0.3-independent-rebuild,experiment-or-result
S000202,02_WORKSPACE_SNAPSHOT/Towow_A2A_Independent_Research_v0.3/experiments/00_跨实验综合与可靠性审查_v0.3.md,c809c93745b3f80e3e3f770930e4331921371331aee04eb090aa1554fd20d068,3,3.4 “编译”是局部时变决策，不是最终状态,482,489,v0.3-independent-rebuild,experiment-or-result
S000203,02_WORKSPACE_SNAPSHOT/Towow_A2A_Independent_Research_v0.3/experiments/00_跨实验综合与可靠性审查_v0.3.md,c809c93745b3f80e3e3f770930e4331921371331aee04eb090aa1554fd20d068,2,4. 可靠性审查,490,556,v0.3-independent-rebuild,experiment-or-result
S000204,02_WORKSPACE_SNAPSHOT/Towow_A2A_Independent_Research_v0.3/experiments/00_跨实验综合与可靠性审查_v0.3.md,c809c93745b3f80e3e3f770930e4331921371331aee04eb090aa1554fd20d068,3,4.1 可复现性,492,511,v0.3-independent-rebuild,experiment-or-result
S000205,02_WORKSPACE_SNAPSHOT/Towow_A2A_Independent_Research_v0.3/experiments/00_跨实验综合与可靠性审查_v0.3.md,c809c93745b3f80e3e3f770930e4331921371331aee04eb090aa1554fd20d068,3,4.2 内部有效性威胁,512,520,v0.3-independent-rebuild,experiment-or-result
S000206,02_WORKSPACE_SNAPSHOT/Towow_A2A_Independent_Research_v0.3/experiments/00_跨实验综合与可靠性审查_v0.3.md,c809c93745b3f80e3e3f770930e4331921371331aee04eb090aa1554fd20d068,3,4.3 外部有效性缺口,521,537,v0.3-independent-rebuild,experiment-or-result
S000207,02_WORKSPACE_SNAPSHOT/Towow_A2A_Independent_Research_v0.3/experiments/00_跨实验综合与可靠性审查_v0.3.md,c809c93745b3f80e3e3f770930e4331921371331aee04eb090aa1554fd20d068,3,4.4 模拟可靠性的当前结论,538,556,v0.3-independent-rebuild,experiment-or-result
S000208,02_WORKSPACE_SNAPSHOT/Towow_A2A_Independent_Research_v0.3/experiments/00_跨实验综合与可靠性审查_v0.3.md,c809c93745b3f80e3e3f770930e4331921371331aee04eb090aa1554fd20d068,2,5. 实验对理论模型的修正,557,620,v0.3-independent-rebuild,experiment-or-result
S000209,02_WORKSPACE_SNAPSHOT/Towow_A2A_Independent_Research_v0.3/experiments/00_跨实验综合与可靠性审查_v0.3.md,c809c93745b3f80e3e3f770930e4331921371331aee04eb090aa1554fd20d068,3,5.1 从线性成熟度轴改为乘积状态,559,570,v0.3-independent-rebuild,experiment-or-result
S000210,02_WORKSPACE_SNAPSHOT/Towow_A2A_Independent_Research_v0.3/experiments/00_跨实验综合与可靠性审查_v0.3.md,c809c93745b3f80e3e3f770930e4331921371331aee04eb090aa1554fd20d068,3,5.2 从整包 Artifact 改为有依赖的关系子图,571,581,v0.3-independent-rebuild,experiment-or-result
S000211,02_WORKSPACE_SNAPSHOT/Towow_A2A_Independent_Research_v0.3/experiments/00_跨实验综合与可靠性审查_v0.3.md,c809c93745b3f80e3e3f770930e4331921371331aee04eb090aa1554fd20d068,3,5.3 从唯一形成链改为受限可逆分支,582,591,v0.3-independent-rebuild,experiment-or-result
S000212,02_WORKSPACE_SNAPSHOT/Towow_A2A_Independent_Research_v0.3/experiments/00_跨实验综合与可靠性审查_v0.3.md,c809c93745b3f80e3e3f770930e4331921371331aee04eb090aa1554fd20d068,3,5.4 从协议消息改为权威事实与现实事实,592,607,v0.3-independent-rebuild,experiment-or-result
S000213,02_WORKSPACE_SNAPSHOT/Towow_A2A_Independent_Research_v0.3/experiments/00_跨实验综合与可靠性审查_v0.3.md,c809c93745b3f80e3e3f770930e4331921371331aee04eb090aa1554fd20d068,3,5.5 从“去中心化”改为动态保真压缩,608,620,v0.3-independent-rebuild,experiment-or-result
S000214,02_WORKSPACE_SNAPSHOT/Towow_A2A_Independent_Research_v0.3/experiments/00_跨实验综合与可靠性审查_v0.3.md,c809c93745b3f80e3e3f770930e4331921371331aee04eb090aa1554fd20d068,2,6. 当前可承担的核心主张,621,651,v0.3-independent-rebuild,experiment-or-result
S000215,02_WORKSPACE_SNAPSHOT/Towow_A2A_Independent_Research_v0.3/experiments/00_跨实验综合与可靠性审查_v0.3.md,c809c93745b3f80e3e3f770930e4331921371331aee04eb090aa1554fd20d068,3,高置信、但有明确适用范围,623,632,v0.3-independent-rebuild,experiment-or-result
S000216,02_WORKSPACE_SNAPSHOT/Towow_A2A_Independent_Research_v0.3/experiments/00_跨实验综合与可靠性审查_v0.3.md,c809c93745b3f80e3e3f770930e4331921371331aee04eb090aa1554fd20d068,3,条件性支持，需要真实校准,633,639,v0.3-independent-rebuild,experiment-or-result
S000217,02_WORKSPACE_SNAPSHOT/Towow_A2A_Independent_Research_v0.3/experiments/00_跨实验综合与可靠性审查_v0.3.md,c809c93745b3f80e3e3f770930e4331921371331aee04eb090aa1554fd20d068,3,仍为开放命题,640,651,v0.3-independent-rebuild,experiment-or-result
S000218,02_WORKSPACE_SNAPSHOT/Towow_A2A_Independent_Research_v0.3/experiments/00_跨实验综合与可靠性审查_v0.3.md,c809c93745b3f80e3e3f770930e4331921371331aee04eb090aa1554fd20d068,2,7. 下一轮实验的唯一高优先级方向,652,668,v0.3-independent-rebuild,experiment-or-result
S000219,02_WORKSPACE_SNAPSHOT/Towow_A2A_Independent_Research_v0.3/experiments/00_跨实验综合与可靠性审查_v0.3.md,c809c93745b3f80e3e3f770930e4331921371331aee04eb090aa1554fd20d068,2,8. 一句话结论,669,671,v0.3-independent-rebuild,experiment-or-result
S000220,02_WORKSPACE_SNAPSHOT/Towow_A2A_Independent_Research_v0.3/experiments/R6_机制判别实验报告_v0.2.md,060186326103bff7766331be4f691718bba1f1f2185c3959203cd4dd4a87f733,1,通爻 R6 机制判别实验报告 v0.2,1,509,v0.3-independent-rebuild,experiment-or-result
S000221,02_WORKSPACE_SNAPSHOT/Towow_A2A_Independent_Research_v0.3/experiments/R6_机制判别实验报告_v0.2.md,060186326103bff7766331be4f691718bba1f1f2185c3959203cd4dd4a87f733,2,1. 为什么运行这一轮实验,9,30,v0.3-independent-rebuild,experiment-or-result
S000222,02_WORKSPACE_SNAPSHOT/Towow_A2A_Independent_Research_v0.3/experiments/R6_机制判别实验报告_v0.2.md,060186326103bff7766331be4f691718bba1f1f2185c3959203cd4dd4a87f733,2,2. 总体结果,31,46,v0.3-independent-rebuild,experiment-or-result
S000223,02_WORKSPACE_SNAPSHOT/Towow_A2A_Independent_Research_v0.3/experiments/R6_机制判别实验报告_v0.2.md,060186326103bff7766331be4f691718bba1f1f2185c3959203cd4dd4a87f733,2,3. R6-A：成交率目标与真实处置目标,47,105,v0.3-independent-rebuild,experiment-or-result
S000224,02_WORKSPACE_SNAPSHOT/Towow_A2A_Independent_Research_v0.3/experiments/R6_机制判别实验报告_v0.2.md,060186326103bff7766331be4f691718bba1f1f2185c3959203cd4dd4a87f733,3,3.1 假设,49,52,v0.3-independent-rebuild,experiment-or-result
S000225,02_WORKSPACE_SNAPSHOT/Towow_A2A_Independent_Research_v0.3/experiments/R6_机制判别实验报告_v0.2.md,060186326103bff7766331be4f691718bba1f1f2185c3959203cd4dd4a87f733,3,3.2 模拟器,53,64,v0.3-independent-rebuild,experiment-or-result
S000226,02_WORKSPACE_SNAPSHOT/Towow_A2A_Independent_Research_v0.3/experiments/R6_机制判别实验报告_v0.2.md,060186326103bff7766331be4f691718bba1f1f2185c3959203cd4dd4a87f733,3,"3.3 开放非标准场景结果（8,000 个案例）",65,78,v0.3-independent-rebuild,experiment-or-result
S000227,02_WORKSPACE_SNAPSHOT/Towow_A2A_Independent_Research_v0.3/experiments/R6_机制判别实验报告_v0.2.md,060186326103bff7766331be4f691718bba1f1f2185c3959203cd4dd4a87f733,3,3.4 负对照,79,88,v0.3-independent-rebuild,experiment-or-result
S000228,02_WORKSPACE_SNAPSHOT/Towow_A2A_Independent_Research_v0.3/experiments/R6_机制判别实验报告_v0.2.md,060186326103bff7766331be4f691718bba1f1f2185c3959203cd4dd4a87f733,3,3.5 关键反例,89,96,v0.3-independent-rebuild,experiment-or-result
S000229,02_WORKSPACE_SNAPSHOT/Towow_A2A_Independent_Research_v0.3/experiments/R6_机制判别实验报告_v0.2.md,060186326103bff7766331be4f691718bba1f1f2185c3959203cd4dd4a87f733,3,3.6 Design Delta,97,105,v0.3-independent-rebuild,experiment-or-result
S000230,02_WORKSPACE_SNAPSHOT/Towow_A2A_Independent_Research_v0.3/experiments/R6_机制判别实验报告_v0.2.md,060186326103bff7766331be4f691718bba1f1f2185c3959203cd4dd4a87f733,2,4. R6-B：Agent 实体、多分身与连续授权,106,144,v0.3-independent-rebuild,experiment-or-result
S000231,02_WORKSPACE_SNAPSHOT/Towow_A2A_Independent_Research_v0.3/experiments/R6_机制判别实验报告_v0.2.md,060186326103bff7766331be4f691718bba1f1f2185c3959203cd4dd4a87f733,3,4.1 B1：同一权威根下多个分身,108,124,v0.3-independent-rebuild,experiment-or-result
S000232,02_WORKSPACE_SNAPSHOT/Towow_A2A_Independent_Research_v0.3/experiments/R6_机制判别实验报告_v0.2.md,060186326103bff7766331be4f691718bba1f1f2185c3959203cd4dd4a87f733,3,4.2 B2：实体连续性与授权撤销,125,132,v0.3-independent-rebuild,experiment-or-result
S000233,02_WORKSPACE_SNAPSHOT/Towow_A2A_Independent_Research_v0.3/experiments/R6_机制判别实验报告_v0.2.md,060186326103bff7766331be4f691718bba1f1f2185c3959203cd4dd4a87f733,3,4.3 Design Delta,133,144,v0.3-independent-rebuild,experiment-or-result
S000234,02_WORKSPACE_SNAPSHOT/Towow_A2A_Independent_Research_v0.3/experiments/R6_机制判别实验报告_v0.2.md,060186326103bff7766331be4f691718bba1f1f2185c3959203cd4dd4a87f733,2,5. R6-C：数据使用即数据生产,145,176,v0.3-independent-rebuild,experiment-or-result
S000235,02_WORKSPACE_SNAPSHOT/Towow_A2A_Independent_Research_v0.3/experiments/R6_机制判别实验报告_v0.2.md,060186326103bff7766331be4f691718bba1f1f2185c3959203cd4dd4a87f733,3,5.1 假设,147,150,v0.3-independent-rebuild,experiment-or-result
S000236,02_WORKSPACE_SNAPSHOT/Towow_A2A_Independent_Research_v0.3/experiments/R6_机制判别实验报告_v0.2.md,060186326103bff7766331be4f691718bba1f1f2185c3959203cd4dd4a87f733,3,5.2 结果,151,166,v0.3-independent-rebuild,experiment-or-result
S000237,02_WORKSPACE_SNAPSHOT/Towow_A2A_Independent_Research_v0.3/experiments/R6_机制判别实验报告_v0.2.md,060186326103bff7766331be4f691718bba1f1f2185c3959203cd4dd4a87f733,3,5.3 Design Delta,167,176,v0.3-independent-rebuild,experiment-or-result
S000238,02_WORKSPACE_SNAPSHOT/Towow_A2A_Independent_Research_v0.3/experiments/R6_机制判别实验报告_v0.2.md,060186326103bff7766331be4f691718bba1f1f2185c3959203cd4dd4a87f733,2,6. R6-D：A2A 是权威拓扑，不必是消息拓扑,177,220,v0.3-independent-rebuild,experiment-or-result
S000239,02_WORKSPACE_SNAPSHOT/Towow_A2A_Independent_Research_v0.3/experiments/R6_机制判别实验报告_v0.2.md,060186326103bff7766331be4f691718bba1f1f2185c3959203cd4dd4a87f733,3,6.1 假设,179,182,v0.3-independent-rebuild,experiment-or-result
S000240,02_WORKSPACE_SNAPSHOT/Towow_A2A_Independent_Research_v0.3/experiments/R6_机制判别实验报告_v0.2.md,060186326103bff7766331be4f691718bba1f1f2185c3959203cd4dd4a87f733,3,6.2 双边干净负对照,183,193,v0.3-independent-rebuild,experiment-or-result
S000241,02_WORKSPACE_SNAPSHOT/Towow_A2A_Independent_Research_v0.3/experiments/R6_机制判别实验报告_v0.2.md,060186326103bff7766331be4f691718bba1f1f2185c3959203cd4dd4a87f733,3,6.3 开放多方场景,194,210,v0.3-independent-rebuild,experiment-or-result
S000242,02_WORKSPACE_SNAPSHOT/Towow_A2A_Independent_Research_v0.3/experiments/R6_机制判别实验报告_v0.2.md,060186326103bff7766331be4f691718bba1f1f2185c3959203cd4dd4a87f733,3,6.4 Design Delta,211,220,v0.3-independent-rebuild,experiment-or-result
S000243,02_WORKSPACE_SNAPSHOT/Towow_A2A_Independent_Research_v0.3/experiments/R6_机制判别实验报告_v0.2.md,060186326103bff7766331be4f691718bba1f1f2185c3959203cd4dd4a87f733,2,7. R6-E：能力发现与能力形成,221,260,v0.3-independent-rebuild,experiment-or-result
S000244,02_WORKSPACE_SNAPSHOT/Towow_A2A_Independent_Research_v0.3/experiments/R6_机制判别实验报告_v0.2.md,060186326103bff7766331be4f691718bba1f1f2185c3959203cd4dd4a87f733,3,7.1 假设,223,226,v0.3-independent-rebuild,experiment-or-result
S000245,02_WORKSPACE_SNAPSHOT/Towow_A2A_Independent_Research_v0.3/experiments/R6_机制判别实验报告_v0.2.md,060186326103bff7766331be4f691718bba1f1f2185c3959203cd4dd4a87f733,3,"7.2 中等形成路径场景（14,000 个案例）",227,237,v0.3-independent-rebuild,experiment-or-result
S000246,02_WORKSPACE_SNAPSHOT/Towow_A2A_Independent_Research_v0.3/experiments/R6_机制判别实验报告_v0.2.md,060186326103bff7766331be4f691718bba1f1f2185c3959203cd4dd4a87f733,3,7.3 高密度形成路径,238,246,v0.3-independent-rebuild,experiment-or-result
S000247,02_WORKSPACE_SNAPSHOT/Towow_A2A_Independent_Research_v0.3/experiments/R6_机制判别实验报告_v0.2.md,060186326103bff7766331be4f691718bba1f1f2185c3959203cd4dd4a87f733,3,7.4 无形成边负对照,247,250,v0.3-independent-rebuild,experiment-or-result
S000248,02_WORKSPACE_SNAPSHOT/Towow_A2A_Independent_Research_v0.3/experiments/R6_机制判别实验报告_v0.2.md,060186326103bff7766331be4f691718bba1f1f2185c3959203cd4dd4a87f733,3,7.5 Design Delta,251,260,v0.3-independent-rebuild,experiment-or-result
S000249,02_WORKSPACE_SNAPSHOT/Towow_A2A_Independent_Research_v0.3/experiments/R6_机制判别实验报告_v0.2.md,060186326103bff7766331be4f691718bba1f1f2185c3959203cd4dd4a87f733,2,8. R6-F：CollapseSafe,261,316,v0.3-independent-rebuild,experiment-or-result
S000250,02_WORKSPACE_SNAPSHOT/Towow_A2A_Independent_Research_v0.3/experiments/R6_机制判别实验报告_v0.2.md,060186326103bff7766331be4f691718bba1f1f2185c3959203cd4dd4a87f733,3,8.1 假设,263,266,v0.3-independent-rebuild,experiment-or-result
S000251,02_WORKSPACE_SNAPSHOT/Towow_A2A_Independent_Research_v0.3/experiments/R6_机制判别实验报告_v0.2.md,060186326103bff7766331be4f691718bba1f1f2185c3959203cd4dd4a87f733,3,8.2 设计,267,277,v0.3-independent-rebuild,experiment-or-result
S000252,02_WORKSPACE_SNAPSHOT/Towow_A2A_Independent_Research_v0.3/experiments/R6_机制判别实验报告_v0.2.md,060186326103bff7766331be4f691718bba1f1f2185c3959203cd4dd4a87f733,3,8.3 安全负对照,278,288,v0.3-independent-rebuild,experiment-or-result
S000253,02_WORKSPACE_SNAPSHOT/Towow_A2A_Independent_Research_v0.3/experiments/R6_机制判别实验报告_v0.2.md,060186326103bff7766331be4f691718bba1f1f2185c3959203cd4dd4a87f733,3,8.4 困难格点,289,297,v0.3-independent-rebuild,experiment-or-result
S000254,02_WORKSPACE_SNAPSHOT/Towow_A2A_Independent_Research_v0.3/experiments/R6_机制判别实验报告_v0.2.md,060186326103bff7766331be4f691718bba1f1f2185c3959203cd4dd4a87f733,3,8.5 证书,298,307,v0.3-independent-rebuild,experiment-or-result
S000255,02_WORKSPACE_SNAPSHOT/Towow_A2A_Independent_Research_v0.3/experiments/R6_机制判别实验报告_v0.2.md,060186326103bff7766331be4f691718bba1f1f2185c3959203cd4dd4a87f733,3,8.6 Design Delta,308,316,v0.3-independent-rebuild,experiment-or-result
S000256,02_WORKSPACE_SNAPSHOT/Towow_A2A_Independent_Research_v0.3/experiments/R6_机制判别实验报告_v0.2.md,060186326103bff7766331be4f691718bba1f1f2185c3959203cd4dd4a87f733,2,9. R6-G：有界模型检查,317,349,v0.3-independent-rebuild,experiment-or-result
S000257,02_WORKSPACE_SNAPSHOT/Towow_A2A_Independent_Research_v0.3/experiments/R6_机制判别实验报告_v0.2.md,060186326103bff7766331be4f691718bba1f1f2185c3959203cd4dd4a87f733,3,9.1 检查范围,319,325,v0.3-independent-rebuild,experiment-or-result
S000258,02_WORKSPACE_SNAPSHOT/Towow_A2A_Independent_Research_v0.3/experiments/R6_机制判别实验报告_v0.2.md,060186326103bff7766331be4f691718bba1f1f2185c3959203cd4dd4a87f733,3,9.2 结果,326,342,v0.3-independent-rebuild,experiment-or-result
S000259,02_WORKSPACE_SNAPSHOT/Towow_A2A_Independent_Research_v0.3/experiments/R6_机制判别实验报告_v0.2.md,060186326103bff7766331be4f691718bba1f1f2185c3959203cd4dd4a87f733,3,9.3 限定,343,349,v0.3-independent-rebuild,experiment-or-result
S000260,02_WORKSPACE_SNAPSHOT/Towow_A2A_Independent_Research_v0.3/experiments/R6_机制判别实验报告_v0.2.md,060186326103bff7766331be4f691718bba1f1f2185c3959203cd4dd4a87f733,2,10. R6-H：形成空间的非单调性与可逆分支,350,376,v0.3-independent-rebuild,experiment-or-result
S000261,02_WORKSPACE_SNAPSHOT/Towow_A2A_Independent_Research_v0.3/experiments/R6_机制判别实验报告_v0.2.md,060186326103bff7766331be4f691718bba1f1f2185c3959203cd4dd4a87f733,3,10.1 假设,352,355,v0.3-independent-rebuild,experiment-or-result
S000262,02_WORKSPACE_SNAPSHOT/Towow_A2A_Independent_Research_v0.3/experiments/R6_机制判别实验报告_v0.2.md,060186326103bff7766331be4f691718bba1f1f2185c3959203cd4dd4a87f733,3,10.2 设计与结果,356,367,v0.3-independent-rebuild,experiment-or-result
S000263,02_WORKSPACE_SNAPSHOT/Towow_A2A_Independent_Research_v0.3/experiments/R6_机制判别实验报告_v0.2.md,060186326103bff7766331be4f691718bba1f1f2185c3959203cd4dd4a87f733,3,10.3 Design Delta,368,376,v0.3-independent-rebuild,experiment-or-result
S000264,02_WORKSPACE_SNAPSHOT/Towow_A2A_Independent_Research_v0.3/experiments/R6_机制判别实验报告_v0.2.md,060186326103bff7766331be4f691718bba1f1f2185c3959203cd4dd4a87f733,2,11. R6-I：模型能力放大、模糊授权与平台目标偏移,377,442,v0.3-independent-rebuild,experiment-or-result
S000265,02_WORKSPACE_SNAPSHOT/Towow_A2A_Independent_Research_v0.3/experiments/R6_机制判别实验报告_v0.2.md,060186326103bff7766331be4f691718bba1f1f2185c3959203cd4dd4a87f733,3,11.1 为什么这是面向更强模型的实验,379,388,v0.3-independent-rebuild,experiment-or-result
S000266,02_WORKSPACE_SNAPSHOT/Towow_A2A_Independent_Research_v0.3/experiments/R6_机制判别实验报告_v0.2.md,060186326103bff7766331be4f691718bba1f1f2185c3959203cd4dd4a87f733,3,11.2 标准化、目标一致负对照,389,398,v0.3-independent-rebuild,experiment-or-result
S000267,02_WORKSPACE_SNAPSHOT/Towow_A2A_Independent_Research_v0.3/experiments/R6_机制判别实验报告_v0.2.md,060186326103bff7766331be4f691718bba1f1f2185c3959203cd4dd4a87f733,3,11.3 非标准、模糊授权：能力越强，越权效果越多,399,412,v0.3-independent-rebuild,experiment-or-result
S000268,02_WORKSPACE_SNAPSHOT/Towow_A2A_Independent_Research_v0.3/experiments/R6_机制判别实验报告_v0.2.md,060186326103bff7766331be4f691718bba1f1f2185c3959203cd4dd4a87f733,3,11.4 平台目标偏移：范围化授权必要但不充分,413,431,v0.3-independent-rebuild,experiment-or-result
S000269,02_WORKSPACE_SNAPSHOT/Towow_A2A_Independent_Research_v0.3/experiments/R6_机制判别实验报告_v0.2.md,060186326103bff7766331be4f691718bba1f1f2185c3959203cd4dd4a87f733,3,11.5 Design Delta,432,442,v0.3-independent-rebuild,experiment-or-result
S000270,02_WORKSPACE_SNAPSHOT/Towow_A2A_Independent_Research_v0.3/experiments/R6_机制判别实验报告_v0.2.md,060186326103bff7766331be4f691718bba1f1f2185c3959203cd4dd4a87f733,2,12. 合成实验的科学边界,443,468,v0.3-independent-rebuild,experiment-or-result
S000271,02_WORKSPACE_SNAPSHOT/Towow_A2A_Independent_Research_v0.3/experiments/R6_机制判别实验报告_v0.2.md,060186326103bff7766331be4f691718bba1f1f2185c3959203cd4dd4a87f733,2,13. 本轮实验真正改变了什么,469,490,v0.3-independent-rebuild,experiment-or-result
S000272,02_WORKSPACE_SNAPSHOT/Towow_A2A_Independent_Research_v0.3/experiments/R6_机制判别实验报告_v0.2.md,060186326103bff7766331be4f691718bba1f1f2185c3959203cd4dd4a87f733,2,14. 复现,491,509,v0.3-independent-rebuild,experiment-or-result
S000273,02_WORKSPACE_SNAPSHOT/Towow_A2A_Independent_Research_v0.3/experiments/cross_validation_suite/定量机制实验报告_v0.1.md,ea6b18531978d9ee32cda4707f7a2e418ce615b6155efb0e3e2fd23f6dfa742a,1,通爻 A2A 定量机制实验报告 v0.1,1,470,v0.3-independent-rebuild,experiment-or-result
S000274,02_WORKSPACE_SNAPSHOT/Towow_A2A_Independent_Research_v0.3/experiments/cross_validation_suite/定量机制实验报告_v0.1.md,ea6b18531978d9ee32cda4707f7a2e418ce615b6155efb0e3e2fd23f6dfa742a,2,0. 本轮为什么做这些实验,6,17,v0.3-independent-rebuild,experiment-or-result
S000275,02_WORKSPACE_SNAPSHOT/Towow_A2A_Independent_Research_v0.3/experiments/cross_validation_suite/定量机制实验报告_v0.1.md,ea6b18531978d9ee32cda4707f7a2e418ce615b6155efb0e3e2fd23f6dfa742a,2,1. 合成实验的可靠性边界,18,56,v0.3-independent-rebuild,experiment-or-result
S000276,02_WORKSPACE_SNAPSHOT/Towow_A2A_Independent_Research_v0.3/experiments/cross_validation_suite/定量机制实验报告_v0.1.md,ea6b18531978d9ee32cda4707f7a2e418ce615b6155efb0e3e2fd23f6dfa742a,3,1.1 它们能证明什么,20,23,v0.3-independent-rebuild,experiment-or-result
S000277,02_WORKSPACE_SNAPSHOT/Towow_A2A_Independent_Research_v0.3/experiments/cross_validation_suite/定量机制实验报告_v0.1.md,ea6b18531978d9ee32cda4707f7a2e418ce615b6155efb0e3e2fd23f6dfa742a,3,1.2 它们不能证明什么,24,37,v0.3-independent-rebuild,experiment-or-result
S000278,02_WORKSPACE_SNAPSHOT/Towow_A2A_Independent_Research_v0.3/experiments/cross_validation_suite/定量机制实验报告_v0.1.md,ea6b18531978d9ee32cda4707f7a2e418ce615b6155efb0e3e2fd23f6dfa742a,3,1.3 本轮采取的可靠性措施,38,56,v0.3-independent-rebuild,experiment-or-result
S000279,02_WORKSPACE_SNAPSHOT/Towow_A2A_Independent_Research_v0.3/experiments/cross_validation_suite/定量机制实验报告_v0.1.md,ea6b18531978d9ee32cda4707f7a2e418ce615b6155efb0e3e2fd23f6dfa742a,2,2. 实验一：成交率与真实解决不是同一个目标,57,124,v0.3-independent-rebuild,experiment-or-result
S000280,02_WORKSPACE_SNAPSHOT/Towow_A2A_Independent_Research_v0.3/experiments/cross_validation_suite/定量机制实验报告_v0.1.md,ea6b18531978d9ee32cda4707f7a2e418ce615b6155efb0e3e2fd23f6dfa742a,3,2.1 研究问题,59,66,v0.3-independent-rebuild,experiment-or-result
S000281,02_WORKSPACE_SNAPSHOT/Towow_A2A_Independent_Research_v0.3/experiments/cross_validation_suite/定量机制实验报告_v0.1.md,ea6b18531978d9ee32cda4707f7a2e418ce615b6155efb0e3e2fd23f6dfa742a,3,2.2 生成过程,67,84,v0.3-independent-rebuild,experiment-or-result
S000282,02_WORKSPACE_SNAPSHOT/Towow_A2A_Independent_Research_v0.3/experiments/cross_validation_suite/定量机制实验报告_v0.1.md,ea6b18531978d9ee32cda4707f7a2e418ce615b6155efb0e3e2fd23f6dfa742a,3,2.3 汇总结果,85,102,v0.3-independent-rebuild,experiment-or-result
S000283,02_WORKSPACE_SNAPSHOT/Towow_A2A_Independent_Research_v0.3/experiments/cross_validation_suite/定量机制实验报告_v0.1.md,ea6b18531978d9ee32cda4707f7a2e418ce615b6155efb0e3e2fd23f6dfa742a,3,2.4 最重要的解释,103,110,v0.3-independent-rebuild,experiment-or-result
S000284,02_WORKSPACE_SNAPSHOT/Towow_A2A_Independent_Research_v0.3/experiments/cross_validation_suite/定量机制实验报告_v0.1.md,ea6b18531978d9ee32cda4707f7a2e418ce615b6155efb0e3e2fd23f6dfa742a,3,2.5 Design Delta,111,118,v0.3-independent-rebuild,experiment-or-result
S000285,02_WORKSPACE_SNAPSHOT/Towow_A2A_Independent_Research_v0.3/experiments/cross_validation_suite/定量机制实验报告_v0.1.md,ea6b18531978d9ee32cda4707f7a2e418ce615b6155efb0e3e2fd23f6dfa742a,3,2.6 未证明内容,119,124,v0.3-independent-rebuild,experiment-or-result
S000286,02_WORKSPACE_SNAPSHOT/Towow_A2A_Independent_Research_v0.3/experiments/cross_validation_suite/定量机制实验报告_v0.1.md,ea6b18531978d9ee32cda4707f7a2e418ce615b6155efb0e3e2fd23f6dfa742a,2,3. 实验二：一个 Agent 实例内部的多权威不能被单根签名折叠,125,177,v0.3-independent-rebuild,experiment-or-result
S000287,02_WORKSPACE_SNAPSHOT/Towow_A2A_Independent_Research_v0.3/experiments/cross_validation_suite/定量机制实验报告_v0.1.md,ea6b18531978d9ee32cda4707f7a2e418ce615b6155efb0e3e2fd23f6dfa742a,3,3.1 研究问题,127,130,v0.3-independent-rebuild,experiment-or-result
S000288,02_WORKSPACE_SNAPSHOT/Towow_A2A_Independent_Research_v0.3/experiments/cross_validation_suite/定量机制实验报告_v0.1.md,ea6b18531978d9ee32cda4707f7a2e418ce615b6155efb0e3e2fd23f6dfa742a,3,3.2 生成过程,131,140,v0.3-independent-rebuild,experiment-or-result
S000289,02_WORKSPACE_SNAPSHOT/Towow_A2A_Independent_Research_v0.3/experiments/cross_validation_suite/定量机制实验报告_v0.1.md,ea6b18531978d9ee32cda4707f7a2e418ce615b6155efb0e3e2fd23f6dfa742a,3,3.3 汇总结果,141,154,v0.3-independent-rebuild,experiment-or-result
S000290,02_WORKSPACE_SNAPSHOT/Towow_A2A_Independent_Research_v0.3/experiments/cross_validation_suite/定量机制实验报告_v0.1.md,ea6b18531978d9ee32cda4707f7a2e418ce615b6155efb0e3e2fd23f6dfa742a,3,3.4 最重要的解释,155,162,v0.3-independent-rebuild,experiment-or-result
S000291,02_WORKSPACE_SNAPSHOT/Towow_A2A_Independent_Research_v0.3/experiments/cross_validation_suite/定量机制实验报告_v0.1.md,ea6b18531978d9ee32cda4707f7a2e418ce615b6155efb0e3e2fd23f6dfa742a,3,3.5 Design Delta,163,171,v0.3-independent-rebuild,experiment-or-result
S000292,02_WORKSPACE_SNAPSHOT/Towow_A2A_Independent_Research_v0.3/experiments/cross_validation_suite/定量机制实验报告_v0.1.md,ea6b18531978d9ee32cda4707f7a2e418ce615b6155efb0e3e2fd23f6dfa742a,3,3.6 未证明内容,172,177,v0.3-independent-rebuild,experiment-or-result
S000293,02_WORKSPACE_SNAPSHOT/Towow_A2A_Independent_Research_v0.3/experiments/cross_validation_suite/定量机制实验报告_v0.1.md,ea6b18531978d9ee32cda4707f7a2e418ce615b6155efb0e3e2fd23f6dfa742a,2,4. 实验三：数据使用会扩张成派生治理图,178,238,v0.3-independent-rebuild,experiment-or-result
S000294,02_WORKSPACE_SNAPSHOT/Towow_A2A_Independent_Research_v0.3/experiments/cross_validation_suite/定量机制实验报告_v0.1.md,ea6b18531978d9ee32cda4707f7a2e418ce615b6155efb0e3e2fd23f6dfa742a,3,4.1 研究问题,180,183,v0.3-independent-rebuild,experiment-or-result
S000295,02_WORKSPACE_SNAPSHOT/Towow_A2A_Independent_Research_v0.3/experiments/cross_validation_suite/定量机制实验报告_v0.1.md,ea6b18531978d9ee32cda4707f7a2e418ce615b6155efb0e3e2fd23f6dfa742a,3,4.2 生成过程,184,193,v0.3-independent-rebuild,experiment-or-result
S000296,02_WORKSPACE_SNAPSHOT/Towow_A2A_Independent_Research_v0.3/experiments/cross_validation_suite/定量机制实验报告_v0.1.md,ea6b18531978d9ee32cda4707f7a2e418ce615b6155efb0e3e2fd23f6dfa742a,3,4.3 结果,194,215,v0.3-independent-rebuild,experiment-or-result
S000297,02_WORKSPACE_SNAPSHOT/Towow_A2A_Independent_Research_v0.3/experiments/cross_validation_suite/定量机制实验报告_v0.1.md,ea6b18531978d9ee32cda4707f7a2e418ce615b6155efb0e3e2fd23f6dfa742a,3,4.4 哪个结果是构造保证,216,223,v0.3-independent-rebuild,experiment-or-result
S000298,02_WORKSPACE_SNAPSHOT/Towow_A2A_Independent_Research_v0.3/experiments/cross_validation_suite/定量机制实验报告_v0.1.md,ea6b18531978d9ee32cda4707f7a2e418ce615b6155efb0e3e2fd23f6dfa742a,3,4.5 Design Delta,224,232,v0.3-independent-rebuild,experiment-or-result
S000299,02_WORKSPACE_SNAPSHOT/Towow_A2A_Independent_Research_v0.3/experiments/cross_validation_suite/定量机制实验报告_v0.1.md,ea6b18531978d9ee32cda4707f7a2e418ce615b6155efb0e3e2fd23f6dfa742a,3,4.6 未证明内容,233,238,v0.3-independent-rebuild,experiment-or-result
S000300,02_WORKSPACE_SNAPSHOT/Towow_A2A_Independent_Research_v0.3/experiments/cross_validation_suite/定量机制实验报告_v0.1.md,ea6b18531978d9ee32cda4707f7a2e418ce615b6155efb0e3e2fd23f6dfa742a,2,5. 实验四：形成—编译—重开存在有效包络,239,291,v0.3-independent-rebuild,experiment-or-result
S000301,02_WORKSPACE_SNAPSHOT/Towow_A2A_Independent_Research_v0.3/experiments/cross_validation_suite/定量机制实验报告_v0.1.md,ea6b18531978d9ee32cda4707f7a2e418ce615b6155efb0e3e2fd23f6dfa742a,3,5.1 研究问题,241,244,v0.3-independent-rebuild,experiment-or-result
S000302,02_WORKSPACE_SNAPSHOT/Towow_A2A_Independent_Research_v0.3/experiments/cross_validation_suite/定量机制实验报告_v0.1.md,ea6b18531978d9ee32cda4707f7a2e418ce615b6155efb0e3e2fd23f6dfa742a,3,5.2 生成过程,245,254,v0.3-independent-rebuild,experiment-or-result
S000303,02_WORKSPACE_SNAPSHOT/Towow_A2A_Independent_Research_v0.3/experiments/cross_validation_suite/定量机制实验报告_v0.1.md,ea6b18531978d9ee32cda4707f7a2e418ce615b6155efb0e3e2fd23f6dfa742a,3,5.3 结果,255,273,v0.3-independent-rebuild,experiment-or-result
S000304,02_WORKSPACE_SNAPSHOT/Towow_A2A_Independent_Research_v0.3/experiments/cross_validation_suite/定量机制实验报告_v0.1.md,ea6b18531978d9ee32cda4707f7a2e418ce615b6155efb0e3e2fd23f6dfa742a,3,5.4 最重要的解释,274,281,v0.3-independent-rebuild,experiment-or-result
S000305,02_WORKSPACE_SNAPSHOT/Towow_A2A_Independent_Research_v0.3/experiments/cross_validation_suite/定量机制实验报告_v0.1.md,ea6b18531978d9ee32cda4707f7a2e418ce615b6155efb0e3e2fd23f6dfa742a,3,5.5 Design Delta,282,291,v0.3-independent-rebuild,experiment-or-result
S000306,02_WORKSPACE_SNAPSHOT/Towow_A2A_Independent_Research_v0.3/experiments/cross_validation_suite/定量机制实验报告_v0.1.md,ea6b18531978d9ee32cda4707f7a2e418ce615b6155efb0e3e2fd23f6dfa742a,2,6. 实验五：`CollapseSafe` 的相图,292,338,v0.3-independent-rebuild,experiment-or-result
S000307,02_WORKSPACE_SNAPSHOT/Towow_A2A_Independent_Research_v0.3/experiments/cross_validation_suite/定量机制实验报告_v0.1.md,ea6b18531978d9ee32cda4707f7a2e418ce615b6155efb0e3e2fd23f6dfa742a,3,6.1 研究问题,294,297,v0.3-independent-rebuild,experiment-or-result
S000308,02_WORKSPACE_SNAPSHOT/Towow_A2A_Independent_Research_v0.3/experiments/cross_validation_suite/定量机制实验报告_v0.1.md,ea6b18531978d9ee32cda4707f7a2e418ce615b6155efb0e3e2fd23f6dfa742a,3,6.2 生成过程,298,312,v0.3-independent-rebuild,experiment-or-result
S000309,02_WORKSPACE_SNAPSHOT/Towow_A2A_Independent_Research_v0.3/experiments/cross_validation_suite/定量机制实验报告_v0.1.md,ea6b18531978d9ee32cda4707f7a2e418ce615b6155efb0e3e2fd23f6dfa742a,3,6.3 结果,313,323,v0.3-independent-rebuild,experiment-or-result
S000310,02_WORKSPACE_SNAPSHOT/Towow_A2A_Independent_Research_v0.3/experiments/cross_validation_suite/定量机制实验报告_v0.1.md,ea6b18531978d9ee32cda4707f7a2e418ce615b6155efb0e3e2fd23f6dfa742a,3,6.4 Design Delta,324,338,v0.3-independent-rebuild,experiment-or-result
S000311,02_WORKSPACE_SNAPSHOT/Towow_A2A_Independent_Research_v0.3/experiments/cross_validation_suite/定量机制实验报告_v0.1.md,ea6b18531978d9ee32cda4707f7a2e418ce615b6155efb0e3e2fd23f6dfa742a,2,7. 跨实验统一结论,339,349,v0.3-independent-rebuild,experiment-or-result
S000312,02_WORKSPACE_SNAPSHOT/Towow_A2A_Independent_Research_v0.3/experiments/cross_validation_suite/定量机制实验报告_v0.1.md,ea6b18531978d9ee32cda4707f7a2e418ce615b6155efb0e3e2fd23f6dfa742a,2,8. 24 种子复核,350,364,v0.3-independent-rebuild,experiment-or-result
S000313,02_WORKSPACE_SNAPSHOT/Towow_A2A_Independent_Research_v0.3/experiments/cross_validation_suite/定量机制实验报告_v0.1.md,ea6b18531978d9ee32cda4707f7a2e418ce615b6155efb0e3e2fd23f6dfa742a,2,9. 下一步实验优先级,365,386,v0.3-independent-rebuild,experiment-or-result
S000314,02_WORKSPACE_SNAPSHOT/Towow_A2A_Independent_Research_v0.3/experiments/cross_validation_suite/定量机制实验报告_v0.1.md,ea6b18531978d9ee32cda4707f7a2e418ce615b6155efb0e3e2fd23f6dfa742a,3,必做：真实 Principal 形成实验,367,370,v0.3-independent-rebuild,experiment-or-result
S000315,02_WORKSPACE_SNAPSHOT/Towow_A2A_Independent_Research_v0.3/experiments/cross_validation_suite/定量机制实验报告_v0.1.md,ea6b18531978d9ee32cda4707f7a2e418ce615b6155efb0e3e2fd23f6dfa742a,3,必做：真实数据派生策略实验,371,374,v0.3-independent-rebuild,experiment-or-result
S000316,02_WORKSPACE_SNAPSHOT/Towow_A2A_Independent_Research_v0.3/experiments/cross_validation_suite/定量机制实验报告_v0.1.md,ea6b18531978d9ee32cda4707f7a2e418ce615b6155efb0e3e2fd23f6dfa742a,3,必做：人类中介与同权限中心基线,375,378,v0.3-independent-rebuild,experiment-or-result
S000317,02_WORKSPACE_SNAPSHOT/Towow_A2A_Independent_Research_v0.3/experiments/cross_validation_suite/定量机制实验报告_v0.1.md,ea6b18531978d9ee32cda4707f7a2e418ce615b6155efb0e3e2fd23f6dfa742a,3,暂不优先,379,386,v0.3-independent-rebuild,experiment-or-result
S000318,02_WORKSPACE_SNAPSHOT/Towow_A2A_Independent_Research_v0.3/experiments/cross_validation_suite/定量机制实验报告_v0.1.md,ea6b18531978d9ee32cda4707f7a2e418ce615b6155efb0e3e2fd23f6dfa742a,2,10. 可复现入口,387,409,v0.3-independent-rebuild,experiment-or-result
S000319,02_WORKSPACE_SNAPSHOT/Towow_A2A_Independent_Research_v0.3/experiments/cross_validation_suite/定量机制实验报告_v0.1.md,ea6b18531978d9ee32cda4707f7a2e418ce615b6155efb0e3e2fd23f6dfa742a,2,11. 追加应力测试：定向形成并不在所有参数下获胜,410,464,v0.3-independent-rebuild,experiment-or-result
S000320,02_WORKSPACE_SNAPSHOT/Towow_A2A_Independent_Research_v0.3/experiments/cross_validation_suite/定量机制实验报告_v0.1.md,ea6b18531978d9ee32cda4707f7a2e418ce615b6155efb0e3e2fd23f6dfa742a,3,这个应力测试改变了什么,440,464,v0.3-independent-rebuild,experiment-or-result
S000321,02_WORKSPACE_SNAPSHOT/Towow_A2A_Independent_Research_v0.3/experiments/cross_validation_suite/定量机制实验报告_v0.1.md,ea6b18531978d9ee32cda4707f7a2e418ce615b6155efb0e3e2fd23f6dfa742a,2,12. 当前复现状态,465,470,v0.3-independent-rebuild,experiment-or-result
S000322,02_WORKSPACE_SNAPSHOT/Towow_A2A_Independent_Research_v0.3/prototype/README.md,8926a819750ef1025da5629691e3a76b96218ef5994012ce64222a5be167dc26,1,Towow 最小语义内核 v0.1,1,59,v0.3-independent-rebuild,orientation
S000323,02_WORKSPACE_SNAPSHOT/Towow_A2A_Independent_Research_v0.3/prototype/README.md,8926a819750ef1025da5629691e3a76b96218ef5994012ce64222a5be167dc26,2,已实现的最小闭环,5,16,v0.3-independent-rebuild,orientation
S000324,02_WORKSPACE_SNAPSHOT/Towow_A2A_Independent_Research_v0.3/prototype/README.md,8926a819750ef1025da5629691e3a76b96218ef5994012ce64222a5be167dc26,2,为什么它不是普通 RBAC / 工作流,17,29,v0.3-independent-rebuild,orientation
S000325,02_WORKSPACE_SNAPSHOT/Towow_A2A_Independent_Research_v0.3/prototype/README.md,8926a819750ef1025da5629691e3a76b96218ef5994012ce64222a5be167dc26,2,运行,30,46,v0.3-independent-rebuild,orientation
S000326,02_WORKSPACE_SNAPSHOT/Towow_A2A_Independent_Research_v0.3/prototype/README.md,8926a819750ef1025da5629691e3a76b96218ef5994012ce64222a5be167dc26,2,当前限制,47,56,v0.3-independent-rebuild,orientation
S000327,02_WORKSPACE_SNAPSHOT/Towow_A2A_Independent_Research_v0.3/prototype/README.md,8926a819750ef1025da5629691e3a76b96218ef5994012ce64222a5be167dc26,2,直接 Design Delta,57,59,v0.3-independent-rebuild,orientation
S000328,02_WORKSPACE_SNAPSHOT/Towow_A2A_Independent_Research_v0.3/real_world_protocol/R7_RESOURCE_REQUEST.md,192982de535e9daea293225a90bf5f92cde1965d3500ab16f25fe2bcc2fa42d7,1,R7 执行资源清单,1,33,v0.3-independent-rebuild,specification-or-protocol
S000329,02_WORKSPACE_SNAPSHOT/Towow_A2A_Independent_Research_v0.3/real_world_protocol/R7_RESOURCE_REQUEST.md,192982de535e9daea293225a90bf5f92cde1965d3500ab16f25fe2bcc2fa42d7,2,最低可运行版本（Stage 0 + Stage 1）,5,16,v0.3-independent-rebuild,specification-or-protocol
S000330,02_WORKSPACE_SNAPSHOT/Towow_A2A_Independent_Research_v0.3/real_world_protocol/R7_RESOURCE_REQUEST.md,192982de535e9daea293225a90bf5f92cde1965d3500ab16f25fe2bcc2fa42d7,2,参与者需要提供,17,25,v0.3-independent-rebuild,specification-or-protocol
S000331,02_WORKSPACE_SNAPSHOT/Towow_A2A_Independent_Research_v0.3/real_world_protocol/R7_RESOURCE_REQUEST.md,192982de535e9daea293225a90bf5f92cde1965d3500ab16f25fe2bcc2fa42d7,2,Owner 只需要做的价值决策,26,33,v0.3-independent-rebuild,specification-or-protocol
S000332,02_WORKSPACE_SNAPSHOT/Towow_A2A_Independent_Research_v0.3/real_world_protocol/R7_真实主体实验协议_v0.1.md,508b6f9b81eaaeaab3aa56dd6c6293652e4657c09943d2acaa233757cf55afc4,1,R7：真实主体、非标准关系形成与稳定处置实验协议 v0.1,1,459,v0.3-independent-rebuild,specification-or-protocol
S000333,02_WORKSPACE_SNAPSHOT/Towow_A2A_Independent_Research_v0.3/real_world_protocol/R7_真实主体实验协议_v0.1.md,508b6f9b81eaaeaab3aa56dd6c6293652e4657c09943d2acaa233757cf55afc4,2,1. 核心研究问题,11,43,v0.3-independent-rebuild,specification-or-protocol
S000334,02_WORKSPACE_SNAPSHOT/Towow_A2A_Independent_Research_v0.3/real_world_protocol/R7_真实主体实验协议_v0.1.md,508b6f9b81eaaeaab3aa56dd6c6293652e4657c09943d2acaa233757cf55afc4,3,1.1 主要可反驳命题,30,43,v0.3-independent-rebuild,specification-or-protocol
S000335,02_WORKSPACE_SNAPSHOT/Towow_A2A_Independent_Research_v0.3/real_world_protocol/R7_真实主体实验协议_v0.1.md,508b6f9b81eaaeaab3aa56dd6c6293652e4657c09943d2acaa233757cf55afc4,2,2. 选择什么真实任务,44,76,v0.3-independent-rebuild,specification-or-protocol
S000336,02_WORKSPACE_SNAPSHOT/Towow_A2A_Independent_Research_v0.3/real_world_protocol/R7_真实主体实验协议_v0.1.md,508b6f9b81eaaeaab3aa56dd6c6293652e4657c09943d2acaa233757cf55afc4,3,2.1 推荐任务族,46,57,v0.3-independent-rebuild,specification-or-protocol
S000337,02_WORKSPACE_SNAPSHOT/Towow_A2A_Independent_Research_v0.3/real_world_protocol/R7_真实主体实验协议_v0.1.md,508b6f9b81eaaeaab3aa56dd6c6293652e4657c09943d2acaa233757cf55afc4,3,2.2 纳入标准,58,70,v0.3-independent-rebuild,specification-or-protocol
S000338,02_WORKSPACE_SNAPSHOT/Towow_A2A_Independent_Research_v0.3/real_world_protocol/R7_真实主体实验协议_v0.1.md,508b6f9b81eaaeaab3aa56dd6c6293652e4657c09943d2acaa233757cf55afc4,3,2.3 排除标准,71,76,v0.3-independent-rebuild,specification-or-protocol
S000339,02_WORKSPACE_SNAPSHOT/Towow_A2A_Independent_Research_v0.3/real_world_protocol/R7_真实主体实验协议_v0.1.md,508b6f9b81eaaeaab3aa56dd6c6293652e4657c09943d2acaa233757cf55afc4,2,3. 实验分两阶段,77,114,v0.3-independent-rebuild,specification-or-protocol
S000340,02_WORKSPACE_SNAPSHOT/Towow_A2A_Independent_Research_v0.3/real_world_protocol/R7_真实主体实验协议_v0.1.md,508b6f9b81eaaeaab3aa56dd6c6293652e4657c09943d2acaa233757cf55afc4,3,Stage 0：回顾性仪器校准,79,93,v0.3-independent-rebuild,specification-or-protocol
S000341,02_WORKSPACE_SNAPSHOT/Towow_A2A_Independent_Research_v0.3/real_world_protocol/R7_真实主体实验协议_v0.1.md,508b6f9b81eaaeaab3aa56dd6c6293652e4657c09943d2acaa233757cf55afc4,3,Stage 1：前瞻性可行性试验,94,106,v0.3-independent-rebuild,specification-or-protocol
S000342,02_WORKSPACE_SNAPSHOT/Towow_A2A_Independent_Research_v0.3/real_world_protocol/R7_真实主体实验协议_v0.1.md,508b6f9b81eaaeaab3aa56dd6c6293652e4657c09943d2acaa233757cf55afc4,3,Stage 2：确认性比较,107,114,v0.3-independent-rebuild,specification-or-protocol
S000343,02_WORKSPACE_SNAPSHOT/Towow_A2A_Independent_Research_v0.3/real_world_protocol/R7_真实主体实验协议_v0.1.md,508b6f9b81eaaeaab3aa56dd6c6293652e4657c09943d2acaa233757cf55afc4,2,4. 四个实验条件,115,153,v0.3-independent-rebuild,specification-or-protocol
S000344,02_WORKSPACE_SNAPSHOT/Towow_A2A_Independent_Research_v0.3/real_world_protocol/R7_真实主体实验协议_v0.1.md,508b6f9b81eaaeaab3aa56dd6c6293652e4657c09943d2acaa233757cf55afc4,3,A. 静态资料 + 直接沟通,117,122,v0.3-independent-rebuild,specification-or-protocol
S000345,02_WORKSPACE_SNAPSHOT/Towow_A2A_Independent_Research_v0.3/real_world_protocol/R7_真实主体实验协议_v0.1.md,508b6f9b81eaaeaab3aa56dd6c6293652e4657c09943d2acaa233757cf55afc4,3,B. 人类经纪/项目经理,123,128,v0.3-independent-rebuild,specification-or-protocol
S000346,02_WORKSPACE_SNAPSHOT/Towow_A2A_Independent_Research_v0.3/real_world_protocol/R7_真实主体实验协议_v0.1.md,508b6f9b81eaaeaab3aa56dd6c6293652e4657c09943d2acaa233757cf55afc4,3,C. 单一中心 Agent,129,136,v0.3-independent-rebuild,specification-or-protocol
S000347,02_WORKSPACE_SNAPSHOT/Towow_A2A_Independent_Research_v0.3/real_world_protocol/R7_真实主体实验协议_v0.1.md,508b6f9b81eaaeaab3aa56dd6c6293652e4657c09943d2acaa233757cf55afc4,3,D. 权威保真通爻机制,137,153,v0.3-independent-rebuild,specification-or-protocol
S000348,02_WORKSPACE_SNAPSHOT/Towow_A2A_Independent_Research_v0.3/real_world_protocol/R7_真实主体实验协议_v0.1.md,508b6f9b81eaaeaab3aa56dd6c6293652e4657c09943d2acaa233757cf55afc4,2,5. 案例运行流程,154,221,v0.3-independent-rebuild,specification-or-protocol
S000349,02_WORKSPACE_SNAPSHOT/Towow_A2A_Independent_Research_v0.3/real_world_protocol/R7_真实主体实验协议_v0.1.md,508b6f9b81eaaeaab3aa56dd6c6293652e4657c09943d2acaa233757cf55afc4,3,5.1 冻结前态,156,170,v0.3-independent-rebuild,specification-or-protocol
S000350,02_WORKSPACE_SNAPSHOT/Towow_A2A_Independent_Research_v0.3/real_world_protocol/R7_真实主体实验协议_v0.1.md,508b6f9b81eaaeaab3aa56dd6c6293652e4657c09943d2acaa233757cf55afc4,3,5.2 形成阶段,171,185,v0.3-independent-rebuild,specification-or-protocol
S000351,02_WORKSPACE_SNAPSHOT/Towow_A2A_Independent_Research_v0.3/real_world_protocol/R7_真实主体实验协议_v0.1.md,508b6f9b81eaaeaab3aa56dd6c6293652e4657c09943d2acaa233757cf55afc4,3,5.3 认领阶段,186,198,v0.3-independent-rebuild,specification-or-protocol
S000352,02_WORKSPACE_SNAPSHOT/Towow_A2A_Independent_Research_v0.3/real_world_protocol/R7_真实主体实验协议_v0.1.md,508b6f9b81eaaeaab3aa56dd6c6293652e4657c09943d2acaa233757cf55afc4,3,5.4 最小现实行动,199,211,v0.3-independent-rebuild,specification-or-protocol
S000353,02_WORKSPACE_SNAPSHOT/Towow_A2A_Independent_Research_v0.3/real_world_protocol/R7_真实主体实验协议_v0.1.md,508b6f9b81eaaeaab3aa56dd6c6293652e4657c09943d2acaa233757cf55afc4,3,5.5 接受与追踪,212,221,v0.3-independent-rebuild,specification-or-protocol
S000354,02_WORKSPACE_SNAPSHOT/Towow_A2A_Independent_Research_v0.3/real_world_protocol/R7_真实主体实验协议_v0.1.md,508b6f9b81eaaeaab3aa56dd6c6293652e4657c09943d2acaa233757cf55afc4,2,6. 真实稳定处置的判定,222,259,v0.3-independent-rebuild,specification-or-protocol
S000355,02_WORKSPACE_SNAPSHOT/Towow_A2A_Independent_Research_v0.3/real_world_protocol/R7_真实主体实验协议_v0.1.md,508b6f9b81eaaeaab3aa56dd6c6293652e4657c09943d2acaa233757cf55afc4,3,6.1 COMMIT 正确,226,236,v0.3-independent-rebuild,specification-or-protocol
S000356,02_WORKSPACE_SNAPSHOT/Towow_A2A_Independent_Research_v0.3/real_world_protocol/R7_真实主体实验协议_v0.1.md,508b6f9b81eaaeaab3aa56dd6c6293652e4657c09943d2acaa233757cf55afc4,3,6.2 REJECT 正确,237,240,v0.3-independent-rebuild,specification-or-protocol
S000357,02_WORKSPACE_SNAPSHOT/Towow_A2A_Independent_Research_v0.3/real_world_protocol/R7_真实主体实验协议_v0.1.md,508b6f9b81eaaeaab3aa56dd6c6293652e4657c09943d2acaa233757cf55afc4,3,6.3 CONDITIONAL 正确,241,244,v0.3-independent-rebuild,specification-or-protocol
S000358,02_WORKSPACE_SNAPSHOT/Towow_A2A_Independent_Research_v0.3/real_world_protocol/R7_真实主体实验协议_v0.1.md,508b6f9b81eaaeaab3aa56dd6c6293652e4657c09943d2acaa233757cf55afc4,3,6.4 UNKNOWN 正确,245,248,v0.3-independent-rebuild,specification-or-protocol
S000359,02_WORKSPACE_SNAPSHOT/Towow_A2A_Independent_Research_v0.3/real_world_protocol/R7_真实主体实验协议_v0.1.md,508b6f9b81eaaeaab3aa56dd6c6293652e4657c09943d2acaa233757cf55afc4,3,6.5 错误类型,249,259,v0.3-independent-rebuild,specification-or-protocol
S000360,02_WORKSPACE_SNAPSHOT/Towow_A2A_Independent_Research_v0.3/real_world_protocol/R7_真实主体实验协议_v0.1.md,508b6f9b81eaaeaab3aa56dd6c6293652e4657c09943d2acaa233757cf55afc4,2,7. Bounded Challenge：怎样估计“错误拒绝”,260,274,v0.3-independent-rebuild,specification-or-protocol
S000361,02_WORKSPACE_SNAPSHOT/Towow_A2A_Independent_Research_v0.3/real_world_protocol/R7_真实主体实验协议_v0.1.md,508b6f9b81eaaeaab3aa56dd6c6293652e4657c09943d2acaa233757cf55afc4,2,8. 指标,275,318,v0.3-independent-rebuild,specification-or-protocol
S000362,02_WORKSPACE_SNAPSHOT/Towow_A2A_Independent_Research_v0.3/real_world_protocol/R7_真实主体实验协议_v0.1.md,508b6f9b81eaaeaab3aa56dd6c6293652e4657c09943d2acaa233757cf55afc4,3,8.1 共同主要指标,277,286,v0.3-independent-rebuild,specification-or-protocol
S000363,02_WORKSPACE_SNAPSHOT/Towow_A2A_Independent_Research_v0.3/real_world_protocol/R7_真实主体实验协议_v0.1.md,508b6f9b81eaaeaab3aa56dd6c6293652e4657c09943d2acaa233757cf55afc4,3,8.2 次要指标,287,302,v0.3-independent-rebuild,specification-or-protocol
S000364,02_WORKSPACE_SNAPSHOT/Towow_A2A_Independent_Research_v0.3/real_world_protocol/R7_真实主体实验协议_v0.1.md,508b6f9b81eaaeaab3aa56dd6c6293652e4657c09943d2acaa233757cf55afc4,3,8.3 CollapseSafe 诊断,303,318,v0.3-independent-rebuild,specification-or-protocol
S000365,02_WORKSPACE_SNAPSHOT/Towow_A2A_Independent_Research_v0.3/real_world_protocol/R7_真实主体实验协议_v0.1.md,508b6f9b81eaaeaab3aa56dd6c6293652e4657c09943d2acaa233757cf55afc4,2,9. 数据权利与参与者保护,319,353,v0.3-independent-rebuild,specification-or-protocol
S000366,02_WORKSPACE_SNAPSHOT/Towow_A2A_Independent_Research_v0.3/real_world_protocol/R7_真实主体实验协议_v0.1.md,508b6f9b81eaaeaab3aa56dd6c6293652e4657c09943d2acaa233757cf55afc4,3,9.1 默认规则,321,331,v0.3-independent-rebuild,specification-or-protocol
S000367,02_WORKSPACE_SNAPSHOT/Towow_A2A_Independent_Research_v0.3/real_world_protocol/R7_真实主体实验协议_v0.1.md,508b6f9b81eaaeaab3aa56dd6c6293652e4657c09943d2acaa233757cf55afc4,3,9.2 参与者必须知道,332,340,v0.3-independent-rebuild,specification-or-protocol
S000368,02_WORKSPACE_SNAPSHOT/Towow_A2A_Independent_Research_v0.3/real_world_protocol/R7_真实主体实验协议_v0.1.md,508b6f9b81eaaeaab3aa56dd6c6293652e4657c09943d2acaa233757cf55afc4,3,9.3 反操纵门,341,353,v0.3-independent-rebuild,specification-or-protocol
S000369,02_WORKSPACE_SNAPSHOT/Towow_A2A_Independent_Research_v0.3/real_world_protocol/R7_真实主体实验协议_v0.1.md,508b6f9b81eaaeaab3aa56dd6c6293652e4657c09943d2acaa233757cf55afc4,2,10. 安全、停止和升级规则,354,375,v0.3-independent-rebuild,specification-or-protocol
S000370,02_WORKSPACE_SNAPSHOT/Towow_A2A_Independent_Research_v0.3/real_world_protocol/R7_真实主体实验协议_v0.1.md,508b6f9b81eaaeaab3aa56dd6c6293652e4657c09943d2acaa233757cf55afc4,2,11. 分析计划,376,416,v0.3-independent-rebuild,specification-or-protocol
S000371,02_WORKSPACE_SNAPSHOT/Towow_A2A_Independent_Research_v0.3/real_world_protocol/R7_真实主体实验协议_v0.1.md,508b6f9b81eaaeaab3aa56dd6c6293652e4657c09943d2acaa233757cf55afc4,3,11.1 Stage 1,378,387,v0.3-independent-rebuild,specification-or-protocol
S000372,02_WORKSPACE_SNAPSHOT/Towow_A2A_Independent_Research_v0.3/real_world_protocol/R7_真实主体实验协议_v0.1.md,508b6f9b81eaaeaab3aa56dd6c6293652e4657c09943d2acaa233757cf55afc4,3,11.2 Stage 2,388,402,v0.3-independent-rebuild,specification-or-protocol
S000373,02_WORKSPACE_SNAPSHOT/Towow_A2A_Independent_Research_v0.3/real_world_protocol/R7_真实主体实验协议_v0.1.md,508b6f9b81eaaeaab3aa56dd6c6293652e4657c09943d2acaa233757cf55afc4,3,11.3 不利结果如何处理,403,416,v0.3-independent-rebuild,specification-or-protocol
S000374,02_WORKSPACE_SNAPSHOT/Towow_A2A_Independent_Research_v0.3/real_world_protocol/R7_真实主体实验协议_v0.1.md,508b6f9b81eaaeaab3aa56dd6c6293652e4657c09943d2acaa233757cf55afc4,2,12. 实验输出,417,446,v0.3-independent-rebuild,specification-or-protocol
S000375,02_WORKSPACE_SNAPSHOT/Towow_A2A_Independent_Research_v0.3/real_world_protocol/R7_真实主体实验协议_v0.1.md,508b6f9b81eaaeaab3aa56dd6c6293652e4657c09943d2acaa233757cf55afc4,2,13. 执行前真正需要的外部资源,447,459,v0.3-independent-rebuild,specification-or-protocol
S000376,02_WORKSPACE_SNAPSHOT/Towow_A2A_Independent_Research_v0.3/spec/06_系统架构与最小内核_v0.3.md,0dcea8ced74252f5786da0599fab53ede056b94f0b9b0d3d65ee26aea7dce160,1,通爻 A2A 系统架构与最小内核 v0.3,1,783,v0.3-independent-rebuild,specification-or-protocol
S000377,02_WORKSPACE_SNAPSHOT/Towow_A2A_Independent_Research_v0.3/spec/06_系统架构与最小内核_v0.3.md,0dcea8ced74252f5786da0599fab53ede056b94f0b9b0d3d65ee26aea7dce160,2,摘要,8,38,v0.3-independent-rebuild,specification-or-protocol
S000378,02_WORKSPACE_SNAPSHOT/Towow_A2A_Independent_Research_v0.3/spec/06_系统架构与最小内核_v0.3.md,0dcea8ced74252f5786da0599fab53ede056b94f0b9b0d3d65ee26aea7dce160,2,1. 架构立题：从固定平台语法到内生关系语法,39,88,v0.3-independent-rebuild,specification-or-protocol
S000379,02_WORKSPACE_SNAPSHOT/Towow_A2A_Independent_Research_v0.3/spec/06_系统架构与最小内核_v0.3.md,0dcea8ced74252f5786da0599fab53ede056b94f0b9b0d3d65ee26aea7dce160,3,1.1 固定关系语法系统,41,55,v0.3-independent-rebuild,specification-or-protocol
S000380,02_WORKSPACE_SNAPSHOT/Towow_A2A_Independent_Research_v0.3/spec/06_系统架构与最小内核_v0.3.md,0dcea8ced74252f5786da0599fab53ede056b94f0b9b0d3d65ee26aea7dce160,3,1.2 通爻处理的任务,56,88,v0.3-independent-rebuild,specification-or-protocol
S000381,02_WORKSPACE_SNAPSHOT/Towow_A2A_Independent_Research_v0.3/spec/06_系统架构与最小内核_v0.3.md,0dcea8ced74252f5786da0599fab53ede056b94f0b9b0d3d65ee26aea7dce160,2,2. 五个运行面与一个横向控制平面,89,180,v0.3-independent-rebuild,specification-or-protocol
S000382,02_WORKSPACE_SNAPSHOT/Towow_A2A_Independent_Research_v0.3/spec/06_系统架构与最小内核_v0.3.md,0dcea8ced74252f5786da0599fab53ede056b94f0b9b0d3d65ee26aea7dce160,3,2.1 主权 Agent 实体面,91,105,v0.3-independent-rebuild,specification-or-protocol
S000383,02_WORKSPACE_SNAPSHOT/Towow_A2A_Independent_Research_v0.3/spec/06_系统架构与最小内核_v0.3.md,0dcea8ced74252f5786da0599fab53ede056b94f0b9b0d3d65ee26aea7dce160,3,2.2 关系构成面,106,118,v0.3-independent-rebuild,specification-or-protocol
S000384,02_WORKSPACE_SNAPSHOT/Towow_A2A_Independent_Research_v0.3/spec/06_系统架构与最小内核_v0.3.md,0dcea8ced74252f5786da0599fab53ede056b94f0b9b0d3d65ee26aea7dce160,3,2.3 权威认领面,119,129,v0.3-independent-rebuild,specification-or-protocol
S000385,02_WORKSPACE_SNAPSHOT/Towow_A2A_Independent_Research_v0.3/spec/06_系统架构与最小内核_v0.3.md,0dcea8ced74252f5786da0599fab53ede056b94f0b9b0d3d65ee26aea7dce160,3,2.4 现实效力面,130,142,v0.3-independent-rebuild,specification-or-protocol
S000386,02_WORKSPACE_SNAPSHOT/Towow_A2A_Independent_Research_v0.3/spec/06_系统架构与最小内核_v0.3.md,0dcea8ced74252f5786da0599fab53ede056b94f0b9b0d3d65ee26aea7dce160,3,2.5 中心协调与编译面,143,164,v0.3-independent-rebuild,specification-or-protocol
S000387,02_WORKSPACE_SNAPSHOT/Towow_A2A_Independent_Research_v0.3/spec/06_系统架构与最小内核_v0.3.md,0dcea8ced74252f5786da0599fab53ede056b94f0b9b0d3d65ee26aea7dce160,3,2.6 横向数据与 Defeater 控制平面,165,180,v0.3-independent-rebuild,specification-or-protocol
S000388,02_WORKSPACE_SNAPSHOT/Towow_A2A_Independent_Research_v0.3/spec/06_系统架构与最小内核_v0.3.md,0dcea8ced74252f5786da0599fab53ede056b94f0b9b0d3d65ee26aea7dce160,2,3. Agent 实体的最小外部模型,181,224,v0.3-independent-rebuild,specification-or-protocol
S000389,02_WORKSPACE_SNAPSHOT/Towow_A2A_Independent_Research_v0.3/spec/06_系统架构与最小内核_v0.3.md,0dcea8ced74252f5786da0599fab53ede056b94f0b9b0d3d65ee26aea7dce160,3,3.1 AgentEntity,199,202,v0.3-independent-rebuild,specification-or-protocol
S000390,02_WORKSPACE_SNAPSHOT/Towow_A2A_Independent_Research_v0.3/spec/06_系统架构与最小内核_v0.3.md,0dcea8ced74252f5786da0599fab53ede056b94f0b9b0d3d65ee26aea7dce160,3,3.2 RuntimeInstance,203,206,v0.3-independent-rebuild,specification-or-protocol
S000391,02_WORKSPACE_SNAPSHOT/Towow_A2A_Independent_Research_v0.3/spec/06_系统架构与最小内核_v0.3.md,0dcea8ced74252f5786da0599fab53ede056b94f0b9b0d3d65ee26aea7dce160,3,3.3 Principal,207,210,v0.3-independent-rebuild,specification-or-protocol
S000392,02_WORKSPACE_SNAPSHOT/Towow_A2A_Independent_Research_v0.3/spec/06_系统架构与最小内核_v0.3.md,0dcea8ced74252f5786da0599fab53ede056b94f0b9b0d3d65ee26aea7dce160,3,3.4 AuthorityLocus,211,214,v0.3-independent-rebuild,specification-or-protocol
S000393,02_WORKSPACE_SNAPSHOT/Towow_A2A_Independent_Research_v0.3/spec/06_系统架构与最小内核_v0.3.md,0dcea8ced74252f5786da0599fab53ede056b94f0b9b0d3d65ee26aea7dce160,3,3.5 TrustRoot,215,218,v0.3-independent-rebuild,specification-or-protocol
S000394,02_WORKSPACE_SNAPSHOT/Towow_A2A_Independent_Research_v0.3/spec/06_系统架构与最小内核_v0.3.md,0dcea8ced74252f5786da0599fab53ede056b94f0b9b0d3d65ee26aea7dce160,3,3.6 MandateVersion,219,224,v0.3-independent-rebuild,specification-or-protocol
S000395,02_WORKSPACE_SNAPSHOT/Towow_A2A_Independent_Research_v0.3/spec/06_系统架构与最小内核_v0.3.md,0dcea8ced74252f5786da0599fab53ede056b94f0b9b0d3d65ee26aea7dce160,2,4. 关系对象：从整份合同到依赖图,225,298,v0.3-independent-rebuild,specification-or-protocol
S000396,02_WORKSPACE_SNAPSHOT/Towow_A2A_Independent_Research_v0.3/spec/06_系统架构与最小内核_v0.3.md,0dcea8ced74252f5786da0599fab53ede056b94f0b9b0d3d65ee26aea7dce160,3,4.1 RelationArtifactVersion,227,241,v0.3-independent-rebuild,specification-or-protocol
S000397,02_WORKSPACE_SNAPSHOT/Towow_A2A_Independent_Research_v0.3/spec/06_系统架构与最小内核_v0.3.md,0dcea8ced74252f5786da0599fab53ede056b94f0b9b0d3d65ee26aea7dce160,3,4.2 RelationNode,242,273,v0.3-independent-rebuild,specification-or-protocol
S000398,02_WORKSPACE_SNAPSHOT/Towow_A2A_Independent_Research_v0.3/spec/06_系统架构与最小内核_v0.3.md,0dcea8ced74252f5786da0599fab53ede056b94f0b9b0d3d65ee26aea7dce160,3,4.3 为什么必须是图,274,286,v0.3-independent-rebuild,specification-or-protocol
S000399,02_WORKSPACE_SNAPSHOT/Towow_A2A_Independent_Research_v0.3/spec/06_系统架构与最小内核_v0.3.md,0dcea8ced74252f5786da0599fab53ede056b94f0b9b0d3d65ee26aea7dce160,3,4.4 依赖闭包,287,298,v0.3-independent-rebuild,specification-or-protocol
S000400,02_WORKSPACE_SNAPSHOT/Towow_A2A_Independent_Research_v0.3/spec/06_系统架构与最小内核_v0.3.md,0dcea8ced74252f5786da0599fab53ede056b94f0b9b0d3d65ee26aea7dce160,2,5. 形成控制：有限分支，而不是无限聊天,299,345,v0.3-independent-rebuild,specification-or-protocol
S000401,02_WORKSPACE_SNAPSHOT/Towow_A2A_Independent_Research_v0.3/spec/06_系统架构与最小内核_v0.3.md,0dcea8ced74252f5786da0599fab53ede056b94f0b9b0d3d65ee26aea7dce160,3,5.1 为什么需要 FormationBranch,301,304,v0.3-independent-rebuild,specification-or-protocol
S000402,02_WORKSPACE_SNAPSHOT/Towow_A2A_Independent_Research_v0.3/spec/06_系统架构与最小内核_v0.3.md,0dcea8ced74252f5786da0599fab53ede056b94f0b9b0d3d65ee26aea7dce160,3,5.2 形成分支的约束,305,330,v0.3-independent-rebuild,specification-or-protocol
S000403,02_WORKSPACE_SNAPSHOT/Towow_A2A_Independent_Research_v0.3/spec/06_系统架构与最小内核_v0.3.md,0dcea8ced74252f5786da0599fab53ede056b94f0b9b0d3d65ee26aea7dce160,3,5.3 ProbeResult,331,345,v0.3-independent-rebuild,specification-or-protocol
S000404,02_WORKSPACE_SNAPSHOT/Towow_A2A_Independent_Research_v0.3/spec/06_系统架构与最小内核_v0.3.md,0dcea8ced74252f5786da0599fab53ede056b94f0b9b0d3d65ee26aea7dce160,2,6. AuthorityGrant：有效权限是多重范围交集,346,393,v0.3-independent-rebuild,specification-or-protocol
S000405,02_WORKSPACE_SNAPSHOT/Towow_A2A_Independent_Research_v0.3/spec/06_系统架构与最小内核_v0.3.md,0dcea8ced74252f5786da0599fab53ede056b94f0b9b0d3d65ee26aea7dce160,2,7. Recognition、Commitment 与真实决定,394,426,v0.3-independent-rebuild,specification-or-protocol
S000406,02_WORKSPACE_SNAPSHOT/Towow_A2A_Independent_Research_v0.3/spec/06_系统架构与最小内核_v0.3.md,0dcea8ced74252f5786da0599fab53ede056b94f0b9b0d3d65ee26aea7dce160,3,7.1 Recognition,396,405,v0.3-independent-rebuild,specification-or-protocol
S000407,02_WORKSPACE_SNAPSHOT/Towow_A2A_Independent_Research_v0.3/spec/06_系统架构与最小内核_v0.3.md,0dcea8ced74252f5786da0599fab53ede056b94f0b9b0d3d65ee26aea7dce160,3,7.2 CommitmentConsent,406,409,v0.3-independent-rebuild,specification-or-protocol
S000408,02_WORKSPACE_SNAPSHOT/Towow_A2A_Independent_Research_v0.3/spec/06_系统架构与最小内核_v0.3.md,0dcea8ced74252f5786da0599fab53ede056b94f0b9b0d3d65ee26aea7dce160,3,7.3 RelationCommitment,410,426,v0.3-independent-rebuild,specification-or-protocol
S000409,02_WORKSPACE_SNAPSHOT/Towow_A2A_Independent_Research_v0.3/spec/06_系统架构与最小内核_v0.3.md,0dcea8ced74252f5786da0599fab53ede056b94f0b9b0d3d65ee26aea7dce160,2,8. Effect、Adoption、Acceptance 与 Settlement,427,467,v0.3-independent-rebuild,specification-or-protocol
S000410,02_WORKSPACE_SNAPSHOT/Towow_A2A_Independent_Research_v0.3/spec/06_系统架构与最小内核_v0.3.md,0dcea8ced74252f5786da0599fab53ede056b94f0b9b0d3d65ee26aea7dce160,3,8.1 ActionAttempt,429,432,v0.3-independent-rebuild,specification-or-protocol
S000411,02_WORKSPACE_SNAPSHOT/Towow_A2A_Independent_Research_v0.3/spec/06_系统架构与最小内核_v0.3.md,0dcea8ced74252f5786da0599fab53ede056b94f0b9b0d3d65ee26aea7dce160,3,8.2 EffectWitness,433,436,v0.3-independent-rebuild,specification-or-protocol
S000412,02_WORKSPACE_SNAPSHOT/Towow_A2A_Independent_Research_v0.3/spec/06_系统架构与最小内核_v0.3.md,0dcea8ced74252f5786da0599fab53ede056b94f0b9b0d3d65ee26aea7dce160,3,8.3 Adoption,437,440,v0.3-independent-rebuild,specification-or-protocol
S000413,02_WORKSPACE_SNAPSHOT/Towow_A2A_Independent_Research_v0.3/spec/06_系统架构与最小内核_v0.3.md,0dcea8ced74252f5786da0599fab53ede056b94f0b9b0d3d65ee26aea7dce160,3,8.4 Acceptance,441,444,v0.3-independent-rebuild,specification-or-protocol
S000414,02_WORKSPACE_SNAPSHOT/Towow_A2A_Independent_Research_v0.3/spec/06_系统架构与最小内核_v0.3.md,0dcea8ced74252f5786da0599fab53ede056b94f0b9b0d3d65ee26aea7dce160,3,8.5 Settlement,445,448,v0.3-independent-rebuild,specification-or-protocol
S000415,02_WORKSPACE_SNAPSHOT/Towow_A2A_Independent_Research_v0.3/spec/06_系统架构与最小内核_v0.3.md,0dcea8ced74252f5786da0599fab53ede056b94f0b9b0d3d65ee26aea7dce160,3,8.6 不可合并关系,449,467,v0.3-independent-rebuild,specification-or-protocol
S000416,02_WORKSPACE_SNAPSHOT/Towow_A2A_Independent_Research_v0.3/spec/06_系统架构与最小内核_v0.3.md,0dcea8ced74252f5786da0599fab53ede056b94f0b9b0d3d65ee26aea7dce160,2,9. DataUse 与派生治理,468,515,v0.3-independent-rebuild,specification-or-protocol
S000417,02_WORKSPACE_SNAPSHOT/Towow_A2A_Independent_Research_v0.3/spec/06_系统架构与最小内核_v0.3.md,0dcea8ced74252f5786da0599fab53ede056b94f0b9b0d3d65ee26aea7dce160,3,9.1 数据使用是状态转移,470,485,v0.3-independent-rebuild,specification-or-protocol
S000418,02_WORKSPACE_SNAPSHOT/Towow_A2A_Independent_Research_v0.3/spec/06_系统架构与最小内核_v0.3.md,0dcea8ced74252f5786da0599fab53ede056b94f0b9b0d3d65ee26aea7dce160,3,9.2 DataArtifact 与 DataUseEvent,486,509,v0.3-independent-rebuild,specification-or-protocol
S000419,02_WORKSPACE_SNAPSHOT/Towow_A2A_Independent_Research_v0.3/spec/06_系统架构与最小内核_v0.3.md,0dcea8ced74252f5786da0599fab53ede056b94f0b9b0d3d65ee26aea7dce160,3,9.3 撤销传播,510,515,v0.3-independent-rebuild,specification-or-protocol
S000420,02_WORKSPACE_SNAPSHOT/Towow_A2A_Independent_Research_v0.3/spec/06_系统架构与最小内核_v0.3.md,0dcea8ced74252f5786da0599fab53ede056b94f0b9b0d3d65ee26aea7dce160,2,10. CollapseSafe：中心化作为有证书的保真压缩,516,561,v0.3-independent-rebuild,specification-or-protocol
S000421,02_WORKSPACE_SNAPSHOT/Towow_A2A_Independent_Research_v0.3/spec/06_系统架构与最小内核_v0.3.md,0dcea8ced74252f5786da0599fab53ede056b94f0b9b0d3d65ee26aea7dce160,3,10.1 不是二元价值判断,518,529,v0.3-independent-rebuild,specification-or-protocol
S000422,02_WORKSPACE_SNAPSHOT/Towow_A2A_Independent_Research_v0.3/spec/06_系统架构与最小内核_v0.3.md,0dcea8ced74252f5786da0599fab53ede056b94f0b9b0d3d65ee26aea7dce160,3,10.2 八维反事实等价,530,551,v0.3-independent-rebuild,specification-or-protocol
S000423,02_WORKSPACE_SNAPSHOT/Towow_A2A_Independent_Research_v0.3/spec/06_系统架构与最小内核_v0.3.md,0dcea8ced74252f5786da0599fab53ede056b94f0b9b0d3d65ee26aea7dce160,3,10.3 证书的语义,552,561,v0.3-independent-rebuild,specification-or-protocol
S000424,02_WORKSPACE_SNAPSHOT/Towow_A2A_Independent_Research_v0.3/spec/06_系统架构与最小内核_v0.3.md,0dcea8ced74252f5786da0599fab53ede056b94f0b9b0d3d65ee26aea7dce160,2,11. 编译、监测与局部 Reopen,562,605,v0.3-independent-rebuild,specification-or-protocol
S000425,02_WORKSPACE_SNAPSHOT/Towow_A2A_Independent_Research_v0.3/spec/06_系统架构与最小内核_v0.3.md,0dcea8ced74252f5786da0599fab53ede056b94f0b9b0d3d65ee26aea7dce160,3,11.1 CompiledRoute,564,581,v0.3-independent-rebuild,specification-or-protocol
S000426,02_WORKSPACE_SNAPSHOT/Towow_A2A_Independent_Research_v0.3/spec/06_系统架构与最小内核_v0.3.md,0dcea8ced74252f5786da0599fab53ede056b94f0b9b0d3d65ee26aea7dce160,3,11.2 Defeater 传播,582,591,v0.3-independent-rebuild,specification-or-protocol
S000427,02_WORKSPACE_SNAPSHOT/Towow_A2A_Independent_Research_v0.3/spec/06_系统架构与最小内核_v0.3.md,0dcea8ced74252f5786da0599fab53ede056b94f0b9b0d3d65ee26aea7dce160,3,11.3 控制制度相图,592,605,v0.3-independent-rebuild,specification-or-protocol
S000428,02_WORKSPACE_SNAPSHOT/Towow_A2A_Independent_Research_v0.3/spec/06_系统架构与最小内核_v0.3.md,0dcea8ced74252f5786da0599fab53ede056b94f0b9b0d3d65ee26aea7dce160,2,12. 一等结果与时间语义,606,646,v0.3-independent-rebuild,specification-or-protocol
S000429,02_WORKSPACE_SNAPSHOT/Towow_A2A_Independent_Research_v0.3/spec/06_系统架构与最小内核_v0.3.md,0dcea8ced74252f5786da0599fab53ede056b94f0b9b0d3d65ee26aea7dce160,3,12.1 NoDeal,620,630,v0.3-independent-rebuild,specification-or-protocol
S000430,02_WORKSPACE_SNAPSHOT/Towow_A2A_Independent_Research_v0.3/spec/06_系统架构与最小内核_v0.3.md,0dcea8ced74252f5786da0599fab53ede056b94f0b9b0d3d65ee26aea7dce160,3,12.2 Unknown,631,640,v0.3-independent-rebuild,specification-or-protocol
S000431,02_WORKSPACE_SNAPSHOT/Towow_A2A_Independent_Research_v0.3/spec/06_系统架构与最小内核_v0.3.md,0dcea8ced74252f5786da0599fab53ede056b94f0b9b0d3d65ee26aea7dce160,3,12.3 Conditional,641,646,v0.3-independent-rebuild,specification-or-protocol
S000432,02_WORKSPACE_SNAPSHOT/Towow_A2A_Independent_Research_v0.3/spec/06_系统架构与最小内核_v0.3.md,0dcea8ced74252f5786da0599fab53ede056b94f0b9b0d3d65ee26aea7dce160,2,13. 可观测性与事件账本,647,687,v0.3-independent-rebuild,specification-or-protocol
S000433,02_WORKSPACE_SNAPSHOT/Towow_A2A_Independent_Research_v0.3/spec/06_系统架构与最小内核_v0.3.md,0dcea8ced74252f5786da0599fab53ede056b94f0b9b0d3d65ee26aea7dce160,2,14. 参考内核 v0.2 的可执行范围,688,739,v0.3-independent-rebuild,specification-or-protocol
S000434,02_WORKSPACE_SNAPSHOT/Towow_A2A_Independent_Research_v0.3/spec/06_系统架构与最小内核_v0.3.md,0dcea8ced74252f5786da0599fab53ede056b94f0b9b0d3d65ee26aea7dce160,3,14.1 明确未实现,723,739,v0.3-independent-rebuild,specification-or-protocol
S000435,02_WORKSPACE_SNAPSHOT/Towow_A2A_Independent_Research_v0.3/spec/06_系统架构与最小内核_v0.3.md,0dcea8ced74252f5786da0599fab53ede056b94f0b9b0d3d65ee26aea7dce160,2,15. 最小产品切片,740,764,v0.3-independent-rebuild,specification-or-protocol
S000436,02_WORKSPACE_SNAPSHOT/Towow_A2A_Independent_Research_v0.3/spec/06_系统架构与最小内核_v0.3.md,0dcea8ced74252f5786da0599fab53ede056b94f0b9b0d3d65ee26aea7dce160,2,16. 当前架构判据,765,780,v0.3-independent-rebuild,specification-or-protocol
S000437,02_WORKSPACE_SNAPSHOT/Towow_A2A_Independent_Research_v0.3/spec/06_系统架构与最小内核_v0.3.md,0dcea8ced74252f5786da0599fab53ede056b94f0b9b0d3d65ee26aea7dce160,2,17. 一句话架构定义,781,783,v0.3-independent-rebuild,specification-or-protocol
S000438,02_WORKSPACE_SNAPSHOT/Towow_A2A_Independent_Research_v0.3/theory/01_独立理论重建_v0.3.md,6d5cfd17f8d820df43d0e9a67b7a78a68aab874d5d79432752ad2ef31a53f298,1,从共同可行动性到主权实体间的真实联合行动,1,647,v0.3-independent-rebuild,theory
S000439,02_WORKSPACE_SNAPSHOT/Towow_A2A_Independent_Research_v0.3/theory/01_独立理论重建_v0.3.md,6d5cfd17f8d820df43d0e9a67b7a78a68aab874d5d79432752ad2ef31a53f298,2,通爻 A2A 独立理论重建 v0.3,2,8,v0.3-independent-rebuild,theory
S000440,02_WORKSPACE_SNAPSHOT/Towow_A2A_Independent_Research_v0.3/theory/01_独立理论重建_v0.3.md,6d5cfd17f8d820df43d0e9a67b7a78a68aab874d5d79432752ad2ef31a53f298,2,摘要,9,26,v0.3-independent-rebuild,theory
S000441,02_WORKSPACE_SNAPSHOT/Towow_A2A_Independent_Research_v0.3/theory/01_独立理论重建_v0.3.md,6d5cfd17f8d820df43d0e9a67b7a78a68aab874d5d79432752ad2ef31a53f298,2,1. 重新立题：联合行动不是被选择出来的，而可能是被构成出来的,27,63,v0.3-independent-rebuild,theory
S000442,02_WORKSPACE_SNAPSHOT/Towow_A2A_Independent_Research_v0.3/theory/01_独立理论重建_v0.3.md,6d5cfd17f8d820df43d0e9a67b7a78a68aab874d5d79432752ad2ef31a53f298,2,2. Agent 作为实体：外部行动边界稳定，内部构成开放,64,186,v0.3-independent-rebuild,theory
S000443,02_WORKSPACE_SNAPSHOT/Towow_A2A_Independent_Research_v0.3/theory/01_独立理论重建_v0.3.md,6d5cfd17f8d820df43d0e9a67b7a78a68aab874d5d79432752ad2ef31a53f298,3,2.1 为什么不能把 Agent 等同于模型、进程或人格,66,94,v0.3-independent-rebuild,theory
S000444,02_WORKSPACE_SNAPSHOT/Towow_A2A_Independent_Research_v0.3/theory/01_独立理论重建_v0.3.md,6d5cfd17f8d820df43d0e9a67b7a78a68aab874d5d79432752ad2ef31a53f298,3,2.2 Agent Entity 的最小外部契约,95,122,v0.3-independent-rebuild,theory
S000445,02_WORKSPACE_SNAPSHOT/Towow_A2A_Independent_Research_v0.3/theory/01_独立理论重建_v0.3.md,6d5cfd17f8d820df43d0e9a67b7a78a68aab874d5d79432752ad2ef31a53f298,3,2.3 三种权威与一种非权威,123,133,v0.3-independent-rebuild,theory
S000446,02_WORKSPACE_SNAPSHOT/Towow_A2A_Independent_Research_v0.3/theory/01_独立理论重建_v0.3.md,6d5cfd17f8d820df43d0e9a67b7a78a68aab874d5d79432752ad2ef31a53f298,3,2.4 完整归因元组,134,155,v0.3-independent-rebuild,theory
S000447,02_WORKSPACE_SNAPSHOT/Towow_A2A_Independent_Research_v0.3/theory/01_独立理论重建_v0.3.md,6d5cfd17f8d820df43d0e9a67b7a78a68aab874d5d79432752ad2ef31a53f298,3,2.5 人不能被完整数字化，但 Agent 仍可具有实体连续性,156,177,v0.3-independent-rebuild,theory
S000448,02_WORKSPACE_SNAPSHOT/Towow_A2A_Independent_Research_v0.3/theory/01_独立理论重建_v0.3.md,6d5cfd17f8d820df43d0e9a67b7a78a68aab874d5d79432752ad2ef31a53f298,3,2.6 身份连续性与授权连续性必须解耦,178,186,v0.3-independent-rebuild,theory
S000449,02_WORKSPACE_SNAPSHOT/Towow_A2A_Independent_Research_v0.3/theory/01_独立理论重建_v0.3.md,6d5cfd17f8d820df43d0e9a67b7a78a68aab874d5d79432752ad2ef31a53f298,2,3. 权威来源与范围：能力不能凭空生成制度效力,187,222,v0.3-independent-rebuild,theory
S000450,02_WORKSPACE_SNAPSHOT/Towow_A2A_Independent_Research_v0.3/theory/01_独立理论重建_v0.3.md,6d5cfd17f8d820df43d0e9a67b7a78a68aab874d5d79432752ad2ef31a53f298,2,4. 非标准品：交易对象在交易中生成,223,258,v0.3-independent-rebuild,theory
S000451,02_WORKSPACE_SNAPSHOT/Towow_A2A_Independent_Research_v0.3/theory/01_独立理论重建_v0.3.md,6d5cfd17f8d820df43d0e9a67b7a78a68aab874d5d79432752ad2ef31a53f298,2,5. 真实解决：成交与不成交属于同一个目标函数,259,313,v0.3-independent-rebuild,theory
S000452,02_WORKSPACE_SNAPSHOT/Towow_A2A_Independent_Research_v0.3/theory/01_独立理论重建_v0.3.md,6d5cfd17f8d820df43d0e9a67b7a78a68aab874d5d79432752ad2ef31a53f298,3,5.1 从“促成”转向“解决”,261,284,v0.3-independent-rebuild,theory
S000453,02_WORKSPACE_SNAPSHOT/Towow_A2A_Independent_Research_v0.3/theory/01_独立理论重建_v0.3.md,6d5cfd17f8d820df43d0e9a67b7a78a68aab874d5d79432752ad2ef31a53f298,3,5.2 四类核心错误,285,293,v0.3-independent-rebuild,theory
S000454,02_WORKSPACE_SNAPSHOT/Towow_A2A_Independent_Research_v0.3/theory/01_独立理论重建_v0.3.md,6d5cfd17f8d820df43d0e9a67b7a78a68aab874d5d79432752ad2ef31a53f298,3,5.3 净协调剩余,294,313,v0.3-independent-rebuild,theory
S000455,02_WORKSPACE_SNAPSHOT/Towow_A2A_Independent_Research_v0.3/theory/01_独立理论重建_v0.3.md,6d5cfd17f8d820df43d0e9a67b7a78a68aab874d5d79432752ad2ef31a53f298,2,6. 数据不是流过系统，而是在系统中繁殖,314,353,v0.3-independent-rebuild,theory
S000456,02_WORKSPACE_SNAPSHOT/Towow_A2A_Independent_Research_v0.3/theory/01_独立理论重建_v0.3.md,6d5cfd17f8d820df43d0e9a67b7a78a68aab874d5d79432752ad2ef31a53f298,2,7. 三个耦合循环，而不是一条单向流水线,354,425,v0.3-independent-rebuild,theory
S000457,02_WORKSPACE_SNAPSHOT/Towow_A2A_Independent_Research_v0.3/theory/01_独立理论重建_v0.3.md,6d5cfd17f8d820df43d0e9a67b7a78a68aab874d5d79432752ad2ef31a53f298,3,7.1 可能性构成环,358,374,v0.3-independent-rebuild,theory
S000458,02_WORKSPACE_SNAPSHOT/Towow_A2A_Independent_Research_v0.3/theory/01_独立理论重建_v0.3.md,6d5cfd17f8d820df43d0e9a67b7a78a68aab874d5d79432752ad2ef31a53f298,3,7.2 权威认领环,375,390,v0.3-independent-rebuild,theory
S000459,02_WORKSPACE_SNAPSHOT/Towow_A2A_Independent_Research_v0.3/theory/01_独立理论重建_v0.3.md,6d5cfd17f8d820df43d0e9a67b7a78a68aab874d5d79432752ad2ef31a53f298,3,7.3 现实效力环,391,407,v0.3-independent-rebuild,theory
S000460,02_WORKSPACE_SNAPSHOT/Towow_A2A_Independent_Research_v0.3/theory/01_独立理论重建_v0.3.md,6d5cfd17f8d820df43d0e9a67b7a78a68aab874d5d79432752ad2ef31a53f298,3,7.4 联邦式权威—行动图,408,425,v0.3-independent-rebuild,theory
S000461,02_WORKSPACE_SNAPSHOT/Towow_A2A_Independent_Research_v0.3/theory/01_独立理论重建_v0.3.md,6d5cfd17f8d820df43d0e9a67b7a78a68aab874d5d79432752ad2ef31a53f298,2,8. 状态不是成熟度单轴，而是多个维度的乘积,426,451,v0.3-independent-rebuild,theory
S000462,02_WORKSPACE_SNAPSHOT/Towow_A2A_Independent_Research_v0.3/theory/01_独立理论重建_v0.3.md,6d5cfd17f8d820df43d0e9a67b7a78a68aab874d5d79432752ad2ef31a53f298,2,9. `CollapseSafe`：中心化的反事实等价边界,452,489,v0.3-independent-rebuild,theory
S000463,02_WORKSPACE_SNAPSHOT/Towow_A2A_Independent_Research_v0.3/theory/01_独立理论重建_v0.3.md,6d5cfd17f8d820df43d0e9a67b7a78a68aab874d5d79432752ad2ef31a53f298,2,10. 形成—编译—重开：多时间尺度系统,490,535,v0.3-independent-rebuild,theory
S000464,02_WORKSPACE_SNAPSHOT/Towow_A2A_Independent_Research_v0.3/theory/01_独立理论重建_v0.3.md,6d5cfd17f8d820df43d0e9a67b7a78a68aab874d5d79432752ad2ef31a53f298,3,10.1 为什么形成阶段需要适应性,492,505,v0.3-independent-rebuild,theory
S000465,02_WORKSPACE_SNAPSHOT/Towow_A2A_Independent_Research_v0.3/theory/01_独立理论重建_v0.3.md,6d5cfd17f8d820df43d0e9a67b7a78a68aab874d5d79432752ad2ef31a53f298,3,10.2 为什么稳定部分应被编译,506,517,v0.3-independent-rebuild,theory
S000466,02_WORKSPACE_SNAPSHOT/Towow_A2A_Independent_Research_v0.3/theory/01_独立理论重建_v0.3.md,6d5cfd17f8d820df43d0e9a67b7a78a68aab874d5d79432752ad2ef31a53f298,3,10.3 为什么不能永久冻结,518,535,v0.3-independent-rebuild,theory
S000467,02_WORKSPACE_SNAPSHOT/Towow_A2A_Independent_Research_v0.3/theory/01_独立理论重建_v0.3.md,6d5cfd17f8d820df43d0e9a67b7a78a68aab874d5d79432752ad2ef31a53f298,2,11. 可检验命题与当前证据状态,536,589,v0.3-independent-rebuild,theory
S000468,02_WORKSPACE_SNAPSHOT/Towow_A2A_Independent_Research_v0.3/theory/01_独立理论重建_v0.3.md,6d5cfd17f8d820df43d0e9a67b7a78a68aab874d5d79432752ad2ef31a53f298,3,P1：静态投影不是开放未来任务族的完整主体表示,540,543,v0.3-independent-rebuild,theory
S000469,02_WORKSPACE_SNAPSHOT/Towow_A2A_Independent_Research_v0.3/theory/01_独立理论重建_v0.3.md,6d5cfd17f8d820df43d0e9a67b7a78a68aab874d5d79432752ad2ef31a53f298,3,P2：真实形成必须改变可达行动集合或其合法运行条件,544,547,v0.3-independent-rebuild,theory
S000470,02_WORKSPACE_SNAPSHOT/Towow_A2A_Independent_Research_v0.3/theory/01_独立理论重建_v0.3.md,6d5cfd17f8d820df43d0e9a67b7a78a68aab874d5d79432752ad2ef31a53f298,3,P3：Agent Entity 的连续身份不能替代范围化授权,548,551,v0.3-independent-rebuild,theory
S000471,02_WORKSPACE_SNAPSHOT/Towow_A2A_Independent_Research_v0.3/theory/01_独立理论重建_v0.3.md,6d5cfd17f8d820df43d0e9a67b7a78a68aab874d5d79432752ad2ef31a53f298,3,P4：真实处置优于成交率作为系统目标，但保守并不自动等于真实,552,555,v0.3-independent-rebuild,theory
S000472,02_WORKSPACE_SNAPSHOT/Towow_A2A_Independent_Research_v0.3/theory/01_独立理论重建_v0.3.md,6d5cfd17f8d820df43d0e9a67b7a78a68aab874d5d79432752ad2ef31a53f298,3,P5：数据使用会产生新的派生治理表面,556,559,v0.3-independent-rebuild,theory
S000473,02_WORKSPACE_SNAPSHOT/Towow_A2A_Independent_Research_v0.3/theory/01_独立理论重建_v0.3.md,6d5cfd17f8d820df43d0e9a67b7a78a68aab874d5d79432752ad2ef31a53f298,3,P6：现实效力需要分离的权威、执行、效果、采用和接受门,560,563,v0.3-independent-rebuild,theory
S000474,02_WORKSPACE_SNAPSHOT/Towow_A2A_Independent_Research_v0.3/theory/01_独立理论重建_v0.3.md,6d5cfd17f8d820df43d0e9a67b7a78a68aab874d5d79432752ad2ef31a53f298,3,P7：A2A 是权威拓扑，不必是点对点通信拓扑,564,567,v0.3-independent-rebuild,theory
S000475,02_WORKSPACE_SNAPSHOT/Towow_A2A_Independent_Research_v0.3/theory/01_独立理论重建_v0.3.md,6d5cfd17f8d820df43d0e9a67b7a78a68aab874d5d79432752ad2ef31a53f298,3,P8：`CollapseSafe` 是中心化的结构边界,568,571,v0.3-independent-rebuild,theory
S000476,02_WORKSPACE_SNAPSHOT/Towow_A2A_Independent_Research_v0.3/theory/01_独立理论重建_v0.3.md,6d5cfd17f8d820df43d0e9a67b7a78a68aab874d5d79432752ad2ef31a53f298,3,P9：形成空间可能是非单调的，控制器需要可逆分支,572,575,v0.3-independent-rebuild,theory
S000477,02_WORKSPACE_SNAPSHOT/Towow_A2A_Independent_Research_v0.3/theory/01_独立理论重建_v0.3.md,6d5cfd17f8d820df43d0e9a67b7a78a68aab874d5d79432752ad2ef31a53f298,3,P10：模型能力增强会放大模糊授权，而不会自动修复它,576,579,v0.3-independent-rebuild,theory
S000478,02_WORKSPACE_SNAPSHOT/Towow_A2A_Independent_Research_v0.3/theory/01_独立理论重建_v0.3.md,6d5cfd17f8d820df43d0e9a67b7a78a68aab874d5d79432752ad2ef31a53f298,3,P11：人和组织不能被完整数字化,580,583,v0.3-independent-rebuild,theory
S000479,02_WORKSPACE_SNAPSHOT/Towow_A2A_Independent_Research_v0.3/theory/01_独立理论重建_v0.3.md,6d5cfd17f8d820df43d0e9a67b7a78a68aab874d5d79432752ad2ef31a53f298,3,核心未决命题 P12,584,589,v0.3-independent-rebuild,theory
S000480,02_WORKSPACE_SNAPSHOT/Towow_A2A_Independent_Research_v0.3/theory/01_独立理论重建_v0.3.md,6d5cfd17f8d820df43d0e9a67b7a78a68aab874d5d79432752ad2ef31a53f298,2,12. 与现有方向的关系：重叠不等于失去价值,590,604,v0.3-independent-rebuild,theory
S000481,02_WORKSPACE_SNAPSHOT/Towow_A2A_Independent_Research_v0.3/theory/01_独立理论重建_v0.3.md,6d5cfd17f8d820df43d0e9a67b7a78a68aab874d5d79432752ad2ef31a53f298,2,13. 当前最佳系统陈述,605,612,v0.3-independent-rebuild,theory
S000482,02_WORKSPACE_SNAPSHOT/Towow_A2A_Independent_Research_v0.3/theory/01_独立理论重建_v0.3.md,6d5cfd17f8d820df43d0e9a67b7a78a68aab874d5d79432752ad2ef31a53f298,2,14. 本轮设计结论,613,636,v0.3-independent-rebuild,theory
S000483,02_WORKSPACE_SNAPSHOT/Towow_A2A_Independent_Research_v0.3/theory/01_独立理论重建_v0.3.md,6d5cfd17f8d820df43d0e9a67b7a78a68aab874d5d79432752ad2ef31a53f298,2,参考方向（非穷尽）,637,647,v0.3-independent-rebuild,theory
S000484,02_WORKSPACE_SNAPSHOT/Towow_A2A_Independent_Research_v0.3/theory/02_关系语法与共同可行动性_v0.3.md,b427c01b946753ba4e491c99cc126f4d7d07bd57f861d68874100e85f354d461,1,固定关系语法之外：共同可行动性的构成,1,492,v0.3-independent-rebuild,theory
S000485,02_WORKSPACE_SNAPSHOT/Towow_A2A_Independent_Research_v0.3/theory/02_关系语法与共同可行动性_v0.3.md,b427c01b946753ba4e491c99cc126f4d7d07bd57f861d68874100e85f354d461,2,通爻 A2A 理论重建 v0.3 的核心收敛,2,6,v0.3-independent-rebuild,theory
S000486,02_WORKSPACE_SNAPSHOT/Towow_A2A_Independent_Research_v0.3/theory/02_关系语法与共同可行动性_v0.3.md,b427c01b946753ba4e491c99cc126f4d7d07bd57f861d68874100e85f354d461,2,摘要,7,22,v0.3-independent-rebuild,theory
S000487,02_WORKSPACE_SNAPSHOT/Towow_A2A_Independent_Research_v0.3/theory/02_关系语法与共同可行动性_v0.3.md,b427c01b946753ba4e491c99cc126f4d7d07bd57f861d68874100e85f354d461,2,1. 两种协调世界,23,78,v0.3-independent-rebuild,theory
S000488,02_WORKSPACE_SNAPSHOT/Towow_A2A_Independent_Research_v0.3/theory/02_关系语法与共同可行动性_v0.3.md,b427c01b946753ba4e491c99cc126f4d7d07bd57f861d68874100e85f354d461,3,1.1 固定关系语法,25,40,v0.3-independent-rebuild,theory
S000489,02_WORKSPACE_SNAPSHOT/Towow_A2A_Independent_Research_v0.3/theory/02_关系语法与共同可行动性_v0.3.md,b427c01b946753ba4e491c99cc126f4d7d07bd57f861d68874100e85f354d461,3,1.2 内生关系语法,41,59,v0.3-independent-rebuild,theory
S000490,02_WORKSPACE_SNAPSHOT/Towow_A2A_Independent_Research_v0.3/theory/02_关系语法与共同可行动性_v0.3.md,b427c01b946753ba4e491c99cc126f4d7d07bd57f861d68874100e85f354d461,3,1.3 真正的分界,60,78,v0.3-independent-rebuild,theory
S000491,02_WORKSPACE_SNAPSHOT/Towow_A2A_Independent_Research_v0.3/theory/02_关系语法与共同可行动性_v0.3.md,b427c01b946753ba4e491c99cc126f4d7d07bd57f861d68874100e85f354d461,2,2. Agent Entity：稳定的外部包络，开放的内部组成,79,178,v0.3-independent-rebuild,theory
S000492,02_WORKSPACE_SNAPSHOT/Towow_A2A_Independent_Research_v0.3/theory/02_关系语法与共同可行动性_v0.3.md,b427c01b946753ba4e491c99cc126f4d7d07bd57f861d68874100e85f354d461,3,2.1 定义,81,105,v0.3-independent-rebuild,theory
S000493,02_WORKSPACE_SNAPSHOT/Towow_A2A_Independent_Research_v0.3/theory/02_关系语法与共同可行动性_v0.3.md,b427c01b946753ba4e491c99cc126f4d7d07bd57f861d68874100e85f354d461,3,2.2 实体、主体、信任根和运行实例不能合并,106,121,v0.3-independent-rebuild,theory
S000494,02_WORKSPACE_SNAPSHOT/Towow_A2A_Independent_Research_v0.3/theory/02_关系语法与共同可行动性_v0.3.md,b427c01b946753ba4e491c99cc126f4d7d07bd57f861d68874100e85f354d461,3,2.3 “一个根”不等于“一个意志”,122,148,v0.3-independent-rebuild,theory
S000495,02_WORKSPACE_SNAPSHOT/Towow_A2A_Independent_Research_v0.3/theory/02_关系语法与共同可行动性_v0.3.md,b427c01b946753ba4e491c99cc126f4d7d07bd57f861d68874100e85f354d461,3,2.4 协议行动主体性与人格不是同一个判断,149,154,v0.3-independent-rebuild,theory
S000496,02_WORKSPACE_SNAPSHOT/Towow_A2A_Independent_Research_v0.3/theory/02_关系语法与共同可行动性_v0.3.md,b427c01b946753ba4e491c99cc126f4d7d07bd57f861d68874100e85f354d461,3,2.5 能力、授权与选择目标是三个正交轴,155,178,v0.3-independent-rebuild,theory
S000497,02_WORKSPACE_SNAPSHOT/Towow_A2A_Independent_Research_v0.3/theory/02_关系语法与共同可行动性_v0.3.md,b427c01b946753ba4e491c99cc126f4d7d07bd57f861d68874100e85f354d461,2,3. 共同可行动性不是共同世界模型,179,225,v0.3-independent-rebuild,theory
S000498,02_WORKSPACE_SNAPSHOT/Towow_A2A_Independent_Research_v0.3/theory/02_关系语法与共同可行动性_v0.3.md,b427c01b946753ba4e491c99cc126f4d7d07bd57f861d68874100e85f354d461,3,3.1 最小共同对象,181,209,v0.3-independent-rebuild,theory
S000499,02_WORKSPACE_SNAPSHOT/Towow_A2A_Independent_Research_v0.3/theory/02_关系语法与共同可行动性_v0.3.md,b427c01b946753ba4e491c99cc126f4d7d07bd57f861d68874100e85f354d461,3,3.2 共同现实的更准确含义,210,225,v0.3-independent-rebuild,theory
S000500,02_WORKSPACE_SNAPSHOT/Towow_A2A_Independent_Research_v0.3/theory/02_关系语法与共同可行动性_v0.3.md,b427c01b946753ba4e491c99cc126f4d7d07bd57f861d68874100e85f354d461,2,4. 三个耦合循环,226,281,v0.3-independent-rebuild,theory
S000501,02_WORKSPACE_SNAPSHOT/Towow_A2A_Independent_Research_v0.3/theory/02_关系语法与共同可行动性_v0.3.md,b427c01b946753ba4e491c99cc126f4d7d07bd57f861d68874100e85f354d461,3,4.1 可能性构成环,228,240,v0.3-independent-rebuild,theory
S000502,02_WORKSPACE_SNAPSHOT/Towow_A2A_Independent_Research_v0.3/theory/02_关系语法与共同可行动性_v0.3.md,b427c01b946753ba4e491c99cc126f4d7d07bd57f861d68874100e85f354d461,3,4.2 权威认领环,241,252,v0.3-independent-rebuild,theory
S000503,02_WORKSPACE_SNAPSHOT/Towow_A2A_Independent_Research_v0.3/theory/02_关系语法与共同可行动性_v0.3.md,b427c01b946753ba4e491c99cc126f4d7d07bd57f861d68874100e85f354d461,3,4.3 现实效力环,253,267,v0.3-independent-rebuild,theory
S000504,02_WORKSPACE_SNAPSHOT/Towow_A2A_Independent_Research_v0.3/theory/02_关系语法与共同可行动性_v0.3.md,b427c01b946753ba4e491c99cc126f4d7d07bd57f861d68874100e85f354d461,3,4.4 循环不是流水线,268,281,v0.3-independent-rebuild,theory
S000505,02_WORKSPACE_SNAPSHOT/Towow_A2A_Independent_Research_v0.3/theory/02_关系语法与共同可行动性_v0.3.md,b427c01b946753ba4e491c99cc126f4d7d07bd57f861d68874100e85f354d461,2,5. “真实”应如何被操作化,282,324,v0.3-independent-rebuild,theory
S000506,02_WORKSPACE_SNAPSHOT/Towow_A2A_Independent_Research_v0.3/theory/02_关系语法与共同可行动性_v0.3.md,b427c01b946753ba4e491c99cc126f4d7d07bd57f861d68874100e85f354d461,3,5.1 不追求形而上的单一真相,284,293,v0.3-independent-rebuild,theory
S000507,02_WORKSPACE_SNAPSHOT/Towow_A2A_Independent_Research_v0.3/theory/02_关系语法与共同可行动性_v0.3.md,b427c01b946753ba4e491c99cc126f4d7d07bd57f861d68874100e85f354d461,3,5.2 四类核心错误,294,302,v0.3-independent-rebuild,theory
S000508,02_WORKSPACE_SNAPSHOT/Towow_A2A_Independent_Research_v0.3/theory/02_关系语法与共同可行动性_v0.3.md,b427c01b946753ba4e491c99cc126f4d7d07bd57f861d68874100e85f354d461,3,5.3 净协调剩余,303,324,v0.3-independent-rebuild,theory
S000509,02_WORKSPACE_SNAPSHOT/Towow_A2A_Independent_Research_v0.3/theory/02_关系语法与共同可行动性_v0.3.md,b427c01b946753ba4e491c99cc126f4d7d07bd57f861d68874100e85f354d461,2,6. 数据流动是一种世界状态转换,325,355,v0.3-independent-rebuild,theory
S000510,02_WORKSPACE_SNAPSHOT/Towow_A2A_Independent_Research_v0.3/theory/02_关系语法与共同可行动性_v0.3.md,b427c01b946753ba4e491c99cc126f4d7d07bd57f861d68874100e85f354d461,2,7. 形成、编译和重开,356,405,v0.3-independent-rebuild,theory
S000511,02_WORKSPACE_SNAPSHOT/Towow_A2A_Independent_Research_v0.3/theory/02_关系语法与共同可行动性_v0.3.md,b427c01b946753ba4e491c99cc126f4d7d07bd57f861d68874100e85f354d461,3,7.1 编译的对象是稳定关系子图,358,370,v0.3-independent-rebuild,theory
S000512,02_WORKSPACE_SNAPSHOT/Towow_A2A_Independent_Research_v0.3/theory/02_关系语法与共同可行动性_v0.3.md,b427c01b946753ba4e491c99cc126f4d7d07bd57f861d68874100e85f354d461,3,7.2 编译器不得创造新现实,371,381,v0.3-independent-rebuild,theory
S000513,02_WORKSPACE_SNAPSHOT/Towow_A2A_Independent_Research_v0.3/theory/02_关系语法与共同可行动性_v0.3.md,b427c01b946753ba4e491c99cc126f4d7d07bd57f861d68874100e85f354d461,3,7.3 重开是正常控制机制,382,395,v0.3-independent-rebuild,theory
S000514,02_WORKSPACE_SNAPSHOT/Towow_A2A_Independent_Research_v0.3/theory/02_关系语法与共同可行动性_v0.3.md,b427c01b946753ba4e491c99cc126f4d7d07bd57f861d68874100e85f354d461,3,7.4 运行制度是有效包络问题,396,405,v0.3-independent-rebuild,theory
S000515,02_WORKSPACE_SNAPSHOT/Towow_A2A_Independent_Research_v0.3/theory/02_关系语法与共同可行动性_v0.3.md,b427c01b946753ba4e491c99cc126f4d7d07bd57f861d68874100e85f354d461,2,8. CollapseSafe：中心化的反事实判据,406,439,v0.3-independent-rebuild,theory
S000516,02_WORKSPACE_SNAPSHOT/Towow_A2A_Independent_Research_v0.3/theory/02_关系语法与共同可行动性_v0.3.md,b427c01b946753ba4e491c99cc126f4d7d07bd57f861d68874100e85f354d461,2,9. 最小系统对象,440,463,v0.3-independent-rebuild,theory
S000517,02_WORKSPACE_SNAPSHOT/Towow_A2A_Independent_Research_v0.3/theory/02_关系语法与共同可行动性_v0.3.md,b427c01b946753ba4e491c99cc126f4d7d07bd57f861d68874100e85f354d461,2,10. 当前最重要的设计结论,464,477,v0.3-independent-rebuild,theory
S000518,02_WORKSPACE_SNAPSHOT/Towow_A2A_Independent_Research_v0.3/theory/02_关系语法与共同可行动性_v0.3.md,b427c01b946753ba4e491c99cc126f4d7d07bd57f861d68874100e85f354d461,2,11. 下一阶段的决定性问题,478,492,v0.3-independent-rebuild,theory
S000519,02_WORKSPACE_SNAPSHOT/Towow_A2A_Independent_Research_v0.3/theory/03_形式命题与反例_v0.2.md,6e9681ef9a6d556a368349a10020bb7350903a215f25021f8a1421ebb280808f,1,通爻候选理论的形式命题与最小反例 v0.2,1,204,v0.3-independent-rebuild,theory
S000520,02_WORKSPACE_SNAPSHOT/Towow_A2A_Independent_Research_v0.3/theory/03_形式命题与反例_v0.2.md,6e9681ef9a6d556a368349a10020bb7350903a215f25021f8a1421ebb280808f,2,P1｜静态搜索对内生行动空间不完备,5,21,v0.3-independent-rebuild,theory
S000521,02_WORKSPACE_SNAPSHOT/Towow_A2A_Independent_Research_v0.3/theory/03_形式命题与反例_v0.2.md,6e9681ef9a6d556a368349a10020bb7350903a215f25021f8a1421ebb280808f,2,P2｜单根认证不足以证明多权威行动有效,22,38,v0.3-independent-rebuild,theory
S000522,02_WORKSPACE_SNAPSHOT/Towow_A2A_Independent_Research_v0.3/theory/03_形式命题与反例_v0.2.md,6e9681ef9a6d556a368349a10020bb7350903a215f25021f8a1421ebb280808f,2,P3｜源访问控制对路径依赖用途不具组合性,39,64,v0.3-independent-rebuild,theory
S000523,02_WORKSPACE_SNAPSHOT/Towow_A2A_Independent_Research_v0.3/theory/03_形式命题与反例_v0.2.md,6e9681ef9a6d556a368349a10020bb7350903a215f25021f8a1421ebb280808f,2,P4｜生产者完成不蕴含目标世界效果,65,82,v0.3-independent-rebuild,theory
S000524,02_WORKSPACE_SNAPSHOT/Towow_A2A_Independent_Research_v0.3/theory/03_形式命题与反例_v0.2.md,6e9681ef9a6d556a368349a10020bb7350903a215f25021f8a1421ebb280808f,2,P5｜消息拓扑既非多主体性的必要条件，也非充分条件,83,90,v0.3-independent-rebuild,theory
S000525,02_WORKSPACE_SNAPSHOT/Towow_A2A_Independent_Research_v0.3/theory/03_形式命题与反例_v0.2.md,6e9681ef9a6d556a368349a10020bb7350903a215f25021f8a1421ebb280808f,2,P6｜中心折叠安全需要任务相关反事实等价,91,111,v0.3-independent-rebuild,theory
S000526,02_WORKSPACE_SNAPSHOT/Towow_A2A_Independent_Research_v0.3/theory/03_形式命题与反例_v0.2.md,6e9681ef9a6d556a368349a10020bb7350903a215f25021f8a1421ebb280808f,2,P7｜真实性惩罚不能替代信息形成,112,119,v0.3-independent-rebuild,theory
S000527,02_WORKSPACE_SNAPSHOT/Towow_A2A_Independent_Research_v0.3/theory/03_形式命题与反例_v0.2.md,6e9681ef9a6d556a368349a10020bb7350903a215f25021f8a1421ebb280808f,2,P8｜局部编译的优势依赖稳定性与监测,120,134,v0.3-independent-rebuild,theory
S000528,02_WORKSPACE_SNAPSHOT/Towow_A2A_Independent_Research_v0.3/theory/03_形式命题与反例_v0.2.md,6e9681ef9a6d556a368349a10020bb7350903a215f25021f8a1421ebb280808f,2,P9｜关系语法内生时，平台优化可能在错误对象上非常高效,135,150,v0.3-independent-rebuild,theory
S000529,02_WORKSPACE_SNAPSHOT/Towow_A2A_Independent_Research_v0.3/theory/03_形式命题与反例_v0.2.md,6e9681ef9a6d556a368349a10020bb7350903a215f25021f8a1421ebb280808f,2,P10｜Agent Entity 的内部不透明与外部问责可以同时成立,151,161,v0.3-independent-rebuild,theory
S000530,02_WORKSPACE_SNAPSHOT/Towow_A2A_Independent_Research_v0.3/theory/03_形式命题与反例_v0.2.md,6e9681ef9a6d556a368349a10020bb7350903a215f25021f8a1421ebb280808f,2,当前形式工作没有覆盖的内容,162,175,v0.3-independent-rebuild,theory
S000531,02_WORKSPACE_SNAPSHOT/Towow_A2A_Independent_Research_v0.3/theory/03_形式命题与反例_v0.2.md,6e9681ef9a6d556a368349a10020bb7350903a215f25021f8a1421ebb280808f,2,P11｜能力提升不蕴含授权安全，也不蕴含目标忠实,176,204,v0.3-independent-rebuild,theory
S000532,02_WORKSPACE_SNAPSHOT/Towow_A2A_Independent_Research_v0.4/00_EXECUTIVE_SYNTHESIS.md,84b85e08dbee2688719e163689845a302db6c667709cdc624d842ed84f881425,1,通爻 A2A：当前整体研究判断 v0.4,1,158,v0.4-operationalization,orientation
S000533,02_WORKSPACE_SNAPSHOT/Towow_A2A_Independent_Research_v0.4/00_EXECUTIVE_SYNTHESIS.md,84b85e08dbee2688719e163689845a302db6c667709cdc624d842ed84f881425,2,一句话定义,3,10,v0.4-operationalization,orientation
S000534,02_WORKSPACE_SNAPSHOT/Towow_A2A_Independent_Research_v0.4/00_EXECUTIVE_SYNTHESIS.md,84b85e08dbee2688719e163689845a302db6c667709cdc624d842ed84f881425,2,1. 研究对象的最终收敛,11,18,v0.4-operationalization,orientation
S000535,02_WORKSPACE_SNAPSHOT/Towow_A2A_Independent_Research_v0.4/00_EXECUTIVE_SYNTHESIS.md,84b85e08dbee2688719e163689845a302db6c667709cdc624d842ed84f881425,2,2. Agent 作为实体意味着什么,19,35,v0.4-operationalization,orientation
S000536,02_WORKSPACE_SNAPSHOT/Towow_A2A_Independent_Research_v0.4/00_EXECUTIVE_SYNTHESIS.md,84b85e08dbee2688719e163689845a302db6c667709cdc624d842ed84f881425,2,3. 平台与通爻真正的分界,36,51,v0.4-operationalization,orientation
S000537,02_WORKSPACE_SNAPSHOT/Towow_A2A_Independent_Research_v0.4/00_EXECUTIVE_SYNTHESIS.md,84b85e08dbee2688719e163689845a302db6c667709cdc624d842ed84f881425,2,4. “关系语法”被操作化后的含义,52,74,v0.4-operationalization,orientation
S000538,02_WORKSPACE_SNAPSHOT/Towow_A2A_Independent_Research_v0.4/00_EXECUTIVE_SYNTHESIS.md,84b85e08dbee2688719e163689845a302db6c667709cdc624d842ed84f881425,2,5. 当前统一动态,75,84,v0.4-operationalization,orientation
S000539,02_WORKSPACE_SNAPSHOT/Towow_A2A_Independent_Research_v0.4/00_EXECUTIVE_SYNTHESIS.md,84b85e08dbee2688719e163689845a302db6c667709cdc624d842ed84f881425,2,6. 最小事实内核,85,99,v0.4-operationalization,orientation
S000540,02_WORKSPACE_SNAPSHOT/Towow_A2A_Independent_Research_v0.4/00_EXECUTIVE_SYNTHESIS.md,84b85e08dbee2688719e163689845a302db6c667709cdc624d842ed84f881425,2,7. 历史实验的统一判断,100,129,v0.4-operationalization,orientation
S000541,02_WORKSPACE_SNAPSHOT/Towow_A2A_Independent_Research_v0.4/00_EXECUTIVE_SYNTHESIS.md,84b85e08dbee2688719e163689845a302db6c667709cdc624d842ed84f881425,3,真正改变理论或系统的结果,102,112,v0.4-operationalization,orientation
S000542,02_WORKSPACE_SNAPSHOT/Towow_A2A_Independent_Research_v0.4/00_EXECUTIVE_SYNTHESIS.md,84b85e08dbee2688719e163689845a302db6c667709cdc624d842ed84f881425,3,重要但不应被写成核心理论突破的结果,113,121,v0.4-operationalization,orientation
S000543,02_WORKSPACE_SNAPSHOT/Towow_A2A_Independent_Research_v0.4/00_EXECUTIVE_SYNTHESIS.md,84b85e08dbee2688719e163689845a302db6c667709cdc624d842ed84f881425,3,必须降级的结果,122,129,v0.4-operationalization,orientation
S000544,02_WORKSPACE_SNAPSHOT/Towow_A2A_Independent_Research_v0.4/00_EXECUTIVE_SYNTHESIS.md,84b85e08dbee2688719e163689845a302db6c667709cdc624d842ed84f881425,2,8. v0.4 新实验的真正用途,130,137,v0.4-operationalization,orientation
S000545,02_WORKSPACE_SNAPSHOT/Towow_A2A_Independent_Research_v0.4/00_EXECUTIVE_SYNTHESIS.md,84b85e08dbee2688719e163689845a302db6c667709cdc624d842ed84f881425,2,9. 下一项决定性实验是什么,138,147,v0.4-operationalization,orientation
S000546,02_WORKSPACE_SNAPSHOT/Towow_A2A_Independent_Research_v0.4/00_EXECUTIVE_SYNTHESIS.md,84b85e08dbee2688719e163689845a302db6c667709cdc624d842ed84f881425,2,10. 当前最深的开放问题,148,158,v0.4-operationalization,orientation
S000547,02_WORKSPACE_SNAPSHOT/Towow_A2A_Independent_Research_v0.4/02_RESEARCH_CHARTER.md,61d0003c8a8f9000ab7b0baea713248ebcb194aad88d9d5316fab38de4689602,1,通爻 A2A 研究宪章 v0.4,1,100,v0.4-operationalization,text-source
S000548,02_WORKSPACE_SNAPSHOT/Towow_A2A_Independent_Research_v0.4/02_RESEARCH_CHARTER.md,61d0003c8a8f9000ab7b0baea713248ebcb194aad88d9d5316fab38de4689602,2,1. 研究服务于真实问题,5,12,v0.4-operationalization,text-source
S000549,02_WORKSPACE_SNAPSHOT/Towow_A2A_Independent_Research_v0.4/02_RESEARCH_CHARTER.md,61d0003c8a8f9000ab7b0baea713248ebcb194aad88d9d5316fab38de4689602,2,2. Agent 被当作实体，而不是模型别名,13,18,v0.4-operationalization,text-source
S000550,02_WORKSPACE_SNAPSHOT/Towow_A2A_Independent_Research_v0.4/02_RESEARCH_CHARTER.md,61d0003c8a8f9000ab7b0baea713248ebcb194aad88d9d5316fab38de4689602,2,3. 为更强模型设计，而不是利用当前模型的弱点,19,22,v0.4-operationalization,text-source
S000551,02_WORKSPACE_SNAPSHOT/Towow_A2A_Independent_Research_v0.4/02_RESEARCH_CHARTER.md,61d0003c8a8f9000ab7b0baea713248ebcb194aad88d9d5316fab38de4689602,2,4. 中心化是组件，不是敌人,23,28,v0.4-operationalization,text-source
S000552,02_WORKSPACE_SNAPSHOT/Towow_A2A_Independent_Research_v0.4/02_RESEARCH_CHARTER.md,61d0003c8a8f9000ab7b0baea713248ebcb194aad88d9d5316fab38de4689602,2,5. 标准品与非标准品分开,29,34,v0.4-operationalization,text-source
S000553,02_WORKSPACE_SNAPSHOT/Towow_A2A_Independent_Research_v0.4/02_RESEARCH_CHARTER.md,61d0003c8a8f9000ab7b0baea713248ebcb194aad88d9d5316fab38de4689602,2,6. 真实优先于成交率,35,40,v0.4-operationalization,text-source
S000554,02_WORKSPACE_SNAPSHOT/Towow_A2A_Independent_Research_v0.4/02_RESEARCH_CHARTER.md,61d0003c8a8f9000ab7b0baea713248ebcb194aad88d9d5316fab38de4689602,2,7. 数据使用本身会产生新事实,41,46,v0.4-operationalization,text-source
S000555,02_WORKSPACE_SNAPSHOT/Towow_A2A_Independent_Research_v0.4/02_RESEARCH_CHARTER.md,61d0003c8a8f9000ab7b0baea713248ebcb194aad88d9d5316fab38de4689602,2,8. 概念必须通过准入测试,47,58,v0.4-operationalization,text-source
S000556,02_WORKSPACE_SNAPSHOT/Towow_A2A_Independent_Research_v0.4/02_RESEARCH_CHARTER.md,61d0003c8a8f9000ab7b0baea713248ebcb194aad88d9d5316fab38de4689602,2,9. 实验由研究缺口决定,59,71,v0.4-operationalization,text-source
S000557,02_WORKSPACE_SNAPSHOT/Towow_A2A_Independent_Research_v0.4/02_RESEARCH_CHARTER.md,61d0003c8a8f9000ab7b0baea713248ebcb194aad88d9d5316fab38de4689602,2,10. 合成实验必须证明其用途和可靠性,72,85,v0.4-operationalization,text-source
S000558,02_WORKSPACE_SNAPSHOT/Towow_A2A_Independent_Research_v0.4/02_RESEARCH_CHARTER.md,61d0003c8a8f9000ab7b0baea713248ebcb194aad88d9d5316fab38de4689602,2,11. 主张、证据和 Design Delta 必须一起出现,86,89,v0.4-operationalization,text-source
S000559,02_WORKSPACE_SNAPSHOT/Towow_A2A_Independent_Research_v0.4/02_RESEARCH_CHARTER.md,61d0003c8a8f9000ab7b0baea713248ebcb194aad88d9d5316fab38de4689602,2,12. 研究允许失败和路线终止,90,95,v0.4-operationalization,text-source
S000560,02_WORKSPACE_SNAPSHOT/Towow_A2A_Independent_Research_v0.4/02_RESEARCH_CHARTER.md,61d0003c8a8f9000ab7b0baea713248ebcb194aad88d9d5316fab38de4689602,2,13. 内部工作不因等待现实资源而停止,96,100,v0.4-operationalization,text-source
S000561,02_WORKSPACE_SNAPSHOT/Towow_A2A_Independent_Research_v0.4/evidence/01_全量实验统一重审_v0.4.md,4accaf98341c484a3b2128da241f214d704a2dbd29a76da9a3406726e303fbd2,1,全量实验统一重审 v0.4,1,386,v0.4-operationalization,evidence-or-decision-ledger
S000562,02_WORKSPACE_SNAPSHOT/Towow_A2A_Independent_Research_v0.4/evidence/01_全量实验统一重审_v0.4.md,4accaf98341c484a3b2128da241f214d704a2dbd29a76da9a3406726e303fbd2,2,0. 结论先行,3,24,v0.4-operationalization,evidence-or-decision-ledger
S000563,02_WORKSPACE_SNAPSHOT/Towow_A2A_Independent_Research_v0.4/evidence/01_全量实验统一重审_v0.4.md,4accaf98341c484a3b2128da241f214d704a2dbd29a76da9a3406726e303fbd2,2,1. 统一评价标准,25,70,v0.4-operationalization,evidence-or-decision-ledger
S000564,02_WORKSPACE_SNAPSHOT/Towow_A2A_Independent_Research_v0.4/evidence/01_全量实验统一重审_v0.4.md,4accaf98341c484a3b2128da241f214d704a2dbd29a76da9a3406726e303fbd2,3,1.1 研究对象,29,32,v0.4-operationalization,evidence-or-decision-ledger
S000565,02_WORKSPACE_SNAPSHOT/Towow_A2A_Independent_Research_v0.4/evidence/01_全量实验统一重审_v0.4.md,4accaf98341c484a3b2128da241f214d704a2dbd29a76da9a3406726e303fbd2,3,1.2 Principal 真实性,33,36,v0.4-operationalization,evidence-or-decision-ledger
S000566,02_WORKSPACE_SNAPSHOT/Towow_A2A_Independent_Research_v0.4/evidence/01_全量实验统一重审_v0.4.md,4accaf98341c484a3b2128da241f214d704a2dbd29a76da9a3406726e303fbd2,3,1.3 现实效力,37,40,v0.4-operationalization,evidence-or-decision-ledger
S000567,02_WORKSPACE_SNAPSHOT/Towow_A2A_Independent_Research_v0.4/evidence/01_全量实验统一重审_v0.4.md,4accaf98341c484a3b2128da241f214d704a2dbd29a76da9a3406726e303fbd2,3,1.4 公平基线,41,44,v0.4-operationalization,evidence-or-decision-ledger
S000568,02_WORKSPACE_SNAPSHOT/Towow_A2A_Independent_Research_v0.4/evidence/01_全量实验统一重审_v0.4.md,4accaf98341c484a3b2128da241f214d704a2dbd29a76da9a3406726e303fbd2,3,1.5 因果识别,45,48,v0.4-operationalization,evidence-or-decision-ledger
S000569,02_WORKSPACE_SNAPSHOT/Towow_A2A_Independent_Research_v0.4/evidence/01_全量实验统一重审_v0.4.md,4accaf98341c484a3b2128da241f214d704a2dbd29a76da9a3406726e303fbd2,3,1.6 信息增量,49,52,v0.4-operationalization,evidence-or-decision-ledger
S000570,02_WORKSPACE_SNAPSHOT/Towow_A2A_Independent_Research_v0.4/evidence/01_全量实验统一重审_v0.4.md,4accaf98341c484a3b2128da241f214d704a2dbd29a76da9a3406726e303fbd2,3,1.7 设计增量,53,56,v0.4-operationalization,evidence-or-decision-ledger
S000571,02_WORKSPACE_SNAPSHOT/Towow_A2A_Independent_Research_v0.4/evidence/01_全量实验统一重审_v0.4.md,4accaf98341c484a3b2128da241f214d704a2dbd29a76da9a3406726e303fbd2,3,1.8 可复现性,57,60,v0.4-operationalization,evidence-or-decision-ledger
S000572,02_WORKSPACE_SNAPSHOT/Towow_A2A_Independent_Research_v0.4/evidence/01_全量实验统一重审_v0.4.md,4accaf98341c484a3b2128da241f214d704a2dbd29a76da9a3406726e303fbd2,3,1.9 可外推范围,61,64,v0.4-operationalization,evidence-or-decision-ledger
S000573,02_WORKSPACE_SNAPSHOT/Towow_A2A_Independent_Research_v0.4/evidence/01_全量实验统一重审_v0.4.md,4accaf98341c484a3b2128da241f214d704a2dbd29a76da9a3406726e303fbd2,3,1.10 竞争解释,65,70,v0.4-operationalization,evidence-or-decision-ledger
S000574,02_WORKSPACE_SNAPSHOT/Towow_A2A_Independent_Research_v0.4/evidence/01_全量实验统一重审_v0.4.md,4accaf98341c484a3b2128da241f214d704a2dbd29a76da9a3406726e303fbd2,2,2. 证据等级,71,87,v0.4-operationalization,evidence-or-decision-ledger
S000575,02_WORKSPACE_SNAPSHOT/Towow_A2A_Independent_Research_v0.4/evidence/01_全量实验统一重审_v0.4.md,4accaf98341c484a3b2128da241f214d704a2dbd29a76da9a3406726e303fbd2,2,3. 早期协议与用户给出的八组合成实验,88,110,v0.4-operationalization,evidence-or-decision-ledger
S000576,02_WORKSPACE_SNAPSHOT/Towow_A2A_Independent_Research_v0.4/evidence/01_全量实验统一重审_v0.4.md,4accaf98341c484a3b2128da241f214d704a2dbd29a76da9a3406726e303fbd2,3,3.1 有价值的部分,90,93,v0.4-operationalization,evidence-or-decision-ledger
S000577,02_WORKSPACE_SNAPSHOT/Towow_A2A_Independent_Research_v0.4/evidence/01_全量实验统一重审_v0.4.md,4accaf98341c484a3b2128da241f214d704a2dbd29a76da9a3406726e303fbd2,3,3.2 当前证据状态,94,104,v0.4-operationalization,evidence-or-decision-ledger
S000578,02_WORKSPACE_SNAPSHOT/Towow_A2A_Independent_Research_v0.4/evidence/01_全量实验统一重审_v0.4.md,4accaf98341c484a3b2128da241f214d704a2dbd29a76da9a3406726e303fbd2,3,3.3 Design Delta,105,110,v0.4-operationalization,evidence-or-decision-ledger
S000579,02_WORKSPACE_SNAPSHOT/Towow_A2A_Independent_Research_v0.4/evidence/01_全量实验统一重审_v0.4.md,4accaf98341c484a3b2128da241f214d704a2dbd29a76da9a3406726e303fbd2,2,4. 第二轮：从搜索到行动空间构成,111,150,v0.4-operationalization,evidence-or-decision-ledger
S000580,02_WORKSPACE_SNAPSHOT/Towow_A2A_Independent_Research_v0.4/evidence/01_全量实验统一重审_v0.4.md,4accaf98341c484a3b2128da241f214d704a2dbd29a76da9a3406726e303fbd2,3,4.1 Boundary Oracle,113,126,v0.4-operationalization,evidence-or-decision-ledger
S000581,02_WORKSPACE_SNAPSHOT/Towow_A2A_Independent_Research_v0.4/evidence/01_全量实验统一重审_v0.4.md,4accaf98341c484a3b2128da241f214d704a2dbd29a76da9a3406726e303fbd2,3,4.2 Team Constitution,127,132,v0.4-operationalization,evidence-or-decision-ledger
S000582,02_WORKSPACE_SNAPSHOT/Towow_A2A_Independent_Research_v0.4/evidence/01_全量实验统一重审_v0.4.md,4accaf98341c484a3b2128da241f214d704a2dbd29a76da9a3406726e303fbd2,3,4.3 Probabilistic Oracle,133,138,v0.4-operationalization,evidence-or-decision-ledger
S000583,02_WORKSPACE_SNAPSHOT/Towow_A2A_Independent_Research_v0.4/evidence/01_全量实验统一重审_v0.4.md,4accaf98341c484a3b2128da241f214d704a2dbd29a76da9a3406726e303fbd2,3,4.4 Trust Concurrency,139,144,v0.4-operationalization,evidence-or-decision-ledger
S000584,02_WORKSPACE_SNAPSHOT/Towow_A2A_Independent_Research_v0.4/evidence/01_全量实验统一重审_v0.4.md,4accaf98341c484a3b2128da241f214d704a2dbd29a76da9a3406726e303fbd2,3,4.5 总体评价,145,150,v0.4-operationalization,evidence-or-decision-ledger
S000585,02_WORKSPACE_SNAPSHOT/Towow_A2A_Independent_Research_v0.4/evidence/01_全量实验统一重审_v0.4.md,4accaf98341c484a3b2128da241f214d704a2dbd29a76da9a3406726e303fbd2,2,5. 第五阶段首次本地现实实验,151,185,v0.4-operationalization,evidence-or-decision-ledger
S000586,02_WORKSPACE_SNAPSHOT/Towow_A2A_Independent_Research_v0.4/evidence/01_全量实验统一重审_v0.4.md,4accaf98341c484a3b2128da241f214d704a2dbd29a76da9a3406726e303fbd2,3,5.1 只有真实运行才能暴露的结果,153,162,v0.4-operationalization,evidence-or-decision-ledger
S000587,02_WORKSPACE_SNAPSHOT/Towow_A2A_Independent_Research_v0.4/evidence/01_全量实验统一重审_v0.4.md,4accaf98341c484a3b2128da241f214d704a2dbd29a76da9a3406726e303fbd2,3,5.2 可通过审计得到、但运行仍有价值的部分,163,171,v0.4-operationalization,evidence-or-decision-ledger
S000588,02_WORKSPACE_SNAPSHOT/Towow_A2A_Independent_Research_v0.4/evidence/01_全量实验统一重审_v0.4.md,4accaf98341c484a3b2128da241f214d704a2dbd29a76da9a3406726e303fbd2,3,5.3 不应夸大的部分,172,179,v0.4-operationalization,evidence-or-decision-ledger
S000589,02_WORKSPACE_SNAPSHOT/Towow_A2A_Independent_Research_v0.4/evidence/01_全量实验统一重审_v0.4.md,4accaf98341c484a3b2128da241f214d704a2dbd29a76da9a3406726e303fbd2,3,5.4 Design Delta,180,185,v0.4-operationalization,evidence-or-decision-ledger
S000590,02_WORKSPACE_SNAPSHOT/Towow_A2A_Independent_Research_v0.4/evidence/01_全量实验统一重审_v0.4.md,4accaf98341c484a3b2128da241f214d704a2dbd29a76da9a3406726e303fbd2,2,6. R5.2：现实语义迁移,186,208,v0.4-operationalization,evidence-or-decision-ledger
S000591,02_WORKSPACE_SNAPSHOT/Towow_A2A_Independent_Research_v0.4/evidence/01_全量实验统一重审_v0.4.md,4accaf98341c484a3b2128da241f214d704a2dbd29a76da9a3406726e303fbd2,3,6.1 Effect reconstruction,188,193,v0.4-operationalization,evidence-or-decision-ledger
S000592,02_WORKSPACE_SNAPSHOT/Towow_A2A_Independent_Research_v0.4/evidence/01_全量实验统一重审_v0.4.md,4accaf98341c484a3b2128da241f214d704a2dbd29a76da9a3406726e303fbd2,3,6.2 Capability holdout,194,199,v0.4-operationalization,evidence-or-decision-ledger
S000593,02_WORKSPACE_SNAPSHOT/Towow_A2A_Independent_Research_v0.4/evidence/01_全量实验统一重审_v0.4.md,4accaf98341c484a3b2128da241f214d704a2dbd29a76da9a3406726e303fbd2,3,6.3 Design Delta,200,208,v0.4-operationalization,evidence-or-decision-ledger
S000594,02_WORKSPACE_SNAPSHOT/Towow_A2A_Independent_Research_v0.4/evidence/01_全量实验统一重审_v0.4.md,4accaf98341c484a3b2128da241f214d704a2dbd29a76da9a3406726e303fbd2,2,7. R5.4：真实模型协商负对照,209,236,v0.4-operationalization,evidence-or-decision-ledger
S000595,02_WORKSPACE_SNAPSHOT/Towow_A2A_Independent_Research_v0.4/evidence/01_全量实验统一重审_v0.4.md,4accaf98341c484a3b2128da241f214d704a2dbd29a76da9a3406726e303fbd2,3,7.1 为什么它重要,211,222,v0.4-operationalization,evidence-or-decision-ledger
S000596,02_WORKSPACE_SNAPSHOT/Towow_A2A_Independent_Research_v0.4/evidence/01_全量实验统一重审_v0.4.md,4accaf98341c484a3b2128da241f214d704a2dbd29a76da9a3406726e303fbd2,3,7.2 真正结论,223,230,v0.4-operationalization,evidence-or-decision-ledger
S000597,02_WORKSPACE_SNAPSHOT/Towow_A2A_Independent_Research_v0.4/evidence/01_全量实验统一重审_v0.4.md,4accaf98341c484a3b2128da241f214d704a2dbd29a76da9a3406726e303fbd2,3,7.3 Design Delta,231,236,v0.4-operationalization,evidence-or-decision-ledger
S000598,02_WORKSPACE_SNAPSHOT/Towow_A2A_Independent_Research_v0.4/evidence/01_全量实验统一重审_v0.4.md,4accaf98341c484a3b2128da241f214d704a2dbd29a76da9a3406726e303fbd2,2,8. R5C：跨技术权威域的建设性形成,237,277,v0.4-operationalization,evidence-or-decision-ledger
S000599,02_WORKSPACE_SNAPSHOT/Towow_A2A_Independent_Research_v0.4/evidence/01_全量实验统一重审_v0.4.md,4accaf98341c484a3b2128da241f214d704a2dbd29a76da9a3406726e303fbd2,3,8.1 实际形成了什么,239,248,v0.4-operationalization,evidence-or-decision-ledger
S000600,02_WORKSPACE_SNAPSHOT/Towow_A2A_Independent_Research_v0.4/evidence/01_全量实验统一重审_v0.4.md,4accaf98341c484a3b2128da241f214d704a2dbd29a76da9a3406726e303fbd2,3,8.2 形成的因果内容,249,260,v0.4-operationalization,evidence-or-decision-ledger
S000601,02_WORKSPACE_SNAPSHOT/Towow_A2A_Independent_Research_v0.4/evidence/01_全量实验统一重审_v0.4.md,4accaf98341c484a3b2128da241f214d704a2dbd29a76da9a3406726e303fbd2,3,8.3 仍然缺失,261,271,v0.4-operationalization,evidence-or-decision-ledger
S000602,02_WORKSPACE_SNAPSHOT/Towow_A2A_Independent_Research_v0.4/evidence/01_全量实验统一重审_v0.4.md,4accaf98341c484a3b2128da241f214d704a2dbd29a76da9a3406726e303fbd2,3,8.4 Design Delta,272,277,v0.4-operationalization,evidence-or-decision-ledger
S000603,02_WORKSPACE_SNAPSHOT/Towow_A2A_Independent_Research_v0.4/evidence/01_全量实验统一重审_v0.4.md,4accaf98341c484a3b2128da241f214d704a2dbd29a76da9a3406726e303fbd2,2,9. v0.3 R6 与两百万级合成报告的降级,278,293,v0.4-operationalization,evidence-or-decision-ledger
S000604,02_WORKSPACE_SNAPSHOT/Towow_A2A_Independent_Research_v0.4/evidence/01_全量实验统一重审_v0.4.md,4accaf98341c484a3b2128da241f214d704a2dbd29a76da9a3406726e303fbd2,2,10. v0.4 新增构造实验,294,320,v0.4-operationalization,evidence-or-decision-ledger
S000605,02_WORKSPACE_SNAPSHOT/Towow_A2A_Independent_Research_v0.4/evidence/01_全量实验统一重审_v0.4.md,4accaf98341c484a3b2128da241f214d704a2dbd29a76da9a3406726e303fbd2,3,10.1 本体收敛,296,306,v0.4-operationalization,evidence-or-decision-ledger
S000606,02_WORKSPACE_SNAPSHOT/Towow_A2A_Independent_Research_v0.4/evidence/01_全量实验统一重审_v0.4.md,4accaf98341c484a3b2128da241f214d704a2dbd29a76da9a3406726e303fbd2,3,10.2 Relation Schema materiality,307,320,v0.4-operationalization,evidence-or-decision-ledger
S000607,02_WORKSPACE_SNAPSHOT/Towow_A2A_Independent_Research_v0.4/evidence/01_全量实验统一重审_v0.4.md,4accaf98341c484a3b2128da241f214d704a2dbd29a76da9a3406726e303fbd2,2,11. 哪些实验真正改变了研究性质,321,353,v0.4-operationalization,evidence-or-decision-ledger
S000608,02_WORKSPACE_SNAPSHOT/Towow_A2A_Independent_Research_v0.4/evidence/01_全量实验统一重审_v0.4.md,4accaf98341c484a3b2128da241f214d704a2dbd29a76da9a3406726e303fbd2,3,第一层：问题性质变化,323,327,v0.4-operationalization,evidence-or-decision-ledger
S000609,02_WORKSPACE_SNAPSHOT/Towow_A2A_Independent_Research_v0.4/evidence/01_全量实验统一重审_v0.4.md,4accaf98341c484a3b2128da241f214d704a2dbd29a76da9a3406726e303fbd2,3,第二层：统一理论变化,328,333,v0.4-operationalization,evidence-or-decision-ledger
S000610,02_WORKSPACE_SNAPSHOT/Towow_A2A_Independent_Research_v0.4/evidence/01_全量实验统一重审_v0.4.md,4accaf98341c484a3b2128da241f214d704a2dbd29a76da9a3406726e303fbd2,3,第三层：工程变化,334,342,v0.4-operationalization,evidence-or-decision-ledger
S000611,02_WORKSPACE_SNAPSHOT/Towow_A2A_Independent_Research_v0.4/evidence/01_全量实验统一重审_v0.4.md,4accaf98341c484a3b2128da241f214d704a2dbd29a76da9a3406726e303fbd2,3,形式完整度增加但信息增量有限,343,353,v0.4-operationalization,evidence-or-decision-ledger
S000612,02_WORKSPACE_SNAPSHOT/Towow_A2A_Independent_Research_v0.4/evidence/01_全量实验统一重审_v0.4.md,4accaf98341c484a3b2128da241f214d704a2dbd29a76da9a3406726e303fbd2,2,12. 当前实验缺口,354,366,v0.4-operationalization,evidence-or-decision-ledger
S000613,02_WORKSPACE_SNAPSHOT/Towow_A2A_Independent_Research_v0.4/evidence/01_全量实验统一重审_v0.4.md,4accaf98341c484a3b2128da241f214d704a2dbd29a76da9a3406726e303fbd2,2,13. 下一实验的选择规则,367,381,v0.4-operationalization,evidence-or-decision-ledger
S000614,02_WORKSPACE_SNAPSHOT/Towow_A2A_Independent_Research_v0.4/evidence/01_全量实验统一重审_v0.4.md,4accaf98341c484a3b2128da241f214d704a2dbd29a76da9a3406726e303fbd2,2,14. 当前总判定,382,386,v0.4-operationalization,evidence-or-decision-ledger
S000615,02_WORKSPACE_SNAPSHOT/Towow_A2A_Independent_Research_v0.4/evidence/02_主张证据与Design_Delta总账_v0.4.md,f5699e06046ea5269991e06380245d92c667a56f87335c5aee6057305e01f34b,1,主张—证据—Design Delta 总账 v0.4,1,83,v0.4-operationalization,evidence-or-decision-ledger
S000616,02_WORKSPACE_SNAPSHOT/Towow_A2A_Independent_Research_v0.4/evidence/02_主张证据与Design_Delta总账_v0.4.md,f5699e06046ea5269991e06380245d92c667a56f87335c5aee6057305e01f34b,2,A. 当前可作为统一理论骨架的主张,11,24,v0.4-operationalization,evidence-or-decision-ledger
S000617,02_WORKSPACE_SNAPSHOT/Towow_A2A_Independent_Research_v0.4/evidence/02_主张证据与Design_Delta总账_v0.4.md,f5699e06046ea5269991e06380245d92c667a56f87335c5aee6057305e01f34b,2,B. 获得局部机制支持、不可普遍化,25,37,v0.4-operationalization,evidence-or-decision-ledger
S000618,02_WORKSPACE_SNAPSHOT/Towow_A2A_Independent_Research_v0.4/evidence/02_主张证据与Design_Delta总账_v0.4.md,f5699e06046ea5269991e06380245d92c667a56f87335c5aee6057305e01f34b,2,C. 仍然开放、决定研究是否成立的主张,38,50,v0.4-operationalization,evidence-or-decision-ledger
S000619,02_WORKSPACE_SNAPSHOT/Towow_A2A_Independent_Research_v0.4/evidence/02_主张证据与Design_Delta总账_v0.4.md,f5699e06046ea5269991e06380245d92c667a56f87335c5aee6057305e01f34b,2,D. 禁止的证据升级,51,65,v0.4-operationalization,evidence-or-decision-ledger
S000620,02_WORKSPACE_SNAPSHOT/Towow_A2A_Independent_Research_v0.4/evidence/02_主张证据与Design_Delta总账_v0.4.md,f5699e06046ea5269991e06380245d92c667a56f87335c5aee6057305e01f34b,2,E. 每个新主张必须登记,66,83,v0.4-operationalization,evidence-or-decision-ledger
S000621,02_WORKSPACE_SNAPSHOT/Towow_A2A_Independent_Research_v0.4/experiments/ontology_reduction/REPORT.md,92113bf744c047a08a0ad62c21c7c6a891ea7a7d05f944c5c3783c87c7004156,1,本体收敛构造实验：语义保真是否要求五个顶层对象,1,78,v0.4-operationalization,experiment-or-result
S000622,02_WORKSPACE_SNAPSHOT/Towow_A2A_Independent_Research_v0.4/experiments/ontology_reduction/REPORT.md,92113bf744c047a08a0ad62c21c7c6a891ea7a7d05f944c5c3783c87c7004156,2,研究问题,7,10,v0.4-operationalization,experiment-or-result
S000623,02_WORKSPACE_SNAPSHOT/Towow_A2A_Independent_Research_v0.4/experiments/ontology_reduction/REPORT.md,92113bf744c047a08a0ad62c21c7c6a891ea7a7d05f944c5c3783c87c7004156,2,比较的三种表示,11,21,v0.4-operationalization,experiment-or-result
S000624,02_WORKSPACE_SNAPSHOT/Towow_A2A_Independent_Research_v0.4/experiments/ontology_reduction/REPORT.md,92113bf744c047a08a0ad62c21c7c6a891ea7a7d05f944c5c3783c87c7004156,2,生成条件,22,34,v0.4-operationalization,experiment-or-result
S000625,02_WORKSPACE_SNAPSHOT/Towow_A2A_Independent_Research_v0.4/experiments/ontology_reduction/REPORT.md,92113bf744c047a08a0ad62c21c7c6a891ea7a7d05f944c5c3783c87c7004156,2,结果,35,45,v0.4-operationalization,experiment-or-result
S000626,02_WORKSPACE_SNAPSHOT/Towow_A2A_Independent_Research_v0.4/experiments/ontology_reduction/REPORT.md,92113bf744c047a08a0ad62c21c7c6a891ea7a7d05f944c5c3783c87c7004156,2,结论,46,63,v0.4-operationalization,experiment-or-result
S000627,02_WORKSPACE_SNAPSHOT/Towow_A2A_Independent_Research_v0.4/experiments/ontology_reduction/REPORT.md,92113bf744c047a08a0ad62c21c7c6a891ea7a7d05f944c5c3783c87c7004156,3,建议的归位,54,63,v0.4-operationalization,experiment-or-result
S000628,02_WORKSPACE_SNAPSHOT/Towow_A2A_Independent_Research_v0.4/experiments/ontology_reduction/REPORT.md,92113bf744c047a08a0ad62c21c7c6a891ea7a7d05f944c5c3783c87c7004156,2,Design Delta,64,70,v0.4-operationalization,experiment-or-result
S000629,02_WORKSPACE_SNAPSHOT/Towow_A2A_Independent_Research_v0.4/experiments/ontology_reduction/REPORT.md,92113bf744c047a08a0ad62c21c7c6a891ea7a7d05f944c5c3783c87c7004156,2,不能由本实验推出的内容,71,78,v0.4-operationalization,experiment-or-result
S000630,02_WORKSPACE_SNAPSHOT/Towow_A2A_Independent_Research_v0.4/experiments/schema_change_classifier/REPORT.md,1e8b63c049353fd0c6c8328130033595c54369757b101c47c92540180d104e75,1,关系模式变化分类实验：何时应重新形成,1,83,v0.4-operationalization,experiment-or-result
S000631,02_WORKSPACE_SNAPSHOT/Towow_A2A_Independent_Research_v0.4/experiments/schema_change_classifier/REPORT.md,1e8b63c049353fd0c6c8328130033595c54369757b101c47c92540180d104e75,2,研究问题,7,14,v0.4-operationalization,experiment-or-result
S000632,02_WORKSPACE_SNAPSHOT/Towow_A2A_Independent_Research_v0.4/experiments/schema_change_classifier/REPORT.md,1e8b63c049353fd0c6c8328130033595c54369757b101c47c92540180d104e75,2,生成条件,15,35,v0.4-operationalization,experiment-or-result
S000633,02_WORKSPACE_SNAPSHOT/Towow_A2A_Independent_Research_v0.4/experiments/schema_change_classifier/REPORT.md,1e8b63c049353fd0c6c8328130033595c54369757b101c47c92540180d104e75,2,比较策略,36,42,v0.4-operationalization,experiment-or-result
S000634,02_WORKSPACE_SNAPSHOT/Towow_A2A_Independent_Research_v0.4/experiments/schema_change_classifier/REPORT.md,1e8b63c049353fd0c6c8328130033595c54369757b101c47c92540180d104e75,2,结果,43,51,v0.4-operationalization,experiment-or-result
S000635,02_WORKSPACE_SNAPSHOT/Towow_A2A_Independent_Research_v0.4/experiments/schema_change_classifier/REPORT.md,1e8b63c049353fd0c6c8328130033595c54369757b101c47c92540180d104e75,2,操作性结论,52,64,v0.4-operationalization,experiment-or-result
S000636,02_WORKSPACE_SNAPSHOT/Towow_A2A_Independent_Research_v0.4/experiments/schema_change_classifier/REPORT.md,1e8b63c049353fd0c6c8328130033595c54369757b101c47c92540180d104e75,2,Design Delta,65,75,v0.4-operationalization,experiment-or-result
S000637,02_WORKSPACE_SNAPSHOT/Towow_A2A_Independent_Research_v0.4/experiments/schema_change_classifier/REPORT.md,1e8b63c049353fd0c6c8328130033595c54369757b101c47c92540180d104e75,2,不能由本实验推出的内容,76,83,v0.4-operationalization,experiment-or-result
S000638,02_WORKSPACE_SNAPSHOT/Towow_A2A_Independent_Research_v0.4/instrument/sample_case/README.md,f52777b349847a30a86e92c45a1d56a7350f6083efcba3978ae3e81608874a7b,1,虚构样例：14 天企业 AI 只读试点,1,54,v0.4-operationalization,instrument-or-code
S000639,02_WORKSPACE_SNAPSHOT/Towow_A2A_Independent_Research_v0.4/instrument/sample_case/README.md,f52777b349847a30a86e92c45a1d56a7350f6083efcba3978ae3e81608874a7b,2,情境,5,19,v0.4-operationalization,instrument-or-code
S000640,02_WORKSPACE_SNAPSHOT/Towow_A2A_Independent_Research_v0.4/instrument/sample_case/README.md,f52777b349847a30a86e92c45a1d56a7350f6083efcba3978ae3e81608874a7b,2,运行,20,38,v0.4-operationalization,instrument-or-code
S000641,02_WORKSPACE_SNAPSHOT/Towow_A2A_Independent_Research_v0.4/instrument/sample_case/README.md,f52777b349847a30a86e92c45a1d56a7350f6083efcba3978ae3e81608874a7b,2,此样例展示了什么,39,48,v0.4-operationalization,instrument-or-code
S000642,02_WORKSPACE_SNAPSHOT/Towow_A2A_Independent_Research_v0.4/instrument/sample_case/README.md,f52777b349847a30a86e92c45a1d56a7350f6083efcba3978ae3e81608874a7b,2,此样例没有证明什么,49,54,v0.4-operationalization,instrument-or-code
S000643,02_WORKSPACE_SNAPSHOT/Towow_A2A_Independent_Research_v0.4/instrument/towow_fieldkit/README.md,7a4c37713c5d083779920fc4f9fedf93af7bd0c84d2c4033b534faf852adef8b,1,Towow Fieldkit v0.4,1,199,v0.4-operationalization,instrument-or-code
S000644,02_WORKSPACE_SNAPSHOT/Towow_A2A_Independent_Research_v0.4/instrument/towow_fieldkit/README.md,7a4c37713c5d083779920fc4f9fedf93af7bd0c84d2c4033b534faf852adef8b,2,它解决什么,5,19,v0.4-operationalization,instrument-or-code
S000645,02_WORKSPACE_SNAPSHOT/Towow_A2A_Independent_Research_v0.4/instrument/towow_fieldkit/README.md,7a4c37713c5d083779920fc4f9fedf93af7bd0c84d2c4033b534faf852adef8b,2,它明确不解决什么,20,31,v0.4-operationalization,instrument-or-code
S000646,02_WORKSPACE_SNAPSHOT/Towow_A2A_Independent_Research_v0.4/instrument/towow_fieldkit/README.md,7a4c37713c5d083779920fc4f9fedf93af7bd0c84d2c4033b534faf852adef8b,2,最小事实结构,32,43,v0.4-operationalization,instrument-or-code
S000647,02_WORKSPACE_SNAPSHOT/Towow_A2A_Independent_Research_v0.4/instrument/towow_fieldkit/README.md,7a4c37713c5d083779920fc4f9fedf93af7bd0c84d2c4033b534faf852adef8b,2,安装与测试,44,57,v0.4-operationalization,instrument-or-code
S000648,02_WORKSPACE_SNAPSHOT/Towow_A2A_Independent_Research_v0.4/instrument/towow_fieldkit/README.md,7a4c37713c5d083779920fc4f9fedf93af7bd0c84d2c4033b534faf852adef8b,2,基本流程,58,179,v0.4-operationalization,instrument-or-code
S000649,02_WORKSPACE_SNAPSHOT/Towow_A2A_Independent_Research_v0.4/instrument/towow_fieldkit/README.md,7a4c37713c5d083779920fc4f9fedf93af7bd0c84d2c4033b534faf852adef8b,3,1. 建立案例,60,67,v0.4-operationalization,instrument-or-code
S000650,02_WORKSPACE_SNAPSHOT/Towow_A2A_Independent_Research_v0.4/instrument/towow_fieldkit/README.md,7a4c37713c5d083779920fc4f9fedf93af7bd0c84d2c4033b534faf852adef8b,3,2. 登记权威域,68,78,v0.4-operationalization,instrument-or-code
S000651,02_WORKSPACE_SNAPSHOT/Towow_A2A_Independent_Research_v0.4/instrument/towow_fieldkit/README.md,7a4c37713c5d083779920fc4f9fedf93af7bd0c84d2c4033b534faf852adef8b,3,3. 写入私有前态与 Mandate,79,92,v0.4-operationalization,instrument-or-code
S000652,02_WORKSPACE_SNAPSHOT/Towow_A2A_Independent_Research_v0.4/instrument/towow_fieldkit/README.md,7a4c37713c5d083779920fc4f9fedf93af7bd0c84d2c4033b534faf852adef8b,3,4. 建立关系版本,93,101,v0.4-operationalization,instrument-or-code
S000653,02_WORKSPACE_SNAPSHOT/Towow_A2A_Independent_Research_v0.4/instrument/towow_fieldkit/README.md,7a4c37713c5d083779920fc4f9fedf93af7bd0c84d2c4033b534faf852adef8b,3,5. 记录探问、拒绝、反条件和现实动作,102,138,v0.4-operationalization,instrument-or-code
S000654,02_WORKSPACE_SNAPSHOT/Towow_A2A_Independent_Research_v0.4/instrument/towow_fieldkit/README.md,7a4c37713c5d083779920fc4f9fedf93af7bd0c84d2c4033b534faf852adef8b,3,6. 判断模式变化,139,151,v0.4-operationalization,instrument-or-code
S000655,02_WORKSPACE_SNAPSHOT/Towow_A2A_Independent_Research_v0.4/instrument/towow_fieldkit/README.md,7a4c37713c5d083779920fc4f9fedf93af7bd0c84d2c4033b534faf852adef8b,3,7. 检查是否可编译,152,161,v0.4-operationalization,instrument-or-code
S000656,02_WORKSPACE_SNAPSHOT/Towow_A2A_Independent_Research_v0.4/instrument/towow_fieldkit/README.md,7a4c37713c5d083779920fc4f9fedf93af7bd0c84d2c4033b534faf852adef8b,3,8. 验证和指标,162,170,v0.4-operationalization,instrument-or-code
S000657,02_WORKSPACE_SNAPSHOT/Towow_A2A_Independent_Research_v0.4/instrument/towow_fieldkit/README.md,7a4c37713c5d083779920fc4f9fedf93af7bd0c84d2c4033b534faf852adef8b,3,9. 独立裁决与导出,171,179,v0.4-operationalization,instrument-or-code
S000658,02_WORKSPACE_SNAPSHOT/Towow_A2A_Independent_Research_v0.4/instrument/towow_fieldkit/README.md,7a4c37713c5d083779920fc4f9fedf93af7bd0c84d2c4033b534faf852adef8b,2,推荐最小事件序列,180,196,v0.4-operationalization,instrument-or-code
S000659,02_WORKSPACE_SNAPSHOT/Towow_A2A_Independent_Research_v0.4/instrument/towow_fieldkit/README.md,7a4c37713c5d083779920fc4f9fedf93af7bd0c84d2c4033b534faf852adef8b,2,样例,197,199,v0.4-operationalization,instrument-or-code
S000660,02_WORKSPACE_SNAPSHOT/Towow_A2A_Independent_Research_v0.4/qa/RELEASE_QA.md,4734ba7e58fb1ddc0c9b68e2bae3488b438860032f2a4d8e5cfa4a4597392c01,1,v0.4 发布 QA,1,32,v0.4-operationalization,qa-or-test
S000661,02_WORKSPACE_SNAPSHOT/Towow_A2A_Independent_Research_v0.4/qa/RELEASE_QA.md,4734ba7e58fb1ddc0c9b68e2bae3488b438860032f2a4d8e5cfa4a4597392c01,2,已运行检查,6,21,v0.4-operationalization,qa-or-test
S000662,02_WORKSPACE_SNAPSHOT/Towow_A2A_Independent_Research_v0.4/qa/RELEASE_QA.md,4734ba7e58fb1ddc0c9b68e2bae3488b438860032f2a4d8e5cfa4a4597392c01,2,QA 不证明的内容,22,32,v0.4-operationalization,qa-or-test
S000663,02_WORKSPACE_SNAPSHOT/Towow_A2A_Independent_Research_v0.4/real_world_protocol/00_READ_ME_FIRST.md,dc177edad332224cad8e0b3600326f09628f57c3d63e57c43b1073c755e1b7c6,1,R7 现实实验入口,1,61,v0.4-operationalization,specification-or-protocol
S000664,02_WORKSPACE_SNAPSHOT/Towow_A2A_Independent_Research_v0.4/real_world_protocol/00_READ_ME_FIRST.md,dc177edad332224cad8e0b3600326f09628f57c3d63e57c43b1073c755e1b7c6,2,现在需要 Owner 提供的最小资源,3,29,v0.4-operationalization,specification-or-protocol
S000665,02_WORKSPACE_SNAPSHOT/Towow_A2A_Independent_Research_v0.4/real_world_protocol/00_READ_ME_FIRST.md,dc177edad332224cad8e0b3600326f09628f57c3d63e57c43b1073c755e1b7c6,3,第一批：校准材料,5,11,v0.4-operationalization,specification-or-protocol
S000666,02_WORKSPACE_SNAPSHOT/Towow_A2A_Independent_Research_v0.4/real_world_protocol/00_READ_ME_FIRST.md,dc177edad332224cad8e0b3600326f09628f57c3d63e57c43b1073c755e1b7c6,3,第二批：2 个 live candidate,12,22,v0.4-operationalization,specification-or-protocol
S000667,02_WORKSPACE_SNAPSHOT/Towow_A2A_Independent_Research_v0.4/real_world_protocol/00_READ_ME_FIRST.md,dc177edad332224cad8e0b3600326f09628f57c3d63e57c43b1073c755e1b7c6,3,还需要,23,29,v0.4-operationalization,specification-or-protocol
S000668,02_WORKSPACE_SNAPSHOT/Towow_A2A_Independent_Research_v0.4/real_world_protocol/00_READ_ME_FIRST.md,dc177edad332224cad8e0b3600326f09628f57c3d63e57c43b1073c755e1b7c6,2,企业介绍和需求单够不够,30,35,v0.4-operationalization,specification-or-protocol
S000669,02_WORKSPACE_SNAPSHOT/Towow_A2A_Independent_Research_v0.4/real_world_protocol/00_READ_ME_FIRST.md,dc177edad332224cad8e0b3600326f09628f57c3d63e57c43b1073c755e1b7c6,2,撮合者有没有用,36,39,v0.4-operationalization,specification-or-protocol
S000670,02_WORKSPACE_SNAPSHOT/Towow_A2A_Independent_Research_v0.4/real_world_protocol/00_READ_ME_FIRST.md,dc177edad332224cad8e0b3600326f09628f57c3d63e57c43b1073c755e1b7c6,2,推荐首例,40,43,v0.4-operationalization,specification-or-protocol
S000671,02_WORKSPACE_SNAPSHOT/Towow_A2A_Independent_Research_v0.4/real_world_protocol/00_READ_ME_FIRST.md,dc177edad332224cad8e0b3600326f09628f57c3d63e57c43b1073c755e1b7c6,2,Owner 交付候选案例的七行格式,44,61,v0.4-operationalization,specification-or-protocol
S000672,02_WORKSPACE_SNAPSHOT/Towow_A2A_Independent_Research_v0.4/real_world_protocol/01_R7_最小原则性实验_v0.2.md,0a212208acd594224d8860444c34c5854d5a61a56e8a133d2829b3b42b0f8708,1,R7：首个真实 Principal 最小原则性实验 v0.2,1,266,v0.4-operationalization,specification-or-protocol
S000673,02_WORKSPACE_SNAPSHOT/Towow_A2A_Independent_Research_v0.4/real_world_protocol/01_R7_最小原则性实验_v0.2.md,0a212208acd594224d8860444c34c5854d5a61a56e8a133d2829b3b42b0f8708,2,1. 要判别的核心命题,5,18,v0.4-operationalization,specification-or-protocol
S000674,02_WORKSPACE_SNAPSHOT/Towow_A2A_Independent_Research_v0.4/real_world_protocol/01_R7_最小原则性实验_v0.2.md,0a212208acd594224d8860444c34c5854d5a61a56e8a133d2829b3b42b0f8708,2,2. 为什么首例必须是真实关系,19,32,v0.4-operationalization,specification-or-protocol
S000675,02_WORKSPACE_SNAPSHOT/Towow_A2A_Independent_Research_v0.4/real_world_protocol/01_R7_最小原则性实验_v0.2.md,0a212208acd594224d8860444c34c5854d5a61a56e8a133d2829b3b42b0f8708,2,3. 推荐任务：14 天企业 AI 只读试点,33,75,v0.4-operationalization,specification-or-protocol
S000676,02_WORKSPACE_SNAPSHOT/Towow_A2A_Independent_Research_v0.4/real_world_protocol/01_R7_最小原则性实验_v0.2.md,0a212208acd594224d8860444c34c5854d5a61a56e8a133d2829b3b42b0f8708,3,3.1 基本情境,35,54,v0.4-operationalization,specification-or-protocol
S000677,02_WORKSPACE_SNAPSHOT/Towow_A2A_Independent_Research_v0.4/real_world_protocol/01_R7_最小原则性实验_v0.2.md,0a212208acd594224d8860444c34c5854d5a61a56e8a133d2829b3b42b0f8708,3,3.2 为什么它适合作为首例,55,63,v0.4-operationalization,specification-or-protocol
S000678,02_WORKSPACE_SNAPSHOT/Towow_A2A_Independent_Research_v0.4/real_world_protocol/01_R7_最小原则性实验_v0.2.md,0a212208acd594224d8860444c34c5854d5a61a56e8a133d2829b3b42b0f8708,3,3.3 合格的最小现实动作,64,75,v0.4-operationalization,specification-or-protocol
S000679,02_WORKSPACE_SNAPSHOT/Towow_A2A_Independent_Research_v0.4/real_world_protocol/01_R7_最小原则性实验_v0.2.md,0a212208acd594224d8860444c34c5854d5a61a56e8a133d2829b3b42b0f8708,2,4. 参与者结构,76,91,v0.4-operationalization,specification-or-protocol
S000680,02_WORKSPACE_SNAPSHOT/Towow_A2A_Independent_Research_v0.4/real_world_protocol/01_R7_最小原则性实验_v0.2.md,0a212208acd594224d8860444c34c5854d5a61a56e8a133d2829b3b42b0f8708,2,5. 进入标准,92,104,v0.4-operationalization,specification-or-protocol
S000681,02_WORKSPACE_SNAPSHOT/Towow_A2A_Independent_Research_v0.4/real_world_protocol/01_R7_最小原则性实验_v0.2.md,0a212208acd594224d8860444c34c5854d5a61a56e8a133d2829b3b42b0f8708,2,6. 排除标准,105,118,v0.4-operationalization,specification-or-protocol
S000682,02_WORKSPACE_SNAPSHOT/Towow_A2A_Independent_Research_v0.4/real_world_protocol/01_R7_最小原则性实验_v0.2.md,0a212208acd594224d8860444c34c5854d5a61a56e8a133d2829b3b42b0f8708,2,7. 实验阶段,119,157,v0.4-operationalization,specification-or-protocol
S000683,02_WORKSPACE_SNAPSHOT/Towow_A2A_Independent_Research_v0.4/real_world_protocol/01_R7_最小原则性实验_v0.2.md,0a212208acd594224d8860444c34c5854d5a61a56e8a133d2829b3b42b0f8708,3,R7-0：历史案例校准，不作因果证明,121,133,v0.4-operationalization,specification-or-protocol
S000684,02_WORKSPACE_SNAPSHOT/Towow_A2A_Independent_Research_v0.4/real_world_protocol/01_R7_最小原则性实验_v0.2.md,0a212208acd594224d8860444c34c5854d5a61a56e8a133d2829b3b42b0f8708,3,R7-A：两例前瞻性可行性试运行,134,146,v0.4-operationalization,specification-or-protocol
S000685,02_WORKSPACE_SNAPSHOT/Towow_A2A_Independent_Research_v0.4/real_world_protocol/01_R7_最小原则性实验_v0.2.md,0a212208acd594224d8860444c34c5854d5a61a56e8a133d2829b3b42b0f8708,3,R7-B：预注册的小样本比较,147,157,v0.4-operationalization,specification-or-protocol
S000686,02_WORKSPACE_SNAPSHOT/Towow_A2A_Independent_Research_v0.4/real_world_protocol/01_R7_最小原则性实验_v0.2.md,0a212208acd594224d8860444c34c5854d5a61a56e8a133d2829b3b42b0f8708,2,8. 每位参与者实际要做什么,158,181,v0.4-operationalization,specification-or-protocol
S000687,02_WORKSPACE_SNAPSHOT/Towow_A2A_Independent_Research_v0.4/real_world_protocol/01_R7_最小原则性实验_v0.2.md,0a212208acd594224d8860444c34c5854d5a61a56e8a133d2829b3b42b0f8708,3,实验前,160,166,v0.4-operationalization,specification-or-protocol
S000688,02_WORKSPACE_SNAPSHOT/Towow_A2A_Independent_Research_v0.4/real_world_protocol/01_R7_最小原则性实验_v0.2.md,0a212208acd594224d8860444c34c5854d5a61a56e8a133d2829b3b42b0f8708,3,形成过程中,167,174,v0.4-operationalization,specification-or-protocol
S000689,02_WORKSPACE_SNAPSHOT/Towow_A2A_Independent_Research_v0.4/real_world_protocol/01_R7_最小原则性实验_v0.2.md,0a212208acd594224d8860444c34c5854d5a61a56e8a133d2829b3b42b0f8708,3,现实执行后,175,181,v0.4-operationalization,specification-or-protocol
S000690,02_WORKSPACE_SNAPSHOT/Towow_A2A_Independent_Research_v0.4/real_world_protocol/01_R7_最小原则性实验_v0.2.md,0a212208acd594224d8860444c34c5854d5a61a56e8a133d2829b3b42b0f8708,2,9. 冻结前态,182,195,v0.4-operationalization,specification-or-protocol
S000691,02_WORKSPACE_SNAPSHOT/Towow_A2A_Independent_Research_v0.4/real_world_protocol/01_R7_最小原则性实验_v0.2.md,0a212208acd594224d8860444c34c5854d5a61a56e8a133d2829b3b42b0f8708,2,10. 严格形成判据,196,209,v0.4-operationalization,specification-or-protocol
S000692,02_WORKSPACE_SNAPSHOT/Towow_A2A_Independent_Research_v0.4/real_world_protocol/01_R7_最小原则性实验_v0.2.md,0a212208acd594224d8860444c34c5854d5a61a56e8a133d2829b3b42b0f8708,2,11. 主要终点,210,245,v0.4-operationalization,specification-or-protocol
S000693,02_WORKSPACE_SNAPSHOT/Towow_A2A_Independent_Research_v0.4/real_world_protocol/01_R7_最小原则性实验_v0.2.md,0a212208acd594224d8860444c34c5854d5a61a56e8a133d2829b3b42b0f8708,3,主要终点：稳定处置真实性,212,232,v0.4-operationalization,specification-or-protocol
S000694,02_WORKSPACE_SNAPSHOT/Towow_A2A_Independent_Research_v0.4/real_world_protocol/01_R7_最小原则性实验_v0.2.md,0a212208acd594224d8860444c34c5854d5a61a56e8a133d2829b3b42b0f8708,3,次要终点,233,245,v0.4-operationalization,specification-or-protocol
S000695,02_WORKSPACE_SNAPSHOT/Towow_A2A_Independent_Research_v0.4/real_world_protocol/01_R7_最小原则性实验_v0.2.md,0a212208acd594224d8860444c34c5854d5a61a56e8a133d2829b3b42b0f8708,2,12. 停止与安全规则,246,258,v0.4-operationalization,specification-or-protocol
S000696,02_WORKSPACE_SNAPSHOT/Towow_A2A_Independent_Research_v0.4/real_world_protocol/01_R7_最小原则性实验_v0.2.md,0a212208acd594224d8860444c34c5854d5a61a56e8a133d2829b3b42b0f8708,2,13. 结果解释纪律,259,266,v0.4-operationalization,specification-or-protocol
S000697,02_WORKSPACE_SNAPSHOT/Towow_A2A_Independent_Research_v0.4/real_world_protocol/02_Owner_资源与执行手册.md,ace4f9eb3eeaea742021526336e5dc2625fb60cf589d05b5c59e624288a119a8,1,Owner 资源与执行手册：你具体需要找什么、带谁进来、让他们做什么,1,327,v0.4-operationalization,specification-or-protocol
S000698,02_WORKSPACE_SNAPSHOT/Towow_A2A_Independent_Research_v0.4/real_world_protocol/02_Owner_资源与执行手册.md,ace4f9eb3eeaea742021526336e5dc2625fb60cf589d05b5c59e624288a119a8,2,先给结论,5,16,v0.4-operationalization,specification-or-protocol
S000699,02_WORKSPACE_SNAPSHOT/Towow_A2A_Independent_Research_v0.4/real_world_protocol/02_Owner_资源与执行手册.md,ace4f9eb3eeaea742021526336e5dc2625fb60cf589d05b5c59e624288a119a8,2,一、你现在最先需要做的事,17,74,v0.4-operationalization,specification-or-protocol
S000700,02_WORKSPACE_SNAPSHOT/Towow_A2A_Independent_Research_v0.4/real_world_protocol/02_Owner_资源与执行手册.md,ace4f9eb3eeaea742021526336e5dc2625fb60cf589d05b5c59e624288a119a8,3,A. 找 3–5 个历史撮合案例,19,36,v0.4-operationalization,specification-or-protocol
S000701,02_WORKSPACE_SNAPSHOT/Towow_A2A_Independent_Research_v0.4/real_world_protocol/02_Owner_资源与执行手册.md,ace4f9eb3eeaea742021526336e5dc2625fb60cf589d05b5c59e624288a119a8,3,B. 找 2 个正在发生的低风险事项,37,51,v0.4-operationalization,specification-or-protocol
S000702,02_WORKSPACE_SNAPSHOT/Towow_A2A_Independent_Research_v0.4/real_world_protocol/02_Owner_资源与执行手册.md,ace4f9eb3eeaea742021526336e5dc2625fb60cf589d05b5c59e624288a119a8,3,C. 把真实有权的人带进来,52,74,v0.4-operationalization,specification-or-protocol
S000703,02_WORKSPACE_SNAPSHOT/Towow_A2A_Independent_Research_v0.4/real_world_protocol/02_Owner_资源与执行手册.md,ace4f9eb3eeaea742021526336e5dc2625fb60cf589d05b5c59e624288a119a8,2,二、什么样的案例最合适,75,97,v0.4-operationalization,specification-or-protocol
S000704,02_WORKSPACE_SNAPSHOT/Towow_A2A_Independent_Research_v0.4/real_world_protocol/02_Owner_资源与执行手册.md,ace4f9eb3eeaea742021526336e5dc2625fb60cf589d05b5c59e624288a119a8,3,不适合的案例,86,97,v0.4-operationalization,specification-or-protocol
S000705,02_WORKSPACE_SNAPSHOT/Towow_A2A_Independent_Research_v0.4/real_world_protocol/02_Owner_资源与执行手册.md,ace4f9eb3eeaea742021526336e5dc2625fb60cf589d05b5c59e624288a119a8,2,三、你需要向案例方索取什么材料,98,127,v0.4-operationalization,specification-or-protocol
S000706,02_WORKSPACE_SNAPSHOT/Towow_A2A_Independent_Research_v0.4/real_world_protocol/02_Owner_资源与执行手册.md,ace4f9eb3eeaea742021526336e5dc2625fb60cf589d05b5c59e624288a119a8,3,进入筛选时只需要,100,110,v0.4-operationalization,specification-or-protocol
S000707,02_WORKSPACE_SNAPSHOT/Towow_A2A_Independent_Research_v0.4/real_world_protocol/02_Owner_资源与执行手册.md,ace4f9eb3eeaea742021526336e5dc2625fb60cf589d05b5c59e624288a119a8,3,确定进入实验后需要,111,127,v0.4-operationalization,specification-or-protocol
S000708,02_WORKSPACE_SNAPSHOT/Towow_A2A_Independent_Research_v0.4/real_world_protocol/02_Owner_资源与执行手册.md,ace4f9eb3eeaea742021526336e5dc2625fb60cf589d05b5c59e624288a119a8,2,四、参与者来了以后具体做什么,128,213,v0.4-operationalization,specification-or-protocol
S000709,02_WORKSPACE_SNAPSHOT/Towow_A2A_Independent_Research_v0.4/real_world_protocol/02_Owner_资源与执行手册.md,ace4f9eb3eeaea742021526336e5dc2625fb60cf589d05b5c59e624288a119a8,3,第一次：私有访谈，30–45 分钟,130,146,v0.4-operationalization,specification-or-protocol
S000710,02_WORKSPACE_SNAPSHOT/Towow_A2A_Independent_Research_v0.4/real_world_protocol/02_Owner_资源与执行手册.md,ace4f9eb3eeaea742021526336e5dc2625fb60cf589d05b5c59e624288a119a8,3,第二次：确认 Agent Mandate，10–15 分钟,147,162,v0.4-operationalization,specification-or-protocol
S000711,02_WORKSPACE_SNAPSHOT/Towow_A2A_Independent_Research_v0.4/real_world_protocol/02_Owner_资源与执行手册.md,ace4f9eb3eeaea742021526336e5dc2625fb60cf589d05b5c59e624288a119a8,3,形成过程：1–3 轮短交互,163,175,v0.4-operationalization,specification-or-protocol
S000712,02_WORKSPACE_SNAPSHOT/Towow_A2A_Independent_Research_v0.4/real_world_protocol/02_Owner_资源与执行手册.md,ace4f9eb3eeaea742021526336e5dc2625fb60cf589d05b5c59e624288a119a8,3,现实 probe：一次小动作,176,189,v0.4-operationalization,specification-or-protocol
S000713,02_WORKSPACE_SNAPSHOT/Towow_A2A_Independent_Research_v0.4/real_world_protocol/02_Owner_资源与执行手册.md,ace4f9eb3eeaea742021526336e5dc2625fb60cf589d05b5c59e624288a119a8,3,决策：对精确版本作 Stance,190,201,v0.4-operationalization,specification-or-protocol
S000714,02_WORKSPACE_SNAPSHOT/Towow_A2A_Independent_Research_v0.4/real_world_protocol/02_Owner_资源与执行手册.md,ace4f9eb3eeaea742021526336e5dc2625fb60cf589d05b5c59e624288a119a8,3,现实执行与 follow-up,202,213,v0.4-operationalization,specification-or-protocol
S000715,02_WORKSPACE_SNAPSHOT/Towow_A2A_Independent_Research_v0.4/real_world_protocol/02_Owner_资源与执行手册.md,ace4f9eb3eeaea742021526336e5dc2625fb60cf589d05b5c59e624288a119a8,2,五、撮合者在实验里到底做什么,214,235,v0.4-operationalization,specification-or-protocol
S000716,02_WORKSPACE_SNAPSHOT/Towow_A2A_Independent_Research_v0.4/real_world_protocol/02_Owner_资源与执行手册.md,ace4f9eb3eeaea742021526336e5dc2625fb60cf589d05b5c59e624288a119a8,3,给撮合者的最简单说法,230,235,v0.4-operationalization,specification-or-protocol
S000717,02_WORKSPACE_SNAPSHOT/Towow_A2A_Independent_Research_v0.4/real_world_protocol/02_Owner_资源与执行手册.md,ace4f9eb3eeaea742021526336e5dc2625fb60cf589d05b5c59e624288a119a8,2,六、一个完整例子,236,274,v0.4-operationalization,specification-or-protocol
S000718,02_WORKSPACE_SNAPSHOT/Towow_A2A_Independent_Research_v0.4/real_world_protocol/02_Owner_资源与执行手册.md,ace4f9eb3eeaea742021526336e5dc2625fb60cf589d05b5c59e624288a119a8,3,起点,238,241,v0.4-operationalization,specification-or-protocol
S000719,02_WORKSPACE_SNAPSHOT/Towow_A2A_Independent_Research_v0.4/real_world_protocol/02_Owner_资源与执行手册.md,ace4f9eb3eeaea742021526336e5dc2625fb60cf589d05b5c59e624288a119a8,3,谁进入,242,248,v0.4-operationalization,specification-or-protocol
S000720,02_WORKSPACE_SNAPSHOT/Towow_A2A_Independent_Research_v0.4/real_world_protocol/02_Owner_资源与执行手册.md,ace4f9eb3eeaea742021526336e5dc2625fb60cf589d05b5c59e624288a119a8,3,初始 Agent Mandate,249,255,v0.4-operationalization,specification-or-protocol
S000721,02_WORKSPACE_SNAPSHOT/Towow_A2A_Independent_Research_v0.4/real_world_protocol/02_Owner_资源与执行手册.md,ace4f9eb3eeaea742021526336e5dc2625fb60cf589d05b5c59e624288a119a8,3,形成事件,256,268,v0.4-operationalization,specification-or-protocol
S000722,02_WORKSPACE_SNAPSHOT/Towow_A2A_Independent_Research_v0.4/real_world_protocol/02_Owner_资源与执行手册.md,ace4f9eb3eeaea742021526336e5dc2625fb60cf589d05b5c59e624288a119a8,3,为什么这可能算形成,269,274,v0.4-operationalization,specification-or-protocol
S000723,02_WORKSPACE_SNAPSHOT/Towow_A2A_Independent_Research_v0.4/real_world_protocol/02_Owner_资源与执行手册.md,ace4f9eb3eeaea742021526336e5dc2625fb60cf589d05b5c59e624288a119a8,2,七、你需要准备的资源清单,275,299,v0.4-operationalization,specification-or-protocol
S000724,02_WORKSPACE_SNAPSHOT/Towow_A2A_Independent_Research_v0.4/real_world_protocol/02_Owner_资源与执行手册.md,ace4f9eb3eeaea742021526336e5dc2625fb60cf589d05b5c59e624288a119a8,3,最低可启动资源,277,288,v0.4-operationalization,specification-or-protocol
S000725,02_WORKSPACE_SNAPSHOT/Towow_A2A_Independent_Research_v0.4/real_world_protocol/02_Owner_资源与执行手册.md,ace4f9eb3eeaea742021526336e5dc2625fb60cf589d05b5c59e624288a119a8,3,不需要先准备,289,299,v0.4-operationalization,specification-or-protocol
S000726,02_WORKSPACE_SNAPSHOT/Towow_A2A_Independent_Research_v0.4/real_world_protocol/02_Owner_资源与执行手册.md,ace4f9eb3eeaea742021526336e5dc2625fb60cf589d05b5c59e624288a119a8,2,八、你把候选案例交给研究组时的最小格式,300,317,v0.4-operationalization,specification-or-protocol
S000727,02_WORKSPACE_SNAPSHOT/Towow_A2A_Independent_Research_v0.4/real_world_protocol/02_Owner_资源与执行手册.md,ace4f9eb3eeaea742021526336e5dc2625fb60cf589d05b5c59e624288a119a8,2,九、当前最优执行顺序,318,327,v0.4-operationalization,specification-or-protocol
S000728,02_WORKSPACE_SNAPSHOT/Towow_A2A_Independent_Research_v0.4/real_world_protocol/04_示例案例_企业AI只读试点.md,87941802972875c2298cf984da08239ff90692afe47cfdce31611d8d06fa99ec,1,示例案例：企业 AI 只读试点从“不能做”到“有条件可做”,1,144,v0.4-operationalization,specification-or-protocol
S000729,02_WORKSPACE_SNAPSHOT/Towow_A2A_Independent_Research_v0.4/real_world_protocol/04_示例案例_企业AI只读试点.md,87941802972875c2298cf984da08239ff90692afe47cfdce31611d8d06fa99ec,2,1. 初始情况,5,19,v0.4-operationalization,specification-or-protocol
S000730,02_WORKSPACE_SNAPSHOT/Towow_A2A_Independent_Research_v0.4/real_world_protocol/04_示例案例_企业AI只读试点.md,87941802972875c2298cf984da08239ff90692afe47cfdce31611d8d06fa99ec,2,2. 真实权威位置,20,30,v0.4-operationalization,specification-or-protocol
S000731,02_WORKSPACE_SNAPSHOT/Towow_A2A_Independent_Research_v0.4/real_world_protocol/04_示例案例_企业AI只读试点.md,87941802972875c2298cf984da08239ff90692afe47cfdce31611d8d06fa99ec,2,3. 冻结前态,31,41,v0.4-operationalization,specification-or-protocol
S000732,02_WORKSPACE_SNAPSHOT/Towow_A2A_Independent_Research_v0.4/real_world_protocol/04_示例案例_企业AI只读试点.md,87941802972875c2298cf984da08239ff90692afe47cfdce31611d8d06fa99ec,2,4. 初始关系版本 v1,42,54,v0.4-operationalization,specification-or-protocol
S000733,02_WORKSPACE_SNAPSHOT/Towow_A2A_Independent_Research_v0.4/real_world_protocol/04_示例案例_企业AI只读试点.md,87941802972875c2298cf984da08239ff90692afe47cfdce31611d8d06fa99ec,2,5. 拒绝转化为最小反条件,55,65,v0.4-operationalization,specification-or-protocol
S000734,02_WORKSPACE_SNAPSHOT/Towow_A2A_Independent_Research_v0.4/real_world_protocol/04_示例案例_企业AI只读试点.md,87941802972875c2298cf984da08239ff90692afe47cfdce31611d8d06fa99ec,2,6. 现实 probe,66,77,v0.4-operationalization,specification-or-protocol
S000735,02_WORKSPACE_SNAPSHOT/Towow_A2A_Independent_Research_v0.4/real_world_protocol/04_示例案例_企业AI只读试点.md,87941802972875c2298cf984da08239ff90692afe47cfdce31611d8d06fa99ec,2,7. 关系版本 v2,78,93,v0.4-operationalization,specification-or-protocol
S000736,02_WORKSPACE_SNAPSHOT/Towow_A2A_Independent_Research_v0.4/real_world_protocol/04_示例案例_企业AI只读试点.md,87941802972875c2298cf984da08239ff90692afe47cfdce31611d8d06fa99ec,2,8. 参与者认领,94,104,v0.4-operationalization,specification-or-protocol
S000737,02_WORKSPACE_SNAPSHOT/Towow_A2A_Independent_Research_v0.4/real_world_protocol/04_示例案例_企业AI只读试点.md,87941802972875c2298cf984da08239ff90692afe47cfdce31611d8d06fa99ec,2,9. 最小现实效力,105,113,v0.4-operationalization,specification-or-protocol
S000738,02_WORKSPACE_SNAPSHOT/Towow_A2A_Independent_Research_v0.4/real_world_protocol/04_示例案例_企业AI只读试点.md,87941802972875c2298cf984da08239ff90692afe47cfdce31611d8d06fa99ec,2,10. 怎样判断是不是“形成”,114,132,v0.4-operationalization,specification-or-protocol
S000739,02_WORKSPACE_SNAPSHOT/Towow_A2A_Independent_Research_v0.4/real_world_protocol/04_示例案例_企业AI只读试点.md,87941802972875c2298cf984da08239ff90692afe47cfdce31611d8d06fa99ec,2,11. 这个例子的研究价值,133,144,v0.4-operationalization,specification-or-protocol
S000740,02_WORKSPACE_SNAPSHOT/Towow_A2A_Independent_Research_v0.4/roadmap/01_下一阶段研究程序.md,f49dd8cee7a730e56e18e230c25af88f12dceee104dfcc27a20ab9ddfe4d8f11,1,通爻 A2A 下一阶段研究程序,1,291,v0.4-operationalization,research-program
S000741,02_WORKSPACE_SNAPSHOT/Towow_A2A_Independent_Research_v0.4/roadmap/01_下一阶段研究程序.md,f49dd8cee7a730e56e18e230c25af88f12dceee104dfcc27a20ab9ddfe4d8f11,2,总体原则,3,11,v0.4-operationalization,research-program
S000742,02_WORKSPACE_SNAPSHOT/Towow_A2A_Independent_Research_v0.4/roadmap/01_下一阶段研究程序.md,f49dd8cee7a730e56e18e230c25af88f12dceee104dfcc27a20ab9ddfe4d8f11,2,研究流 A：理论收敛,12,49,v0.4-operationalization,research-program
S000743,02_WORKSPACE_SNAPSHOT/Towow_A2A_Independent_Research_v0.4/roadmap/01_下一阶段研究程序.md,f49dd8cee7a730e56e18e230c25af88f12dceee104dfcc27a20ab9ddfe4d8f11,3,A1. Relation Schema 的现实可编码性,14,26,v0.4-operationalization,research-program
S000744,02_WORKSPACE_SNAPSHOT/Towow_A2A_Independent_Research_v0.4/roadmap/01_下一阶段研究程序.md,f49dd8cee7a730e56e18e230c25af88f12dceee104dfcc27a20ab9ddfe4d8f11,3,A2. 主体与权威拓扑,27,37,v0.4-operationalization,research-program
S000745,02_WORKSPACE_SNAPSHOT/Towow_A2A_Independent_Research_v0.4/roadmap/01_下一阶段研究程序.md,f49dd8cee7a730e56e18e230c25af88f12dceee104dfcc27a20ab9ddfe4d8f11,3,A3. 真实目标与形成边界,38,49,v0.4-operationalization,research-program
S000746,02_WORKSPACE_SNAPSHOT/Towow_A2A_Independent_Research_v0.4/roadmap/01_下一阶段研究程序.md,f49dd8cee7a730e56e18e230c25af88f12dceee104dfcc27a20ab9ddfe4d8f11,2,研究流 B：证据与实验重建,50,88,v0.4-operationalization,research-program
S000747,02_WORKSPACE_SNAPSHOT/Towow_A2A_Independent_Research_v0.4/roadmap/01_下一阶段研究程序.md,f49dd8cee7a730e56e18e230c25af88f12dceee104dfcc27a20ab9ddfe4d8f11,3,B1. 历史实验可复现性修复,52,62,v0.4-operationalization,research-program
S000748,02_WORKSPACE_SNAPSHOT/Towow_A2A_Independent_Research_v0.4/roadmap/01_下一阶段研究程序.md,f49dd8cee7a730e56e18e230c25af88f12dceee104dfcc27a20ab9ddfe4d8f11,3,B2. 统一实验判据,63,77,v0.4-operationalization,research-program
S000749,02_WORKSPACE_SNAPSHOT/Towow_A2A_Independent_Research_v0.4/roadmap/01_下一阶段研究程序.md,f49dd8cee7a730e56e18e230c25af88f12dceee104dfcc27a20ab9ddfe4d8f11,3,B3. 不再追求无目的大样本,78,88,v0.4-operationalization,research-program
S000750,02_WORKSPACE_SNAPSHOT/Towow_A2A_Independent_Research_v0.4/roadmap/01_下一阶段研究程序.md,f49dd8cee7a730e56e18e230c25af88f12dceee104dfcc27a20ab9ddfe4d8f11,2,研究流 C：Fieldkit 与最小内核,89,125,v0.4-operationalization,research-program
S000751,02_WORKSPACE_SNAPSHOT/Towow_A2A_Independent_Research_v0.4/roadmap/01_下一阶段研究程序.md,f49dd8cee7a730e56e18e230c25af88f12dceee104dfcc27a20ab9ddfe4d8f11,3,C1. v0.4 当前能力,91,104,v0.4-operationalization,research-program
S000752,02_WORKSPACE_SNAPSHOT/Towow_A2A_Independent_Research_v0.4/roadmap/01_下一阶段研究程序.md,f49dd8cee7a730e56e18e230c25af88f12dceee104dfcc27a20ab9ddfe4d8f11,3,C2. R7 前必须补齐,105,116,v0.4-operationalization,research-program
S000753,02_WORKSPACE_SNAPSHOT/Towow_A2A_Independent_Research_v0.4/roadmap/01_下一阶段研究程序.md,f49dd8cee7a730e56e18e230c25af88f12dceee104dfcc27a20ab9ddfe4d8f11,3,C3. 不进入首版内核,117,125,v0.4-operationalization,research-program
S000754,02_WORKSPACE_SNAPSHOT/Towow_A2A_Independent_Research_v0.4/roadmap/01_下一阶段研究程序.md,f49dd8cee7a730e56e18e230c25af88f12dceee104dfcc27a20ab9ddfe4d8f11,2,研究流 D：真实 Principal 实验,126,184,v0.4-operationalization,research-program
S000755,02_WORKSPACE_SNAPSHOT/Towow_A2A_Independent_Research_v0.4/roadmap/01_下一阶段研究程序.md,f49dd8cee7a730e56e18e230c25af88f12dceee104dfcc27a20ab9ddfe4d8f11,3,D0. 资源准备,128,146,v0.4-operationalization,research-program
S000756,02_WORKSPACE_SNAPSHOT/Towow_A2A_Independent_Research_v0.4/roadmap/01_下一阶段研究程序.md,f49dd8cee7a730e56e18e230c25af88f12dceee104dfcc27a20ab9ddfe4d8f11,3,D1. R7-0 历史校准,147,158,v0.4-operationalization,research-program
S000757,02_WORKSPACE_SNAPSHOT/Towow_A2A_Independent_Research_v0.4/roadmap/01_下一阶段研究程序.md,f49dd8cee7a730e56e18e230c25af88f12dceee104dfcc27a20ab9ddfe4d8f11,3,D2. R7-A 两例 live feasibility,159,171,v0.4-operationalization,research-program
S000758,02_WORKSPACE_SNAPSHOT/Towow_A2A_Independent_Research_v0.4/roadmap/01_下一阶段研究程序.md,f49dd8cee7a730e56e18e230c25af88f12dceee104dfcc27a20ab9ddfe4d8f11,3,D3. R7-B 探索性比较,172,184,v0.4-operationalization,research-program
S000759,02_WORKSPACE_SNAPSHOT/Towow_A2A_Independent_Research_v0.4/roadmap/01_下一阶段研究程序.md,f49dd8cee7a730e56e18e230c25af88f12dceee104dfcc27a20ab9ddfe4d8f11,2,研究流 E：系统设计与产品边界,185,235,v0.4-operationalization,research-program
S000760,02_WORKSPACE_SNAPSHOT/Towow_A2A_Independent_Research_v0.4/roadmap/01_下一阶段研究程序.md,f49dd8cee7a730e56e18e230c25af88f12dceee104dfcc27a20ab9ddfe4d8f11,3,E1. CollapseSafe Router,187,209,v0.4-operationalization,research-program
S000761,02_WORKSPACE_SNAPSHOT/Towow_A2A_Independent_Research_v0.4/roadmap/01_下一阶段研究程序.md,f49dd8cee7a730e56e18e230c25af88f12dceee104dfcc27a20ab9ddfe4d8f11,3,E2. Formation Compiler,210,222,v0.4-operationalization,research-program
S000762,02_WORKSPACE_SNAPSHOT/Towow_A2A_Independent_Research_v0.4/roadmap/01_下一阶段研究程序.md,f49dd8cee7a730e56e18e230c25af88f12dceee104dfcc27a20ab9ddfe4d8f11,3,E3. 主权不等于无中心,223,235,v0.4-operationalization,research-program
S000763,02_WORKSPACE_SNAPSHOT/Towow_A2A_Independent_Research_v0.4/roadmap/01_下一阶段研究程序.md,f49dd8cee7a730e56e18e230c25af88f12dceee104dfcc27a20ab9ddfe4d8f11,2,研究流 F：论文与成果结构,236,264,v0.4-operationalization,research-program
S000764,02_WORKSPACE_SNAPSHOT/Towow_A2A_Independent_Research_v0.4/roadmap/01_下一阶段研究程序.md,f49dd8cee7a730e56e18e230c25af88f12dceee104dfcc27a20ab9ddfe4d8f11,3,论文 1：理论与系统,240,247,v0.4-operationalization,research-program
S000765,02_WORKSPACE_SNAPSHOT/Towow_A2A_Independent_Research_v0.4/roadmap/01_下一阶段研究程序.md,f49dd8cee7a730e56e18e230c25af88f12dceee104dfcc27a20ab9ddfe4d8f11,3,论文 2：实证与机制,248,255,v0.4-operationalization,research-program
S000766,02_WORKSPACE_SNAPSHOT/Towow_A2A_Independent_Research_v0.4/roadmap/01_下一阶段研究程序.md,f49dd8cee7a730e56e18e230c25af88f12dceee104dfcc27a20ab9ddfe4d8f11,3,规范与开源产物,256,264,v0.4-operationalization,research-program
S000767,02_WORKSPACE_SNAPSHOT/Towow_A2A_Independent_Research_v0.4/roadmap/01_下一阶段研究程序.md,f49dd8cee7a730e56e18e230c25af88f12dceee104dfcc27a20ab9ddfe4d8f11,2,未来十二个最重要的判别问题,265,279,v0.4-operationalization,research-program
S000768,02_WORKSPACE_SNAPSHOT/Towow_A2A_Independent_Research_v0.4/roadmap/01_下一阶段研究程序.md,f49dd8cee7a730e56e18e230c25af88f12dceee104dfcc27a20ab9ddfe4d8f11,2,当前优先次序,280,291,v0.4-operationalization,research-program
S000769,02_WORKSPACE_SNAPSHOT/Towow_A2A_Independent_Research_v0.4/spec/01_最小协议内核_v0.4.md,8ce9bf2bb9f9036f984396ed37b16fddc07b829626deb487ec9d1f26eb073154,1,通爻最小协议内核 v0.4,1,241,v0.4-operationalization,specification-or-protocol
S000770,02_WORKSPACE_SNAPSHOT/Towow_A2A_Independent_Research_v0.4/spec/01_最小协议内核_v0.4.md,8ce9bf2bb9f9036f984396ed37b16fddc07b829626deb487ec9d1f26eb073154,2,1. 六类 aggregate root,5,116,v0.4-operationalization,specification-or-protocol
S000771,02_WORKSPACE_SNAPSHOT/Towow_A2A_Independent_Research_v0.4/spec/01_最小协议内核_v0.4.md,8ce9bf2bb9f9036f984396ed37b16fddc07b829626deb487ec9d1f26eb073154,3,1.1 Entity,7,23,v0.4-operationalization,specification-or-protocol
S000772,02_WORKSPACE_SNAPSHOT/Towow_A2A_Independent_Research_v0.4/spec/01_最小协议内核_v0.4.md,8ce9bf2bb9f9036f984396ed37b16fddc07b829626deb487ec9d1f26eb073154,3,1.2 Mandate,24,41,v0.4-operationalization,specification-or-protocol
S000773,02_WORKSPACE_SNAPSHOT/Towow_A2A_Independent_Research_v0.4/spec/01_最小协议内核_v0.4.md,8ce9bf2bb9f9036f984396ed37b16fddc07b829626deb487ec9d1f26eb073154,3,1.3 RelationVersion,42,62,v0.4-operationalization,specification-or-protocol
S000774,02_WORKSPACE_SNAPSHOT/Towow_A2A_Independent_Research_v0.4/spec/01_最小协议内核_v0.4.md,8ce9bf2bb9f9036f984396ed37b16fddc07b829626deb487ec9d1f26eb073154,3,1.4 Assertion,63,80,v0.4-operationalization,specification-or-protocol
S000775,02_WORKSPACE_SNAPSHOT/Towow_A2A_Independent_Research_v0.4/spec/01_最小协议内核_v0.4.md,8ce9bf2bb9f9036f984396ed37b16fddc07b829626deb487ec9d1f26eb073154,3,1.5 Commitment,81,99,v0.4-operationalization,specification-or-protocol
S000776,02_WORKSPACE_SNAPSHOT/Towow_A2A_Independent_Research_v0.4/spec/01_最小协议内核_v0.4.md,8ce9bf2bb9f9036f984396ed37b16fddc07b829626deb487ec9d1f26eb073154,3,1.6 Operation,100,116,v0.4-operationalization,specification-or-protocol
S000777,02_WORKSPACE_SNAPSHOT/Towow_A2A_Independent_Research_v0.4/spec/01_最小协议内核_v0.4.md,8ce9bf2bb9f9036f984396ed37b16fddc07b829626deb487ec9d1f26eb073154,2,2. EventEnvelope,117,134,v0.4-operationalization,specification-or-protocol
S000778,02_WORKSPACE_SNAPSHOT/Towow_A2A_Independent_Research_v0.4/spec/01_最小协议内核_v0.4.md,8ce9bf2bb9f9036f984396ed37b16fddc07b829626deb487ec9d1f26eb073154,2,3. Stance,135,159,v0.4-operationalization,specification-or-protocol
S000779,02_WORKSPACE_SNAPSHOT/Towow_A2A_Independent_Research_v0.4/spec/01_最小协议内核_v0.4.md,8ce9bf2bb9f9036f984396ed37b16fddc07b829626deb487ec9d1f26eb073154,2,4. Relation Schema,160,175,v0.4-operationalization,specification-or-protocol
S000780,02_WORKSPACE_SNAPSHOT/Towow_A2A_Independent_Research_v0.4/spec/01_最小协议内核_v0.4.md,8ce9bf2bb9f9036f984396ed37b16fddc07b829626deb487ec9d1f26eb073154,2,5. 共同可行动条件,176,193,v0.4-operationalization,specification-or-protocol
S000781,02_WORKSPACE_SNAPSHOT/Towow_A2A_Independent_Research_v0.4/spec/01_最小协议内核_v0.4.md,8ce9bf2bb9f9036f984396ed37b16fddc07b829626deb487ec9d1f26eb073154,2,6. 编译合同,194,205,v0.4-operationalization,specification-or-protocol
S000782,02_WORKSPACE_SNAPSHOT/Towow_A2A_Independent_Research_v0.4/spec/01_最小协议内核_v0.4.md,8ce9bf2bb9f9036f984396ed37b16fddc07b829626deb487ec9d1f26eb073154,2,7. 物化规则,206,220,v0.4-operationalization,specification-or-protocol
S000783,02_WORKSPACE_SNAPSHOT/Towow_A2A_Independent_Research_v0.4/spec/01_最小协议内核_v0.4.md,8ce9bf2bb9f9036f984396ed37b16fddc07b829626deb487ec9d1f26eb073154,2,8. 风险分级,221,234,v0.4-operationalization,specification-or-protocol
S000784,02_WORKSPACE_SNAPSHOT/Towow_A2A_Independent_Research_v0.4/spec/01_最小协议内核_v0.4.md,8ce9bf2bb9f9036f984396ed37b16fddc07b829626deb487ec9d1f26eb073154,3,低风险,223,226,v0.4-operationalization,specification-or-protocol
S000785,02_WORKSPACE_SNAPSHOT/Towow_A2A_Independent_Research_v0.4/spec/01_最小协议内核_v0.4.md,8ce9bf2bb9f9036f984396ed37b16fddc07b829626deb487ec9d1f26eb073154,3,中风险,227,230,v0.4-operationalization,specification-or-protocol
S000786,02_WORKSPACE_SNAPSHOT/Towow_A2A_Independent_Research_v0.4/spec/01_最小协议内核_v0.4.md,8ce9bf2bb9f9036f984396ed37b16fddc07b829626deb487ec9d1f26eb073154,3,高风险,231,234,v0.4-operationalization,specification-or-protocol
S000787,02_WORKSPACE_SNAPSHOT/Towow_A2A_Independent_Research_v0.4/spec/01_最小协议内核_v0.4.md,8ce9bf2bb9f9036f984396ed37b16fddc07b829626deb487ec9d1f26eb073154,2,9. 兼容与演化,235,241,v0.4-operationalization,specification-or-protocol
S000788,02_WORKSPACE_SNAPSHOT/Towow_A2A_Independent_Research_v0.4/theory/01_统一理论重建_v0.4.md,c29dc4212e5e8bedb59098d4381b39a84f39be8e65b9f11d55795e3ccf75e1b6,1,通爻 A2A 统一理论重建 v0.4,1,491,v0.4-operationalization,theory
S000789,02_WORKSPACE_SNAPSHOT/Towow_A2A_Independent_Research_v0.4/theory/01_统一理论重建_v0.4.md,c29dc4212e5e8bedb59098d4381b39a84f39be8e65b9f11d55795e3ccf75e1b6,2,摘要,6,19,v0.4-operationalization,theory
S000790,02_WORKSPACE_SNAPSHOT/Towow_A2A_Independent_Research_v0.4/theory/01_统一理论重建_v0.4.md,c29dc4212e5e8bedb59098d4381b39a84f39be8e65b9f11d55795e3ccf75e1b6,2,1. 研究对象：不是 Agent 交流，而是关系怎样成为可行动事实,20,73,v0.4-operationalization,theory
S000791,02_WORKSPACE_SNAPSHOT/Towow_A2A_Independent_Research_v0.4/theory/01_统一理论重建_v0.4.md,c29dc4212e5e8bedb59098d4381b39a84f39be8e65b9f11d55795e3ccf75e1b6,3,1.1 互操作、协调与构成,49,58,v0.4-operationalization,theory
S000792,02_WORKSPACE_SNAPSHOT/Towow_A2A_Independent_Research_v0.4/theory/01_统一理论重建_v0.4.md,c29dc4212e5e8bedb59098d4381b39a84f39be8e65b9f11d55795e3ccf75e1b6,3,1.2 共同现实不是共享全部世界,59,73,v0.4-operationalization,theory
S000793,02_WORKSPACE_SNAPSHOT/Towow_A2A_Independent_Research_v0.4/theory/01_统一理论重建_v0.4.md,c29dc4212e5e8bedb59098d4381b39a84f39be8e65b9f11d55795e3ccf75e1b6,2,2. Agent Entity：可归因的实体包络，而不是单一模型,74,130,v0.4-operationalization,theory
S000794,02_WORKSPACE_SNAPSHOT/Towow_A2A_Independent_Research_v0.4/theory/01_统一理论重建_v0.4.md,c29dc4212e5e8bedb59098d4381b39a84f39be8e65b9f11d55795e3ccf75e1b6,3,2.1 四个正交轴,76,88,v0.4-operationalization,theory
S000795,02_WORKSPACE_SNAPSHOT/Towow_A2A_Independent_Research_v0.4/theory/01_统一理论重建_v0.4.md,c29dc4212e5e8bedb59098d4381b39a84f39be8e65b9f11d55795e3ccf75e1b6,3,2.2 Entity、Principal、Authority Locus 与 Execution,89,99,v0.4-operationalization,theory
S000796,02_WORKSPACE_SNAPSHOT/Towow_A2A_Independent_Research_v0.4/theory/01_统一理论重建_v0.4.md,c29dc4212e5e8bedb59098d4381b39a84f39be8e65b9f11d55795e3ccf75e1b6,3,2.3 最小外部契约,100,114,v0.4-operationalization,theory
S000797,02_WORKSPACE_SNAPSHOT/Towow_A2A_Independent_Research_v0.4/theory/01_统一理论重建_v0.4.md,c29dc4212e5e8bedb59098d4381b39a84f39be8e65b9f11d55795e3ccf75e1b6,3,2.4 人不会被完全数字化,115,130,v0.4-operationalization,theory
S000798,02_WORKSPACE_SNAPSHOT/Towow_A2A_Independent_Research_v0.4/theory/01_统一理论重建_v0.4.md,c29dc4212e5e8bedb59098d4381b39a84f39be8e65b9f11d55795e3ccf75e1b6,2,3. 共同可行动关系的最小状态,131,182,v0.4-operationalization,theory
S000799,02_WORKSPACE_SNAPSHOT/Towow_A2A_Independent_Research_v0.4/theory/01_统一理论重建_v0.4.md,c29dc4212e5e8bedb59098d4381b39a84f39be8e65b9f11d55795e3ccf75e1b6,3,3.1 共同可行动谓词,147,164,v0.4-operationalization,theory
S000800,02_WORKSPACE_SNAPSHOT/Towow_A2A_Independent_Research_v0.4/theory/01_统一理论重建_v0.4.md,c29dc4212e5e8bedb59098d4381b39a84f39be8e65b9f11d55795e3ccf75e1b6,3,3.2 合法处置不是只有成交,165,182,v0.4-operationalization,theory
S000801,02_WORKSPACE_SNAPSHOT/Towow_A2A_Independent_Research_v0.4/theory/01_统一理论重建_v0.4.md,c29dc4212e5e8bedb59098d4381b39a84f39be8e65b9f11d55795e3ccf75e1b6,2,4. 关系模式：把“关系语法”从解释词压成可执行对象,183,210,v0.4-operationalization,theory
S000802,02_WORKSPACE_SNAPSHOT/Towow_A2A_Independent_Research_v0.4/theory/01_统一理论重建_v0.4.md,c29dc4212e5e8bedb59098d4381b39a84f39be8e65b9f11d55795e3ccf75e1b6,2,5. 三个耦合过程,211,253,v0.4-operationalization,theory
S000803,02_WORKSPACE_SNAPSHOT/Towow_A2A_Independent_Research_v0.4/theory/01_统一理论重建_v0.4.md,c29dc4212e5e8bedb59098d4381b39a84f39be8e65b9f11d55795e3ccf75e1b6,3,5.1 可能性构成,213,224,v0.4-operationalization,theory
S000804,02_WORKSPACE_SNAPSHOT/Towow_A2A_Independent_Research_v0.4/theory/01_统一理论重建_v0.4.md,c29dc4212e5e8bedb59098d4381b39a84f39be8e65b9f11d55795e3ccf75e1b6,3,5.2 权威形成,225,236,v0.4-operationalization,theory
S000805,02_WORKSPACE_SNAPSHOT/Towow_A2A_Independent_Research_v0.4/theory/01_统一理论重建_v0.4.md,c29dc4212e5e8bedb59098d4381b39a84f39be8e65b9f11d55795e3ccf75e1b6,3,5.3 现实效力,237,253,v0.4-operationalization,theory
S000806,02_WORKSPACE_SNAPSHOT/Towow_A2A_Independent_Research_v0.4/theory/01_统一理论重建_v0.4.md,c29dc4212e5e8bedb59098d4381b39a84f39be8e65b9f11d55795e3ccf75e1b6,2,6. 什么才算真正形成了新能力或新关系,254,281,v0.4-operationalization,theory
S000807,02_WORKSPACE_SNAPSHOT/Towow_A2A_Independent_Research_v0.4/theory/01_统一理论重建_v0.4.md,c29dc4212e5e8bedb59098d4381b39a84f39be8e65b9f11d55795e3ccf75e1b6,2,7. 中心化与 A2A：权威拓扑而非网络拓扑,282,312,v0.4-operationalization,theory
S000808,02_WORKSPACE_SNAPSHOT/Towow_A2A_Independent_Research_v0.4/theory/01_统一理论重建_v0.4.md,c29dc4212e5e8bedb59098d4381b39a84f39be8e65b9f11d55795e3ccf75e1b6,2,8. 数据流动意味着新数据、权利和责任的产生,313,334,v0.4-operationalization,theory
S000809,02_WORKSPACE_SNAPSHOT/Towow_A2A_Independent_Research_v0.4/theory/01_统一理论重建_v0.4.md,c29dc4212e5e8bedb59098d4381b39a84f39be8e65b9f11d55795e3ccf75e1b6,2,9. 形成、编译、运行与局部重开,335,381,v0.4-operationalization,theory
S000810,02_WORKSPACE_SNAPSHOT/Towow_A2A_Independent_Research_v0.4/theory/01_统一理论重建_v0.4.md,c29dc4212e5e8bedb59098d4381b39a84f39be8e65b9f11d55795e3ccf75e1b6,3,9.1 为什么不是一次性二阶段,337,348,v0.4-operationalization,theory
S000811,02_WORKSPACE_SNAPSHOT/Towow_A2A_Independent_Research_v0.4/theory/01_统一理论重建_v0.4.md,c29dc4212e5e8bedb59098d4381b39a84f39be8e65b9f11d55795e3ccf75e1b6,3,9.2 编译的含义,349,363,v0.4-operationalization,theory
S000812,02_WORKSPACE_SNAPSHOT/Towow_A2A_Independent_Research_v0.4/theory/01_统一理论重建_v0.4.md,c29dc4212e5e8bedb59098d4381b39a84f39be8e65b9f11d55795e3ccf75e1b6,3,9.3 编译就绪条件,364,375,v0.4-operationalization,theory
S000813,02_WORKSPACE_SNAPSHOT/Towow_A2A_Independent_Research_v0.4/theory/01_统一理论重建_v0.4.md,c29dc4212e5e8bedb59098d4381b39a84f39be8e65b9f11d55795e3ccf75e1b6,3,9.4 局部重开,376,381,v0.4-operationalization,theory
S000814,02_WORKSPACE_SNAPSHOT/Towow_A2A_Independent_Research_v0.4/theory/01_统一理论重建_v0.4.md,c29dc4212e5e8bedb59098d4381b39a84f39be8e65b9f11d55795e3ccf75e1b6,2,10. “真实”作为系统目标,382,413,v0.4-operationalization,theory
S000815,02_WORKSPACE_SNAPSHOT/Towow_A2A_Independent_Research_v0.4/theory/01_统一理论重建_v0.4.md,c29dc4212e5e8bedb59098d4381b39a84f39be8e65b9f11d55795e3ccf75e1b6,3,10.1 稳定处置保真,384,396,v0.4-operationalization,theory
S000816,02_WORKSPACE_SNAPSHOT/Towow_A2A_Independent_Research_v0.4/theory/01_统一理论重建_v0.4.md,c29dc4212e5e8bedb59098d4381b39a84f39be8e65b9f11d55795e3ccf75e1b6,3,10.2 净协调剩余,397,413,v0.4-operationalization,theory
S000817,02_WORKSPACE_SNAPSHOT/Towow_A2A_Independent_Research_v0.4/theory/01_统一理论重建_v0.4.md,c29dc4212e5e8bedb59098d4381b39a84f39be8e65b9f11d55795e3ccf75e1b6,2,11. 最小协议内核与历史概念归位,414,442,v0.4-operationalization,theory
S000818,02_WORKSPACE_SNAPSHOT/Towow_A2A_Independent_Research_v0.4/theory/01_统一理论重建_v0.4.md,c29dc4212e5e8bedb59098d4381b39a84f39be8e65b9f11d55795e3ccf75e1b6,2,12. 当前证据与不能推出的内容,443,468,v0.4-operationalization,theory
S000819,02_WORKSPACE_SNAPSHOT/Towow_A2A_Independent_Research_v0.4/theory/01_统一理论重建_v0.4.md,c29dc4212e5e8bedb59098d4381b39a84f39be8e65b9f11d55795e3ccf75e1b6,3,相对稳定,445,452,v0.4-operationalization,theory
S000820,02_WORKSPACE_SNAPSHOT/Towow_A2A_Independent_Research_v0.4/theory/01_统一理论重建_v0.4.md,c29dc4212e5e8bedb59098d4381b39a84f39be8e65b9f11d55795e3ccf75e1b6,3,局部支持,453,458,v0.4-operationalization,theory
S000821,02_WORKSPACE_SNAPSHOT/Towow_A2A_Independent_Research_v0.4/theory/01_统一理论重建_v0.4.md,c29dc4212e5e8bedb59098d4381b39a84f39be8e65b9f11d55795e3ccf75e1b6,3,尚未证明,459,468,v0.4-operationalization,theory
S000822,02_WORKSPACE_SNAPSHOT/Towow_A2A_Independent_Research_v0.4/theory/01_统一理论重建_v0.4.md,c29dc4212e5e8bedb59098d4381b39a84f39be8e65b9f11d55795e3ccf75e1b6,2,13. 该理论怎样被反驳,469,484,v0.4-operationalization,theory
S000823,02_WORKSPACE_SNAPSHOT/Towow_A2A_Independent_Research_v0.4/theory/01_统一理论重建_v0.4.md,c29dc4212e5e8bedb59098d4381b39a84f39be8e65b9f11d55795e3ccf75e1b6,2,14. 当前统一判断,485,491,v0.4-operationalization,theory
S000824,02_WORKSPACE_SNAPSHOT/Towow_A2A_Independent_Research_v0.4/theory/02_关系模式操作化_v0.4.md,67fb11d5150a706e4935e9fe7a351e3d4095ff4645553d2c066faf4bd4062d63,1,Relation Schema（关系模式）操作化规范 v0.4,1,436,v0.4-operationalization,theory
S000825,02_WORKSPACE_SNAPSHOT/Towow_A2A_Independent_Research_v0.4/theory/02_关系模式操作化_v0.4.md,67fb11d5150a706e4935e9fe7a351e3d4095ff4645553d2c066faf4bd4062d63,2,0. 目的,3,15,v0.4-operationalization,theory
S000826,02_WORKSPACE_SNAPSHOT/Towow_A2A_Independent_Research_v0.4/theory/02_关系模式操作化_v0.4.md,67fb11d5150a706e4935e9fe7a351e3d4095ff4645553d2c066faf4bd4062d63,2,1. 定义,16,53,v0.4-operationalization,theory
S000827,02_WORKSPACE_SNAPSHOT/Towow_A2A_Independent_Research_v0.4/theory/02_关系模式操作化_v0.4.md,67fb11d5150a706e4935e9fe7a351e3d4095ff4645553d2c066faf4bd4062d63,3,`R`：Roles and topology,24,27,v0.4-operationalization,theory
S000828,02_WORKSPACE_SNAPSHOT/Towow_A2A_Independent_Research_v0.4/theory/02_关系模式操作化_v0.4.md,67fb11d5150a706e4935e9fe7a351e3d4095ff4645553d2c066faf4bd4062d63,3,`V`：Vocabulary,28,31,v0.4-operationalization,theory
S000829,02_WORKSPACE_SNAPSHOT/Towow_A2A_Independent_Research_v0.4/theory/02_关系模式操作化_v0.4.md,67fb11d5150a706e4935e9fe7a351e3d4095ff4645553d2c066faf4bd4062d63,3,`T`：Transitions,32,35,v0.4-operationalization,theory
S000830,02_WORKSPACE_SNAPSHOT/Towow_A2A_Independent_Research_v0.4/theory/02_关系模式操作化_v0.4.md,67fb11d5150a706e4935e9fe7a351e3d4095ff4645553d2c066faf4bd4062d63,3,`A`：Authority semantics,36,39,v0.4-operationalization,theory
S000831,02_WORKSPACE_SNAPSHOT/Towow_A2A_Independent_Research_v0.4/theory/02_关系模式操作化_v0.4.md,67fb11d5150a706e4935e9fe7a351e3d4095ff4645553d2c066faf4bd4062d63,3,`E`：Evidence and effect semantics,40,43,v0.4-operationalization,theory
S000832,02_WORKSPACE_SNAPSHOT/Towow_A2A_Independent_Research_v0.4/theory/02_关系模式操作化_v0.4.md,67fb11d5150a706e4935e9fe7a351e3d4095ff4645553d2c066faf4bd4062d63,3,`D`：Data semantics,44,47,v0.4-operationalization,theory
S000833,02_WORKSPACE_SNAPSHOT/Towow_A2A_Independent_Research_v0.4/theory/02_关系模式操作化_v0.4.md,67fb11d5150a706e4935e9fe7a351e3d4095ff4645553d2c066faf4bd4062d63,3,`O`：Outcome semantics,48,53,v0.4-operationalization,theory
S000834,02_WORKSPACE_SNAPSHOT/Towow_A2A_Independent_Research_v0.4/theory/02_关系模式操作化_v0.4.md,67fb11d5150a706e4935e9fe7a351e3d4095ff4645553d2c066faf4bd4062d63,2,2. 模式与实例,54,127,v0.4-operationalization,theory
S000835,02_WORKSPACE_SNAPSHOT/Towow_A2A_Independent_Research_v0.4/theory/02_关系模式操作化_v0.4.md,67fb11d5150a706e4935e9fe7a351e3d4095ff4645553d2c066faf4bd4062d63,3,2.1 参数变化,70,88,v0.4-operationalization,theory
S000836,02_WORKSPACE_SNAPSHOT/Towow_A2A_Independent_Research_v0.4/theory/02_关系模式操作化_v0.4.md,67fb11d5150a706e4935e9fe7a351e3d4095ff4645553d2c066faf4bd4062d63,3,2.2 非实质模式变化,89,99,v0.4-operationalization,theory
S000837,02_WORKSPACE_SNAPSHOT/Towow_A2A_Independent_Research_v0.4/theory/02_关系模式操作化_v0.4.md,67fb11d5150a706e4935e9fe7a351e3d4095ff4645553d2c066faf4bd4062d63,3,2.3 实质模式变化,100,127,v0.4-operationalization,theory
S000838,02_WORKSPACE_SNAPSHOT/Towow_A2A_Independent_Research_v0.4/theory/02_关系模式操作化_v0.4.md,67fb11d5150a706e4935e9fe7a351e3d4095ff4645553d2c066faf4bd4062d63,2,3. 形式判据,128,180,v0.4-operationalization,theory
S000839,02_WORKSPACE_SNAPSHOT/Towow_A2A_Independent_Research_v0.4/theory/02_关系模式操作化_v0.4.md,67fb11d5150a706e4935e9fe7a351e3d4095ff4645553d2c066faf4bd4062d63,3,3.1 为什么不能只比较 JSON diff,153,165,v0.4-operationalization,theory
S000840,02_WORKSPACE_SNAPSHOT/Towow_A2A_Independent_Research_v0.4/theory/02_关系模式操作化_v0.4.md,67fb11d5150a706e4935e9fe7a351e3d4095ff4645553d2c066faf4bd4062d63,3,3.2 为什么也不能只看状态机,166,180,v0.4-operationalization,theory
S000841,02_WORKSPACE_SNAPSHOT/Towow_A2A_Independent_Research_v0.4/theory/02_关系模式操作化_v0.4.md,67fb11d5150a706e4935e9fe7a351e3d4095ff4645553d2c066faf4bd4062d63,2,4. Materiality 决策流程,181,239,v0.4-operationalization,theory
S000842,02_WORKSPACE_SNAPSHOT/Towow_A2A_Independent_Research_v0.4/theory/02_关系模式操作化_v0.4.md,67fb11d5150a706e4935e9fe7a351e3d4095ff4645553d2c066faf4bd4062d63,3,Step 1：定位变化,183,186,v0.4-operationalization,theory
S000843,02_WORKSPACE_SNAPSHOT/Towow_A2A_Independent_Research_v0.4/theory/02_关系模式操作化_v0.4.md,67fb11d5150a706e4935e9fe7a351e3d4095ff4645553d2c066faf4bd4062d63,3,Step 2：计算当前可达依赖,187,190,v0.4-operationalization,theory
S000844,02_WORKSPACE_SNAPSHOT/Towow_A2A_Independent_Research_v0.4/theory/02_关系模式操作化_v0.4.md,67fb11d5150a706e4935e9fe7a351e3d4095ff4645553d2c066faf4bd4062d63,3,Step 3：类型化差异,191,202,v0.4-operationalization,theory
S000845,02_WORKSPACE_SNAPSHOT/Towow_A2A_Independent_Research_v0.4/theory/02_关系模式操作化_v0.4.md,67fb11d5150a706e4935e9fe7a351e3d4095ff4645553d2c066faf4bd4062d63,3,Step 4：风险与权威门,203,222,v0.4-operationalization,theory
S000846,02_WORKSPACE_SNAPSHOT/Towow_A2A_Independent_Research_v0.4/theory/02_关系模式操作化_v0.4.md,67fb11d5150a706e4935e9fe7a351e3d4095ff4645553d2c066faf4bd4062d63,3,Step 5：生成 ReopenPlan,223,239,v0.4-operationalization,theory
S000847,02_WORKSPACE_SNAPSHOT/Towow_A2A_Independent_Research_v0.4/theory/02_关系模式操作化_v0.4.md,67fb11d5150a706e4935e9fe7a351e3d4095ff4645553d2c066faf4bd4062d63,2,5. 怎样判断模式稳定,240,285,v0.4-operationalization,theory
S000848,02_WORKSPACE_SNAPSHOT/Towow_A2A_Independent_Research_v0.4/theory/02_关系模式操作化_v0.4.md,67fb11d5150a706e4935e9fe7a351e3d4095ff4645553d2c066faf4bd4062d63,3,5.1 局部稳定条件,244,258,v0.4-operationalization,theory
S000849,02_WORKSPACE_SNAPSHOT/Towow_A2A_Independent_Research_v0.4/theory/02_关系模式操作化_v0.4.md,67fb11d5150a706e4935e9fe7a351e3d4095ff4645553d2c066faf4bd4062d63,3,5.2 稳定度不是单一分数,259,269,v0.4-operationalization,theory
S000850,02_WORKSPACE_SNAPSHOT/Towow_A2A_Independent_Research_v0.4/theory/02_关系模式操作化_v0.4.md,67fb11d5150a706e4935e9fe7a351e3d4095ff4645553d2c066faf4bd4062d63,3,5.3 稳定的时间边界,270,285,v0.4-operationalization,theory
S000851,02_WORKSPACE_SNAPSHOT/Towow_A2A_Independent_Research_v0.4/theory/02_关系模式操作化_v0.4.md,67fb11d5150a706e4935e9fe7a351e3d4095ff4645553d2c066faf4bd4062d63,2,6. 怎样编译为实际运行机制,286,340,v0.4-operationalization,theory
S000852,02_WORKSPACE_SNAPSHOT/Towow_A2A_Independent_Research_v0.4/theory/02_关系模式操作化_v0.4.md,67fb11d5150a706e4935e9fe7a351e3d4095ff4645553d2c066faf4bd4062d63,3,6.1 编译输入,288,298,v0.4-operationalization,theory
S000853,02_WORKSPACE_SNAPSHOT/Towow_A2A_Independent_Research_v0.4/theory/02_关系模式操作化_v0.4.md,67fb11d5150a706e4935e9fe7a351e3d4095ff4645553d2c066faf4bd4062d63,3,6.2 编译输出,299,311,v0.4-operationalization,theory
S000854,02_WORKSPACE_SNAPSHOT/Towow_A2A_Independent_Research_v0.4/theory/02_关系模式操作化_v0.4.md,67fb11d5150a706e4935e9fe7a351e3d4095ff4645553d2c066faf4bd4062d63,3,6.3 编译不变量,312,328,v0.4-operationalization,theory
S000855,02_WORKSPACE_SNAPSHOT/Towow_A2A_Independent_Research_v0.4/theory/02_关系模式操作化_v0.4.md,67fb11d5150a706e4935e9fe7a351e3d4095ff4645553d2c066faf4bd4062d63,3,6.4 最小权限,329,340,v0.4-operationalization,theory
S000856,02_WORKSPACE_SNAPSHOT/Towow_A2A_Independent_Research_v0.4/theory/02_关系模式操作化_v0.4.md,67fb11d5150a706e4935e9fe7a351e3d4095ff4645553d2c066faf4bd4062d63,2,7. Reopen 规则,341,377,v0.4-operationalization,theory
S000857,02_WORKSPACE_SNAPSHOT/Towow_A2A_Independent_Research_v0.4/theory/02_关系模式操作化_v0.4.md,67fb11d5150a706e4935e9fe7a351e3d4095ff4645553d2c066faf4bd4062d63,3,7.1 触发器,343,354,v0.4-operationalization,theory
S000858,02_WORKSPACE_SNAPSHOT/Towow_A2A_Independent_Research_v0.4/theory/02_关系模式操作化_v0.4.md,67fb11d5150a706e4935e9fe7a351e3d4095ff4645553d2c066faf4bd4062d63,3,7.2 局部影响闭包,355,371,v0.4-operationalization,theory
S000859,02_WORKSPACE_SNAPSHOT/Towow_A2A_Independent_Research_v0.4/theory/02_关系模式操作化_v0.4.md,67fb11d5150a706e4935e9fe7a351e3d4095ff4645553d2c066faf4bd4062d63,3,7.3 Reopen 不是回滚历史,372,377,v0.4-operationalization,theory
S000860,02_WORKSPACE_SNAPSHOT/Towow_A2A_Independent_Research_v0.4/theory/02_关系模式操作化_v0.4.md,67fb11d5150a706e4935e9fe7a351e3d4095ff4645553d2c066faf4bd4062d63,2,8. 示例,378,411,v0.4-operationalization,theory
S000861,02_WORKSPACE_SNAPSHOT/Towow_A2A_Independent_Research_v0.4/theory/02_关系模式操作化_v0.4.md,67fb11d5150a706e4935e9fe7a351e3d4095ff4645553d2c066faf4bd4062d63,3,示例 A：价格变化,380,385,v0.4-operationalization,theory
S000862,02_WORKSPACE_SNAPSHOT/Towow_A2A_Independent_Research_v0.4/theory/02_关系模式操作化_v0.4.md,67fb11d5150a706e4935e9fe7a351e3d4095ff4645553d2c066faf4bd4062d63,3,示例 B：允许训练,386,391,v0.4-operationalization,theory
S000863,02_WORKSPACE_SNAPSHOT/Towow_A2A_Independent_Research_v0.4/theory/02_关系模式操作化_v0.4.md,67fb11d5150a706e4935e9fe7a351e3d4095ff4645553d2c066faf4bd4062d63,3,示例 C：新增不可达归档动作,392,397,v0.4-operationalization,theory
S000864,02_WORKSPACE_SNAPSHOT/Towow_A2A_Independent_Research_v0.4/theory/02_关系模式操作化_v0.4.md,67fb11d5150a706e4935e9fe7a351e3d4095ff4645553d2c066faf4bd4062d63,3,示例 D：服务方日志替代客户 readback,398,403,v0.4-operationalization,theory
S000865,02_WORKSPACE_SNAPSHOT/Towow_A2A_Independent_Research_v0.4/theory/02_关系模式操作化_v0.4.md,67fb11d5150a706e4935e9fe7a351e3d4095ff4645553d2c066faf4bd4062d63,3,示例 E：模型升级,404,411,v0.4-operationalization,theory
S000866,02_WORKSPACE_SNAPSHOT/Towow_A2A_Independent_Research_v0.4/theory/02_关系模式操作化_v0.4.md,67fb11d5150a706e4935e9fe7a351e3d4095ff4645553d2c066faf4bd4062d63,2,9. 当前实现,412,424,v0.4-operationalization,theory
S000867,02_WORKSPACE_SNAPSHOT/Towow_A2A_Independent_Research_v0.4/theory/02_关系模式操作化_v0.4.md,67fb11d5150a706e4935e9fe7a351e3d4095ff4645553d2c066faf4bd4062d63,2,10. 停止概念膨胀的约束,425,436,v0.4-operationalization,theory
S000868,02_WORKSPACE_SNAPSHOT/Towow_A2A_Independent_Research_v0.4/theory/03_最小本体与概念收敛_v0.4.md,82f063338a2cc2eec7aa2858d6d85e74d857af449feb6f90ebcca65c8a7a1694,1,最小本体与概念收敛 v0.4,1,323,v0.4-operationalization,theory
S000869,02_WORKSPACE_SNAPSHOT/Towow_A2A_Independent_Research_v0.4/theory/03_最小本体与概念收敛_v0.4.md,82f063338a2cc2eec7aa2858d6d85e74d857af449feb6f90ebcca65c8a7a1694,2,1. 为什么现在必须收敛,3,17,v0.4-operationalization,theory
S000870,02_WORKSPACE_SNAPSHOT/Towow_A2A_Independent_Research_v0.4/theory/03_最小本体与概念收敛_v0.4.md,82f063338a2cc2eec7aa2858d6d85e74d857af449feb6f90ebcca65c8a7a1694,2,2. 顶层对象准入测试,18,35,v0.4-operationalization,theory
S000871,02_WORKSPACE_SNAPSHOT/Towow_A2A_Independent_Research_v0.4/theory/03_最小本体与概念收敛_v0.4.md,82f063338a2cc2eec7aa2858d6d85e74d857af449feb6f90ebcca65c8a7a1694,2,3. 六类长期 aggregate root,36,107,v0.4-operationalization,theory
S000872,02_WORKSPACE_SNAPSHOT/Towow_A2A_Independent_Research_v0.4/theory/03_最小本体与概念收敛_v0.4.md,82f063338a2cc2eec7aa2858d6d85e74d857af449feb6f90ebcca65c8a7a1694,3,3.1 Entity,38,54,v0.4-operationalization,theory
S000873,02_WORKSPACE_SNAPSHOT/Towow_A2A_Independent_Research_v0.4/theory/03_最小本体与概念收敛_v0.4.md,82f063338a2cc2eec7aa2858d6d85e74d857af449feb6f90ebcca65c8a7a1694,3,3.2 Mandate,55,71,v0.4-operationalization,theory
S000874,02_WORKSPACE_SNAPSHOT/Towow_A2A_Independent_Research_v0.4/theory/03_最小本体与概念收敛_v0.4.md,82f063338a2cc2eec7aa2858d6d85e74d857af449feb6f90ebcca65c8a7a1694,3,3.3 RelationVersion,72,76,v0.4-operationalization,theory
S000875,02_WORKSPACE_SNAPSHOT/Towow_A2A_Independent_Research_v0.4/theory/03_最小本体与概念收敛_v0.4.md,82f063338a2cc2eec7aa2858d6d85e74d857af449feb6f90ebcca65c8a7a1694,3,3.4 Assertion,77,93,v0.4-operationalization,theory
S000876,02_WORKSPACE_SNAPSHOT/Towow_A2A_Independent_Research_v0.4/theory/03_最小本体与概念收敛_v0.4.md,82f063338a2cc2eec7aa2858d6d85e74d857af449feb6f90ebcca65c8a7a1694,3,3.5 Commitment,94,100,v0.4-operationalization,theory
S000877,02_WORKSPACE_SNAPSHOT/Towow_A2A_Independent_Research_v0.4/theory/03_最小本体与概念收敛_v0.4.md,82f063338a2cc2eec7aa2858d6d85e74d857af449feb6f90ebcca65c8a7a1694,3,3.6 Operation,101,107,v0.4-operationalization,theory
S000878,02_WORKSPACE_SNAPSHOT/Towow_A2A_Independent_Research_v0.4/theory/03_最小本体与概念收敛_v0.4.md,82f063338a2cc2eec7aa2858d6d85e74d857af449feb6f90ebcca65c8a7a1694,2,4. EventEnvelope 的位置,108,140,v0.4-operationalization,theory
S000879,02_WORKSPACE_SNAPSHOT/Towow_A2A_Independent_Research_v0.4/theory/03_最小本体与概念收敛_v0.4.md,82f063338a2cc2eec7aa2858d6d85e74d857af449feb6f90ebcca65c8a7a1694,2,5. 五个被点名概念的重新安置,141,196,v0.4-operationalization,theory
S000880,02_WORKSPACE_SNAPSHOT/Towow_A2A_Independent_Research_v0.4/theory/03_最小本体与概念收敛_v0.4.md,82f063338a2cc2eec7aa2858d6d85e74d857af449feb6f90ebcca65c8a7a1694,3,5.1 UsageGrant,143,155,v0.4-operationalization,theory
S000881,02_WORKSPACE_SNAPSHOT/Towow_A2A_Independent_Research_v0.4/theory/03_最小本体与概念收敛_v0.4.md,82f063338a2cc2eec7aa2858d6d85e74d857af449feb6f90ebcca65c8a7a1694,3,5.2 DataUseEvent,156,161,v0.4-operationalization,theory
S000882,02_WORKSPACE_SNAPSHOT/Towow_A2A_Independent_Research_v0.4/theory/03_最小本体与概念收敛_v0.4.md,82f063338a2cc2eec7aa2858d6d85e74d857af449feb6f90ebcca65c8a7a1694,3,5.3 DerivationRecord,162,175,v0.4-operationalization,theory
S000883,02_WORKSPACE_SNAPSHOT/Towow_A2A_Independent_Research_v0.4/theory/03_最小本体与概念收敛_v0.4.md,82f063338a2cc2eec7aa2858d6d85e74d857af449feb6f90ebcca65c8a7a1694,3,5.4 JointArtifactRights,176,188,v0.4-operationalization,theory
S000884,02_WORKSPACE_SNAPSHOT/Towow_A2A_Independent_Research_v0.4/theory/03_最小本体与概念收敛_v0.4.md,82f063338a2cc2eec7aa2858d6d85e74d857af449feb6f90ebcca65c8a7a1694,3,5.5 LearningUpdate,189,196,v0.4-operationalization,theory
S000885,02_WORKSPACE_SNAPSHOT/Towow_A2A_Independent_Research_v0.4/theory/03_最小本体与概念收敛_v0.4.md,82f063338a2cc2eec7aa2858d6d85e74d857af449feb6f90ebcca65c8a7a1694,2,6. 其他历史概念的层级,197,256,v0.4-operationalization,theory
S000886,02_WORKSPACE_SNAPSHOT/Towow_A2A_Independent_Research_v0.4/theory/03_最小本体与概念收敛_v0.4.md,82f063338a2cc2eec7aa2858d6d85e74d857af449feb6f90ebcca65c8a7a1694,3,6.1 顶层对象,199,209,v0.4-operationalization,theory
S000887,02_WORKSPACE_SNAPSHOT/Towow_A2A_Independent_Research_v0.4/theory/03_最小本体与概念收敛_v0.4.md,82f063338a2cc2eec7aa2858d6d85e74d857af449feb6f90ebcca65c8a7a1694,3,6.2 Stance 事件,210,225,v0.4-operationalization,theory
S000888,02_WORKSPACE_SNAPSHOT/Towow_A2A_Independent_Research_v0.4/theory/03_最小本体与概念收敛_v0.4.md,82f063338a2cc2eec7aa2858d6d85e74d857af449feb6f90ebcca65c8a7a1694,3,6.3 策略与过程,226,241,v0.4-operationalization,theory
S000889,02_WORKSPACE_SNAPSHOT/Towow_A2A_Independent_Research_v0.4/theory/03_最小本体与概念收敛_v0.4.md,82f063338a2cc2eec7aa2858d6d85e74d857af449feb6f90ebcca65c8a7a1694,3,6.4 派生视图,242,256,v0.4-operationalization,theory
S000890,02_WORKSPACE_SNAPSHOT/Towow_A2A_Independent_Research_v0.4/theory/03_最小本体与概念收敛_v0.4.md,82f063338a2cc2eec7aa2858d6d85e74d857af449feb6f90ebcca65c8a7a1694,2,7. 风险触发物化,257,286,v0.4-operationalization,theory
S000891,02_WORKSPACE_SNAPSHOT/Towow_A2A_Independent_Research_v0.4/theory/03_最小本体与概念收敛_v0.4.md,82f063338a2cc2eec7aa2858d6d85e74d857af449feb6f90ebcca65c8a7a1694,3,低风险、标准化,261,267,v0.4-operationalization,theory
S000892,02_WORKSPACE_SNAPSHOT/Towow_A2A_Independent_Research_v0.4/theory/03_最小本体与概念收敛_v0.4.md,82f063338a2cc2eec7aa2858d6d85e74d857af449feb6f90ebcca65c8a7a1694,3,中风险、多权威,268,274,v0.4-operationalization,theory
S000893,02_WORKSPACE_SNAPSHOT/Towow_A2A_Independent_Research_v0.4/theory/03_最小本体与概念收敛_v0.4.md,82f063338a2cc2eec7aa2858d6d85e74d857af449feb6f90ebcca65c8a7a1694,3,高风险、外部执行,275,286,v0.4-operationalization,theory
S000894,02_WORKSPACE_SNAPSHOT/Towow_A2A_Independent_Research_v0.4/theory/03_最小本体与概念收敛_v0.4.md,82f063338a2cc2eec7aa2858d6d85e74d857af449feb6f90ebcca65c8a7a1694,2,8. 本体收敛实验说明,287,300,v0.4-operationalization,theory
S000895,02_WORKSPACE_SNAPSHOT/Towow_A2A_Independent_Research_v0.4/theory/03_最小本体与概念收敛_v0.4.md,82f063338a2cc2eec7aa2858d6d85e74d857af449feb6f90ebcca65c8a7a1694,2,9. 对象增加的治理规则,301,318,v0.4-operationalization,theory
S000896,02_WORKSPACE_SNAPSHOT/Towow_A2A_Independent_Research_v0.4/theory/03_最小本体与概念收敛_v0.4.md,82f063338a2cc2eec7aa2858d6d85e74d857af449feb6f90ebcca65c8a7a1694,2,10. 当前最小结论,319,323,v0.4-operationalization,theory
S000897,02_WORKSPACE_SNAPSHOT/Towow_A2A_Independent_Research_v0.6/00_EXECUTIVE_SYNTHESIS_v0.6.md,a196141a028b8bf12363eb6fafdaa15785a8477c7508b117693c2f94a1e7e139,1,通爻 A2A：公开制度过程校准后的整体判断 v0.6,1,45,v0.6-public-process,orientation
S000898,02_WORKSPACE_SNAPSHOT/Towow_A2A_Independent_Research_v0.6/00_EXECUTIVE_SYNTHESIS_v0.6.md,a196141a028b8bf12363eb6fafdaa15785a8477c7508b117693c2f94a1e7e139,2,一、研究没有因为真人资源困难而暂停,3,8,v0.6-public-process,orientation
S000899,02_WORKSPACE_SNAPSHOT/Towow_A2A_Independent_Research_v0.6/00_EXECUTIVE_SYNTHESIS_v0.6.md,a196141a028b8bf12363eb6fafdaa15785a8477c7508b117693c2f94a1e7e139,2,二、完成的现实证据扩展,9,14,v0.6-public-process,orientation
S000900,02_WORKSPACE_SNAPSHOT/Towow_A2A_Independent_Research_v0.6/00_EXECUTIVE_SYNTHESIS_v0.6.md,a196141a028b8bf12363eb6fafdaa15785a8477c7508b117693c2f94a1e7e139,2,三、当前统一理论,15,20,v0.6-public-process,orientation
S000901,02_WORKSPACE_SNAPSHOT/Towow_A2A_Independent_Research_v0.6/00_EXECUTIVE_SYNTHESIS_v0.6.md,a196141a028b8bf12363eb6fafdaa15785a8477c7508b117693c2f94a1e7e139,2,四、理论的关键收敛,21,31,v0.6-public-process,orientation
S000902,02_WORKSPACE_SNAPSHOT/Towow_A2A_Independent_Research_v0.6/00_EXECUTIVE_SYNTHESIS_v0.6.md,a196141a028b8bf12363eb6fafdaa15785a8477c7508b117693c2f94a1e7e139,2,五、当前最重要的证据边界,32,37,v0.6-public-process,orientation
S000903,02_WORKSPACE_SNAPSHOT/Towow_A2A_Independent_Research_v0.6/00_EXECUTIVE_SYNTHESIS_v0.6.md,a196141a028b8bf12363eb6fafdaa15785a8477c7508b117693c2f94a1e7e139,2,六、可直接使用的入口,38,45,v0.6-public-process,orientation
S000904,02_WORKSPACE_SNAPSHOT/Towow_A2A_Independent_Research_v0.6/evidence/07_七案跨案例综合_v0.6.md,c7e7116ba8634776b0f3d9e0ed12da7693ef5da32f196732326600d812d5d53e,1,七案跨案例综合 v0.6,1,49,v0.6-public-process,evidence-or-decision-ledger
S000905,02_WORKSPACE_SNAPSHOT/Towow_A2A_Independent_Research_v0.6/evidence/07_七案跨案例综合_v0.6.md,c7e7116ba8634776b0f3d9e0ed12da7693ef5da32f196732326600d812d5d53e,2,一、这不是案例故事合集,3,6,v0.6-public-process,evidence-or-decision-ledger
S000906,02_WORKSPACE_SNAPSHOT/Towow_A2A_Independent_Research_v0.6/evidence/07_七案跨案例综合_v0.6.md,c7e7116ba8634776b0f3d9e0ed12da7693ef5da32f196732326600d812d5d53e,2,二、共同结果,7,16,v0.6-public-process,evidence-or-decision-ledger
S000907,02_WORKSPACE_SNAPSHOT/Towow_A2A_Independent_Research_v0.6/evidence/07_七案跨案例综合_v0.6.md,c7e7116ba8634776b0f3d9e0ed12da7693ef5da32f196732326600d812d5d53e,2,三、七案对理论的不同作用,17,28,v0.6-public-process,evidence-or-decision-ledger
S000908,02_WORKSPACE_SNAPSHOT/Towow_A2A_Independent_Research_v0.6/evidence/07_七案跨案例综合_v0.6.md,c7e7116ba8634776b0f3d9e0ed12da7693ef5da32f196732326600d812d5d53e,2,四、当前证据更新,29,37,v0.6-public-process,evidence-or-decision-ledger
S000909,02_WORKSPACE_SNAPSHOT/Towow_A2A_Independent_Research_v0.6/evidence/07_七案跨案例综合_v0.6.md,c7e7116ba8634776b0f3d9e0ed12da7693ef5da32f196732326600d812d5d53e,2,五、数量只承担有限作用,38,41,v0.6-public-process,evidence-or-decision-ledger
S000910,02_WORKSPACE_SNAPSHOT/Towow_A2A_Independent_Research_v0.6/evidence/07_七案跨案例综合_v0.6.md,c7e7116ba8634776b0f3d9e0ed12da7693ef5da32f196732326600d812d5d53e,2,六、下一步不需要等待真人资源,42,49,v0.6-public-process,evidence-or-decision-ledger
S000911,02_WORKSPACE_SNAPSHOT/Towow_A2A_Independent_Research_v0.6/experiments/R7P_public_trace_extended/REPORT.md,5876e2cd9a9c27704b9cb7e88f2da9769f7a952158bf8d096b389130e6f5c981,1,R7P-Extended：七案公开过程重编码与理论压力测试,1,125,v0.6-public-process,experiment-or-result
S000912,02_WORKSPACE_SNAPSHOT/Towow_A2A_Independent_Research_v0.6/experiments/R7P_public_trace_extended/REPORT.md,5876e2cd9a9c27704b9cb7e88f2da9769f7a952158bf8d096b389130e6f5c981,2,研究问题,3,6,v0.6-public-process,experiment-or-result
S000913,02_WORKSPACE_SNAPSHOT/Towow_A2A_Independent_Research_v0.6/experiments/R7P_public_trace_extended/REPORT.md,5876e2cd9a9c27704b9cb7e88f2da9769f7a952158bf8d096b389130e6f5c981,2,样本与方法,7,24,v0.6-public-process,experiment-or-result
S000914,02_WORKSPACE_SNAPSHOT/Towow_A2A_Independent_Research_v0.6/experiments/R7P_public_trace_extended/REPORT.md,5876e2cd9a9c27704b9cb7e88f2da9769f7a952158bf8d096b389130e6f5c981,2,可计算结果,25,70,v0.6-public-process,experiment-or-result
S000915,02_WORKSPACE_SNAPSHOT/Towow_A2A_Independent_Research_v0.6/experiments/R7P_public_trace_extended/REPORT.md,5876e2cd9a9c27704b9cb7e88f2da9769f7a952158bf8d096b389130e6f5c981,3,Γ 维度出现次数,35,46,v0.6-public-process,experiment-or-result
S000916,02_WORKSPACE_SNAPSHOT/Towow_A2A_Independent_Research_v0.6/experiments/R7P_public_trace_extended/REPORT.md,5876e2cd9a9c27704b9cb7e88f2da9769f7a952158bf8d096b389130e6f5c981,3,Reopen 触发器,47,70,v0.6-public-process,experiment-or-result
S000917,02_WORKSPACE_SNAPSHOT/Towow_A2A_Independent_Research_v0.6/experiments/R7P_public_trace_extended/REPORT.md,5876e2cd9a9c27704b9cb7e88f2da9769f7a952158bf8d096b389130e6f5c981,2,六个真正改变理论的结果,71,96,v0.6-public-process,experiment-or-result
S000918,02_WORKSPACE_SNAPSHOT/Towow_A2A_Independent_Research_v0.6/experiments/R7P_public_trace_extended/REPORT.md,5876e2cd9a9c27704b9cb7e88f2da9769f7a952158bf8d096b389130e6f5c981,3,1. institutional frame 与 relation-specific version 必须同构而分层,73,76,v0.6-public-process,experiment-or-result
S000919,02_WORKSPACE_SNAPSHOT/Towow_A2A_Independent_Research_v0.6/experiments/R7P_public_trace_extended/REPORT.md,5876e2cd9a9c27704b9cb7e88f2da9769f7a952158bf8d096b389130e6f5c981,3,2. Standing 不等于签字权，但可以改变合法可达关系,77,80,v0.6-public-process,experiment-or-result
S000920,02_WORKSPACE_SNAPSHOT/Towow_A2A_Independent_Research_v0.6/experiments/R7P_public_trace_extended/REPORT.md,5876e2cd9a9c27704b9cb7e88f2da9769f7a952158bf8d096b389130e6f5c981,3,3. declared schema 与 enacted schema 必须分开,81,84,v0.6-public-process,experiment-or-result
S000921,02_WORKSPACE_SNAPSHOT/Towow_A2A_Independent_Research_v0.6/experiments/R7P_public_trace_extended/REPORT.md,5876e2cd9a9c27704b9cb7e88f2da9769f7a952158bf8d096b389130e6f5c981,3,4. 稳定是向量，技术采用不能替代制度稳定,85,88,v0.6-public-process,experiment-or-result
S000922,02_WORKSPACE_SNAPSHOT/Towow_A2A_Independent_Research_v0.6/experiments/R7P_public_trace_extended/REPORT.md,5876e2cd9a9c27704b9cb7e88f2da9769f7a952158bf8d096b389130e6f5c981,3,5. Compile 是制度化，而不只是代码生成,89,92,v0.6-public-process,experiment-or-result
S000923,02_WORKSPACE_SNAPSHOT/Towow_A2A_Independent_Research_v0.6/experiments/R7P_public_trace_extended/REPORT.md,5876e2cd9a9c27704b9cb7e88f2da9769f7a952158bf8d096b389130e6f5c981,3,6. 形成机制必须保留强负案例,93,96,v0.6-public-process,experiment-or-result
S000924,02_WORKSPACE_SNAPSHOT/Towow_A2A_Independent_Research_v0.6/experiments/R7P_public_trace_extended/REPORT.md,5876e2cd9a9c27704b9cb7e88f2da9769f7a952158bf8d096b389130e6f5c981,2,原三案文档消融仍然成立，但不扩大解释,97,107,v0.6-public-process,experiment-or-result
S000925,02_WORKSPACE_SNAPSHOT/Towow_A2A_Independent_Research_v0.6/experiments/R7P_public_trace_extended/REPORT.md,5876e2cd9a9c27704b9cb7e88f2da9769f7a952158bf8d096b389130e6f5c981,2,不能从本实验推出什么,108,116,v0.6-public-process,experiment-or-result
S000926,02_WORKSPACE_SNAPSHOT/Towow_A2A_Independent_Research_v0.6/experiments/R7P_public_trace_extended/REPORT.md,5876e2cd9a9c27704b9cb7e88f2da9769f7a952158bf8d096b389130e6f5c981,2,直接 Design Delta,117,125,v0.6-public-process,experiment-or-result
S000927,02_WORKSPACE_SNAPSHOT/Towow_A2A_Independent_Research_v0.6/methods/02_跨制度公开过程编码手册_v0.6.md,b38ba94416be138fbac3daa7aaa0ddeaac6e52315d0b08b881d3fc88c677aca3,1,跨制度公开过程编码手册 v0.6,1,96,v0.6-public-process,text-source
S000928,02_WORKSPACE_SNAPSHOT/Towow_A2A_Independent_Research_v0.6/methods/02_跨制度公开过程编码手册_v0.6.md,b38ba94416be138fbac3daa7aaa0ddeaac6e52315d0b08b881d3fc88c677aca3,2,1. 研究单位,3,6,v0.6-public-process,text-source
S000929,02_WORKSPACE_SNAPSHOT/Towow_A2A_Independent_Research_v0.6/methods/02_跨制度公开过程编码手册_v0.6.md,b38ba94416be138fbac3daa7aaa0ddeaac6e52315d0b08b881d3fc88c677aca3,2,2. 两个分辨率,7,20,v0.6-public-process,text-source
S000930,02_WORKSPACE_SNAPSHOT/Towow_A2A_Independent_Research_v0.6/methods/02_跨制度公开过程编码手册_v0.6.md,b38ba94416be138fbac3daa7aaa0ddeaac6e52315d0b08b881d3fc88c677aca3,2,3. Materiality,21,34,v0.6-public-process,text-source
S000931,02_WORKSPACE_SNAPSHOT/Towow_A2A_Independent_Research_v0.6/methods/02_跨制度公开过程编码手册_v0.6.md,b38ba94416be138fbac3daa7aaa0ddeaac6e52315d0b08b881d3fc88c677aca3,2,4. Standing,35,48,v0.6-public-process,text-source
S000932,02_WORKSPACE_SNAPSHOT/Towow_A2A_Independent_Research_v0.6/methods/02_跨制度公开过程编码手册_v0.6.md,b38ba94416be138fbac3daa7aaa0ddeaac6e52315d0b08b881d3fc88c677aca3,2,5. Declared vs enacted,49,63,v0.6-public-process,text-source
S000933,02_WORKSPACE_SNAPSHOT/Towow_A2A_Independent_Research_v0.6/methods/02_跨制度公开过程编码手册_v0.6.md,b38ba94416be138fbac3daa7aaa0ddeaac6e52315d0b08b881d3fc88c677aca3,2,6. Stability vector,64,75,v0.6-public-process,text-source
S000934,02_WORKSPACE_SNAPSHOT/Towow_A2A_Independent_Research_v0.6/methods/02_跨制度公开过程编码手册_v0.6.md,b38ba94416be138fbac3daa7aaa0ddeaac6e52315d0b08b881d3fc88c677aca3,2,7. 时间与证据纪律,76,85,v0.6-public-process,text-source
S000935,02_WORKSPACE_SNAPSHOT/Towow_A2A_Independent_Research_v0.6/methods/02_跨制度公开过程编码手册_v0.6.md,b38ba94416be138fbac3daa7aaa0ddeaac6e52315d0b08b881d3fc88c677aca3,2,8. 双人编码的下一证据门,86,96,v0.6-public-process,text-source
S000936,02_WORKSPACE_SNAPSHOT/Towow_A2A_Independent_Research_v0.6/qa/V0_6_QA.md,6c1fc67d9f992601e39a99f5f7f04c5ccd8c3d236e11aaad4f518415b7670d7b,1,v0.6 Release QA,1,20,v0.6-public-process,qa-or-test
S000937,02_WORKSPACE_SNAPSHOT/Towow_A2A_Independent_Research_v0.6/qa/V0_6_QA.md,6c1fc67d9f992601e39a99f5f7f04c5ccd8c3d236e11aaad4f518415b7670d7b,2,Subprocesses,13,20,v0.6-public-process,qa-or-test
S000938,02_WORKSPACE_SNAPSHOT/Towow_A2A_Independent_Research_v0.6/roadmap/03_v0.6之后的研究程序.md,405dffa5e4b93813c61c812886646f3dea060c1ec44381e7709d8bc08aeac124,1,v0.6 之后的研究程序,1,41,v0.6-public-process,research-program
S000939,02_WORKSPACE_SNAPSHOT/Towow_A2A_Independent_Research_v0.6/roadmap/03_v0.6之后的研究程序.md,405dffa5e4b93813c61c812886646f3dea060c1ec44381e7709d8bc08aeac124,2,P1：盲化时间截点诊断,3,8,v0.6-public-process,research-program
S000940,02_WORKSPACE_SNAPSHOT/Towow_A2A_Independent_Research_v0.6/roadmap/03_v0.6之后的研究程序.md,405dffa5e4b93813c61c812886646f3dea060c1ec44381e7709d8bc08aeac124,2,P2：三机制离线 Replay,9,18,v0.6-public-process,research-program
S000941,02_WORKSPACE_SNAPSHOT/Towow_A2A_Independent_Research_v0.6/roadmap/03_v0.6之后的研究程序.md,405dffa5e4b93813c61c812886646f3dea060c1ec44381e7709d8bc08aeac124,2,P3：双人编码与 SGMA transcript 校准,19,26,v0.6-public-process,research-program
S000942,02_WORKSPACE_SNAPSHOT/Towow_A2A_Independent_Research_v0.6/roadmap/03_v0.6之后的研究程序.md,405dffa5e4b93813c61c812886646f3dea060c1ec44381e7709d8bc08aeac124,2,P4：Fieldkit v0.7,27,38,v0.6-public-process,research-program
S000943,02_WORKSPACE_SNAPSHOT/Towow_A2A_Independent_Research_v0.6/roadmap/03_v0.6之后的研究程序.md,405dffa5e4b93813c61c812886646f3dea060c1ec44381e7709d8bc08aeac124,2,R7-A：仍然必要但更小,39,41,v0.6-public-process,research-program
S000944,02_WORKSPACE_SNAPSHOT/Towow_A2A_Independent_Research_v0.6/theory/06_制度框架_关系版本与Standing_v0.6.md,b700a251ce5a6bdd637c089f8b6ae28af0b09c3db701d9edbb844bb9756c5445,1,制度框架、关系版本与 Standing v0.6,1,50,v0.6-public-process,theory
S000945,02_WORKSPACE_SNAPSHOT/Towow_A2A_Independent_Research_v0.6/theory/06_制度框架_关系版本与Standing_v0.6.md,b700a251ce5a6bdd637c089f8b6ae28af0b09c3db701d9edbb844bb9756c5445,2,一、为什么“关系语法”此前仍然太宽,3,8,v0.6-public-process,theory
S000946,02_WORKSPACE_SNAPSHOT/Towow_A2A_Independent_Research_v0.6/theory/06_制度框架_关系版本与Standing_v0.6.md,b700a251ce5a6bdd637c089f8b6ae28af0b09c3db701d9edbb844bb9756c5445,2,二、同构双分辨率,9,17,v0.6-public-process,theory
S000947,02_WORKSPACE_SNAPSHOT/Towow_A2A_Independent_Research_v0.6/theory/06_制度框架_关系版本与Standing_v0.6.md,b700a251ce5a6bdd637c089f8b6ae28af0b09c3db701d9edbb844bb9756c5445,2,三、CollapseSafe 的修订,18,33,v0.6-public-process,theory
S000948,02_WORKSPACE_SNAPSHOT/Towow_A2A_Independent_Research_v0.6/theory/06_制度框架_关系版本与Standing_v0.6.md,b700a251ce5a6bdd637c089f8b6ae28af0b09c3db701d9edbb844bb9756c5445,2,四、Standing 的操作位置,34,39,v0.6-public-process,theory
S000949,02_WORKSPACE_SNAPSHOT/Towow_A2A_Independent_Research_v0.6/theory/06_制度框架_关系版本与Standing_v0.6.md,b700a251ce5a6bdd637c089f8b6ae28af0b09c3db701d9edbb844bb9756c5445,2,五、对 Agent Entity 的意义,40,50,v0.6-public-process,theory
S000950,02_WORKSPACE_SNAPSHOT/Towow_A2A_Independent_Research_v0.6/theory/07_Enacted_Schema_稳定向量与编译_v0.6.md,6a2b889c710734800e3992c2034ade4a3e4391739b609ca8ff615a3cb39418b4,1,Enacted Schema、稳定向量与制度化编译 v0.6,1,68,v0.6-public-process,theory
S000951,02_WORKSPACE_SNAPSHOT/Towow_A2A_Independent_Research_v0.6/theory/07_Enacted_Schema_稳定向量与编译_v0.6.md,6a2b889c710734800e3992c2034ade4a3e4391739b609ca8ff615a3cb39418b4,2,一、声明规则为何不足,3,20,v0.6-public-process,theory
S000952,02_WORKSPACE_SNAPSHOT/Towow_A2A_Independent_Research_v0.6/theory/07_Enacted_Schema_稳定向量与编译_v0.6.md,6a2b889c710734800e3992c2034ade4a3e4391739b609ca8ff615a3cb39418b4,2,二、稳定不是单轴,21,34,v0.6-public-process,theory
S000953,02_WORKSPACE_SNAPSHOT/Towow_A2A_Independent_Research_v0.6/theory/07_Enacted_Schema_稳定向量与编译_v0.6.md,6a2b889c710734800e3992c2034ade4a3e4391739b609ca8ff615a3cb39418b4,2,三、Compile 的统一解释,35,43,v0.6-public-process,theory
S000954,02_WORKSPACE_SNAPSHOT/Towow_A2A_Independent_Research_v0.6/theory/07_Enacted_Schema_稳定向量与编译_v0.6.md,6a2b889c710734800e3992c2034ade4a3e4391739b609ca8ff615a3cb39418b4,2,四、Reopen,44,56,v0.6-public-process,theory
S000955,02_WORKSPACE_SNAPSHOT/Towow_A2A_Independent_Research_v0.6/theory/07_Enacted_Schema_稳定向量与编译_v0.6.md,6a2b889c710734800e3992c2034ade4a3e4391739b609ca8ff615a3cb39418b4,2,五、系统路由,57,68,v0.6-public-process,theory
S000956,02_WORKSPACE_SNAPSHOT/Towow_A2A_Independent_Research_v0.7_release/experiments/archival_three_mechanism_replay/REPORT.md,2d694dceba9c555c04981f145d14db96943f54a0b17d4bc02bf051dcd4d6580e,1,三种记录机制的公开历史 Replay v0.7,1,26,v0.7-opc-focus,experiment-or-result
S000957,02_WORKSPACE_SNAPSHOT/Towow_A2A_Independent_Research_v0.7_release/experiments/archival_three_mechanism_replay/REPORT.md,2d694dceba9c555c04981f145d14db96943f54a0b17d4bc02bf051dcd4d6580e,2,问题,3,6,v0.7-opc-focus,experiment-or-result
S000958,02_WORKSPACE_SNAPSHOT/Towow_A2A_Independent_Research_v0.7_release/experiments/archival_three_mechanism_replay/REPORT.md,2d694dceba9c555c04981f145d14db96943f54a0b17d4bc02bf051dcd4d6580e,2,数据,7,10,v0.7-opc-focus,experiment-or-result
S000959,02_WORKSPACE_SNAPSHOT/Towow_A2A_Independent_Research_v0.7_release/experiments/archival_three_mechanism_replay/REPORT.md,2d694dceba9c555c04981f145d14db96943f54a0b17d4bc02bf051dcd4d6580e,2,结果,11,20,v0.7-opc-focus,experiment-or-result
S000960,02_WORKSPACE_SNAPSHOT/Towow_A2A_Independent_Research_v0.7_release/experiments/archival_three_mechanism_replay/REPORT.md,2d694dceba9c555c04981f145d14db96943f54a0b17d4bc02bf051dcd4d6580e,2,Design Delta,21,26,v0.7-opc-focus,experiment-or-result
S000961,02_WORKSPACE_SNAPSHOT/Towow_A2A_Independent_Research_v0.7_release/experiments/blind_checkpoint/REPORT.md,e8d9e7e32db14891b109a19b89ff0cba07650f0506317f434288a0a11c134268,1,盲化历史截点结构诊断实验 v0.7,1,33,v0.7-opc-focus,experiment-or-result
S000962,02_WORKSPACE_SNAPSHOT/Towow_A2A_Independent_Research_v0.7_release/experiments/blind_checkpoint/REPORT.md,e8d9e7e32db14891b109a19b89ff0cba07650f0506317f434288a0a11c134268,2,目的,3,6,v0.7-opc-focus,experiment-or-result
S000963,02_WORKSPACE_SNAPSHOT/Towow_A2A_Independent_Research_v0.7_release/experiments/blind_checkpoint/REPORT.md,e8d9e7e32db14891b109a19b89ff0cba07650f0506317f434288a0a11c134268,2,数据与设计,7,12,v0.7-opc-focus,experiment-or-result
S000964,02_WORKSPACE_SNAPSHOT/Towow_A2A_Independent_Research_v0.7_release/experiments/blind_checkpoint/REPORT.md,e8d9e7e32db14891b109a19b89ff0cba07650f0506317f434288a0a11c134268,2,结果,13,23,v0.7-opc-focus,experiment-or-result
S000965,02_WORKSPACE_SNAPSHOT/Towow_A2A_Independent_Research_v0.7_release/experiments/blind_checkpoint/REPORT.md,e8d9e7e32db14891b109a19b89ff0cba07650f0506317f434288a0a11c134268,2,Design Delta,24,30,v0.7-opc-focus,experiment-or-result
S000966,02_WORKSPACE_SNAPSHOT/Towow_A2A_Independent_Research_v0.7_release/experiments/blind_checkpoint/REPORT.md,e8d9e7e32db14891b109a19b89ff0cba07650f0506317f434288a0a11c134268,2,局限,31,33,v0.7-opc-focus,experiment-or-result
S000967,02_WORKSPACE_SNAPSHOT/Towow_A2A_Independent_Research_v0.7_release/experiments/opc_mechanism_replay/REPORT.md,d33419b45038cbd4ba879277c91a8ac5debff1887e6aa6da203748864830cae1,1,OPC 协调机制组合构造实验 v0.7,1,37,v0.7-opc-focus,experiment-or-result
S000968,02_WORKSPACE_SNAPSHOT/Towow_A2A_Independent_Research_v0.7_release/experiments/opc_mechanism_replay/REPORT.md,d33419b45038cbd4ba879277c91a8ac5debff1887e6aa6da203748864830cae1,2,1. 目的,3,6,v0.7-opc-focus,experiment-or-result
S000969,02_WORKSPACE_SNAPSHOT/Towow_A2A_Independent_Research_v0.7_release/experiments/opc_mechanism_replay/REPORT.md,d33419b45038cbd4ba879277c91a8ac5debff1887e6aa6da203748864830cae1,2,2. 比较机制,7,12,v0.7-opc-focus,experiment-or-result
S000970,02_WORKSPACE_SNAPSHOT/Towow_A2A_Independent_Research_v0.7_release/experiments/opc_mechanism_replay/REPORT.md,d33419b45038cbd4ba879277c91a8ac5debff1887e6aa6da203748864830cae1,2,3. 结果,13,22,v0.7-opc-focus,experiment-or-result
S000971,02_WORKSPACE_SNAPSHOT/Towow_A2A_Independent_Research_v0.7_release/experiments/opc_mechanism_replay/REPORT.md,d33419b45038cbd4ba879277c91a8ac5debff1887e6aa6da203748864830cae1,2,4. 失败驱动的建设性修订,23,34,v0.7-opc-focus,experiment-or-result
S000972,02_WORKSPACE_SNAPSHOT/Towow_A2A_Independent_Research_v0.7_release/experiments/opc_mechanism_replay/REPORT.md,d33419b45038cbd4ba879277c91a8ac5debff1887e6aa6da203748864830cae1,2,5. 证据边界,35,37,v0.7-opc-focus,experiment-or-result
S000973,02_WORKSPACE_SNAPSHOT/Towow_A2A_Independent_Research_v0.7_release/experiments/qdr_temporal_analysis/DATA_ACCESS_NOTICE.md,ac570150e3b94d89502e17fe2066bb60a002ba9882678b337c29afb24ce48741,1,QDR 数据访问与发布边界,1,30,v0.7-opc-focus,experiment-or-result
S000974,02_WORKSPACE_SNAPSHOT/Towow_A2A_Independent_Research_v0.7_release/experiments/qdr_temporal_analysis/REPORT.md,ccc1ad3c119355b4b240c9382f744aad84ff71116308496d0e7df6223c32f096,1,QDR 公开访谈与制度配置重分析报告 v0.7,1,69,v0.7-opc-focus,experiment-or-result
S000975,02_WORKSPACE_SNAPSHOT/Towow_A2A_Independent_Research_v0.7_release/experiments/qdr_temporal_analysis/REPORT.md,ccc1ad3c119355b4b240c9382f744aad84ff71116308496d0e7df6223c32f096,2,1. 研究目的,3,6,v0.7-opc-focus,experiment-or-result
S000976,02_WORKSPACE_SNAPSHOT/Towow_A2A_Independent_Research_v0.7_release/experiments/qdr_temporal_analysis/REPORT.md,ccc1ad3c119355b4b240c9382f744aad84ff71116308496d0e7df6223c32f096,2,2. 数据与可追溯性,7,12,v0.7-opc-focus,experiment-or-result
S000977,02_WORKSPACE_SNAPSHOT/Towow_A2A_Independent_Research_v0.7_release/experiments/qdr_temporal_analysis/REPORT.md,ccc1ad3c119355b4b240c9382f744aad84ff71116308496d0e7df6223c32f096,2,3. 方法,13,26,v0.7-opc-focus,experiment-or-result
S000978,02_WORKSPACE_SNAPSHOT/Towow_A2A_Independent_Research_v0.7_release/experiments/qdr_temporal_analysis/REPORT.md,ccc1ad3c119355b4b240c9382f744aad84ff71116308496d0e7df6223c32f096,3,3.1 制度配置复算,15,18,v0.7-opc-focus,experiment-or-result
S000979,02_WORKSPACE_SNAPSHOT/Towow_A2A_Independent_Research_v0.7_release/experiments/qdr_temporal_analysis/REPORT.md,ccc1ad3c119355b4b240c9382f744aad84ff71116308496d0e7df6223c32f096,3,3.2 访谈检索筛查,19,22,v0.7-opc-focus,experiment-or-result
S000980,02_WORKSPACE_SNAPSHOT/Towow_A2A_Independent_Research_v0.7_release/experiments/qdr_temporal_analysis/REPORT.md,ccc1ad3c119355b4b240c9382f744aad84ff71116308496d0e7df6223c32f096,3,3.3 单分析者误差审计,23,26,v0.7-opc-focus,experiment-or-result
S000981,02_WORKSPACE_SNAPSHOT/Towow_A2A_Independent_Research_v0.7_release/experiments/qdr_temporal_analysis/REPORT.md,ccc1ad3c119355b4b240c9382f744aad84ff71116308496d0e7df6223c32f096,2,4. 结果,27,46,v0.7-opc-focus,experiment-or-result
S000982,02_WORKSPACE_SNAPSHOT/Towow_A2A_Independent_Research_v0.7_release/experiments/qdr_temporal_analysis/REPORT.md,ccc1ad3c119355b4b240c9382f744aad84ff71116308496d0e7df6223c32f096,3,4.1 协调机制是配置，而非中心化连续轴,29,34,v0.7-opc-focus,experiment-or-result
S000983,02_WORKSPACE_SNAPSHOT/Towow_A2A_Independent_Research_v0.7_release/experiments/qdr_temporal_analysis/REPORT.md,ccc1ad3c119355b4b240c9382f744aad84ff71116308496d0e7df6223c32f096,3,4.2 单一人物内部存在角色与权威分离,35,38,v0.7-opc-focus,experiment-or-result
S000984,02_WORKSPACE_SNAPSHOT/Towow_A2A_Independent_Research_v0.7_release/experiments/qdr_temporal_analysis/REPORT.md,ccc1ad3c119355b4b240c9382f744aad84ff71116308496d0e7df6223c32f096,3,4.3 资源容量与信息证据贯穿协调,39,42,v0.7-opc-focus,experiment-or-result
S000985,02_WORKSPACE_SNAPSHOT/Towow_A2A_Independent_Research_v0.7_release/experiments/qdr_temporal_analysis/REPORT.md,ccc1ad3c119355b4b240c9382f744aad84ff71116308496d0e7df6223c32f096,3,4.4 机制会随阶段组合,43,46,v0.7-opc-focus,experiment-or-result
S000986,02_WORKSPACE_SNAPSHOT/Towow_A2A_Independent_Research_v0.7_release/experiments/qdr_temporal_analysis/REPORT.md,ccc1ad3c119355b4b240c9382f744aad84ff71116308496d0e7df6223c32f096,2,5. 对 OPC 系统的 Design Delta,47,55,v0.7-opc-focus,experiment-or-result
S000987,02_WORKSPACE_SNAPSHOT/Towow_A2A_Independent_Research_v0.7_release/experiments/qdr_temporal_analysis/REPORT.md,ccc1ad3c119355b4b240c9382f744aad84ff71116308496d0e7df6223c32f096,2,6. 证据边界,56,62,v0.7-opc-focus,experiment-or-result
S000988,02_WORKSPACE_SNAPSHOT/Towow_A2A_Independent_Research_v0.7_release/experiments/qdr_temporal_analysis/REPORT.md,ccc1ad3c119355b4b240c9382f744aad84ff71116308496d0e7df6223c32f096,2,7. 可复跑入口,63,69,v0.7-opc-focus,experiment-or-result
S000989,02_WORKSPACE_SNAPSHOT/Towow_A2A_Independent_Research_v0.7_release/instrument/opc_fieldkit_v0.7/README.md,ba4c6c1c822eb89a11fba018b5b0b2889f3761d6765c7274321cc4dd9a39dcfd,1,Towow OPC Fieldkit v0.7,1,112,v0.7-opc-focus,instrument-or-code
S000990,02_WORKSPACE_SNAPSHOT/Towow_A2A_Independent_Research_v0.7_release/instrument/opc_fieldkit_v0.7/README.md,ba4c6c1c822eb89a11fba018b5b0b2889f3761d6765c7274321cc4dd9a39dcfd,2,v0.7 的研究对象,7,23,v0.7-opc-focus,instrument-or-code
S000991,02_WORKSPACE_SNAPSHOT/Towow_A2A_Independent_Research_v0.7_release/instrument/opc_fieldkit_v0.7/README.md,ba4c6c1c822eb89a11fba018b5b0b2889f3761d6765c7274321cc4dd9a39dcfd,2,新增模块,24,33,v0.7-opc-focus,instrument-or-code
S000992,02_WORKSPACE_SNAPSHOT/Towow_A2A_Independent_Research_v0.7_release/instrument/opc_fieldkit_v0.7/README.md,ba4c6c1c822eb89a11fba018b5b0b2889f3761d6765c7274321cc4dd9a39dcfd,2,最小事实内核,34,48,v0.7-opc-focus,instrument-or-code
S000993,02_WORKSPACE_SNAPSHOT/Towow_A2A_Independent_Research_v0.7_release/instrument/opc_fieldkit_v0.7/README.md,ba4c6c1c822eb89a11fba018b5b0b2889f3761d6765c7274321cc4dd9a39dcfd,2,OPC 运行不变量,49,61,v0.7-opc-focus,instrument-or-code
S000994,02_WORKSPACE_SNAPSHOT/Towow_A2A_Independent_Research_v0.7_release/instrument/opc_fieldkit_v0.7/README.md,ba4c6c1c822eb89a11fba018b5b0b2889f3761d6765c7274321cc4dd9a39dcfd,2,安装与测试,62,77,v0.7-opc-focus,instrument-or-code
S000995,02_WORKSPACE_SNAPSHOT/Towow_A2A_Independent_Research_v0.7_release/instrument/opc_fieldkit_v0.7/README.md,ba4c6c1c822eb89a11fba018b5b0b2889f3761d6765c7274321cc4dd9a39dcfd,2,基础案例流程,78,109,v0.7-opc-focus,instrument-or-code
S000996,02_WORKSPACE_SNAPSHOT/Towow_A2A_Independent_Research_v0.7_release/instrument/opc_fieldkit_v0.7/README.md,ba4c6c1c822eb89a11fba018b5b0b2889f3761d6765c7274321cc4dd9a39dcfd,2,研究边界,110,112,v0.7-opc-focus,instrument-or-code
S000997,02_WORKSPACE_SNAPSHOT/Towow_A2A_Independent_Research_v0.7_release/spec/02_OPC全流程系统规范_v0.7.md,f6025ebc96cbddcf3d84684fb491a7fb9ef3550e8d3f36ab81108fd1efb30472,1,OPC 主权代理全流程系统规范 v0.7,1,77,v0.7-opc-focus,specification-or-protocol
S000998,02_WORKSPACE_SNAPSHOT/Towow_A2A_Independent_Research_v0.7_release/spec/02_OPC全流程系统规范_v0.7.md,f6025ebc96cbddcf3d84684fb491a7fb9ef3550e8d3f36ab81108fd1efb30472,2,1. 系统边界,3,6,v0.7-opc-focus,specification-or-protocol
S000999,02_WORKSPACE_SNAPSHOT/Towow_A2A_Independent_Research_v0.7_release/spec/02_OPC全流程系统规范_v0.7.md,f6025ebc96cbddcf3d84684fb491a7fb9ef3550e8d3f36ab81108fd1efb30472,2,2. 系统组件,7,21,v0.7-opc-focus,specification-or-protocol
S001000,02_WORKSPACE_SNAPSHOT/Towow_A2A_Independent_Research_v0.7_release/spec/02_OPC全流程系统规范_v0.7.md,f6025ebc96cbddcf3d84684fb491a7fb9ef3550e8d3f36ab81108fd1efb30472,2,3. 协调计划,22,41,v0.7-opc-focus,specification-or-protocol
S001001,02_WORKSPACE_SNAPSHOT/Towow_A2A_Independent_Research_v0.7_release/spec/02_OPC全流程系统规范_v0.7.md,f6025ebc96cbddcf3d84684fb491a7fb9ef3550e8d3f36ab81108fd1efb30472,2,4. 运行不变量,42,55,v0.7-opc-focus,specification-or-protocol
S001002,02_WORKSPACE_SNAPSHOT/Towow_A2A_Independent_Research_v0.7_release/spec/02_OPC全流程系统规范_v0.7.md,f6025ebc96cbddcf3d84684fb491a7fb9ef3550e8d3f36ab81108fd1efb30472,2,5. OPC 特有 Gate,56,59,v0.7-opc-focus,specification-or-protocol
S001003,02_WORKSPACE_SNAPSHOT/Towow_A2A_Independent_Research_v0.7_release/spec/02_OPC全流程系统规范_v0.7.md,f6025ebc96cbddcf3d84684fb491a7fb9ef3550e8d3f36ab81108fd1efb30472,2,6. 安全与隐私,60,63,v0.7-opc-focus,specification-or-protocol
S001004,02_WORKSPACE_SNAPSHOT/Towow_A2A_Independent_Research_v0.7_release/spec/02_OPC全流程系统规范_v0.7.md,f6025ebc96cbddcf3d84684fb491a7fb9ef3550e8d3f36ab81108fd1efb30472,2,7. 兼容性,64,74,v0.7-opc-focus,specification-or-protocol
S001005,02_WORKSPACE_SNAPSHOT/Towow_A2A_Independent_Research_v0.7_release/spec/02_OPC全流程系统规范_v0.7.md,f6025ebc96cbddcf3d84684fb491a7fb9ef3550e8d3f36ab81108fd1efb30472,2,8. 当前 Fieldkit v0.7,75,77,v0.7-opc-focus,specification-or-protocol
S001006,02_WORKSPACE_SNAPSHOT/Towow_A2A_Independent_Research_v0.7_release/theory/08_OPC_主权代理操作系统_v0.7.md,c4e558cd70dea7759c6f45778fd0616a5226447056e1a19e33e1819939687015,1,面向超级个体与一人公司的主权代理操作系统：统一理论 v0.7,1,145,v0.7-opc-focus,theory
S001007,02_WORKSPACE_SNAPSHOT/Towow_A2A_Independent_Research_v0.7_release/theory/08_OPC_主权代理操作系统_v0.7.md,c4e558cd70dea7759c6f45778fd0616a5226447056e1a19e33e1819939687015,2,1. 研究重新聚焦,3,10,v0.7-opc-focus,theory
S001008,02_WORKSPACE_SNAPSHOT/Towow_A2A_Independent_Research_v0.7_release/theory/08_OPC_主权代理操作系统_v0.7.md,c4e558cd70dea7759c6f45778fd0616a5226447056e1a19e33e1819939687015,2,2. 主权的含义,11,16,v0.7-opc-focus,theory
S001009,02_WORKSPACE_SNAPSHOT/Towow_A2A_Independent_Research_v0.7_release/theory/08_OPC_主权代理操作系统_v0.7.md,c4e558cd70dea7759c6f45778fd0616a5226447056e1a19e33e1819939687015,2,3. 合格联合行动空间,17,33,v0.7-opc-focus,theory
S001010,02_WORKSPACE_SNAPSHOT/Towow_A2A_Independent_Research_v0.7_release/theory/08_OPC_主权代理操作系统_v0.7.md,c4e558cd70dea7759c6f45778fd0616a5226447056e1a19e33e1819939687015,2,4. OPC Operating Envelope,34,55,v0.7-opc-focus,theory
S001011,02_WORKSPACE_SNAPSHOT/Towow_A2A_Independent_Research_v0.7_release/theory/08_OPC_主权代理操作系统_v0.7.md,c4e558cd70dea7759c6f45778fd0616a5226447056e1a19e33e1819939687015,2,5. 全生命周期,56,74,v0.7-opc-focus,theory
S001012,02_WORKSPACE_SNAPSHOT/Towow_A2A_Independent_Research_v0.7_release/theory/08_OPC_主权代理操作系统_v0.7.md,c4e558cd70dea7759c6f45778fd0616a5226447056e1a19e33e1819939687015,2,6. 协调机制组合,75,90,v0.7-opc-focus,theory
S001013,02_WORKSPACE_SNAPSHOT/Towow_A2A_Independent_Research_v0.7_release/theory/08_OPC_主权代理操作系统_v0.7.md,c4e558cd70dea7759c6f45778fd0616a5226447056e1a19e33e1819939687015,2,7. 路由目标,91,103,v0.7-opc-focus,theory
S001014,02_WORKSPACE_SNAPSHOT/Towow_A2A_Independent_Research_v0.7_release/theory/08_OPC_主权代理操作系统_v0.7.md,c4e558cd70dea7759c6f45778fd0616a5226447056e1a19e33e1819939687015,2,8. 关系模式与编译,104,115,v0.7-opc-focus,theory
S001015,02_WORKSPACE_SNAPSHOT/Towow_A2A_Independent_Research_v0.7_release/theory/08_OPC_主权代理操作系统_v0.7.md,c4e558cd70dea7759c6f45778fd0616a5226447056e1a19e33e1819939687015,2,9. 最小事实内核,116,130,v0.7-opc-focus,theory
S001016,02_WORKSPACE_SNAPSHOT/Towow_A2A_Independent_Research_v0.7_release/theory/08_OPC_主权代理操作系统_v0.7.md,c4e558cd70dea7759c6f45778fd0616a5226447056e1a19e33e1819939687015,2,10. 建设性原则,131,145,v0.7-opc-focus,theory
S001017,02_WORKSPACE_SNAPSHOT/Towow_A2A_v0.7_EXECUTIVE_SYNTHESIS.md,19ed09d1cc36a2e327191df5b7dab837f4cea22139c83a1b9225b19d12a837ca,1,通爻 v0.7：面向超级个体与 OPC 的主权代理操作系统,1,39,v0.7-opc-focus,text-source
S001018,02_WORKSPACE_SNAPSHOT/Towow_A2A_v0.7_EXECUTIVE_SYNTHESIS.md,19ed09d1cc36a2e327191df5b7dab837f4cea22139c83a1b9225b19d12a837ca,2,当前最佳判断,3,8,v0.7-opc-focus,text-source
S001019,02_WORKSPACE_SNAPSHOT/Towow_A2A_v0.7_EXECUTIVE_SYNTHESIS.md,19ed09d1cc36a2e327191df5b7dab837f4cea22139c83a1b9225b19d12a837ca,2,本轮新增证据,9,19,v0.7-opc-focus,text-source
S001020,02_WORKSPACE_SNAPSHOT/Towow_A2A_v0.7_EXECUTIVE_SYNTHESIS.md,19ed09d1cc36a2e327191df5b7dab837f4cea22139c83a1b9225b19d12a837ca,2,理论收敛,20,30,v0.7-opc-focus,text-source
S001021,02_WORKSPACE_SNAPSHOT/Towow_A2A_v0.7_EXECUTIVE_SYNTHESIS.md,19ed09d1cc36a2e327191df5b7dab837f4cea22139c83a1b9225b19d12a837ca,2,当前尚未被证明,31,39,v0.7-opc-focus,text-source
S001022,02_WORKSPACE_SNAPSHOT/Towow_A2A_v0.7_RELEASE_QA.md,865343e421e260a2d47063d947a81bc013a6c9f1bb6656cd7c23a00b69ddd537,1,v0.7 Release QA,1,32,v0.7-opc-focus,qa-or-test
S001023,02_WORKSPACE_SNAPSHOT/Towow_A2A_v0.7_RELEASE_QA.md,865343e421e260a2d47063d947a81bc013a6c9f1bb6656cd7c23a00b69ddd537,2,Package checks,5,21,v0.7-opc-focus,qa-or-test
S001024,02_WORKSPACE_SNAPSHOT/Towow_A2A_v0.7_RELEASE_QA.md,865343e421e260a2d47063d947a81bc013a6c9f1bb6656cd7c23a00b69ddd537,2,Errors,22,25,v0.7-opc-focus,qa-or-test
S001025,02_WORKSPACE_SNAPSHOT/Towow_A2A_v0.7_RELEASE_QA.md,865343e421e260a2d47063d947a81bc013a6c9f1bb6656cd7c23a00b69ddd537,2,Warnings,26,29,v0.7-opc-focus,qa-or-test
S001026,02_WORKSPACE_SNAPSHOT/Towow_A2A_v0.7_RELEASE_QA.md,865343e421e260a2d47063d947a81bc013a6c9f1bb6656cd7c23a00b69ddd537,2,Evidence boundary,30,32,v0.7-opc-focus,qa-or-test
S001027,02_WORKSPACE_SNAPSHOT/Towow_R8_OPC_Constructive_Closure_v1.1/human_study/OWNER_最小资源请求与招募说明.md,8d29de60d23009a1cf76284a7c4e5325fd7e898ad29bc730551d88c051f6e781,1,Owner 最小资源请求与招募说明,1,55,v1.1-executable-closure,text-source
S001028,02_WORKSPACE_SNAPSHOT/Towow_R8_OPC_Constructive_Closure_v1.1/human_study/OWNER_最小资源请求与招募说明.md,8d29de60d23009a1cf76284a7c4e5325fd7e898ad29bc730551d88c051f6e781,2,现在需要你准备的，不是完整企业资料,3,31,v1.1-executable-closure,text-source
S001029,02_WORKSPACE_SNAPSHOT/Towow_R8_OPC_Constructive_Closure_v1.1/human_study/OWNER_最小资源请求与招募说明.md,8d29de60d23009a1cf76284a7c4e5325fd7e898ad29bc730551d88c051f6e781,3,A. 3–5 个历史事项,7,19,v1.1-executable-closure,text-source
S001030,02_WORKSPACE_SNAPSHOT/Towow_R8_OPC_Constructive_Closure_v1.1/human_study/OWNER_最小资源请求与招募说明.md,8d29de60d23009a1cf76284a7c4e5325fd7e898ad29bc730551d88c051f6e781,3,B. 2 个 live candidate,20,31,v1.1-executable-closure,text-source
S001031,02_WORKSPACE_SNAPSHOT/Towow_R8_OPC_Constructive_Closure_v1.1/human_study/OWNER_最小资源请求与招募说明.md,8d29de60d23009a1cf76284a7c4e5325fd7e898ad29bc730551d88c051f6e781,2,参与者实际要做什么,32,43,v1.1-executable-closure,text-source
S001032,02_WORKSPACE_SNAPSHOT/Towow_R8_OPC_Constructive_Closure_v1.1/human_study/OWNER_最小资源请求与招募说明.md,8d29de60d23009a1cf76284a7c4e5325fd7e898ad29bc730551d88c051f6e781,2,最推荐的首个案例,44,55,v1.1-executable-closure,text-source
S001033,02_WORKSPACE_SNAPSHOT/Towow_R8_OPC_Constructive_Closure_v1.1/human_study/通爻_OPC真人实验完整方案书_v1.1.md,926abf8a318a47130e0bf39395421eb47ca29cfc250ad5dcb04f73fc2eb6b05f,1,摘要,9,20,v1.1-executable-closure,text-source
S001034,02_WORKSPACE_SNAPSHOT/Towow_R8_OPC_Constructive_Closure_v1.1/human_study/通爻_OPC真人实验完整方案书_v1.1.md,926abf8a318a47130e0bf39395421eb47ca29cfc250ad5dcb04f73fc2eb6b05f,1,0　方案状态、当前进展与使用说明,21,34,v1.1-executable-closure,text-source
S001035,02_WORKSPACE_SNAPSHOT/Towow_R8_OPC_Constructive_Closure_v1.1/human_study/通爻_OPC真人实验完整方案书_v1.1.md,926abf8a318a47130e0bf39395421eb47ca29cfc250ad5dcb04f73fc2eb6b05f,1,1　为什么需要真人实验,35,66,v1.1-executable-closure,text-source
S001036,02_WORKSPACE_SNAPSHOT/Towow_R8_OPC_Constructive_Closure_v1.1/human_study/通爻_OPC真人实验完整方案书_v1.1.md,926abf8a318a47130e0bf39395421eb47ca29cfc250ad5dcb04f73fc2eb6b05f,2,1.1 已经不需要真人重复证明的部分,37,52,v1.1-executable-closure,text-source
S001037,02_WORKSPACE_SNAPSHOT/Towow_R8_OPC_Constructive_Closure_v1.1/human_study/通爻_OPC真人实验完整方案书_v1.1.md,926abf8a318a47130e0bf39395421eb47ca29cfc250ad5dcb04f73fc2eb6b05f,2,1.2 只有真人实验能够回答的主张,53,62,v1.1-executable-closure,text-source
S001038,02_WORKSPACE_SNAPSHOT/Towow_R8_OPC_Constructive_Closure_v1.1/human_study/通爻_OPC真人实验完整方案书_v1.1.md,926abf8a318a47130e0bf39395421eb47ca29cfc250ad5dcb04f73fc2eb6b05f,2,1.3 实验的基本伦理取向,63,66,v1.1-executable-closure,text-source
S001039,02_WORKSPACE_SNAPSHOT/Towow_R8_OPC_Constructive_Closure_v1.1/human_study/通爻_OPC真人实验完整方案书_v1.1.md,926abf8a318a47130e0bf39395421eb47ca29cfc250ad5dcb04f73fc2eb6b05f,1,2　研究问题与预注册假设,67,120,v1.1-executable-closure,text-source
S001040,02_WORKSPACE_SNAPSHOT/Towow_R8_OPC_Constructive_Closure_v1.1/human_study/通爻_OPC真人实验完整方案书_v1.1.md,926abf8a318a47130e0bf39395421eb47ca29cfc250ad5dcb04f73fc2eb6b05f,2,2.1 主要研究问题,69,82,v1.1-executable-closure,text-source
S001041,02_WORKSPACE_SNAPSHOT/Towow_R8_OPC_Constructive_Closure_v1.1/human_study/通爻_OPC真人实验完整方案书_v1.1.md,926abf8a318a47130e0bf39395421eb47ca29cfc250ad5dcb04f73fc2eb6b05f,2,2.2 主要假设,83,108,v1.1-executable-closure,text-source
S001042,02_WORKSPACE_SNAPSHOT/Towow_R8_OPC_Constructive_Closure_v1.1/human_study/通爻_OPC真人实验完整方案书_v1.1.md,926abf8a318a47130e0bf39395421eb47ca29cfc250ad5dcb04f73fc2eb6b05f,3,H-sem：权威语义假设,85,88,v1.1-executable-closure,text-source
S001043,02_WORKSPACE_SNAPSHOT/Towow_R8_OPC_Constructive_Closure_v1.1/human_study/通爻_OPC真人实验完整方案书_v1.1.md,926abf8a318a47130e0bf39395421eb47ca29cfc250ad5dcb04f73fc2eb6b05f,3,H-topology：本地世界假设,89,92,v1.1-executable-closure,text-source
S001044,02_WORKSPACE_SNAPSHOT/Towow_R8_OPC_Constructive_Closure_v1.1/human_study/通爻_OPC真人实验完整方案书_v1.1.md,926abf8a318a47130e0bf39395421eb47ca29cfc250ad5dcb04f73fc2eb6b05f,3,H-formation：建设性形成假设,93,96,v1.1-executable-closure,text-source
S001045,02_WORKSPACE_SNAPSHOT/Towow_R8_OPC_Constructive_Closure_v1.1/human_study/通爻_OPC真人实验完整方案书_v1.1.md,926abf8a318a47130e0bf39395421eb47ca29cfc250ad5dcb04f73fc2eb6b05f,3,H-routing：机制旁路假设,97,100,v1.1-executable-closure,text-source
S001046,02_WORKSPACE_SNAPSHOT/Towow_R8_OPC_Constructive_Closure_v1.1/human_study/通爻_OPC真人实验完整方案书_v1.1.md,926abf8a318a47130e0bf39395421eb47ca29cfc250ad5dcb04f73fc2eb6b05f,3,H-compile：重复价值假设,101,104,v1.1-executable-closure,text-source
S001047,02_WORKSPACE_SNAPSHOT/Towow_R8_OPC_Constructive_Closure_v1.1/human_study/通爻_OPC真人实验完整方案书_v1.1.md,926abf8a318a47130e0bf39395421eb47ca29cfc250ad5dcb04f73fc2eb6b05f,3,H-explain：理解与认领假设,105,108,v1.1-executable-closure,text-source
S001048,02_WORKSPACE_SNAPSHOT/Towow_R8_OPC_Constructive_Closure_v1.1/human_study/通爻_OPC真人实验完整方案书_v1.1.md,926abf8a318a47130e0bf39395421eb47ca29cfc250ad5dcb04f73fc2eb6b05f,2,2.3 明确的否证结果,109,120,v1.1-executable-closure,text-source
S001049,02_WORKSPACE_SNAPSHOT/Towow_R8_OPC_Constructive_Closure_v1.1/human_study/通爻_OPC真人实验完整方案书_v1.1.md,926abf8a318a47130e0bf39395421eb47ca29cfc250ad5dcb04f73fc2eb6b05f,1,3　总体研究程序,121,174,v1.1-executable-closure,text-source
S001050,02_WORKSPACE_SNAPSHOT/Towow_R8_OPC_Constructive_Closure_v1.1/human_study/通爻_OPC真人实验完整方案书_v1.1.md,926abf8a318a47130e0bf39395421eb47ca29cfc250ad5dcb04f73fc2eb6b05f,2,3.1 阶段 H0：历史事项校准,123,132,v1.1-executable-closure,text-source
S001051,02_WORKSPACE_SNAPSHOT/Towow_R8_OPC_Constructive_Closure_v1.1/human_study/通爻_OPC真人实验完整方案书_v1.1.md,926abf8a318a47130e0bf39395421eb47ca29cfc250ad5dcb04f73fc2eb6b05f,2,3.2 阶段 H1：前瞻性 shadow mode,133,144,v1.1-executable-closure,text-source
S001052,02_WORKSPACE_SNAPSHOT/Towow_R8_OPC_Constructive_Closure_v1.1/human_study/通爻_OPC真人实验完整方案书_v1.1.md,926abf8a318a47130e0bf39395421eb47ca29cfc250ad5dcb04f73fc2eb6b05f,2,3.3 阶段 H2：低风险可逆现实 Effect,145,154,v1.1-executable-closure,text-source
S001053,02_WORKSPACE_SNAPSHOT/Towow_R8_OPC_Constructive_Closure_v1.1/human_study/通爻_OPC真人实验完整方案书_v1.1.md,926abf8a318a47130e0bf39395421eb47ca29cfc250ad5dcb04f73fc2eb6b05f,2,3.4 阶段 H3：跨责任根双边形成或临时联盟,155,164,v1.1-executable-closure,text-source
S001054,02_WORKSPACE_SNAPSHOT/Towow_R8_OPC_Constructive_Closure_v1.1/human_study/通爻_OPC真人实验完整方案书_v1.1.md,926abf8a318a47130e0bf39395421eb47ca29cfc250ad5dcb04f73fc2eb6b05f,2,3.5 阶段 H4：重复、编译与漂移,165,174,v1.1-executable-closure,text-source
S001055,02_WORKSPACE_SNAPSHOT/Towow_R8_OPC_Constructive_Closure_v1.1/human_study/通爻_OPC真人实验完整方案书_v1.1.md,926abf8a318a47130e0bf39395421eb47ca29cfc250ad5dcb04f73fc2eb6b05f,1,4　案例与参与者标准,175,217,v1.1-executable-closure,text-source
S001056,02_WORKSPACE_SNAPSHOT/Towow_R8_OPC_Constructive_Closure_v1.1/human_study/通爻_OPC真人实验完整方案书_v1.1.md,926abf8a318a47130e0bf39395421eb47ca29cfc250ad5dcb04f73fc2eb6b05f,2,4.1 OPC/超级个体参与者,177,188,v1.1-executable-closure,text-source
S001057,02_WORKSPACE_SNAPSHOT/Towow_R8_OPC_Constructive_Closure_v1.1/human_study/通爻_OPC真人实验完整方案书_v1.1.md,926abf8a318a47130e0bf39395421eb47ca29cfc250ad5dcb04f73fc2eb6b05f,2,4.2 事项纳入标准,189,200,v1.1-executable-closure,text-source
S001058,02_WORKSPACE_SNAPSHOT/Towow_R8_OPC_Constructive_Closure_v1.1/human_study/通爻_OPC真人实验完整方案书_v1.1.md,926abf8a318a47130e0bf39395421eb47ca29cfc250ad5dcb04f73fc2eb6b05f,2,4.3 负控制事项,201,204,v1.1-executable-closure,text-source
S001059,02_WORKSPACE_SNAPSHOT/Towow_R8_OPC_Constructive_Closure_v1.1/human_study/通爻_OPC真人实验完整方案书_v1.1.md,926abf8a318a47130e0bf39395421eb47ca29cfc250ad5dcb04f73fc2eb6b05f,2,4.4 排除标准,205,217,v1.1-executable-closure,text-source
S001060,02_WORKSPACE_SNAPSHOT/Towow_R8_OPC_Constructive_Closure_v1.1/human_study/通爻_OPC真人实验完整方案书_v1.1.md,926abf8a318a47130e0bf39395421eb47ca29cfc250ad5dcb04f73fc2eb6b05f,1,5　数据标准,218,348,v1.1-executable-closure,text-source
S001061,02_WORKSPACE_SNAPSHOT/Towow_R8_OPC_Constructive_Closure_v1.1/human_study/通爻_OPC真人实验完整方案书_v1.1.md,926abf8a318a47130e0bf39395421eb47ca29cfc250ad5dcb04f73fc2eb6b05f,2,5.1 数据分层,220,265,v1.1-executable-closure,text-source
S001062,02_WORKSPACE_SNAPSHOT/Towow_R8_OPC_Constructive_Closure_v1.1/human_study/通爻_OPC真人实验完整方案书_v1.1.md,926abf8a318a47130e0bf39395421eb47ca29cfc250ad5dcb04f73fc2eb6b05f,3,D0：招募、同意与范围,224,227,v1.1-executable-closure,text-source
S001063,02_WORKSPACE_SNAPSHOT/Towow_R8_OPC_Constructive_Closure_v1.1/human_study/通爻_OPC真人实验完整方案书_v1.1.md,926abf8a318a47130e0bf39395421eb47ca29cfc250ad5dcb04f73fc2eb6b05f,3,D1：Entity 与 Authority Map,228,233,v1.1-executable-closure,text-source
S001064,02_WORKSPACE_SNAPSHOT/Towow_R8_OPC_Constructive_Closure_v1.1/human_study/通爻_OPC真人实验完整方案书_v1.1.md,926abf8a318a47130e0bf39395421eb47ca29cfc250ad5dcb04f73fc2eb6b05f,3,D2：协调前私有前态,234,239,v1.1-executable-closure,text-source
S001065,02_WORKSPACE_SNAPSHOT/Towow_R8_OPC_Constructive_Closure_v1.1/human_study/通爻_OPC真人实验完整方案书_v1.1.md,926abf8a318a47130e0bf39395421eb47ca29cfc250ad5dcb04f73fc2eb6b05f,3,D3：Mandate 与 Policy,240,245,v1.1-executable-closure,text-source
S001066,02_WORKSPACE_SNAPSHOT/Towow_R8_OPC_Constructive_Closure_v1.1/human_study/通爻_OPC真人实验完整方案书_v1.1.md,926abf8a318a47130e0bf39395421eb47ca29cfc250ad5dcb04f73fc2eb6b05f,3,D4：RelationVersion 与 Stance,246,249,v1.1-executable-closure,text-source
S001067,02_WORKSPACE_SNAPSHOT/Towow_R8_OPC_Constructive_Closure_v1.1/human_study/通爻_OPC真人实验完整方案书_v1.1.md,926abf8a318a47130e0bf39395421eb47ca29cfc250ad5dcb04f73fc2eb6b05f,3,D5：Agent、模型、工具与交互轨迹,250,253,v1.1-executable-closure,text-source
S001068,02_WORKSPACE_SNAPSHOT/Towow_R8_OPC_Constructive_Closure_v1.1/human_study/通爻_OPC真人实验完整方案书_v1.1.md,926abf8a318a47130e0bf39395421eb47ca29cfc250ad5dcb04f73fc2eb6b05f,3,D6：Operation、Effect 与目标世界证据,254,257,v1.1-executable-closure,text-source
S001069,02_WORKSPACE_SNAPSHOT/Towow_R8_OPC_Constructive_Closure_v1.1/human_study/通爻_OPC真人实验完整方案书_v1.1.md,926abf8a318a47130e0bf39395421eb47ca29cfc250ad5dcb04f73fc2eb6b05f,3,D7：Adoption、Acceptance、Settlement 与后悔,258,261,v1.1-executable-closure,text-source
S001070,02_WORKSPACE_SNAPSHOT/Towow_R8_OPC_Constructive_Closure_v1.1/human_study/通爻_OPC真人实验完整方案书_v1.1.md,926abf8a318a47130e0bf39395421eb47ca29cfc250ad5dcb04f73fc2eb6b05f,3,D8：成本、注意力、披露与体验,262,265,v1.1-executable-closure,text-source
S001071,02_WORKSPACE_SNAPSHOT/Towow_R8_OPC_Constructive_Closure_v1.1/human_study/通爻_OPC真人实验完整方案书_v1.1.md,926abf8a318a47130e0bf39395421eb47ca29cfc250ad5dcb04f73fc2eb6b05f,2,5.2 最小事件包络,266,290,v1.1-executable-closure,text-source
S001072,02_WORKSPACE_SNAPSHOT/Towow_R8_OPC_Constructive_Closure_v1.1/human_study/通爻_OPC真人实验完整方案书_v1.1.md,926abf8a318a47130e0bf39395421eb47ca29cfc250ad5dcb04f73fc2eb6b05f,2,5.3 数据合格标准,291,303,v1.1-executable-closure,text-source
S001073,02_WORKSPACE_SNAPSHOT/Towow_R8_OPC_Constructive_Closure_v1.1/human_study/通爻_OPC真人实验完整方案书_v1.1.md,926abf8a318a47130e0bf39395421eb47ca29cfc250ad5dcb04f73fc2eb6b05f,2,5.4 不合格数据,304,317,v1.1-executable-closure,text-source
S001074,02_WORKSPACE_SNAPSHOT/Towow_R8_OPC_Constructive_Closure_v1.1/human_study/通爻_OPC真人实验完整方案书_v1.1.md,926abf8a318a47130e0bf39395421eb47ca29cfc250ad5dcb04f73fc2eb6b05f,2,5.5 完整度等级,318,328,v1.1-executable-closure,text-source
S001075,02_WORKSPACE_SNAPSHOT/Towow_R8_OPC_Constructive_Closure_v1.1/human_study/通爻_OPC真人实验完整方案书_v1.1.md,926abf8a318a47130e0bf39395421eb47ca29cfc250ad5dcb04f73fc2eb6b05f,2,5.6 隐私等级,329,338,v1.1-executable-closure,text-source
S001076,02_WORKSPACE_SNAPSHOT/Towow_R8_OPC_Constructive_Closure_v1.1/human_study/通爻_OPC真人实验完整方案书_v1.1.md,926abf8a318a47130e0bf39395421eb47ca29cfc250ad5dcb04f73fc2eb6b05f,2,5.7 数据完整性与版本,339,348,v1.1-executable-closure,text-source
S001077,02_WORKSPACE_SNAPSHOT/Towow_R8_OPC_Constructive_Closure_v1.1/human_study/通爻_OPC真人实验完整方案书_v1.1.md,926abf8a318a47130e0bf39395421eb47ca29cfc250ad5dcb04f73fc2eb6b05f,1,6　实验内容与必须产生的研究制品,349,397,v1.1-executable-closure,text-source
S001078,02_WORKSPACE_SNAPSHOT/Towow_R8_OPC_Constructive_Closure_v1.1/human_study/通爻_OPC真人实验完整方案书_v1.1.md,926abf8a318a47130e0bf39395421eb47ca29cfc250ad5dcb04f73fc2eb6b05f,2,6.1 每个事项的最小产物,351,373,v1.1-executable-closure,text-source
S001079,02_WORKSPACE_SNAPSHOT/Towow_R8_OPC_Constructive_Closure_v1.1/human_study/通爻_OPC真人实验完整方案书_v1.1.md,926abf8a318a47130e0bf39395421eb47ca29cfc250ad5dcb04f73fc2eb6b05f,2,6.2 参与者具体要做什么,374,386,v1.1-executable-closure,text-source
S001080,02_WORKSPACE_SNAPSHOT/Towow_R8_OPC_Constructive_Closure_v1.1/human_study/通爻_OPC真人实验完整方案书_v1.1.md,926abf8a318a47130e0bf39395421eb47ca29cfc250ad5dcb04f73fc2eb6b05f,2,6.3 研究系统要产生什么,387,397,v1.1-executable-closure,text-source
S001081,02_WORKSPACE_SNAPSHOT/Towow_R8_OPC_Constructive_Closure_v1.1/human_study/通爻_OPC真人实验完整方案书_v1.1.md,926abf8a318a47130e0bf39395421eb47ca29cfc250ad5dcb04f73fc2eb6b05f,1,7　实验条件与强基线,398,433,v1.1-executable-closure,text-source
S001082,02_WORKSPACE_SNAPSHOT/Towow_R8_OPC_Constructive_Closure_v1.1/human_study/通爻_OPC真人实验完整方案书_v1.1.md,926abf8a318a47130e0bf39395421eb47ca29cfc250ad5dcb04f73fc2eb6b05f,2,7.1 条件 A：固定平台/表单,400,403,v1.1-executable-closure,text-source
S001083,02_WORKSPACE_SNAPSHOT/Towow_R8_OPC_Constructive_Closure_v1.1/human_study/通爻_OPC真人实验完整方案书_v1.1.md,926abf8a318a47130e0bf39395421eb47ca29cfc250ad5dcb04f73fc2eb6b05f,2,7.2 条件 B：扁平强中心 Agent,404,409,v1.1-executable-closure,text-source
S001084,02_WORKSPACE_SNAPSHOT/Towow_R8_OPC_Constructive_Closure_v1.1/human_study/通爻_OPC真人实验完整方案书_v1.1.md,926abf8a318a47130e0bf39395421eb47ca29cfc250ad5dcb04f73fc2eb6b05f,2,7.3 条件 C：权威感知中心 Hub,410,413,v1.1-executable-closure,text-source
S001085,02_WORKSPACE_SNAPSHOT/Towow_R8_OPC_Constructive_Closure_v1.1/human_study/通爻_OPC真人实验完整方案书_v1.1.md,926abf8a318a47130e0bf39395421eb47ca29cfc250ad5dcb04f73fc2eb6b05f,2,7.4 条件 D：联邦 Relation 系统,414,417,v1.1-executable-closure,text-source
S001086,02_WORKSPACE_SNAPSHOT/Towow_R8_OPC_Constructive_Closure_v1.1/human_study/通爻_OPC真人实验完整方案书_v1.1.md,926abf8a318a47130e0bf39395421eb47ca29cfc250ad5dcb04f73fc2eb6b05f,2,7.5 条件 E：优秀人类经纪,418,421,v1.1-executable-closure,text-source
S001087,02_WORKSPACE_SNAPSHOT/Towow_R8_OPC_Constructive_Closure_v1.1/human_study/通爻_OPC真人实验完整方案书_v1.1.md,926abf8a318a47130e0bf39395421eb47ca29cfc250ad5dcb04f73fc2eb6b05f,2,7.6 公平性规则,422,433,v1.1-executable-closure,text-source
S001088,02_WORKSPACE_SNAPSHOT/Towow_R8_OPC_Constructive_Closure_v1.1/human_study/通爻_OPC真人实验完整方案书_v1.1.md,926abf8a318a47130e0bf39395421eb47ca29cfc250ad5dcb04f73fc2eb6b05f,1,8　实验设计,434,495,v1.1-executable-closure,text-source
S001089,02_WORKSPACE_SNAPSHOT/Towow_R8_OPC_Constructive_Closure_v1.1/human_study/通爻_OPC真人实验完整方案书_v1.1.md,926abf8a318a47130e0bf39395421eb47ca29cfc250ad5dcb04f73fc2eb6b05f,2,8.1 设计单位,436,439,v1.1-executable-closure,text-source
S001090,02_WORKSPACE_SNAPSHOT/Towow_R8_OPC_Constructive_Closure_v1.1/human_study/通爻_OPC真人实验完整方案书_v1.1.md,926abf8a318a47130e0bf39395421eb47ca29cfc250ad5dcb04f73fc2eb6b05f,2,8.2 Shadow 阶段设计,440,451,v1.1-executable-closure,text-source
S001091,02_WORKSPACE_SNAPSHOT/Towow_R8_OPC_Constructive_Closure_v1.1/human_study/通爻_OPC真人实验完整方案书_v1.1.md,926abf8a318a47130e0bf39395421eb47ca29cfc250ad5dcb04f73fc2eb6b05f,2,8.3 Live 阶段设计,452,461,v1.1-executable-closure,text-source
S001092,02_WORKSPACE_SNAPSHOT/Towow_R8_OPC_Constructive_Closure_v1.1/human_study/通爻_OPC真人实验完整方案书_v1.1.md,926abf8a318a47130e0bf39395421eb47ca29cfc250ad5dcb04f73fc2eb6b05f,2,8.4 形成因果识别,462,473,v1.1-executable-closure,text-source
S001093,02_WORKSPACE_SNAPSHOT/Towow_R8_OPC_Constructive_Closure_v1.1/human_study/通爻_OPC真人实验完整方案书_v1.1.md,926abf8a318a47130e0bf39395421eb47ca29cfc250ad5dcb04f73fc2eb6b05f,2,8.5 编译与重开设计,474,483,v1.1-executable-closure,text-source
S001094,02_WORKSPACE_SNAPSHOT/Towow_R8_OPC_Constructive_Closure_v1.1/human_study/通爻_OPC真人实验完整方案书_v1.1.md,926abf8a318a47130e0bf39395421eb47ca29cfc250ad5dcb04f73fc2eb6b05f,2,8.6 样本规模与分析性质,484,495,v1.1-executable-closure,text-source
S001095,02_WORKSPACE_SNAPSHOT/Towow_R8_OPC_Constructive_Closure_v1.1/human_study/通爻_OPC真人实验完整方案书_v1.1.md,926abf8a318a47130e0bf39395421eb47ca29cfc250ad5dcb04f73fc2eb6b05f,1,9　关键指标,496,588,v1.1-executable-closure,text-source
S001096,02_WORKSPACE_SNAPSHOT/Towow_R8_OPC_Constructive_Closure_v1.1/human_study/通爻_OPC真人实验完整方案书_v1.1.md,926abf8a318a47130e0bf39395421eb47ca29cfc250ad5dcb04f73fc2eb6b05f,2,9.1 主要终点,498,540,v1.1-executable-closure,text-source
S001097,02_WORKSPACE_SNAPSHOT/Towow_R8_OPC_Constructive_Closure_v1.1/human_study/通爻_OPC真人实验完整方案书_v1.1.md,926abf8a318a47130e0bf39395421eb47ca29cfc250ad5dcb04f73fc2eb6b05f,3,真实处置时间,500,507,v1.1-executable-closure,text-source
S001098,02_WORKSPACE_SNAPSHOT/Towow_R8_OPC_Constructive_Closure_v1.1/human_study/通爻_OPC真人实验完整方案书_v1.1.md,926abf8a318a47130e0bf39395421eb47ca29cfc250ad5dcb04f73fc2eb6b05f,3,错误处置率,508,516,v1.1-executable-closure,text-source
S001099,02_WORKSPACE_SNAPSHOT/Towow_R8_OPC_Constructive_Closure_v1.1/human_study/通爻_OPC真人实验完整方案书_v1.1.md,926abf8a318a47130e0bf39395421eb47ca29cfc250ad5dcb04f73fc2eb6b05f,3,高认知人工负担,517,524,v1.1-executable-closure,text-source
S001100,02_WORKSPACE_SNAPSHOT/Towow_R8_OPC_Constructive_Closure_v1.1/human_study/通爻_OPC真人实验完整方案书_v1.1.md,926abf8a318a47130e0bf39395421eb47ca29cfc250ad5dcb04f73fc2eb6b05f,3,material condition recall,525,528,v1.1-executable-closure,text-source
S001101,02_WORKSPACE_SNAPSHOT/Towow_R8_OPC_Constructive_Closure_v1.1/human_study/通爻_OPC真人实验完整方案书_v1.1.md,926abf8a318a47130e0bf39395421eb47ca29cfc250ad5dcb04f73fc2eb6b05f,3,敏感披露,529,536,v1.1-executable-closure,text-source
S001102,02_WORKSPACE_SNAPSHOT/Towow_R8_OPC_Constructive_Closure_v1.1/human_study/通爻_OPC真人实验完整方案书_v1.1.md,926abf8a318a47130e0bf39395421eb47ca29cfc250ad5dcb04f73fc2eb6b05f,3,Explain-back 准确率,537,540,v1.1-executable-closure,text-source
S001103,02_WORKSPACE_SNAPSHOT/Towow_R8_OPC_Constructive_Closure_v1.1/human_study/通爻_OPC真人实验完整方案书_v1.1.md,926abf8a318a47130e0bf39395421eb47ca29cfc250ad5dcb04f73fc2eb6b05f,2,9.2 形成指标,541,549,v1.1-executable-closure,text-source
S001104,02_WORKSPACE_SNAPSHOT/Towow_R8_OPC_Constructive_Closure_v1.1/human_study/通爻_OPC真人实验完整方案书_v1.1.md,926abf8a318a47130e0bf39395421eb47ca29cfc250ad5dcb04f73fc2eb6b05f,2,9.3 Router 指标,550,558,v1.1-executable-closure,text-source
S001105,02_WORKSPACE_SNAPSHOT/Towow_R8_OPC_Constructive_Closure_v1.1/human_study/通爻_OPC真人实验完整方案书_v1.1.md,926abf8a318a47130e0bf39395421eb47ca29cfc250ad5dcb04f73fc2eb6b05f,2,9.4 编译与复用指标,559,569,v1.1-executable-closure,text-source
S001106,02_WORKSPACE_SNAPSHOT/Towow_R8_OPC_Constructive_Closure_v1.1/human_study/通爻_OPC真人实验完整方案书_v1.1.md,926abf8a318a47130e0bf39395421eb47ca29cfc250ad5dcb04f73fc2eb6b05f,2,9.5 净价值,570,579,v1.1-executable-closure,text-source
S001107,02_WORKSPACE_SNAPSHOT/Towow_R8_OPC_Constructive_Closure_v1.1/human_study/通爻_OPC真人实验完整方案书_v1.1.md,926abf8a318a47130e0bf39395421eb47ca29cfc250ad5dcb04f73fc2eb6b05f,2,9.6 体验与合法性指标,580,588,v1.1-executable-closure,text-source
S001108,02_WORKSPACE_SNAPSHOT/Towow_R8_OPC_Constructive_Closure_v1.1/human_study/通爻_OPC真人实验完整方案书_v1.1.md,926abf8a318a47130e0bf39395421eb47ca29cfc250ad5dcb04f73fc2eb6b05f,1,10　实验环境,589,623,v1.1-executable-closure,text-source
S001109,02_WORKSPACE_SNAPSHOT/Towow_R8_OPC_Constructive_Closure_v1.1/human_study/通爻_OPC真人实验完整方案书_v1.1.md,926abf8a318a47130e0bf39395421eb47ca29cfc250ad5dcb04f73fc2eb6b05f,2,10.1 低风险现实世界,591,607,v1.1-executable-closure,text-source
S001110,02_WORKSPACE_SNAPSHOT/Towow_R8_OPC_Constructive_Closure_v1.1/human_study/通爻_OPC真人实验完整方案书_v1.1.md,926abf8a318a47130e0bf39395421eb47ca29cfc250ad5dcb04f73fc2eb6b05f,2,10.2 模型环境,608,611,v1.1-executable-closure,text-source
S001111,02_WORKSPACE_SNAPSHOT/Towow_R8_OPC_Constructive_Closure_v1.1/human_study/通爻_OPC真人实验完整方案书_v1.1.md,926abf8a318a47130e0bf39395421eb47ca29cfc250ad5dcb04f73fc2eb6b05f,2,10.3 人类界面,612,623,v1.1-executable-closure,text-source
S001112,02_WORKSPACE_SNAPSHOT/Towow_R8_OPC_Constructive_Closure_v1.1/human_study/通爻_OPC真人实验完整方案书_v1.1.md,926abf8a318a47130e0bf39395421eb47ca29cfc250ad5dcb04f73fc2eb6b05f,1,11　多 Agent 协同设计,624,674,v1.1-executable-closure,text-source
S001113,02_WORKSPACE_SNAPSHOT/Towow_R8_OPC_Constructive_Closure_v1.1/human_study/通爻_OPC真人实验完整方案书_v1.1.md,926abf8a318a47130e0bf39395421eb47ca29cfc250ad5dcb04f73fc2eb6b05f,2,11.1 逻辑角色,626,642,v1.1-executable-closure,text-source
S001114,02_WORKSPACE_SNAPSHOT/Towow_R8_OPC_Constructive_Closure_v1.1/human_study/通爻_OPC真人实验完整方案书_v1.1.md,926abf8a318a47130e0bf39395421eb47ca29cfc250ad5dcb04f73fc2eb6b05f,2,11.2 交互原则,643,655,v1.1-executable-closure,text-source
S001115,02_WORKSPACE_SNAPSHOT/Towow_R8_OPC_Constructive_Closure_v1.1/human_study/通爻_OPC真人实验完整方案书_v1.1.md,926abf8a318a47130e0bf39395421eb47ca29cfc250ad5dcb04f73fc2eb6b05f,2,11.3 典型跨 Agent 流程,656,674,v1.1-executable-closure,text-source
S001116,02_WORKSPACE_SNAPSHOT/Towow_R8_OPC_Constructive_Closure_v1.1/human_study/通爻_OPC真人实验完整方案书_v1.1.md,926abf8a318a47130e0bf39395421eb47ca29cfc250ad5dcb04f73fc2eb6b05f,1,12　技术基础设施,675,720,v1.1-executable-closure,text-source
S001117,02_WORKSPACE_SNAPSHOT/Towow_R8_OPC_Constructive_Closure_v1.1/human_study/通爻_OPC真人实验完整方案书_v1.1.md,926abf8a318a47130e0bf39395421eb47ca29cfc250ad5dcb04f73fc2eb6b05f,2,12.1 身份与工作负载,677,683,v1.1-executable-closure,text-source
S001118,02_WORKSPACE_SNAPSHOT/Towow_R8_OPC_Constructive_Closure_v1.1/human_study/通爻_OPC真人实验完整方案书_v1.1.md,926abf8a318a47130e0bf39395421eb47ca29cfc250ad5dcb04f73fc2eb6b05f,2,12.2 Mandate 与策略执行,684,687,v1.1-executable-closure,text-source
S001119,02_WORKSPACE_SNAPSHOT/Towow_R8_OPC_Constructive_Closure_v1.1/human_study/通爻_OPC真人实验完整方案书_v1.1.md,926abf8a318a47130e0bf39395421eb47ca29cfc250ad5dcb04f73fc2eb6b05f,2,12.3 Agent 与工具连接,688,694,v1.1-executable-closure,text-source
S001120,02_WORKSPACE_SNAPSHOT/Towow_R8_OPC_Constructive_Closure_v1.1/human_study/通爻_OPC真人实验完整方案书_v1.1.md,926abf8a318a47130e0bf39395421eb47ca29cfc250ad5dcb04f73fc2eb6b05f,2,12.4 工作流与事件,695,702,v1.1-executable-closure,text-source
S001121,02_WORKSPACE_SNAPSHOT/Towow_R8_OPC_Constructive_Closure_v1.1/human_study/通爻_OPC真人实验完整方案书_v1.1.md,926abf8a318a47130e0bf39395421eb47ca29cfc250ad5dcb04f73fc2eb6b05f,2,12.5 Effect Connector,703,712,v1.1-executable-closure,text-source
S001122,02_WORKSPACE_SNAPSHOT/Towow_R8_OPC_Constructive_Closure_v1.1/human_study/通爻_OPC真人实验完整方案书_v1.1.md,926abf8a318a47130e0bf39395421eb47ca29cfc250ad5dcb04f73fc2eb6b05f,2,12.6 中心化与联邦边界,713,720,v1.1-executable-closure,text-source
S001123,02_WORKSPACE_SNAPSHOT/Towow_R8_OPC_Constructive_Closure_v1.1/human_study/通爻_OPC真人实验完整方案书_v1.1.md,926abf8a318a47130e0bf39395421eb47ca29cfc250ad5dcb04f73fc2eb6b05f,1,13　三类首批实验案例,721,754,v1.1-executable-closure,text-source
S001124,02_WORKSPACE_SNAPSHOT/Towow_R8_OPC_Constructive_Closure_v1.1/human_study/通爻_OPC真人实验完整方案书_v1.1.md,926abf8a318a47130e0bf39395421eb47ca29cfc250ad5dcb04f73fc2eb6b05f,2,13.1 案例 A：客户域内的 AI 研究/分析,723,734,v1.1-executable-closure,text-source
S001125,02_WORKSPACE_SNAPSHOT/Towow_R8_OPC_Constructive_Closure_v1.1/human_study/通爻_OPC真人实验完整方案书_v1.1.md,926abf8a318a47130e0bf39395421eb47ca29cfc250ad5dcb04f73fc2eb6b05f,2,13.2 案例 B：三个 OPC 的临时联合投标,735,744,v1.1-executable-closure,text-source
S001126,02_WORKSPACE_SNAPSHOT/Towow_R8_OPC_Constructive_Closure_v1.1/human_study/通爻_OPC真人实验完整方案书_v1.1.md,926abf8a318a47130e0bf39395421eb47ca29cfc250ad5dcb04f73fc2eb6b05f,2,13.3 案例 C：创作者—品牌非标准合作,745,754,v1.1-executable-closure,text-source
S001127,02_WORKSPACE_SNAPSHOT/Towow_R8_OPC_Constructive_Closure_v1.1/human_study/通爻_OPC真人实验完整方案书_v1.1.md,926abf8a318a47130e0bf39395421eb47ca29cfc250ad5dcb04f73fc2eb6b05f,1,14　数据采集流程,755,797,v1.1-executable-closure,text-source
S001128,02_WORKSPACE_SNAPSHOT/Towow_R8_OPC_Constructive_Closure_v1.1/human_study/通爻_OPC真人实验完整方案书_v1.1.md,926abf8a318a47130e0bf39395421eb47ca29cfc250ad5dcb04f73fc2eb6b05f,2,14.1 招募前筛选,757,772,v1.1-executable-closure,text-source
S001129,02_WORKSPACE_SNAPSHOT/Towow_R8_OPC_Constructive_Closure_v1.1/human_study/通爻_OPC真人实验完整方案书_v1.1.md,926abf8a318a47130e0bf39395421eb47ca29cfc250ad5dcb04f73fc2eb6b05f,2,14.2 初始访谈,773,776,v1.1-executable-closure,text-source
S001130,02_WORKSPACE_SNAPSHOT/Towow_R8_OPC_Constructive_Closure_v1.1/human_study/通爻_OPC真人实验完整方案书_v1.1.md,926abf8a318a47130e0bf39395421eb47ca29cfc250ad5dcb04f73fc2eb6b05f,2,14.3 Mandate explain-back,777,789,v1.1-executable-closure,text-source
S001131,02_WORKSPACE_SNAPSHOT/Towow_R8_OPC_Constructive_Closure_v1.1/human_study/通爻_OPC真人实验完整方案书_v1.1.md,926abf8a318a47130e0bf39395421eb47ca29cfc250ad5dcb04f73fc2eb6b05f,2,14.4 过程采集,790,793,v1.1-executable-closure,text-source
S001132,02_WORKSPACE_SNAPSHOT/Towow_R8_OPC_Constructive_Closure_v1.1/human_study/通爻_OPC真人实验完整方案书_v1.1.md,926abf8a318a47130e0bf39395421eb47ca29cfc250ad5dcb04f73fc2eb6b05f,2,14.5 Effect 与 follow-up,794,797,v1.1-executable-closure,text-source
S001133,02_WORKSPACE_SNAPSHOT/Towow_R8_OPC_Constructive_Closure_v1.1/human_study/通爻_OPC真人实验完整方案书_v1.1.md,926abf8a318a47130e0bf39395421eb47ca29cfc250ad5dcb04f73fc2eb6b05f,1,15　分析计划,798,834,v1.1-executable-closure,text-source
S001134,02_WORKSPACE_SNAPSHOT/Towow_R8_OPC_Constructive_Closure_v1.1/human_study/通爻_OPC真人实验完整方案书_v1.1.md,926abf8a318a47130e0bf39395421eb47ca29cfc250ad5dcb04f73fc2eb6b05f,2,15.1 定量分析,800,809,v1.1-executable-closure,text-source
S001135,02_WORKSPACE_SNAPSHOT/Towow_R8_OPC_Constructive_Closure_v1.1/human_study/通爻_OPC真人实验完整方案书_v1.1.md,926abf8a318a47130e0bf39395421eb47ca29cfc250ad5dcb04f73fc2eb6b05f,2,15.2 定性与过程追踪,810,821,v1.1-executable-closure,text-source
S001136,02_WORKSPACE_SNAPSHOT/Towow_R8_OPC_Constructive_Closure_v1.1/human_study/通爻_OPC真人实验完整方案书_v1.1.md,926abf8a318a47130e0bf39395421eb47ca29cfc250ad5dcb04f73fc2eb6b05f,2,15.3 互编码一致性,822,830,v1.1-executable-closure,text-source
S001137,02_WORKSPACE_SNAPSHOT/Towow_R8_OPC_Constructive_Closure_v1.1/human_study/通爻_OPC真人实验完整方案书_v1.1.md,926abf8a318a47130e0bf39395421eb47ca29cfc250ad5dcb04f73fc2eb6b05f,2,15.4 缺失数据,831,834,v1.1-executable-closure,text-source
S001138,02_WORKSPACE_SNAPSHOT/Towow_R8_OPC_Constructive_Closure_v1.1/human_study/通爻_OPC真人实验完整方案书_v1.1.md,926abf8a318a47130e0bf39395421eb47ca29cfc250ad5dcb04f73fc2eb6b05f,1,16　安全、隐私与停止规则,835,873,v1.1-executable-closure,text-source
S001139,02_WORKSPACE_SNAPSHOT/Towow_R8_OPC_Constructive_Closure_v1.1/human_study/通爻_OPC真人实验完整方案书_v1.1.md,926abf8a318a47130e0bf39395421eb47ca29cfc250ad5dcb04f73fc2eb6b05f,2,16.1 权限安全,837,846,v1.1-executable-closure,text-source
S001140,02_WORKSPACE_SNAPSHOT/Towow_R8_OPC_Constructive_Closure_v1.1/human_study/通爻_OPC真人实验完整方案书_v1.1.md,926abf8a318a47130e0bf39395421eb47ca29cfc250ad5dcb04f73fc2eb6b05f,2,16.2 数据安全,847,855,v1.1-executable-closure,text-source
S001141,02_WORKSPACE_SNAPSHOT/Towow_R8_OPC_Constructive_Closure_v1.1/human_study/通爻_OPC真人实验完整方案书_v1.1.md,926abf8a318a47130e0bf39395421eb47ca29cfc250ad5dcb04f73fc2eb6b05f,2,16.3 即时停止条件,856,869,v1.1-executable-closure,text-source
S001142,02_WORKSPACE_SNAPSHOT/Towow_R8_OPC_Constructive_Closure_v1.1/human_study/通爻_OPC真人实验完整方案书_v1.1.md,926abf8a318a47130e0bf39395421eb47ca29cfc250ad5dcb04f73fc2eb6b05f,2,16.4 安全事件处置,870,873,v1.1-executable-closure,text-source
S001143,02_WORKSPACE_SNAPSHOT/Towow_R8_OPC_Constructive_Closure_v1.1/human_study/通爻_OPC真人实验完整方案书_v1.1.md,926abf8a318a47130e0bf39395421eb47ca29cfc250ad5dcb04f73fc2eb6b05f,1,17　实验价值与决策规则,874,924,v1.1-executable-closure,text-source
S001144,02_WORKSPACE_SNAPSHOT/Towow_R8_OPC_Constructive_Closure_v1.1/human_study/通爻_OPC真人实验完整方案书_v1.1.md,926abf8a318a47130e0bf39395421eb47ca29cfc250ad5dcb04f73fc2eb6b05f,2,17.1 对理论的价值,876,886,v1.1-executable-closure,text-source
S001145,02_WORKSPACE_SNAPSHOT/Towow_R8_OPC_Constructive_Closure_v1.1/human_study/通爻_OPC真人实验完整方案书_v1.1.md,926abf8a318a47130e0bf39395421eb47ca29cfc250ad5dcb04f73fc2eb6b05f,2,17.2 对技术方案的价值,887,899,v1.1-executable-closure,text-source
S001146,02_WORKSPACE_SNAPSHOT/Towow_R8_OPC_Constructive_Closure_v1.1/human_study/通爻_OPC真人实验完整方案书_v1.1.md,926abf8a318a47130e0bf39395421eb47ca29cfc250ad5dcb04f73fc2eb6b05f,2,17.3 对产品的价值,900,911,v1.1-executable-closure,text-source
S001147,02_WORKSPACE_SNAPSHOT/Towow_R8_OPC_Constructive_Closure_v1.1/human_study/通爻_OPC真人实验完整方案书_v1.1.md,926abf8a318a47130e0bf39395421eb47ca29cfc250ad5dcb04f73fc2eb6b05f,2,17.4 进入扩大研究的 Gate,912,924,v1.1-executable-closure,text-source
S001148,02_WORKSPACE_SNAPSHOT/Towow_R8_OPC_Constructive_Closure_v1.1/human_study/通爻_OPC真人实验完整方案书_v1.1.md,926abf8a318a47130e0bf39395421eb47ca29cfc250ad5dcb04f73fc2eb6b05f,1,18　用户/Owner 需要准备的资源,925,949,v1.1-executable-closure,text-source
S001149,02_WORKSPACE_SNAPSHOT/Towow_R8_OPC_Constructive_Closure_v1.1/human_study/通爻_OPC真人实验完整方案书_v1.1.md,926abf8a318a47130e0bf39395421eb47ca29cfc250ad5dcb04f73fc2eb6b05f,2,18.1 现在需要的最小资源,927,935,v1.1-executable-closure,text-source
S001150,02_WORKSPACE_SNAPSHOT/Towow_R8_OPC_Constructive_Closure_v1.1/human_study/通爻_OPC真人实验完整方案书_v1.1.md,926abf8a318a47130e0bf39395421eb47ca29cfc250ad5dcb04f73fc2eb6b05f,2,18.2 Owner 的具体动作,936,945,v1.1-executable-closure,text-source
S001151,02_WORKSPACE_SNAPSHOT/Towow_R8_OPC_Constructive_Closure_v1.1/human_study/通爻_OPC真人实验完整方案书_v1.1.md,926abf8a318a47130e0bf39395421eb47ca29cfc250ad5dcb04f73fc2eb6b05f,2,18.3 参与者邀请话术（简版）,946,949,v1.1-executable-closure,text-source
S001152,02_WORKSPACE_SNAPSHOT/Towow_R8_OPC_Constructive_Closure_v1.1/human_study/通爻_OPC真人实验完整方案书_v1.1.md,926abf8a318a47130e0bf39395421eb47ca29cfc250ad5dcb04f73fc2eb6b05f,1,19　实施排期,950,981,v1.1-executable-closure,text-source
S001153,02_WORKSPACE_SNAPSHOT/Towow_R8_OPC_Constructive_Closure_v1.1/human_study/通爻_OPC真人实验完整方案书_v1.1.md,926abf8a318a47130e0bf39395421eb47ca29cfc250ad5dcb04f73fc2eb6b05f,2,第 1–2 周：准备,952,959,v1.1-executable-closure,text-source
S001154,02_WORKSPACE_SNAPSHOT/Towow_R8_OPC_Constructive_Closure_v1.1/human_study/通爻_OPC真人实验完整方案书_v1.1.md,926abf8a318a47130e0bf39395421eb47ca29cfc250ad5dcb04f73fc2eb6b05f,2,第 3–6 周：H0/H1,960,966,v1.1-executable-closure,text-source
S001155,02_WORKSPACE_SNAPSHOT/Towow_R8_OPC_Constructive_Closure_v1.1/human_study/通爻_OPC真人实验完整方案书_v1.1.md,926abf8a318a47130e0bf39395421eb47ca29cfc250ad5dcb04f73fc2eb6b05f,2,第 7–10 周：H2,967,973,v1.1-executable-closure,text-source
S001156,02_WORKSPACE_SNAPSHOT/Towow_R8_OPC_Constructive_Closure_v1.1/human_study/通爻_OPC真人实验完整方案书_v1.1.md,926abf8a318a47130e0bf39395421eb47ca29cfc250ad5dcb04f73fc2eb6b05f,2,第 11–16 周：H3/H4,974,981,v1.1-executable-closure,text-source
S001157,02_WORKSPACE_SNAPSHOT/Towow_R8_OPC_Constructive_Closure_v1.1/human_study/通爻_OPC真人实验完整方案书_v1.1.md,926abf8a318a47130e0bf39395421eb47ca29cfc250ad5dcb04f73fc2eb6b05f,1,20　失败模式与预案,982,1007,v1.1-executable-closure,text-source
S001158,02_WORKSPACE_SNAPSHOT/Towow_R8_OPC_Constructive_Closure_v1.1/human_study/通爻_OPC真人实验完整方案书_v1.1.md,926abf8a318a47130e0bf39395421eb47ca29cfc250ad5dcb04f73fc2eb6b05f,2,20.1 招募困难,984,987,v1.1-executable-closure,text-source
S001159,02_WORKSPACE_SNAPSHOT/Towow_R8_OPC_Constructive_Closure_v1.1/human_study/通爻_OPC真人实验完整方案书_v1.1.md,926abf8a318a47130e0bf39395421eb47ca29cfc250ad5dcb04f73fc2eb6b05f,2,20.2 参与者不愿填写结构,988,991,v1.1-executable-closure,text-source
S001160,02_WORKSPACE_SNAPSHOT/Towow_R8_OPC_Constructive_Closure_v1.1/human_study/通爻_OPC真人实验完整方案书_v1.1.md,926abf8a318a47130e0bf39395421eb47ca29cfc250ad5dcb04f73fc2eb6b05f,2,20.3 事项太标准,992,995,v1.1-executable-closure,text-source
S001161,02_WORKSPACE_SNAPSHOT/Towow_R8_OPC_Constructive_Closure_v1.1/human_study/通爻_OPC真人实验完整方案书_v1.1.md,926abf8a318a47130e0bf39395421eb47ca29cfc250ad5dcb04f73fc2eb6b05f,2,20.4 事项太复杂或高风险,996,999,v1.1-executable-closure,text-source
S001162,02_WORKSPACE_SNAPSHOT/Towow_R8_OPC_Constructive_Closure_v1.1/human_study/通爻_OPC真人实验完整方案书_v1.1.md,926abf8a318a47130e0bf39395421eb47ca29cfc250ad5dcb04f73fc2eb6b05f,2,20.5 Agent 没有产生新路径,1000,1003,v1.1-executable-closure,text-source
S001163,02_WORKSPACE_SNAPSHOT/Towow_R8_OPC_Constructive_Closure_v1.1/human_study/通爻_OPC真人实验完整方案书_v1.1.md,926abf8a318a47130e0bf39395421eb47ca29cfc250ad5dcb04f73fc2eb6b05f,2,20.6 人类经纪优于系统,1004,1007,v1.1-executable-closure,text-source
S001164,02_WORKSPACE_SNAPSHOT/Towow_R8_OPC_Constructive_Closure_v1.1/human_study/通爻_OPC真人实验完整方案书_v1.1.md,926abf8a318a47130e0bf39395421eb47ca29cfc250ad5dcb04f73fc2eb6b05f,1,21　可发布产物与不可发布材料,1008,1030,v1.1-executable-closure,text-source
S001165,02_WORKSPACE_SNAPSHOT/Towow_R8_OPC_Constructive_Closure_v1.1/human_study/通爻_OPC真人实验完整方案书_v1.1.md,926abf8a318a47130e0bf39395421eb47ca29cfc250ad5dcb04f73fc2eb6b05f,2,可发布,1010,1020,v1.1-executable-closure,text-source
S001166,02_WORKSPACE_SNAPSHOT/Towow_R8_OPC_Constructive_Closure_v1.1/human_study/通爻_OPC真人实验完整方案书_v1.1.md,926abf8a318a47130e0bf39395421eb47ca29cfc250ad5dcb04f73fc2eb6b05f,2,默认不可发布,1021,1030,v1.1-executable-closure,text-source
S001167,02_WORKSPACE_SNAPSHOT/Towow_R8_OPC_Constructive_Closure_v1.1/human_study/通爻_OPC真人实验完整方案书_v1.1.md,926abf8a318a47130e0bf39395421eb47ca29cfc250ad5dcb04f73fc2eb6b05f,1,22　最终验收清单,1031,1052,v1.1-executable-closure,text-source
S001168,02_WORKSPACE_SNAPSHOT/Towow_R8_OPC_Constructive_Closure_v1.1/human_study/通爻_OPC真人实验完整方案书_v1.1.md,926abf8a318a47130e0bf39395421eb47ca29cfc250ad5dcb04f73fc2eb6b05f,1,附录 A　Case Screening 表,1053,1070,v1.1-executable-closure,text-source
S001169,02_WORKSPACE_SNAPSHOT/Towow_R8_OPC_Constructive_Closure_v1.1/human_study/通爻_OPC真人实验完整方案书_v1.1.md,926abf8a318a47130e0bf39395421eb47ca29cfc250ad5dcb04f73fc2eb6b05f,1,附录 B　Mandate 采集表,1071,1096,v1.1-executable-closure,text-source
S001170,02_WORKSPACE_SNAPSHOT/Towow_R8_OPC_Constructive_Closure_v1.1/human_study/通爻_OPC真人实验完整方案书_v1.1.md,926abf8a318a47130e0bf39395421eb47ca29cfc250ad5dcb04f73fc2eb6b05f,1,附录 C　RelationVersion 最小结构,1097,1121,v1.1-executable-closure,text-source
S001171,02_WORKSPACE_SNAPSHOT/Towow_R8_OPC_Constructive_Closure_v1.1/human_study/通爻_OPC真人实验完整方案书_v1.1.md,926abf8a318a47130e0bf39395421eb47ca29cfc250ad5dcb04f73fc2eb6b05f,1,附录 D　Explain-back 评分,1122,1138,v1.1-executable-closure,text-source
S001172,02_WORKSPACE_SNAPSHOT/Towow_R8_OPC_Constructive_Closure_v1.1/human_study/通爻_OPC真人实验完整方案书_v1.1.md,926abf8a318a47130e0bf39395421eb47ca29cfc250ad5dcb04f73fc2eb6b05f,1,附录 E　Outcome 裁决表,1139,1154,v1.1-executable-closure,text-source
S001173,02_WORKSPACE_SNAPSHOT/Towow_R8_OPC_Constructive_Closure_v1.1/human_study/通爻_OPC真人实验完整方案书_v1.1.md,926abf8a318a47130e0bf39395421eb47ca29cfc250ad5dcb04f73fc2eb6b05f,1,附录 F　技术部署最小清单,1155,1172,v1.1-executable-closure,text-source
S001174,02_WORKSPACE_SNAPSHOT/Towow_R8_OPC_Constructive_Closure_v1.1/human_study/通爻_OPC真人实验完整方案书_v1.1.md,926abf8a318a47130e0bf39395421eb47ca29cfc250ad5dcb04f73fc2eb6b05f,1,附录 G　方案能够证明与不能证明的内容,1173,1178,v1.1-executable-closure,text-source
S001175,02_WORKSPACE_SNAPSHOT/Towow_R8_OPC_Constructive_Closure_v1.1/human_study/通爻_OPC真人实验完整方案书_v1.1.md,926abf8a318a47130e0bf39395421eb47ca29cfc250ad5dcb04f73fc2eb6b05f,1,附录 H　主要技术与方法参考,1179,1189,v1.1-executable-closure,text-source
S001176,02_WORKSPACE_SNAPSHOT/Towow_R8_OPC_Constructive_Closure_v1.1/instrument/fieldkit_v0.8/README.md,03f9ce7f2bfeed391bab61409e2ea573e914d1051582c29a7176066973ef71a6,1,Towow Fieldkit v0.8 - OPC constructive closure instrument,1,19,v1.1-executable-closure,instrument-or-code
S001177,02_WORKSPACE_SNAPSHOT/Towow_R8_OPC_Constructive_Closure_v1.1/instrument/fieldkit_v0.8/README.md,03f9ce7f2bfeed391bab61409e2ea573e914d1051582c29a7176066973ef71a6,2,Run,11,16,v1.1-executable-closure,instrument-or-code
S001178,02_WORKSPACE_SNAPSHOT/Towow_R8_OPC_Constructive_Closure_v1.1/instrument/fieldkit_v0.8/README.md,03f9ce7f2bfeed391bab61409e2ea573e914d1051582c29a7176066973ef71a6,2,Evidence boundary,17,19,v1.1-executable-closure,instrument-or-code
S001179,02_WORKSPACE_SNAPSHOT/Towow_R8_OPC_Constructive_Closure_v1.1/paper/通爻_主权智能主体共同现实形成_正式论文_v1.1.md,42b3c6fa1da3a56ce07a20be6283d1efcfa4b15e9069b84d0634934067f86b6c,1,摘要,9,26,v1.1-executable-closure,paper-or-monograph
S001180,02_WORKSPACE_SNAPSHOT/Towow_R8_OPC_Constructive_Closure_v1.1/paper/通爻_主权智能主体共同现实形成_正式论文_v1.1.md,42b3c6fa1da3a56ce07a20be6283d1efcfa4b15e9069b84d0634934067f86b6c,1,Abstract,27,36,v1.1-executable-closure,paper-or-monograph
S001181,02_WORKSPACE_SNAPSHOT/Towow_R8_OPC_Constructive_Closure_v1.1/paper/通爻_主权智能主体共同现实形成_正式论文_v1.1.md,42b3c6fa1da3a56ce07a20be6283d1efcfa4b15e9069b84d0634934067f86b6c,1,论文状态、主张强度与阅读约定,37,53,v1.1-executable-closure,paper-or-monograph
S001182,02_WORKSPACE_SNAPSHOT/Towow_R8_OPC_Constructive_Closure_v1.1/paper/通爻_主权智能主体共同现实形成_正式论文_v1.1.md,42b3c6fa1da3a56ce07a20be6283d1efcfa4b15e9069b84d0634934067f86b6c,1,1　引言：理解力丰富之后，协调为什么仍然稀缺,54,126,v1.1-executable-closure,paper-or-monograph
S001183,02_WORKSPACE_SNAPSHOT/Towow_R8_OPC_Constructive_Closure_v1.1/paper/通爻_主权智能主体共同现实形成_正式论文_v1.1.md,42b3c6fa1da3a56ce07a20be6283d1efcfa4b15e9069b84d0634934067f86b6c,2,1.1 从“模型会不会”转向“现实中谁能让什么作数”,56,68,v1.1-executable-closure,paper-or-monograph
S001184,02_WORKSPACE_SNAPSHOT/Towow_R8_OPC_Constructive_Closure_v1.1/paper/通爻_主权智能主体共同现实形成_正式论文_v1.1.md,42b3c6fa1da3a56ce07a20be6283d1efcfa4b15e9069b84d0634934067f86b6c,2,1.2 研究对象：不可折叠主权条件下的共同可行动性构成,69,84,v1.1-executable-closure,paper-or-monograph
S001185,02_WORKSPACE_SNAPSHOT/Towow_R8_OPC_Constructive_Closure_v1.1/paper/通爻_主权智能主体共同现实形成_正式论文_v1.1.md,42b3c6fa1da3a56ce07a20be6283d1efcfa4b15e9069b84d0634934067f86b6c,2,1.3 为什么聚焦超级个体与一人公司,85,92,v1.1-executable-closure,paper-or-monograph
S001186,02_WORKSPACE_SNAPSHOT/Towow_R8_OPC_Constructive_Closure_v1.1/paper/通爻_主权智能主体共同现实形成_正式论文_v1.1.md,42b3c6fa1da3a56ce07a20be6283d1efcfa4b15e9069b84d0634934067f86b6c,2,1.4 本文的研究贡献,93,108,v1.1-executable-closure,paper-or-monograph
S001187,02_WORKSPACE_SNAPSHOT/Towow_R8_OPC_Constructive_Closure_v1.1/paper/通爻_主权智能主体共同现实形成_正式论文_v1.1.md,42b3c6fa1da3a56ce07a20be6283d1efcfa4b15e9069b84d0634934067f86b6c,2,1.5 非贡献与成立边界,109,122,v1.1-executable-closure,paper-or-monograph
S001188,02_WORKSPACE_SNAPSHOT/Towow_R8_OPC_Constructive_Closure_v1.1/paper/通爻_主权智能主体共同现实形成_正式论文_v1.1.md,42b3c6fa1da3a56ce07a20be6283d1efcfa4b15e9069b84d0634934067f86b6c,2,1.6 论文结构,123,126,v1.1-executable-closure,paper-or-monograph
S001189,02_WORKSPACE_SNAPSHOT/Towow_R8_OPC_Constructive_Closure_v1.1/paper/通爻_主权智能主体共同现实形成_正式论文_v1.1.md,42b3c6fa1da3a56ce07a20be6283d1efcfa4b15e9069b84d0634934067f86b6c,1,2　研究方法：以主张—证据—Design Delta 组织累积研究,127,212,v1.1-executable-closure,paper-or-monograph
S001190,02_WORKSPACE_SNAPSHOT/Towow_R8_OPC_Constructive_Closure_v1.1/paper/通爻_主权智能主体共同现实形成_正式论文_v1.1.md,42b3c6fa1da3a56ce07a20be6283d1efcfa4b15e9069b84d0634934067f86b6c,2,2.1 为什么不能按“第一轮、第二轮、第三轮”写论文,129,140,v1.1-executable-closure,paper-or-monograph
S001191,02_WORKSPACE_SNAPSHOT/Towow_R8_OPC_Constructive_Closure_v1.1/paper/通爻_主权智能主体共同现实形成_正式论文_v1.1.md,42b3c6fa1da3a56ce07a20be6283d1efcfa4b15e9069b84d0634934067f86b6c,2,2.2 证据等级,141,159,v1.1-executable-closure,paper-or-monograph
S001192,02_WORKSPACE_SNAPSHOT/Towow_R8_OPC_Constructive_Closure_v1.1/paper/通爻_主权智能主体共同现实形成_正式论文_v1.1.md,42b3c6fa1da3a56ce07a20be6283d1efcfa4b15e9069b84d0634934067f86b6c,2,2.3 资料与分析单元,160,172,v1.1-executable-closure,paper-or-monograph
S001193,02_WORKSPACE_SNAPSHOT/Towow_R8_OPC_Constructive_Closure_v1.1/paper/通爻_主权智能主体共同现实形成_正式论文_v1.1.md,42b3c6fa1da3a56ce07a20be6283d1efcfa4b15e9069b84d0634934067f86b6c,2,2.4 统一实验模板,173,187,v1.1-executable-closure,paper-or-monograph
S001194,02_WORKSPACE_SNAPSHOT/Towow_R8_OPC_Constructive_Closure_v1.1/paper/通爻_主权智能主体共同现实形成_正式论文_v1.1.md,42b3c6fa1da3a56ce07a20be6283d1efcfa4b15e9069b84d0634934067f86b6c,2,2.5 概念收敛方法,188,202,v1.1-executable-closure,paper-or-monograph
S001195,02_WORKSPACE_SNAPSHOT/Towow_R8_OPC_Constructive_Closure_v1.1/paper/通爻_主权智能主体共同现实形成_正式论文_v1.1.md,42b3c6fa1da3a56ce07a20be6283d1efcfa4b15e9069b84d0634934067f86b6c,2,2.6 研究诚实性与可复现性,203,212,v1.1-executable-closure,paper-or-monograph
S001196,02_WORKSPACE_SNAPSHOT/Towow_R8_OPC_Constructive_Closure_v1.1/paper/通爻_主权智能主体共同现实形成_正式论文_v1.1.md,42b3c6fa1da3a56ce07a20be6283d1efcfa4b15e9069b84d0634934067f86b6c,1,3　相关工作与研究边界,213,298,v1.1-executable-closure,paper-or-monograph
S001197,02_WORKSPACE_SNAPSHOT/Towow_R8_OPC_Constructive_Closure_v1.1/paper/通爻_主权智能主体共同现实形成_正式论文_v1.1.md,42b3c6fa1da3a56ce07a20be6283d1efcfa4b15e9069b84d0634934067f86b6c,2,3.1 多 Agent 协作与社会承诺,215,220,v1.1-executable-closure,paper-or-monograph
S001198,02_WORKSPACE_SNAPSHOT/Towow_R8_OPC_Constructive_Closure_v1.1/paper/通爻_主权智能主体共同现实形成_正式论文_v1.1.md,42b3c6fa1da3a56ce07a20be6283d1efcfa4b15e9069b84d0634934067f86b6c,2,3.2 Agent 互操作、工具协议与授权标准,221,233,v1.1-executable-closure,paper-or-monograph
S001199,02_WORKSPACE_SNAPSHOT/Towow_R8_OPC_Constructive_Closure_v1.1/paper/通爻_主权智能主体共同现实形成_正式论文_v1.1.md,42b3c6fa1da3a56ce07a20be6283d1efcfa4b15e9069b84d0634934067f86b6c,2,3.3 信息瓶颈、交互信息与隐私边界,234,239,v1.1-executable-closure,paper-or-monograph
S001200,02_WORKSPACE_SNAPSHOT/Towow_R8_OPC_Constructive_Closure_v1.1/paper/通爻_主权智能主体共同现实形成_正式论文_v1.1.md,42b3c6fa1da3a56ce07a20be6283d1efcfa4b15e9069b84d0634934067f86b6c,2,3.4 分解优化、CEGIS 与开放列生成,240,245,v1.1-executable-closure,paper-or-monograph
S001201,02_WORKSPACE_SNAPSHOT/Towow_R8_OPC_Constructive_Closure_v1.1/paper/通爻_主权智能主体共同现实形成_正式论文_v1.1.md,42b3c6fa1da3a56ce07a20be6283d1efcfa4b15e9069b84d0634934067f86b6c,2,3.5 匹配、合同与机制设计,246,251,v1.1-executable-closure,paper-or-monograph
S001202,02_WORKSPACE_SNAPSHOT/Towow_R8_OPC_Constructive_Closure_v1.1/paper/通爻_主权智能主体共同现实形成_正式论文_v1.1.md,42b3c6fa1da3a56ce07a20be6283d1efcfa4b15e9069b84d0634934067f86b6c,2,3.6 多中心治理、制度语法与边界对象,252,257,v1.1-executable-closure,paper-or-monograph
S001203,02_WORKSPACE_SNAPSHOT/Towow_R8_OPC_Constructive_Closure_v1.1/paper/通爻_主权智能主体共同现实形成_正式论文_v1.1.md,42b3c6fa1da3a56ce07a20be6283d1efcfa4b15e9069b84d0634934067f86b6c,2,3.7 分布式系统与现实效力,258,267,v1.1-executable-closure,paper-or-monograph
S001204,02_WORKSPACE_SNAPSHOT/Towow_R8_OPC_Constructive_Closure_v1.1/paper/通爻_主权智能主体共同现实形成_正式论文_v1.1.md,42b3c6fa1da3a56ce07a20be6283d1efcfa4b15e9069b84d0634934067f86b6c,2,3.8 不确定性、分布漂移与 performativity,268,271,v1.1-executable-closure,paper-or-monograph
S001205,02_WORKSPACE_SNAPSHOT/Towow_R8_OPC_Constructive_Closure_v1.1/paper/通爻_主权智能主体共同现实形成_正式论文_v1.1.md,42b3c6fa1da3a56ce07a20be6283d1efcfa4b15e9069b84d0634934067f86b6c,2,3.9 OPC、独立劳动、创业构造与组织边界,272,283,v1.1-executable-closure,paper-or-monograph
S001206,02_WORKSPACE_SNAPSHOT/Towow_R8_OPC_Constructive_Closure_v1.1/paper/通爻_主权智能主体共同现实形成_正式论文_v1.1.md,42b3c6fa1da3a56ce07a20be6283d1efcfa4b15e9069b84d0634934067f86b6c,2,3.10 研究空缺,284,298,v1.1-executable-closure,paper-or-monograph
S001207,02_WORKSPACE_SNAPSHOT/Towow_R8_OPC_Constructive_Closure_v1.1/paper/通爻_主权智能主体共同现实形成_正式论文_v1.1.md,42b3c6fa1da3a56ce07a20be6283d1efcfa4b15e9069b84d0634934067f86b6c,1,4　主体、世界与权威：Agent Entity 不是模型实例,299,444,v1.1-executable-closure,paper-or-monograph
S001208,02_WORKSPACE_SNAPSHOT/Towow_R8_OPC_Constructive_Closure_v1.1/paper/通爻_主权智能主体共同现实形成_正式论文_v1.1.md,42b3c6fa1da3a56ce07a20be6283d1efcfa4b15e9069b84d0634934067f86b6c,2,4.1 Principal：能够使规范事实成立的责任主体,301,312,v1.1-executable-closure,paper-or-monograph
S001209,02_WORKSPACE_SNAPSHOT/Towow_R8_OPC_Constructive_Closure_v1.1/paper/通爻_主权智能主体共同现实形成_正式论文_v1.1.md,42b3c6fa1da3a56ce07a20be6283d1efcfa4b15e9069b84d0634934067f86b6c,2,4.2 Agent Entity：对外连续，内部复数,313,348,v1.1-executable-closure,paper-or-monograph
S001210,02_WORKSPACE_SNAPSHOT/Towow_R8_OPC_Constructive_Closure_v1.1/paper/通爻_主权智能主体共同现实形成_正式论文_v1.1.md,42b3c6fa1da3a56ce07a20be6283d1efcfa4b15e9069b84d0634934067f86b6c,2,4.3 Authority Root、Authority Locus 与角色冲突,349,364,v1.1-executable-closure,paper-or-monograph
S001211,02_WORKSPACE_SNAPSHOT/Towow_R8_OPC_Constructive_Closure_v1.1/paper/通爻_主权智能主体共同现实形成_正式论文_v1.1.md,42b3c6fa1da3a56ce07a20be6283d1efcfa4b15e9069b84d0634934067f86b6c,2,4.4 Mandate：能力的可用范围，而不是人格转移,365,384,v1.1-executable-closure,paper-or-monograph
S001212,02_WORKSPACE_SNAPSHOT/Towow_R8_OPC_Constructive_Closure_v1.1/paper/通爻_主权智能主体共同现实形成_正式论文_v1.1.md,42b3c6fa1da3a56ce07a20be6283d1efcfa4b15e9069b84d0634934067f86b6c,2,4.5 AgentExecution：一次运行不是一个主体,385,394,v1.1-executable-closure,paper-or-monograph
S001213,02_WORKSPACE_SNAPSHOT/Towow_R8_OPC_Constructive_Closure_v1.1/paper/通爻_主权智能主体共同现实形成_正式论文_v1.1.md,42b3c6fa1da3a56ce07a20be6283d1efcfa4b15e9069b84d0634934067f86b6c,2,4.6 Sovereign World：不可无损复制的本地行动环境,395,411,v1.1-executable-closure,paper-or-monograph
S001214,02_WORKSPACE_SNAPSHOT/Towow_R8_OPC_Constructive_Closure_v1.1/paper/通爻_主权智能主体共同现实形成_正式论文_v1.1.md,42b3c6fa1da3a56ce07a20be6283d1efcfa4b15e9069b84d0634934067f86b6c,2,4.7 主体关系图,412,434,v1.1-executable-closure,paper-or-monograph
S001215,02_WORKSPACE_SNAPSHOT/Towow_R8_OPC_Constructive_Closure_v1.1/paper/通爻_主权智能主体共同现实形成_正式论文_v1.1.md,42b3c6fa1da3a56ce07a20be6283d1efcfa4b15e9069b84d0634934067f86b6c,2,4.8 设计不变量,435,444,v1.1-executable-closure,paper-or-monograph
S001216,02_WORKSPACE_SNAPSHOT/Towow_R8_OPC_Constructive_Closure_v1.1/paper/通爻_主权智能主体共同现实形成_正式论文_v1.1.md,42b3c6fa1da3a56ce07a20be6283d1efcfa4b15e9069b84d0634934067f86b6c,1,5　静态表示的不完备性与任务相关边界,445,550,v1.1-executable-closure,paper-or-monograph
S001217,02_WORKSPACE_SNAPSHOT/Towow_R8_OPC_Constructive_Closure_v1.1/paper/通爻_主权智能主体共同现实形成_正式论文_v1.1.md,42b3c6fa1da3a56ce07a20be6283d1efcfa4b15e9069b84d0634934067f86b6c,2,5.1 从 HDC、FHRR 到 NAC：早期发现为何重要又为何不够,447,454,v1.1-executable-closure,paper-or-monograph
S001218,02_WORKSPACE_SNAPSHOT/Towow_R8_OPC_Constructive_Closure_v1.1/paper/通爻_主权智能主体共同现实形成_正式论文_v1.1.md,42b3c6fa1da3a56ce07a20be6283d1efcfa4b15e9069b84d0634934067f86b6c,2,5.2 静态投影非普遍充分,455,468,v1.1-executable-closure,paper-or-monograph
S001219,02_WORKSPACE_SNAPSHOT/Towow_R8_OPC_Constructive_Closure_v1.1/paper/通爻_主权智能主体共同现实形成_正式论文_v1.1.md,42b3c6fa1da3a56ce07a20be6283d1efcfa4b15e9069b84d0634934067f86b6c,2,5.3 任务相关边界充分性,469,476,v1.1-executable-closure,paper-or-monograph
S001220,02_WORKSPACE_SNAPSHOT/Towow_R8_OPC_Constructive_Closure_v1.1/paper/通爻_主权智能主体共同现实形成_正式论文_v1.1.md,42b3c6fa1da3a56ce07a20be6283d1efcfa4b15e9069b84d0634934067f86b6c,2,5.4 体—边对偶的严格含义,477,505,v1.1-executable-closure,paper-or-monograph
S001221,02_WORKSPACE_SNAPSHOT/Towow_R8_OPC_Constructive_Closure_v1.1/paper/通爻_主权智能主体共同现实形成_正式论文_v1.1.md,42b3c6fa1da3a56ce07a20be6283d1efcfa4b15e9069b84d0634934067f86b6c,2,5.5 边界响应类型,506,522,v1.1-executable-closure,paper-or-monograph
S001222,02_WORKSPACE_SNAPSHOT/Towow_R8_OPC_Constructive_Closure_v1.1/paper/通爻_主权智能主体共同现实形成_正式论文_v1.1.md,42b3c6fa1da3a56ce07a20be6283d1efcfa4b15e9069b84d0634934067f86b6c,2,5.6 披露不是越少越好,523,534,v1.1-executable-closure,paper-or-monograph
S001223,02_WORKSPACE_SNAPSHOT/Towow_R8_OPC_Constructive_Closure_v1.1/paper/通爻_主权智能主体共同现实形成_正式论文_v1.1.md,42b3c6fa1da3a56ce07a20be6283d1efcfa4b15e9069b84d0634934067f86b6c,2,5.7 边界重建攻击与治理,535,550,v1.1-executable-closure,paper-or-monograph
S001224,02_WORKSPACE_SNAPSHOT/Towow_R8_OPC_Constructive_Closure_v1.1/paper/通爻_主权智能主体共同现实形成_正式论文_v1.1.md,42b3c6fa1da3a56ce07a20be6283d1efcfa4b15e9069b84d0634934067f86b6c,1,6　三维统一模型：共同现实生成链、贯穿语义与保证等级,551,653,v1.1-executable-closure,paper-or-monograph
S001225,02_WORKSPACE_SNAPSHOT/Towow_R8_OPC_Constructive_Closure_v1.1/paper/通爻_主权智能主体共同现实形成_正式论文_v1.1.md,42b3c6fa1da3a56ce07a20be6283d1efcfa4b15e9069b84d0634934067f86b6c,2,6.1 为什么十二阶段流程不能替代理论模型,553,562,v1.1-executable-closure,paper-or-monograph
S001226,02_WORKSPACE_SNAPSHOT/Towow_R8_OPC_Constructive_Closure_v1.1/paper/通爻_主权智能主体共同现实形成_正式论文_v1.1.md,42b3c6fa1da3a56ce07a20be6283d1efcfa4b15e9069b84d0634934067f86b6c,2,6.2 第一维：L0–L7 共同现实生成链,563,596,v1.1-executable-closure,paper-or-monograph
S001227,02_WORKSPACE_SNAPSHOT/Towow_R8_OPC_Constructive_Closure_v1.1/paper/通爻_主权智能主体共同现实形成_正式论文_v1.1.md,42b3c6fa1da3a56ce07a20be6283d1efcfa4b15e9069b84d0634934067f86b6c,3,L0　主权世界,565,568,v1.1-executable-closure,paper-or-monograph
S001228,02_WORKSPACE_SNAPSHOT/Towow_R8_OPC_Constructive_Closure_v1.1/paper/通爻_主权智能主体共同现实形成_正式论文_v1.1.md,42b3c6fa1da3a56ce07a20be6283d1efcfa4b15e9069b84d0634934067f86b6c,3,L1　边界与发现,569,572,v1.1-executable-closure,paper-or-monograph
S001229,02_WORKSPACE_SNAPSHOT/Towow_R8_OPC_Constructive_Closure_v1.1/paper/通爻_主权智能主体共同现实形成_正式论文_v1.1.md,42b3c6fa1da3a56ce07a20be6283d1efcfa4b15e9069b84d0634934067f86b6c,3,L2　问题构成与共同介质,573,576,v1.1-executable-closure,paper-or-monograph
S001230,02_WORKSPACE_SNAPSHOT/Towow_R8_OPC_Constructive_Closure_v1.1/paper/通爻_主权智能主体共同现实形成_正式论文_v1.1.md,42b3c6fa1da3a56ce07a20be6283d1efcfa4b15e9069b84d0634934067f86b6c,3,L3　可能性形成,577,580,v1.1-executable-closure,paper-or-monograph
S001231,02_WORKSPACE_SNAPSHOT/Towow_R8_OPC_Constructive_Closure_v1.1/paper/通爻_主权智能主体共同现实形成_正式论文_v1.1.md,42b3c6fa1da3a56ce07a20be6283d1efcfa4b15e9069b84d0634934067f86b6c,3,L4　能力兑现与资格化,581,584,v1.1-executable-closure,paper-or-monograph
S001232,02_WORKSPACE_SNAPSHOT/Towow_R8_OPC_Constructive_Closure_v1.1/paper/通爻_主权智能主体共同现实形成_正式论文_v1.1.md,42b3c6fa1da3a56ce07a20be6283d1efcfa4b15e9069b84d0634934067f86b6c,3,L5　主体认领与制度化,585,588,v1.1-executable-closure,paper-or-monograph
S001233,02_WORKSPACE_SNAPSHOT/Towow_R8_OPC_Constructive_Closure_v1.1/paper/通爻_主权智能主体共同现实形成_正式论文_v1.1.md,42b3c6fa1da3a56ce07a20be6283d1efcfa4b15e9069b84d0634934067f86b6c,3,L6　执行与现实效力,589,592,v1.1-executable-closure,paper-or-monograph
S001234,02_WORKSPACE_SNAPSHOT/Towow_R8_OPC_Constructive_Closure_v1.1/paper/通爻_主权智能主体共同现实形成_正式论文_v1.1.md,42b3c6fa1da3a56ce07a20be6283d1efcfa4b15e9069b84d0634934067f86b6c,3,L7　演化与编译世界,593,596,v1.1-executable-closure,paper-or-monograph
S001235,02_WORKSPACE_SNAPSHOT/Towow_R8_OPC_Constructive_Closure_v1.1/paper/通爻_主权智能主体共同现实形成_正式论文_v1.1.md,42b3c6fa1da3a56ce07a20be6283d1efcfa4b15e9069b84d0634934067f86b6c,2,6.3 第二维：五种贯穿语义,597,610,v1.1-executable-closure,paper-or-monograph
S001236,02_WORKSPACE_SNAPSHOT/Towow_R8_OPC_Constructive_Closure_v1.1/paper/通爻_主权智能主体共同现实形成_正式论文_v1.1.md,42b3c6fa1da3a56ce07a20be6283d1efcfa4b15e9069b84d0634934067f86b6c,2,6.4 第三维：成熟度与保证等级,611,641,v1.1-executable-closure,paper-or-monograph
S001237,02_WORKSPACE_SNAPSHOT/Towow_R8_OPC_Constructive_Closure_v1.1/paper/通爻_主权智能主体共同现实形成_正式论文_v1.1.md,42b3c6fa1da3a56ce07a20be6283d1efcfa4b15e9069b84d0634934067f86b6c,2,6.5 三维模型的工程含义,642,653,v1.1-executable-closure,paper-or-monograph
S001238,02_WORKSPACE_SNAPSHOT/Towow_R8_OPC_Constructive_Closure_v1.1/paper/通爻_主权智能主体共同现实形成_正式论文_v1.1.md,42b3c6fa1da3a56ce07a20be6283d1efcfa4b15e9069b84d0634934067f86b6c,1,7　从搜索到行动构成：Coordination Schema、SJAC 与 JAA,654,795,v1.1-executable-closure,paper-or-monograph
S001239,02_WORKSPACE_SNAPSHOT/Towow_R8_OPC_Constructive_Closure_v1.1/paper/通爻_主权智能主体共同现实形成_正式论文_v1.1.md,42b3c6fa1da3a56ce07a20be6283d1efcfa4b15e9069b84d0634934067f86b6c,2,7.1 搜索范式的四个隐含假设,656,668,v1.1-executable-closure,paper-or-monograph
S001240,02_WORKSPACE_SNAPSHOT/Towow_R8_OPC_Constructive_Closure_v1.1/paper/通爻_主权智能主体共同现实形成_正式论文_v1.1.md,42b3c6fa1da3a56ce07a20be6283d1efcfa4b15e9069b84d0634934067f86b6c,2,7.2 高阶互补与超边,669,678,v1.1-executable-closure,paper-or-monograph
S001241,02_WORKSPACE_SNAPSHOT/Towow_R8_OPC_Constructive_Closure_v1.1/paper/通爻_主权智能主体共同现实形成_正式论文_v1.1.md,42b3c6fa1da3a56ce07a20be6283d1efcfa4b15e9069b84d0634934067f86b6c,2,7.3 Coordination Schema,679,698,v1.1-executable-closure,paper-or-monograph
S001242,02_WORKSPACE_SNAPSHOT/Towow_R8_OPC_Constructive_Closure_v1.1/paper/通爻_主权智能主体共同现实形成_正式论文_v1.1.md,42b3c6fa1da3a56ce07a20be6283d1efcfa4b15e9069b84d0634934067f86b6c,2,7.4 Institutional Frame 与 Relation-specific Version,699,712,v1.1-executable-closure,paper-or-monograph
S001243,02_WORKSPACE_SNAPSHOT/Towow_R8_OPC_Constructive_Closure_v1.1/paper/通爻_主权智能主体共同现实形成_正式论文_v1.1.md,42b3c6fa1da3a56ce07a20be6283d1efcfa4b15e9069b84d0634934067f86b6c,2,7.5 Material change,713,737,v1.1-executable-closure,paper-or-monograph
S001244,02_WORKSPACE_SNAPSHOT/Towow_R8_OPC_Constructive_Closure_v1.1/paper/通爻_主权智能主体共同现实形成_正式论文_v1.1.md,42b3c6fa1da3a56ce07a20be6283d1efcfa4b15e9069b84d0634934067f86b6c,2,7.6 SJAC：主权联合行动构成,738,754,v1.1-executable-closure,paper-or-monograph
S001245,02_WORKSPACE_SNAPSHOT/Towow_R8_OPC_Constructive_Closure_v1.1/paper/通爻_主权智能主体共同现实形成_正式论文_v1.1.md,42b3c6fa1da3a56ce07a20be6283d1efcfa4b15e9069b84d0634934067f86b6c,2,7.7 JAA：版本化共同协调介质,755,769,v1.1-executable-closure,paper-or-monograph
S001246,02_WORKSPACE_SNAPSHOT/Towow_R8_OPC_Constructive_Closure_v1.1/paper/通爻_主权智能主体共同现实形成_正式论文_v1.1.md,42b3c6fa1da3a56ce07a20be6283d1efcfa4b15e9069b84d0634934067f86b6c,2,7.8 三个嵌套循环,770,789,v1.1-executable-closure,paper-or-monograph
S001247,02_WORKSPACE_SNAPSHOT/Towow_R8_OPC_Constructive_Closure_v1.1/paper/通爻_主权智能主体共同现实形成_正式论文_v1.1.md,42b3c6fa1da3a56ce07a20be6283d1efcfa4b15e9069b84d0634934067f86b6c,3,语义构成循环,774,777,v1.1-executable-closure,paper-or-monograph
S001248,02_WORKSPACE_SNAPSHOT/Towow_R8_OPC_Constructive_Closure_v1.1/paper/通爻_主权智能主体共同现实形成_正式论文_v1.1.md,42b3c6fa1da3a56ce07a20be6283d1efcfa4b15e9069b84d0634934067f86b6c,3,可行域发现循环,778,781,v1.1-executable-closure,paper-or-monograph
S001249,02_WORKSPACE_SNAPSHOT/Towow_R8_OPC_Constructive_Closure_v1.1/paper/通爻_主权智能主体共同现实形成_正式论文_v1.1.md,42b3c6fa1da3a56ce07a20be6283d1efcfa4b15e9069b84d0634934067f86b6c,3,规范闭合循环,782,789,v1.1-executable-closure,paper-or-monograph
S001250,02_WORKSPACE_SNAPSHOT/Towow_R8_OPC_Constructive_Closure_v1.1/paper/通爻_主权智能主体共同现实形成_正式论文_v1.1.md,42b3c6fa1da3a56ce07a20be6283d1efcfa4b15e9069b84d0634934067f86b6c,2,7.9 过程完备而非检索完备,790,795,v1.1-executable-closure,paper-or-monograph
S001251,02_WORKSPACE_SNAPSHOT/Towow_R8_OPC_Constructive_Closure_v1.1/paper/通爻_主权智能主体共同现实形成_正式论文_v1.1.md,42b3c6fa1da3a56ce07a20be6283d1efcfa4b15e9069b84d0634934067f86b6c,1,8　可能性形成：把“做不了”转化为可构造缺口,796,960,v1.1-executable-closure,paper-or-monograph
S001252,02_WORKSPACE_SNAPSHOT/Towow_R8_OPC_Constructive_Closure_v1.1/paper/通爻_主权智能主体共同现实形成_正式论文_v1.1.md,42b3c6fa1da3a56ce07a20be6283d1efcfa4b15e9069b84d0634934067f86b6c,2,8.1 合格联合行动空间,798,825,v1.1-executable-closure,paper-or-monograph
S001253,02_WORKSPACE_SNAPSHOT/Towow_R8_OPC_Constructive_Closure_v1.1/paper/通爻_主权智能主体共同现实形成_正式论文_v1.1.md,42b3c6fa1da3a56ce07a20be6283d1efcfa4b15e9069b84d0634934067f86b6c,2,8.2 Unknown 的机制分类,826,842,v1.1-executable-closure,paper-or-monograph
S001254,02_WORKSPACE_SNAPSHOT/Towow_R8_OPC_Constructive_Closure_v1.1/paper/通爻_主权智能主体共同现实形成_正式论文_v1.1.md,42b3c6fa1da3a56ce07a20be6283d1efcfa4b15e9069b84d0634934067f86b6c,2,8.3 形成算子,843,869,v1.1-executable-closure,paper-or-monograph
S001255,02_WORKSPACE_SNAPSHOT/Towow_R8_OPC_Constructive_Closure_v1.1/paper/通爻_主权智能主体共同现实形成_正式论文_v1.1.md,42b3c6fa1da3a56ce07a20be6283d1efcfa4b15e9069b84d0634934067f86b6c,2,8.4 PFE：可能性形成引擎,870,895,v1.1-executable-closure,paper-or-monograph
S001256,02_WORKSPACE_SNAPSHOT/Towow_R8_OPC_Constructive_Closure_v1.1/paper/通爻_主权智能主体共同现实形成_正式论文_v1.1.md,42b3c6fa1da3a56ce07a20be6283d1efcfa4b15e9069b84d0634934067f86b6c,2,8.5 ECVI：净协调价值信息,896,908,v1.1-executable-closure,paper-or-monograph
S001257,02_WORKSPACE_SNAPSHOT/Towow_R8_OPC_Constructive_Closure_v1.1/paper/通爻_主权智能主体共同现实形成_正式论文_v1.1.md,42b3c6fa1da3a56ce07a20be6283d1efcfa4b15e9069b84d0634934067f86b6c,2,8.6 反例驱动形成循环,909,931,v1.1-executable-closure,paper-or-monograph
S001258,02_WORKSPACE_SNAPSHOT/Towow_R8_OPC_Constructive_Closure_v1.1/paper/通爻_主权智能主体共同现实形成_正式论文_v1.1.md,42b3c6fa1da3a56ce07a20be6283d1efcfa4b15e9069b84d0634934067f86b6c,2,8.7 Preference formation 与模型投射风险,932,945,v1.1-executable-closure,paper-or-monograph
S001259,02_WORKSPACE_SNAPSHOT/Towow_R8_OPC_Constructive_Closure_v1.1/paper/通爻_主权智能主体共同现实形成_正式论文_v1.1.md,42b3c6fa1da3a56ce07a20be6283d1efcfa4b15e9069b84d0634934067f86b6c,2,8.8 停止条件,946,960,v1.1-executable-closure,paper-or-monograph
S001260,02_WORKSPACE_SNAPSHOT/Towow_R8_OPC_Constructive_Closure_v1.1/paper/通爻_主权智能主体共同现实形成_正式论文_v1.1.md,42b3c6fa1da3a56ce07a20be6283d1efcfa4b15e9069b84d0634934067f86b6c,1,9　能力兑现与保障：一次成功不等于可承诺能力,961,1057,v1.1-executable-closure,paper-or-monograph
S001261,02_WORKSPACE_SNAPSHOT/Towow_R8_OPC_Constructive_Closure_v1.1/paper/通爻_主权智能主体共同现实形成_正式论文_v1.1.md,42b3c6fa1da3a56ce07a20be6283d1efcfa4b15e9069b84d0634934067f86b6c,2,9.1 Capability 是条件性可达性,963,982,v1.1-executable-closure,paper-or-monograph
S001262,02_WORKSPACE_SNAPSHOT/Towow_R8_OPC_Constructive_Closure_v1.1/paper/通爻_主权智能主体共同现实形成_正式论文_v1.1.md,42b3c6fa1da3a56ce07a20be6283d1efcfa4b15e9069b84d0634934067f86b6c,2,9.2 可能性、一次成功与能力合同,983,995,v1.1-executable-closure,paper-or-monograph
S001263,02_WORKSPACE_SNAPSHOT/Towow_R8_OPC_Constructive_Closure_v1.1/paper/通爻_主权智能主体共同现实形成_正式论文_v1.1.md,42b3c6fa1da3a56ce07a20be6283d1efcfa4b15e9069b84d0634934067f86b6c,2,9.3 CRA：能力兑现与保障循环,996,1009,v1.1-executable-closure,paper-or-monograph
S001264,02_WORKSPACE_SNAPSHOT/Towow_R8_OPC_Constructive_Closure_v1.1/paper/通爻_主权智能主体共同现实形成_正式论文_v1.1.md,42b3c6fa1da3a56ce07a20be6283d1efcfa4b15e9069b84d0634934067f86b6c,2,9.4 AssuranceCase,1010,1027,v1.1-executable-closure,paper-or-monograph
S001265,02_WORKSPACE_SNAPSHOT/Towow_R8_OPC_Constructive_Closure_v1.1/paper/通爻_主权智能主体共同现实形成_正式论文_v1.1.md,42b3c6fa1da3a56ce07a20be6283d1efcfa4b15e9069b84d0634934067f86b6c,2,9.5 概率、校准和选择性执行,1028,1047,v1.1-executable-closure,paper-or-monograph
S001266,02_WORKSPACE_SNAPSHOT/Towow_R8_OPC_Constructive_Closure_v1.1/paper/通爻_主权智能主体共同现实形成_正式论文_v1.1.md,42b3c6fa1da3a56ce07a20be6283d1efcfa4b15e9069b84d0634934067f86b6c,2,9.6 Capability Envelope 与系统旁路,1048,1053,v1.1-executable-closure,paper-or-monograph
S001267,02_WORKSPACE_SNAPSHOT/Towow_R8_OPC_Constructive_Closure_v1.1/paper/通爻_主权智能主体共同现实形成_正式论文_v1.1.md,42b3c6fa1da3a56ce07a20be6283d1efcfa4b15e9069b84d0634934067f86b6c,2,9.7 能力资格化的失败不是坏结果,1054,1057,v1.1-executable-closure,paper-or-monograph
S001268,02_WORKSPACE_SNAPSHOT/Towow_R8_OPC_Constructive_Closure_v1.1/paper/通爻_主权智能主体共同现实形成_正式论文_v1.1.md,42b3c6fa1da3a56ce07a20be6283d1efcfa4b15e9069b84d0634934067f86b6c,1,10　权威、认领、承诺与资源预留,1058,1187,v1.1-executable-closure,paper-or-monograph
S001269,02_WORKSPACE_SNAPSHOT/Towow_R8_OPC_Constructive_Closure_v1.1/paper/通爻_主权智能主体共同现实形成_正式论文_v1.1.md,42b3c6fa1da3a56ce07a20be6283d1efcfa4b15e9069b84d0634934067f86b6c,2,10.1 概率智能与制度权威正交,1060,1070,v1.1-executable-closure,paper-or-monograph
S001270,02_WORKSPACE_SNAPSHOT/Towow_R8_OPC_Constructive_Closure_v1.1/paper/通爻_主权智能主体共同现实形成_正式论文_v1.1.md,42b3c6fa1da3a56ce07a20be6283d1efcfa4b15e9069b84d0634934067f86b6c,2,10.2 Recognition 不是按钮文案,1071,1084,v1.1-executable-closure,paper-or-monograph
S001271,02_WORKSPACE_SNAPSHOT/Towow_R8_OPC_Constructive_Closure_v1.1/paper/通爻_主权智能主体共同现实形成_正式论文_v1.1.md,42b3c6fa1da3a56ce07a20be6283d1efcfa4b15e9069b84d0634934067f86b6c,2,10.3 Stance 与 Commitment,1085,1113,v1.1-executable-closure,paper-or-monograph
S001272,02_WORKSPACE_SNAPSHOT/Towow_R8_OPC_Constructive_Closure_v1.1/paper/通爻_主权智能主体共同现实形成_正式论文_v1.1.md,42b3c6fa1da3a56ce07a20be6283d1efcfa4b15e9069b84d0634934067f86b6c,2,10.4 Countercondition 与拒绝权,1114,1126,v1.1-executable-closure,paper-or-monograph
S001273,02_WORKSPACE_SNAPSHOT/Towow_R8_OPC_Constructive_Closure_v1.1/paper/通爻_主权智能主体共同现实形成_正式论文_v1.1.md,42b3c6fa1da3a56ce07a20be6283d1efcfa4b15e9069b84d0634934067f86b6c,2,10.5 Standing：能提出 material challenge，不等于能签字,1127,1142,v1.1-executable-closure,paper-or-monograph
S001274,02_WORKSPACE_SNAPSHOT/Towow_R8_OPC_Constructive_Closure_v1.1/paper/通爻_主权智能主体共同现实形成_正式论文_v1.1.md,42b3c6fa1da3a56ce07a20be6283d1efcfa4b15e9069b84d0634934067f86b6c,2,10.6 资源预留与并发承诺,1143,1154,v1.1-executable-closure,paper-or-monograph
S001275,02_WORKSPACE_SNAPSHOT/Towow_R8_OPC_Constructive_Closure_v1.1/paper/通爻_主权智能主体共同现实形成_正式论文_v1.1.md,42b3c6fa1da3a56ce07a20be6283d1efcfa4b15e9069b84d0634934067f86b6c,2,10.7 数据与派生权利,1155,1166,v1.1-executable-closure,paper-or-monograph
S001276,02_WORKSPACE_SNAPSHOT/Towow_R8_OPC_Constructive_Closure_v1.1/paper/通爻_主权智能主体共同现实形成_正式论文_v1.1.md,42b3c6fa1da3a56ce07a20be6283d1efcfa4b15e9069b84d0634934067f86b6c,2,10.8 规范生命周期,1167,1187,v1.1-executable-closure,paper-or-monograph
S001277,02_WORKSPACE_SNAPSHOT/Towow_R8_OPC_Constructive_Closure_v1.1/paper/通爻_主权智能主体共同现实形成_正式论文_v1.1.md,42b3c6fa1da3a56ce07a20be6283d1efcfa4b15e9069b84d0634934067f86b6c,1,11　从 Operation 到现实：Effect、Adoption、Acceptance 与 Settlement,1188,1316,v1.1-executable-closure,paper-or-monograph
S001278,02_WORKSPACE_SNAPSHOT/Towow_R8_OPC_Constructive_Closure_v1.1/paper/通爻_主权智能主体共同现实形成_正式论文_v1.1.md,42b3c6fa1da3a56ce07a20be6283d1efcfa4b15e9069b84d0634934067f86b6c,2,11.1 为什么执行成功不是现实完成,1190,1193,v1.1-executable-closure,paper-or-monograph
S001279,02_WORKSPACE_SNAPSHOT/Towow_R8_OPC_Constructive_Closure_v1.1/paper/通爻_主权智能主体共同现实形成_正式论文_v1.1.md,42b3c6fa1da3a56ce07a20be6283d1efcfa4b15e9069b84d0634934067f86b6c,2,11.2 Operation 与 ActionAttempt,1194,1217,v1.1-executable-closure,paper-or-monograph
S001280,02_WORKSPACE_SNAPSHOT/Towow_R8_OPC_Constructive_Closure_v1.1/paper/通爻_主权智能主体共同现实形成_正式论文_v1.1.md,42b3c6fa1da3a56ce07a20be6283d1efcfa4b15e9069b84d0634934067f86b6c,2,11.3 Effect,1218,1244,v1.1-executable-closure,paper-or-monograph
S001281,02_WORKSPACE_SNAPSHOT/Towow_R8_OPC_Constructive_Closure_v1.1/paper/通爻_主权智能主体共同现实形成_正式论文_v1.1.md,42b3c6fa1da3a56ce07a20be6283d1efcfa4b15e9069b84d0634934067f86b6c,2,11.4 Verification、Adoption 与 Acceptance,1245,1260,v1.1-executable-closure,paper-or-monograph
S001282,02_WORKSPACE_SNAPSHOT/Towow_R8_OPC_Constructive_Closure_v1.1/paper/通爻_主权智能主体共同现实形成_正式论文_v1.1.md,42b3c6fa1da3a56ce07a20be6283d1efcfa4b15e9069b84d0634934067f86b6c,2,11.5 Evidence Closure,1261,1273,v1.1-executable-closure,paper-or-monograph
S001283,02_WORKSPACE_SNAPSHOT/Towow_R8_OPC_Constructive_Closure_v1.1/paper/通爻_主权智能主体共同现实形成_正式论文_v1.1.md,42b3c6fa1da3a56ce07a20be6283d1efcfa4b15e9069b84d0634934067f86b6c,2,11.6 Claim-specific WitnessPolicy,1274,1288,v1.1-executable-closure,paper-or-monograph
S001284,02_WORKSPACE_SNAPSHOT/Towow_R8_OPC_Constructive_Closure_v1.1/paper/通爻_主权智能主体共同现实形成_正式论文_v1.1.md,42b3c6fa1da3a56ce07a20be6283d1efcfa4b15e9069b84d0634934067f86b6c,2,11.7 争议、补救与 Settlement,1289,1301,v1.1-executable-closure,paper-or-monograph
S001285,02_WORKSPACE_SNAPSHOT/Towow_R8_OPC_Constructive_Closure_v1.1/paper/通爻_主权智能主体共同现实形成_正式论文_v1.1.md,42b3c6fa1da3a56ce07a20be6283d1efcfa4b15e9069b84d0634934067f86b6c,2,11.8 跨域效力状态机,1302,1316,v1.1-executable-closure,paper-or-monograph
S001286,02_WORKSPACE_SNAPSHOT/Towow_R8_OPC_Constructive_Closure_v1.1/paper/通爻_主权智能主体共同现实形成_正式论文_v1.1.md,42b3c6fa1da3a56ce07a20be6283d1efcfa4b15e9069b84d0634934067f86b6c,1,12　形成期与编译运行期：局部稳定、局部重开,1317,1410,v1.1-executable-closure,paper-or-monograph
S001287,02_WORKSPACE_SNAPSHOT/Towow_R8_OPC_Constructive_Closure_v1.1/paper/通爻_主权智能主体共同现实形成_正式论文_v1.1.md,42b3c6fa1da3a56ce07a20be6283d1efcfa4b15e9069b84d0634934067f86b6c,2,12.1 两种控制制度,1319,1329,v1.1-executable-closure,paper-or-monograph
S001288,02_WORKSPACE_SNAPSHOT/Towow_R8_OPC_Constructive_Closure_v1.1/paper/通爻_主权智能主体共同现实形成_正式论文_v1.1.md,42b3c6fa1da3a56ce07a20be6283d1efcfa4b15e9069b84d0634934067f86b6c,2,12.2 五维稳定向量,1330,1347,v1.1-executable-closure,paper-or-monograph
S001289,02_WORKSPACE_SNAPSHOT/Towow_R8_OPC_Constructive_Closure_v1.1/paper/通爻_主权智能主体共同现实形成_正式论文_v1.1.md,42b3c6fa1da3a56ce07a20be6283d1efcfa4b15e9069b84d0634934067f86b6c,2,12.3 Compile readiness,1348,1363,v1.1-executable-closure,paper-or-monograph
S001290,02_WORKSPACE_SNAPSHOT/Towow_R8_OPC_Constructive_Closure_v1.1/paper/通爻_主权智能主体共同现实形成_正式论文_v1.1.md,42b3c6fa1da3a56ce07a20be6283d1efcfa4b15e9069b84d0634934067f86b6c,2,12.4 Compiled World,1364,1377,v1.1-executable-closure,paper-or-monograph
S001291,02_WORKSPACE_SNAPSHOT/Towow_R8_OPC_Constructive_Closure_v1.1/paper/通爻_主权智能主体共同现实形成_正式论文_v1.1.md,42b3c6fa1da3a56ce07a20be6283d1efcfa4b15e9069b84d0634934067f86b6c,2,12.5 Defeater 类型,1378,1388,v1.1-executable-closure,paper-or-monograph
S001292,02_WORKSPACE_SNAPSHOT/Towow_R8_OPC_Constructive_Closure_v1.1/paper/通爻_主权智能主体共同现实形成_正式论文_v1.1.md,42b3c6fa1da3a56ce07a20be6283d1efcfa4b15e9069b84d0634934067f86b6c,2,12.6 依赖闭包重开,1389,1398,v1.1-executable-closure,paper-or-monograph
S001293,02_WORKSPACE_SNAPSHOT/Towow_R8_OPC_Constructive_Closure_v1.1/paper/通爻_主权智能主体共同现实形成_正式论文_v1.1.md,42b3c6fa1da3a56ce07a20be6283d1efcfa4b15e9069b84d0634934067f86b6c,2,12.7 运行中的局部形成,1399,1410,v1.1-executable-closure,paper-or-monograph
S001294,02_WORKSPACE_SNAPSHOT/Towow_R8_OPC_Constructive_Closure_v1.1/paper/通爻_主权智能主体共同现实形成_正式论文_v1.1.md,42b3c6fa1da3a56ce07a20be6283d1efcfa4b15e9069b84d0634934067f86b6c,1,13　多机制协调：中心化、A2A 与人类判断的组合器,1411,1550,v1.1-executable-closure,paper-or-monograph
S001295,02_WORKSPACE_SNAPSHOT/Towow_R8_OPC_Constructive_Closure_v1.1/paper/通爻_主权智能主体共同现实形成_正式论文_v1.1.md,42b3c6fa1da3a56ce07a20be6283d1efcfa4b15e9069b84d0634934067f86b6c,2,13.1 反对中心化/去中心化二分,1413,1418,v1.1-executable-closure,paper-or-monograph
S001296,02_WORKSPACE_SNAPSHOT/Towow_R8_OPC_Constructive_Closure_v1.1/paper/通爻_主权智能主体共同现实形成_正式论文_v1.1.md,42b3c6fa1da3a56ce07a20be6283d1efcfa4b15e9069b84d0634934067f86b6c,2,13.2 八类机制,1419,1433,v1.1-executable-closure,paper-or-monograph
S001297,02_WORKSPACE_SNAPSHOT/Towow_R8_OPC_Constructive_Closure_v1.1/paper/通爻_主权智能主体共同现实形成_正式论文_v1.1.md,42b3c6fa1da3a56ce07a20be6283d1efcfa4b15e9069b84d0634934067f86b6c,2,13.3 CollapseSafe,1434,1457,v1.1-executable-closure,paper-or-monograph
S001298,02_WORKSPACE_SNAPSHOT/Towow_R8_OPC_Constructive_Closure_v1.1/paper/通爻_主权智能主体共同现实形成_正式论文_v1.1.md,42b3c6fa1da3a56ce07a20be6283d1efcfa4b15e9069b84d0634934067f86b6c,2,13.4 Router 输入,1458,1483,v1.1-executable-closure,paper-or-monograph
S001299,02_WORKSPACE_SNAPSHOT/Towow_R8_OPC_Constructive_Closure_v1.1/paper/通爻_主权智能主体共同现实形成_正式论文_v1.1.md,42b3c6fa1da3a56ce07a20be6283d1efcfa4b15e9069b84d0634934067f86b6c,2,13.5 组合示例,1484,1505,v1.1-executable-closure,paper-or-monograph
S001300,02_WORKSPACE_SNAPSHOT/Towow_R8_OPC_Constructive_Closure_v1.1/paper/通爻_主权智能主体共同现实形成_正式论文_v1.1.md,42b3c6fa1da3a56ce07a20be6283d1efcfa4b15e9069b84d0634934067f86b6c,2,13.6 自动涌现的边界,1506,1518,v1.1-executable-closure,paper-or-monograph
S001301,02_WORKSPACE_SNAPSHOT/Towow_R8_OPC_Constructive_Closure_v1.1/paper/通爻_主权智能主体共同现实形成_正式论文_v1.1.md,42b3c6fa1da3a56ce07a20be6283d1efcfa4b15e9069b84d0634934067f86b6c,2,13.7 真实优化目标：更快到达真实处置,1519,1550,v1.1-executable-closure,paper-or-monograph
S001302,02_WORKSPACE_SNAPSHOT/Towow_R8_OPC_Constructive_Closure_v1.1/paper/通爻_主权智能主体共同现实形成_正式论文_v1.1.md,42b3c6fa1da3a56ce07a20be6283d1efcfa4b15e9069b84d0634934067f86b6c,1,14　面向超级个体与 OPC 的主权代理操作系统,1551,1692,v1.1-executable-closure,paper-or-monograph
S001303,02_WORKSPACE_SNAPSHOT/Towow_R8_OPC_Constructive_Closure_v1.1/paper/通爻_主权智能主体共同现实形成_正式论文_v1.1.md,42b3c6fa1da3a56ce07a20be6283d1efcfa4b15e9069b84d0634934067f86b6c,2,14.1 OPC 不是缩小版企业,1553,1563,v1.1-executable-closure,paper-or-monograph
S001304,02_WORKSPACE_SNAPSHOT/Towow_R8_OPC_Constructive_Closure_v1.1/paper/通爻_主权智能主体共同现实形成_正式论文_v1.1.md,42b3c6fa1da3a56ce07a20be6283d1efcfa4b15e9069b84d0634934067f86b6c,2,14.2 OPC Operating Envelope,1564,1587,v1.1-executable-closure,paper-or-monograph
S001305,02_WORKSPACE_SNAPSHOT/Towow_R8_OPC_Constructive_Closure_v1.1/paper/通爻_主权智能主体共同现实形成_正式论文_v1.1.md,42b3c6fa1da3a56ce07a20be6283d1efcfa4b15e9069b84d0634934067f86b6c,2,14.3 十二阶段操作模型,1588,1641,v1.1-executable-closure,paper-or-monograph
S001306,02_WORKSPACE_SNAPSHOT/Towow_R8_OPC_Constructive_Closure_v1.1/paper/通爻_主权智能主体共同现实形成_正式论文_v1.1.md,42b3c6fa1da3a56ce07a20be6283d1efcfa4b15e9069b84d0634934067f86b6c,3,阶段 0　身份与权威根,1592,1595,v1.1-executable-closure,paper-or-monograph
S001307,02_WORKSPACE_SNAPSHOT/Towow_R8_OPC_Constructive_Closure_v1.1/paper/通爻_主权智能主体共同现实形成_正式论文_v1.1.md,42b3c6fa1da3a56ce07a20be6283d1efcfa4b15e9069b84d0634934067f86b6c,3,阶段 1　Mandate 与策略编译,1596,1599,v1.1-executable-closure,paper-or-monograph
S001308,02_WORKSPACE_SNAPSHOT/Towow_R8_OPC_Constructive_Closure_v1.1/paper/通爻_主权智能主体共同现实形成_正式论文_v1.1.md,42b3c6fa1da3a56ce07a20be6283d1efcfa4b15e9069b84d0634934067f86b6c,3,阶段 2　本地世界编译,1600,1603,v1.1-executable-closure,paper-or-monograph
S001309,02_WORKSPACE_SNAPSHOT/Towow_R8_OPC_Constructive_Closure_v1.1/paper/通爻_主权智能主体共同现实形成_正式论文_v1.1.md,42b3c6fa1da3a56ce07a20be6283d1efcfa4b15e9069b84d0634934067f86b6c,3,阶段 3　机会发现与问题构成,1604,1607,v1.1-executable-closure,paper-or-monograph
S001310,02_WORKSPACE_SNAPSHOT/Towow_R8_OPC_Constructive_Closure_v1.1/paper/通爻_主权智能主体共同现实形成_正式论文_v1.1.md,42b3c6fa1da3a56ce07a20be6283d1efcfa4b15e9069b84d0634934067f86b6c,3,阶段 4　协调机制选择,1608,1611,v1.1-executable-closure,paper-or-monograph
S001311,02_WORKSPACE_SNAPSHOT/Towow_R8_OPC_Constructive_Closure_v1.1/paper/通爻_主权智能主体共同现实形成_正式论文_v1.1.md,42b3c6fa1da3a56ce07a20be6283d1efcfa4b15e9069b84d0634934067f86b6c,3,阶段 5　关系形成与现实 probe,1612,1615,v1.1-executable-closure,paper-or-monograph
S001312,02_WORKSPACE_SNAPSHOT/Towow_R8_OPC_Constructive_Closure_v1.1/paper/通爻_主权智能主体共同现实形成_正式论文_v1.1.md,42b3c6fa1da3a56ce07a20be6283d1efcfa4b15e9069b84d0634934067f86b6c,3,阶段 6　能力、工具与资源组装,1616,1619,v1.1-executable-closure,paper-or-monograph
S001313,02_WORKSPACE_SNAPSHOT/Towow_R8_OPC_Constructive_Closure_v1.1/paper/通爻_主权智能主体共同现实形成_正式论文_v1.1.md,42b3c6fa1da3a56ce07a20be6283d1efcfa4b15e9069b84d0634934067f86b6c,3,阶段 7　认领、承诺与资源预留,1620,1623,v1.1-executable-closure,paper-or-monograph
S001314,02_WORKSPACE_SNAPSHOT/Towow_R8_OPC_Constructive_Closure_v1.1/paper/通爻_主权智能主体共同现实形成_正式论文_v1.1.md,42b3c6fa1da3a56ce07a20be6283d1efcfa4b15e9069b84d0634934067f86b6c,3,阶段 8　Operation 与目标世界 Effect,1624,1627,v1.1-executable-closure,paper-or-monograph
S001315,02_WORKSPACE_SNAPSHOT/Towow_R8_OPC_Constructive_Closure_v1.1/paper/通爻_主权智能主体共同现实形成_正式论文_v1.1.md,42b3c6fa1da3a56ce07a20be6283d1efcfa4b15e9069b84d0634934067f86b6c,3,阶段 9　Adoption、Acceptance 与 Settlement,1628,1631,v1.1-executable-closure,paper-or-monograph
S001316,02_WORKSPACE_SNAPSHOT/Towow_R8_OPC_Constructive_Closure_v1.1/paper/通爻_主权智能主体共同现实形成_正式论文_v1.1.md,42b3c6fa1da3a56ce07a20be6283d1efcfa4b15e9069b84d0634934067f86b6c,3,阶段 10　数据派生、记忆与学习,1632,1635,v1.1-executable-closure,paper-or-monograph
S001317,02_WORKSPACE_SNAPSHOT/Towow_R8_OPC_Constructive_Closure_v1.1/paper/通爻_主权智能主体共同现实形成_正式论文_v1.1.md,42b3c6fa1da3a56ce07a20be6283d1efcfa4b15e9069b84d0634934067f86b6c,3,阶段 11　Defeater、退出、恢复与局部重开,1636,1641,v1.1-executable-closure,paper-or-monograph
S001318,02_WORKSPACE_SNAPSHOT/Towow_R8_OPC_Constructive_Closure_v1.1/paper/通爻_主权智能主体共同现实形成_正式论文_v1.1.md,42b3c6fa1da3a56ce07a20be6283d1efcfa4b15e9069b84d0634934067f86b6c,2,14.4 角色冲突与“内部多主体”,1642,1653,v1.1-executable-closure,paper-or-monograph
S001319,02_WORKSPACE_SNAPSHOT/Towow_R8_OPC_Constructive_Closure_v1.1/paper/通爻_主权智能主体共同现实形成_正式论文_v1.1.md,42b3c6fa1da3a56ce07a20be6283d1efcfa4b15e9069b84d0634934067f86b6c,2,14.5 OPC 的典型关系类型,1654,1679,v1.1-executable-closure,paper-or-monograph
S001320,02_WORKSPACE_SNAPSHOT/Towow_R8_OPC_Constructive_Closure_v1.1/paper/通爻_主权智能主体共同现实形成_正式论文_v1.1.md,42b3c6fa1da3a56ce07a20be6283d1efcfa4b15e9069b84d0634934067f86b6c,3,标准化服务,1656,1659,v1.1-executable-closure,paper-or-monograph
S001321,02_WORKSPACE_SNAPSHOT/Towow_R8_OPC_Constructive_Closure_v1.1/paper/通爻_主权智能主体共同现实形成_正式论文_v1.1.md,42b3c6fa1da3a56ce07a20be6283d1efcfa4b15e9069b84d0634934067f86b6c,3,非标准定制服务,1660,1663,v1.1-executable-closure,paper-or-monograph
S001322,02_WORKSPACE_SNAPSHOT/Towow_R8_OPC_Constructive_Closure_v1.1/paper/通爻_主权智能主体共同现实形成_正式论文_v1.1.md,42b3c6fa1da3a56ce07a20be6283d1efcfa4b15e9069b84d0634934067f86b6c,3,临时能力联盟,1664,1667,v1.1-executable-closure,paper-or-monograph
S001323,02_WORKSPACE_SNAPSHOT/Towow_R8_OPC_Constructive_Closure_v1.1/paper/通爻_主权智能主体共同现实形成_正式论文_v1.1.md,42b3c6fa1da3a56ce07a20be6283d1efcfa4b15e9069b84d0634934067f86b6c,3,个人品牌合作,1668,1671,v1.1-executable-closure,paper-or-monograph
S001324,02_WORKSPACE_SNAPSHOT/Towow_R8_OPC_Constructive_Closure_v1.1/paper/通爻_主权智能主体共同现实形成_正式论文_v1.1.md,42b3c6fa1da3a56ce07a20be6283d1efcfa4b15e9069b84d0634934067f86b6c,3,数据与模型合作,1672,1675,v1.1-executable-closure,paper-or-monograph
S001325,02_WORKSPACE_SNAPSHOT/Towow_R8_OPC_Constructive_Closure_v1.1/paper/通爻_主权智能主体共同现实形成_正式论文_v1.1.md,42b3c6fa1da3a56ce07a20be6283d1efcfa4b15e9069b84d0634934067f86b6c,3,争议与恢复,1676,1679,v1.1-executable-closure,paper-or-monograph
S001326,02_WORKSPACE_SNAPSHOT/Towow_R8_OPC_Constructive_Closure_v1.1/paper/通爻_主权智能主体共同现实形成_正式论文_v1.1.md,42b3c6fa1da3a56ce07a20be6283d1efcfa4b15e9069b84d0634934067f86b6c,2,14.6 真实价值假说,1680,1692,v1.1-executable-closure,paper-or-monograph
S001327,02_WORKSPACE_SNAPSHOT/Towow_R8_OPC_Constructive_Closure_v1.1/paper/通爻_主权智能主体共同现实形成_正式论文_v1.1.md,42b3c6fa1da3a56ce07a20be6283d1efcfa4b15e9069b84d0634934067f86b6c,1,15　系统架构、协议内核与外部连接器,1693,1925,v1.1-executable-closure,paper-or-monograph
S001328,02_WORKSPACE_SNAPSHOT/Towow_R8_OPC_Constructive_Closure_v1.1/paper/通爻_主权智能主体共同现实形成_正式论文_v1.1.md,42b3c6fa1da3a56ce07a20be6283d1efcfa4b15e9069b84d0634934067f86b6c,2,15.1 四个平面与一个联邦事件图,1695,1707,v1.1-executable-closure,paper-or-monograph
S001329,02_WORKSPACE_SNAPSHOT/Towow_R8_OPC_Constructive_Closure_v1.1/paper/通爻_主权智能主体共同现实形成_正式论文_v1.1.md,42b3c6fa1da3a56ce07a20be6283d1efcfa4b15e9069b84d0634934067f86b6c,2,15.2 六个 canonical roots,1708,1737,v1.1-executable-closure,paper-or-monograph
S001330,02_WORKSPACE_SNAPSHOT/Towow_R8_OPC_Constructive_Closure_v1.1/paper/通爻_主权智能主体共同现实形成_正式论文_v1.1.md,42b3c6fa1da3a56ce07a20be6283d1efcfa4b15e9069b84d0634934067f86b6c,3,Entity,1712,1715,v1.1-executable-closure,paper-or-monograph
S001331,02_WORKSPACE_SNAPSHOT/Towow_R8_OPC_Constructive_Closure_v1.1/paper/通爻_主权智能主体共同现实形成_正式论文_v1.1.md,42b3c6fa1da3a56ce07a20be6283d1efcfa4b15e9069b84d0634934067f86b6c,3,Mandate,1716,1719,v1.1-executable-closure,paper-or-monograph
S001332,02_WORKSPACE_SNAPSHOT/Towow_R8_OPC_Constructive_Closure_v1.1/paper/通爻_主权智能主体共同现实形成_正式论文_v1.1.md,42b3c6fa1da3a56ce07a20be6283d1efcfa4b15e9069b84d0634934067f86b6c,3,RelationVersion,1720,1723,v1.1-executable-closure,paper-or-monograph
S001333,02_WORKSPACE_SNAPSHOT/Towow_R8_OPC_Constructive_Closure_v1.1/paper/通爻_主权智能主体共同现实形成_正式论文_v1.1.md,42b3c6fa1da3a56ce07a20be6283d1efcfa4b15e9069b84d0634934067f86b6c,3,Assertion,1724,1727,v1.1-executable-closure,paper-or-monograph
S001334,02_WORKSPACE_SNAPSHOT/Towow_R8_OPC_Constructive_Closure_v1.1/paper/通爻_主权智能主体共同现实形成_正式论文_v1.1.md,42b3c6fa1da3a56ce07a20be6283d1efcfa4b15e9069b84d0634934067f86b6c,3,Commitment,1728,1731,v1.1-executable-closure,paper-or-monograph
S001335,02_WORKSPACE_SNAPSHOT/Towow_R8_OPC_Constructive_Closure_v1.1/paper/通爻_主权智能主体共同现实形成_正式论文_v1.1.md,42b3c6fa1da3a56ce07a20be6283d1efcfa4b15e9069b84d0634934067f86b6c,3,Operation,1732,1737,v1.1-executable-closure,paper-or-monograph
S001336,02_WORKSPACE_SNAPSHOT/Towow_R8_OPC_Constructive_Closure_v1.1/paper/通爻_主权智能主体共同现实形成_正式论文_v1.1.md,42b3c6fa1da3a56ce07a20be6283d1efcfa4b15e9069b84d0634934067f86b6c,2,15.3 统一事件包络,1738,1760,v1.1-executable-closure,paper-or-monograph
S001337,02_WORKSPACE_SNAPSHOT/Towow_R8_OPC_Constructive_Closure_v1.1/paper/通爻_主权智能主体共同现实形成_正式论文_v1.1.md,42b3c6fa1da3a56ce07a20be6283d1efcfa4b15e9069b84d0634934067f86b6c,2,15.4 关键事件类型,1761,1779,v1.1-executable-closure,paper-or-monograph
S001338,02_WORKSPACE_SNAPSHOT/Towow_R8_OPC_Constructive_Closure_v1.1/paper/通爻_主权智能主体共同现实形成_正式论文_v1.1.md,42b3c6fa1da3a56ce07a20be6283d1efcfa4b15e9069b84d0634934067f86b6c,2,15.5 Boundary Oracle 接口,1780,1809,v1.1-executable-closure,paper-or-monograph
S001339,02_WORKSPACE_SNAPSHOT/Towow_R8_OPC_Constructive_Closure_v1.1/paper/通爻_主权智能主体共同现实形成_正式论文_v1.1.md,42b3c6fa1da3a56ce07a20be6283d1efcfa4b15e9069b84d0634934067f86b6c,2,15.6 Context Compiler,1810,1822,v1.1-executable-closure,paper-or-monograph
S001340,02_WORKSPACE_SNAPSHOT/Towow_R8_OPC_Constructive_Closure_v1.1/paper/通爻_主权智能主体共同现实形成_正式论文_v1.1.md,42b3c6fa1da3a56ce07a20be6283d1efcfa4b15e9069b84d0634934067f86b6c,2,15.7 Coordination Runtime,1823,1834,v1.1-executable-closure,paper-or-monograph
S001341,02_WORKSPACE_SNAPSHOT/Towow_R8_OPC_Constructive_Closure_v1.1/paper/通爻_主权智能主体共同现实形成_正式论文_v1.1.md,42b3c6fa1da3a56ce07a20be6283d1efcfa4b15e9069b84d0634934067f86b6c,2,15.8 Effect Gateway,1835,1848,v1.1-executable-closure,paper-or-monograph
S001342,02_WORKSPACE_SNAPSHOT/Towow_R8_OPC_Constructive_Closure_v1.1/paper/通爻_主权智能主体共同现实形成_正式论文_v1.1.md,42b3c6fa1da3a56ce07a20be6283d1efcfa4b15e9069b84d0634934067f86b6c,2,15.9 Event Ledger 与 Compiled World,1849,1858,v1.1-executable-closure,paper-or-monograph
S001343,02_WORKSPACE_SNAPSHOT/Towow_R8_OPC_Constructive_Closure_v1.1/paper/通爻_主权智能主体共同现实形成_正式论文_v1.1.md,42b3c6fa1da3a56ce07a20be6283d1efcfa4b15e9069b84d0634934067f86b6c,2,15.10 外部协议适配,1859,1876,v1.1-executable-closure,paper-or-monograph
S001344,02_WORKSPACE_SNAPSHOT/Towow_R8_OPC_Constructive_Closure_v1.1/paper/通爻_主权智能主体共同现实形成_正式论文_v1.1.md,42b3c6fa1da3a56ce07a20be6283d1efcfa4b15e9069b84d0634934067f86b6c,3,A2A Adapter,1861,1864,v1.1-executable-closure,paper-or-monograph
S001345,02_WORKSPACE_SNAPSHOT/Towow_R8_OPC_Constructive_Closure_v1.1/paper/通爻_主权智能主体共同现实形成_正式论文_v1.1.md,42b3c6fa1da3a56ce07a20be6283d1efcfa4b15e9069b84d0634934067f86b6c,3,MCP Adapter,1865,1868,v1.1-executable-closure,paper-or-monograph
S001346,02_WORKSPACE_SNAPSHOT/Towow_R8_OPC_Constructive_Closure_v1.1/paper/通爻_主权智能主体共同现实形成_正式论文_v1.1.md,42b3c6fa1da3a56ce07a20be6283d1efcfa4b15e9069b84d0634934067f86b6c,3,OAuth / Mandate / VC Adapter,1869,1872,v1.1-executable-closure,paper-or-monograph
S001347,02_WORKSPACE_SNAPSHOT/Towow_R8_OPC_Constructive_Closure_v1.1/paper/通爻_主权智能主体共同现实形成_正式论文_v1.1.md,42b3c6fa1da3a56ce07a20be6283d1efcfa4b15e9069b84d0634934067f86b6c,3,WoWok / TrustAdapter,1873,1876,v1.1-executable-closure,paper-or-monograph
S001348,02_WORKSPACE_SNAPSHOT/Towow_R8_OPC_Constructive_Closure_v1.1/paper/通爻_主权智能主体共同现实形成_正式论文_v1.1.md,42b3c6fa1da3a56ce07a20be6283d1efcfa4b15e9069b84d0634934067f86b6c,2,15.11 生产栈,1877,1893,v1.1-executable-closure,paper-or-monograph
S001349,02_WORKSPACE_SNAPSHOT/Towow_R8_OPC_Constructive_Closure_v1.1/paper/通爻_主权智能主体共同现实形成_正式论文_v1.1.md,42b3c6fa1da3a56ce07a20be6283d1efcfa4b15e9069b84d0634934067f86b6c,2,15.12 最小实现顺序,1894,1910,v1.1-executable-closure,paper-or-monograph
S001350,02_WORKSPACE_SNAPSHOT/Towow_R8_OPC_Constructive_Closure_v1.1/paper/通爻_主权智能主体共同现实形成_正式论文_v1.1.md,42b3c6fa1da3a56ce07a20be6283d1efcfa4b15e9069b84d0634934067f86b6c,2,15.13 安全边界,1911,1925,v1.1-executable-closure,paper-or-monograph
S001351,02_WORKSPACE_SNAPSHOT/Towow_R8_OPC_Constructive_Closure_v1.1/paper/通爻_主权智能主体共同现实形成_正式论文_v1.1.md,42b3c6fa1da3a56ce07a20be6283d1efcfa4b15e9069b84d0634934067f86b6c,1,16　形式模型、命题与反例,1926,2123,v1.1-executable-closure,paper-or-monograph
S001352,02_WORKSPACE_SNAPSHOT/Towow_R8_OPC_Constructive_Closure_v1.1/paper/通爻_主权智能主体共同现实形成_正式论文_v1.1.md,42b3c6fa1da3a56ce07a20be6283d1efcfa4b15e9069b84d0634934067f86b6c,2,16.1 基本模型,1930,1962,v1.1-executable-closure,paper-or-monograph
S001353,02_WORKSPACE_SNAPSHOT/Towow_R8_OPC_Constructive_Closure_v1.1/paper/通爻_主权智能主体共同现实形成_正式论文_v1.1.md,42b3c6fa1da3a56ce07a20be6283d1efcfa4b15e9069b84d0634934067f86b6c,2,16.2 命题 1：静态有限投影不存在开放任务族上的普遍充分性,1963,1979,v1.1-executable-closure,paper-or-monograph
S001354,02_WORKSPACE_SNAPSHOT/Towow_R8_OPC_Constructive_Closure_v1.1/paper/通爻_主权智能主体共同现实形成_正式论文_v1.1.md,42b3c6fa1da3a56ce07a20be6283d1efcfa4b15e9069b84d0634934067f86b6c,2,16.3 命题 2：凸受限世界中的交互式边界充分性,1980,1991,v1.1-executable-closure,paper-or-monograph
S001355,02_WORKSPACE_SNAPSHOT/Towow_R8_OPC_Constructive_Closure_v1.1/paper/通爻_主权智能主体共同现实形成_正式论文_v1.1.md,42b3c6fa1da3a56ce07a20be6283d1efcfa4b15e9069b84d0634934067f86b6c,2,16.4 命题 3：高阶互补下成对匹配不完备,1992,1999,v1.1-executable-closure,paper-or-monograph
S001356,02_WORKSPACE_SNAPSHOT/Towow_R8_OPC_Constructive_Closure_v1.1/paper/通爻_主权智能主体共同现实形成_正式论文_v1.1.md,42b3c6fa1da3a56ce07a20be6283d1efcfa4b15e9069b84d0634934067f86b6c,2,16.5 命题 4：能力增长不推出权威安全,2000,2014,v1.1-executable-closure,paper-or-monograph
S001357,02_WORKSPACE_SNAPSHOT/Towow_R8_OPC_Constructive_Closure_v1.1/paper/通爻_主权智能主体共同现实形成_正式论文_v1.1.md,42b3c6fa1da3a56ce07a20be6283d1efcfa4b15e9069b84d0634934067f86b6c,2,16.6 命题 5：可达性不推出现实可靠性或接受,2015,2024,v1.1-executable-closure,paper-or-monograph
S001358,02_WORKSPACE_SNAPSHOT/Towow_R8_OPC_Constructive_Closure_v1.1/paper/通爻_主权智能主体共同现实形成_正式论文_v1.1.md,42b3c6fa1da3a56ce07a20be6283d1efcfa4b15e9069b84d0634934067f86b6c,2,16.7 命题 6：版本化权威图对审计查询的表示优势,2025,2045,v1.1-executable-closure,paper-or-monograph
S001359,02_WORKSPACE_SNAPSHOT/Towow_R8_OPC_Constructive_Closure_v1.1/paper/通爻_主权智能主体共同现实形成_正式论文_v1.1.md,42b3c6fa1da3a56ce07a20be6283d1efcfa4b15e9069b84d0634934067f86b6c,2,16.8 命题 7：原子资源预留防止被建模的超卖,2046,2061,v1.1-executable-closure,paper-or-monograph
S001360,02_WORKSPACE_SNAPSHOT/Towow_R8_OPC_Constructive_Closure_v1.1/paper/通爻_主权智能主体共同现实形成_正式论文_v1.1.md,42b3c6fa1da3a56ce07a20be6283d1efcfa4b15e9069b84d0634934067f86b6c,2,16.9 命题 8：物质性判定是局部重开的充分条件之一,2062,2071,v1.1-executable-closure,paper-or-monograph
S001361,02_WORKSPACE_SNAPSHOT/Towow_R8_OPC_Constructive_Closure_v1.1/paper/通爻_主权智能主体共同现实形成_正式论文_v1.1.md,42b3c6fa1da3a56ce07a20be6283d1efcfa4b15e9069b84d0634934067f86b6c,2,16.10 命题 9：OPC 中的笼统委托不能同时保持多角色边界,2072,2081,v1.1-executable-closure,paper-or-monograph
S001362,02_WORKSPACE_SNAPSHOT/Towow_R8_OPC_Constructive_Closure_v1.1/paper/通爻_主权智能主体共同现实形成_正式论文_v1.1.md,42b3c6fa1da3a56ce07a20be6283d1efcfa4b15e9069b84d0634934067f86b6c,2,16.11 命题 10：CollapseSafe 的结构必要条件,2082,2091,v1.1-executable-closure,paper-or-monograph
S001363,02_WORKSPACE_SNAPSHOT/Towow_R8_OPC_Constructive_Closure_v1.1/paper/通爻_主权智能主体共同现实形成_正式论文_v1.1.md,42b3c6fa1da3a56ce07a20be6283d1efcfa4b15e9069b84d0634934067f86b6c,2,16.12 命题 11：形成与编译的成本交叉,2092,2109,v1.1-executable-closure,paper-or-monograph
S001364,02_WORKSPACE_SNAPSHOT/Towow_R8_OPC_Constructive_Closure_v1.1/paper/通爻_主权智能主体共同现实形成_正式论文_v1.1.md,42b3c6fa1da3a56ce07a20be6283d1efcfa4b15e9069b84d0634934067f86b6c,2,16.13 竞争解释与不可推出项,2110,2123,v1.1-executable-closure,paper-or-monograph
S001365,02_WORKSPACE_SNAPSHOT/Towow_R8_OPC_Constructive_Closure_v1.1/paper/通爻_主权智能主体共同现实形成_正式论文_v1.1.md,42b3c6fa1da3a56ce07a20be6283d1efcfa4b15e9069b84d0634934067f86b6c,1,17　证据体系与实验方法,2124,2299,v1.1-executable-closure,paper-or-monograph
S001366,02_WORKSPACE_SNAPSHOT/Towow_R8_OPC_Constructive_Closure_v1.1/paper/通爻_主权智能主体共同现实形成_正式论文_v1.1.md,42b3c6fa1da3a56ce07a20be6283d1efcfa4b15e9069b84d0634934067f86b6c,2,17.1 研究问题,2126,2138,v1.1-executable-closure,paper-or-monograph
S001367,02_WORKSPACE_SNAPSHOT/Towow_R8_OPC_Constructive_Closure_v1.1/paper/通爻_主权智能主体共同现实形成_正式论文_v1.1.md,42b3c6fa1da3a56ce07a20be6283d1efcfa4b15e9069b84d0634934067f86b6c,2,17.2 实验族,2139,2156,v1.1-executable-closure,paper-or-monograph
S001368,02_WORKSPACE_SNAPSHOT/Towow_R8_OPC_Constructive_Closure_v1.1/paper/通爻_主权智能主体共同现实形成_正式论文_v1.1.md,42b3c6fa1da3a56ce07a20be6283d1efcfa4b15e9069b84d0634934067f86b6c,2,17.3 R2 合成生成器,2157,2167,v1.1-executable-closure,paper-or-monograph
S001369,02_WORKSPACE_SNAPSHOT/Towow_R8_OPC_Constructive_Closure_v1.1/paper/通爻_主权智能主体共同现实形成_正式论文_v1.1.md,42b3c6fa1da3a56ce07a20be6283d1efcfa4b15e9069b84d0634934067f86b6c,2,17.4 R5/R5.2 真实工程方法,2168,2180,v1.1-executable-closure,paper-or-monograph
S001370,02_WORKSPACE_SNAPSHOT/Towow_R8_OPC_Constructive_Closure_v1.1/paper/通爻_主权智能主体共同现实形成_正式论文_v1.1.md,42b3c6fa1da3a56ce07a20be6283d1efcfa4b15e9069b84d0634934067f86b6c,2,17.5 R5.4 真实模型负对照,2181,2190,v1.1-executable-closure,paper-or-monograph
S001371,02_WORKSPACE_SNAPSHOT/Towow_R8_OPC_Constructive_Closure_v1.1/paper/通爻_主权智能主体共同现实形成_正式论文_v1.1.md,42b3c6fa1da3a56ce07a20be6283d1efcfa4b15e9069b84d0634934067f86b6c,2,17.6 R5C 跨技术权威域方法,2191,2202,v1.1-executable-closure,paper-or-monograph
S001372,02_WORKSPACE_SNAPSHOT/Towow_R8_OPC_Constructive_Closure_v1.1/paper/通爻_主权智能主体共同现实形成_正式论文_v1.1.md,42b3c6fa1da3a56ce07a20be6283d1efcfa4b15e9069b84d0634934067f86b6c,2,17.7 v0.4 构造实验,2203,2218,v1.1-executable-closure,paper-or-monograph
S001373,02_WORKSPACE_SNAPSHOT/Towow_R8_OPC_Constructive_Closure_v1.1/paper/通爻_主权智能主体共同现实形成_正式论文_v1.1.md,42b3c6fa1da3a56ce07a20be6283d1efcfa4b15e9069b84d0634934067f86b6c,3,本体收敛,2205,2214,v1.1-executable-closure,paper-or-monograph
S001374,02_WORKSPACE_SNAPSHOT/Towow_R8_OPC_Constructive_Closure_v1.1/paper/通爻_主权智能主体共同现实形成_正式论文_v1.1.md,42b3c6fa1da3a56ce07a20be6283d1efcfa4b15e9069b84d0634934067f86b6c,3,Schema materiality,2215,2218,v1.1-executable-closure,paper-or-monograph
S001375,02_WORKSPACE_SNAPSHOT/Towow_R8_OPC_Constructive_Closure_v1.1/paper/通爻_主权智能主体共同现实形成_正式论文_v1.1.md,42b3c6fa1da3a56ce07a20be6283d1efcfa4b15e9069b84d0634934067f86b6c,2,17.8 公开制度过程,2219,2236,v1.1-executable-closure,paper-or-monograph
S001376,02_WORKSPACE_SNAPSHOT/Towow_R8_OPC_Constructive_Closure_v1.1/paper/通爻_主权智能主体共同现实形成_正式论文_v1.1.md,42b3c6fa1da3a56ce07a20be6283d1efcfa4b15e9069b84d0634934067f86b6c,2,17.9 QDR 访谈重分析,2237,2251,v1.1-executable-closure,paper-or-monograph
S001377,02_WORKSPACE_SNAPSHOT/Towow_R8_OPC_Constructive_Closure_v1.1/paper/通爻_主权智能主体共同现实形成_正式论文_v1.1.md,42b3c6fa1da3a56ce07a20be6283d1efcfa4b15e9069b84d0634934067f86b6c,2,17.10 盲化历史 checkpoint,2252,2262,v1.1-executable-closure,paper-or-monograph
S001378,02_WORKSPACE_SNAPSHOT/Towow_R8_OPC_Constructive_Closure_v1.1/paper/通爻_主权智能主体共同现实形成_正式论文_v1.1.md,42b3c6fa1da3a56ce07a20be6283d1efcfa4b15e9069b84d0634934067f86b6c,2,17.11 三机制 Replay,2263,2272,v1.1-executable-closure,paper-or-monograph
S001379,02_WORKSPACE_SNAPSHOT/Towow_R8_OPC_Constructive_Closure_v1.1/paper/通爻_主权智能主体共同现实形成_正式论文_v1.1.md,42b3c6fa1da3a56ce07a20be6283d1efcfa4b15e9069b84d0634934067f86b6c,2,17.12 OPC 构造场景,2273,2283,v1.1-executable-closure,paper-or-monograph
S001380,02_WORKSPACE_SNAPSHOT/Towow_R8_OPC_Constructive_Closure_v1.1/paper/通爻_主权智能主体共同现实形成_正式论文_v1.1.md,42b3c6fa1da3a56ce07a20be6283d1efcfa4b15e9069b84d0634934067f86b6c,2,17.13 共同威胁,2284,2299,v1.1-executable-closure,paper-or-monograph
S001381,02_WORKSPACE_SNAPSHOT/Towow_R8_OPC_Constructive_Closure_v1.1/paper/通爻_主权智能主体共同现实形成_正式论文_v1.1.md,42b3c6fa1da3a56ce07a20be6283d1efcfa4b15e9069b84d0634934067f86b6c,1,18　结果 I：边界、概率、并发与现实效力,2300,2474,v1.1-executable-closure,paper-or-monograph
S001382,02_WORKSPACE_SNAPSHOT/Towow_R8_OPC_Constructive_Closure_v1.1/paper/通爻_主权智能主体共同现实形成_正式论文_v1.1.md,42b3c6fa1da3a56ce07a20be6283d1efcfa4b15e9069b84d0634934067f86b6c,2,18.1 Boundary Oracle：任务自适应边界优于静态投影,2302,2316,v1.1-executable-closure,paper-or-monograph
S001383,02_WORKSPACE_SNAPSHOT/Towow_R8_OPC_Constructive_Closure_v1.1/paper/通爻_主权智能主体共同现实形成_正式论文_v1.1.md,42b3c6fa1da3a56ce07a20be6283d1efcfa4b15e9069b84d0634934067f86b6c,2,18.2 Team Constitution：公开能力画像无法表达隐藏贡献模式,2317,2336,v1.1-executable-closure,paper-or-monograph
S001384,02_WORKSPACE_SNAPSHOT/Towow_R8_OPC_Constructive_Closure_v1.1/paper/通爻_主权智能主体共同现实形成_正式论文_v1.1.md,42b3c6fa1da3a56ce07a20be6283d1efcfa4b15e9069b84d0634934067f86b6c,2,18.3 Probabilistic Oracle：低熵和高置信可以稳定地错,2337,2350,v1.1-executable-closure,paper-or-monograph
S001385,02_WORKSPACE_SNAPSHOT/Towow_R8_OPC_Constructive_Closure_v1.1/paper/通爻_主权智能主体共同现实形成_正式论文_v1.1.md,42b3c6fa1da3a56ce07a20be6283d1efcfa4b15e9069b84d0634934067f86b6c,2,18.4 Trust Concurrency：最终一致的检查后写入会超卖,2351,2361,v1.1-executable-closure,paper-or-monograph
S001386,02_WORKSPACE_SNAPSHOT/Towow_R8_OPC_Constructive_Closure_v1.1/paper/通爻_主权智能主体共同现实形成_正式论文_v1.1.md,42b3c6fa1da3a56ce07a20be6283d1efcfa4b15e9069b84d0634934067f86b6c,2,18.5 R5 本地现实：日志、路径和工具存在性不足以证明 Effect 或能力,2362,2381,v1.1-executable-closure,paper-or-monograph
S001387,02_WORKSPACE_SNAPSHOT/Towow_R8_OPC_Constructive_Closure_v1.1/paper/通爻_主权智能主体共同现实形成_正式论文_v1.1.md,42b3c6fa1da3a56ce07a20be6283d1efcfa4b15e9069b84d0634934067f86b6c,2,18.6 R5.2 Effect Reality Reconstruction：终态标签在 17 场景中错 10 次,2382,2394,v1.1-executable-closure,paper-or-monograph
S001388,02_WORKSPACE_SNAPSHOT/Towow_R8_OPC_Constructive_Closure_v1.1/paper/通爻_主权智能主体共同现实形成_正式论文_v1.1.md,42b3c6fa1da3a56ce07a20be6283d1efcfa4b15e9069b84d0634934067f86b6c,2,18.7 R5.2 Capability Holdout：资格化门槛真实失败,2395,2410,v1.1-executable-closure,paper-or-monograph
S001389,02_WORKSPACE_SNAPSHOT/Towow_R8_OPC_Constructive_Closure_v1.1/paper/通爻_主权智能主体共同现实形成_正式论文_v1.1.md,42b3c6fa1da3a56ce07a20be6283d1efcfa4b15e9069b84d0634934067f86b6c,2,18.8 R5.4：多轮真实模型协商增加规范表达，但没有形成能力,2411,2432,v1.1-executable-closure,paper-or-monograph
S001390,02_WORKSPACE_SNAPSHOT/Towow_R8_OPC_Constructive_Closure_v1.1/paper/通爻_主权智能主体共同现实形成_正式论文_v1.1.md,42b3c6fa1da3a56ce07a20be6283d1efcfa4b15e9069b84d0634934067f86b6c,2,18.9 R5C：跨技术权威域形成了一条此前不可运行的路径,2433,2457,v1.1-executable-closure,paper-or-monograph
S001391,02_WORKSPACE_SNAPSHOT/Towow_R8_OPC_Constructive_Closure_v1.1/paper/通爻_主权智能主体共同现实形成_正式论文_v1.1.md,42b3c6fa1da3a56ce07a20be6283d1efcfa4b15e9069b84d0634934067f86b6c,2,18.10 跨实验结果：什么真正改变了问题性质,2458,2474,v1.1-executable-closure,paper-or-monograph
S001392,02_WORKSPACE_SNAPSHOT/Towow_R8_OPC_Constructive_Closure_v1.1/paper/通爻_主权智能主体共同现实形成_正式论文_v1.1.md,42b3c6fa1da3a56ce07a20be6283d1efcfa4b15e9069b84d0634934067f86b6c,1,19　结果 II：本体收敛、公开制度过程、QDR 与 OPC 机制,2475,2711,v1.1-executable-closure,paper-or-monograph
S001393,02_WORKSPACE_SNAPSHOT/Towow_R8_OPC_Constructive_Closure_v1.1/paper/通爻_主权智能主体共同现实形成_正式论文_v1.1.md,42b3c6fa1da3a56ce07a20be6283d1efcfa4b15e9069b84d0634934067f86b6c,2,19.1 v0.4 本体收敛：重要差异不等于都需要顶层对象,2477,2498,v1.1-executable-closure,paper-or-monograph
S001394,02_WORKSPACE_SNAPSHOT/Towow_R8_OPC_Constructive_Closure_v1.1/paper/通爻_主权智能主体共同现实形成_正式论文_v1.1.md,42b3c6fa1da3a56ce07a20be6283d1efcfa4b15e9069b84d0634934067f86b6c,2,19.2 Relation Schema materiality：任何变化都重开和永不重开都失败,2499,2517,v1.1-executable-closure,paper-or-monograph
S001395,02_WORKSPACE_SNAPSHOT/Towow_R8_OPC_Constructive_Closure_v1.1/paper/通爻_主权智能主体共同现实形成_正式论文_v1.1.md,42b3c6fa1da3a56ce07a20be6283d1efcfa4b15e9069b84d0634934067f86b6c,2,19.3 Fieldkit：从聊天纪要到可重算研究对象,2518,2531,v1.1-executable-closure,paper-or-monograph
S001396,02_WORKSPACE_SNAPSHOT/Towow_R8_OPC_Constructive_Closure_v1.1/paper/通爻_主权智能主体共同现实形成_正式论文_v1.1.md,42b3c6fa1da3a56ce07a20be6283d1efcfa4b15e9069b84d0634934067f86b6c,2,19.4 公开制度档案：真实关系变化多为转化和保护性收缩,2532,2539,v1.1-executable-closure,paper-or-monograph
S001397,02_WORKSPACE_SNAPSHOT/Towow_R8_OPC_Constructive_Closure_v1.1/paper/通爻_主权智能主体共同现实形成_正式论文_v1.1.md,42b3c6fa1da3a56ce07a20be6283d1efcfa4b15e9069b84d0634934067f86b6c,2,19.5 三案过程编码与公告消融,2540,2557,v1.1-executable-closure,paper-or-monograph
S001398,02_WORKSPACE_SNAPSHOT/Towow_R8_OPC_Constructive_Closure_v1.1/paper/通爻_主权智能主体共同现实形成_正式论文_v1.1.md,42b3c6fa1da3a56ce07a20be6283d1efcfa4b15e9069b84d0634934067f86b6c,2,19.6 七案扩展：Standing、Declared/Enacted 与多维稳定,2558,2603,v1.1-executable-closure,paper-or-monograph
S001399,02_WORKSPACE_SNAPSHOT/Towow_R8_OPC_Constructive_Closure_v1.1/paper/通爻_主权智能主体共同现实形成_正式论文_v1.1.md,42b3c6fa1da3a56ce07a20be6283d1efcfa4b15e9069b84d0634934067f86b6c,3,Sidewalk Toronto：Standing 不等于签署权,2573,2576,v1.1-executable-closure,paper-or-monograph
S001400,02_WORKSPACE_SNAPSHOT/Towow_R8_OPC_Constructive_Closure_v1.1/paper/通爻_主权智能主体共同现实形成_正式论文_v1.1.md,42b3c6fa1da3a56ce07a20be6283d1efcfa4b15e9069b84d0634934067f86b6c,3,UK Open Banking：技术采用成功不等于治理稳定,2577,2586,v1.1-executable-closure,paper-or-monograph
S001401,02_WORKSPACE_SNAPSHOT/Towow_R8_OPC_Constructive_Closure_v1.1/paper/通爻_主权智能主体共同现实形成_正式论文_v1.1.md,42b3c6fa1da3a56ce07a20be6283d1efcfa4b15e9069b84d0634934067f86b6c,3,Crossrail：局部包件完成不等于端到端 Effect,2587,2590,v1.1-executable-closure,paper-or-monograph
S001402,02_WORKSPACE_SNAPSHOT/Towow_R8_OPC_Constructive_Closure_v1.1/paper/通爻_主权智能主体共同现实形成_正式论文_v1.1.md,42b3c6fa1da3a56ce07a20be6283d1efcfa4b15e9069b84d0634934067f86b6c,3,SGMA：同一公共目标不产生唯一协调机制,2591,2603,v1.1-executable-closure,paper-or-monograph
S001403,02_WORKSPACE_SNAPSHOT/Towow_R8_OPC_Constructive_Closure_v1.1/paper/通爻_主权智能主体共同现实形成_正式论文_v1.1.md,42b3c6fa1da3a56ce07a20be6283d1efcfa4b15e9069b84d0634934067f86b6c,2,19.7 QDR：类似顾虑并不唯一决定协调配置,2604,2628,v1.1-executable-closure,paper-or-monograph
S001404,02_WORKSPACE_SNAPSHOT/Towow_R8_OPC_Constructive_Closure_v1.1/paper/通爻_主权智能主体共同现实形成_正式论文_v1.1.md,42b3c6fa1da3a56ce07a20be6283d1efcfa4b15e9069b84d0634934067f86b6c,2,19.8 盲化历史诊断：高召回，不是预言器,2629,2657,v1.1-executable-closure,paper-or-monograph
S001405,02_WORKSPACE_SNAPSHOT/Towow_R8_OPC_Constructive_Closure_v1.1/paper/通爻_主权智能主体共同现实形成_正式论文_v1.1.md,42b3c6fa1da3a56ce07a20be6283d1efcfa4b15e9069b84d0634934067f86b6c,2,19.9 三机制 Replay：100% 是编码保真，不是系统效果,2658,2669,v1.1-executable-closure,paper-or-monograph
S001406,02_WORKSPACE_SNAPSHOT/Towow_R8_OPC_Constructive_Closure_v1.1/paper/通爻_主权智能主体共同现实形成_正式论文_v1.1.md,42b3c6fa1da3a56ce07a20be6283d1efcfa4b15e9069b84d0634934067f86b6c,2,19.10 OPC 24 场景：最终满分不如初始失败重要,2670,2699,v1.1-executable-closure,paper-or-monograph
S001407,02_WORKSPACE_SNAPSHOT/Towow_R8_OPC_Constructive_Closure_v1.1/paper/通爻_主权智能主体共同现实形成_正式论文_v1.1.md,42b3c6fa1da3a56ce07a20be6283d1efcfa4b15e9069b84d0634934067f86b6c,2,19.11 结果的总体限制,2700,2711,v1.1-executable-closure,paper-or-monograph
S001408,02_WORKSPACE_SNAPSHOT/Towow_R8_OPC_Constructive_Closure_v1.1/paper/通爻_主权智能主体共同现实形成_正式论文_v1.1.md,42b3c6fa1da3a56ce07a20be6283d1efcfa4b15e9069b84d0634934067f86b6c,1,20　公开 OPC 过程语料：责任根、能力图与机制组合,2712,2816,v1.1-executable-closure,paper-or-monograph
S001409,02_WORKSPACE_SNAPSHOT/Towow_R8_OPC_Constructive_Closure_v1.1/paper/通爻_主权智能主体共同现实形成_正式论文_v1.1.md,42b3c6fa1da3a56ce07a20be6283d1efcfa4b15e9069b84d0634934067f86b6c,2,20.1 研究动机与样本位置,2714,2719,v1.1-executable-closure,paper-or-monograph
S001410,02_WORKSPACE_SNAPSHOT/Towow_R8_OPC_Constructive_Closure_v1.1/paper/通爻_主权智能主体共同现实形成_正式论文_v1.1.md,42b3c6fa1da3a56ce07a20be6283d1efcfa4b15e9069b84d0634934067f86b6c,2,20.2 数据来源、纳入标准与编码,2720,2735,v1.1-executable-closure,paper-or-monograph
S001411,02_WORKSPACE_SNAPSHOT/Towow_R8_OPC_Constructive_Closure_v1.1/paper/通爻_主权智能主体共同现实形成_正式论文_v1.1.md,42b3c6fa1da3a56ce07a20be6283d1efcfa4b15e9069b84d0634934067f86b6c,2,20.3 “一个人”是责任拓扑，不是执行拓扑,2736,2751,v1.1-executable-closure,paper-or-monograph
S001412,02_WORKSPACE_SNAPSHOT/Towow_R8_OPC_Constructive_Closure_v1.1/paper/通爻_主权智能主体共同现实形成_正式论文_v1.1.md,42b3c6fa1da3a56ce07a20be6283d1efcfa4b15e9069b84d0634934067f86b6c,2,20.4 编译是 OPC 扩张的主要形式之一,2752,2761,v1.1-executable-closure,paper-or-monograph
S001413,02_WORKSPACE_SNAPSHOT/Towow_R8_OPC_Constructive_Closure_v1.1/paper/通爻_主权智能主体共同现实形成_正式论文_v1.1.md,42b3c6fa1da3a56ce07a20be6283d1efcfa4b15e9069b84d0634934067f86b6c,2,20.5 任务选择是主权机制,2762,2782,v1.1-executable-closure,paper-or-monograph
S001414,02_WORKSPACE_SNAPSHOT/Towow_R8_OPC_Constructive_Closure_v1.1/paper/通爻_主权智能主体共同现实形成_正式论文_v1.1.md,42b3c6fa1da3a56ce07a20be6283d1efcfa4b15e9069b84d0634934067f86b6c,2,20.6 临时联盟的建设性与失败条件,2783,2794,v1.1-executable-closure,paper-or-monograph
S001415,02_WORKSPACE_SNAPSHOT/Towow_R8_OPC_Constructive_Closure_v1.1/paper/通爻_主权智能主体共同现实形成_正式论文_v1.1.md,42b3c6fa1da3a56ce07a20be6283d1efcfa4b15e9069b84d0634934067f86b6c,2,20.7 人类经纪、受众与声誉的系统位置,2795,2800,v1.1-executable-closure,paper-or-monograph
S001416,02_WORKSPACE_SNAPSHOT/Towow_R8_OPC_Constructive_Closure_v1.1/paper/通爻_主权智能主体共同现实形成_正式论文_v1.1.md,42b3c6fa1da3a56ce07a20be6283d1efcfa4b15e9069b84d0634934067f86b6c,2,20.8 语料结果的 Design Delta,2801,2812,v1.1-executable-closure,paper-or-monograph
S001417,02_WORKSPACE_SNAPSHOT/Towow_R8_OPC_Constructive_Closure_v1.1/paper/通爻_主权智能主体共同现实形成_正式论文_v1.1.md,42b3c6fa1da3a56ce07a20be6283d1efcfa4b15e9069b84d0634934067f86b6c,2,20.9 证据边界,2813,2816,v1.1-executable-closure,paper-or-monograph
S001418,02_WORKSPACE_SNAPSHOT/Towow_R8_OPC_Constructive_Closure_v1.1/paper/通爻_主权智能主体共同现实形成_正式论文_v1.1.md,42b3c6fa1da3a56ce07a20be6283d1efcfa4b15e9069b84d0634934067f86b6c,1,21　可执行权威语义：从论文对象到单一运行内核,2817,2888,v1.1-executable-closure,paper-or-monograph
S001419,02_WORKSPACE_SNAPSHOT/Towow_R8_OPC_Constructive_Closure_v1.1/paper/通爻_主权智能主体共同现实形成_正式论文_v1.1.md,42b3c6fa1da3a56ce07a20be6283d1efcfa4b15e9069b84d0634934067f86b6c,2,21.1 为什么必须建立可执行语义,2819,2824,v1.1-executable-closure,paper-or-monograph
S001420,02_WORKSPACE_SNAPSHOT/Towow_R8_OPC_Constructive_Closure_v1.1/paper/通爻_主权智能主体共同现实形成_正式论文_v1.1.md,42b3c6fa1da3a56ce07a20be6283d1efcfa4b15e9069b84d0634934067f86b6c,2,21.2 状态与动作,2825,2836,v1.1-executable-closure,paper-or-monograph
S001421,02_WORKSPACE_SNAPSHOT/Towow_R8_OPC_Constructive_Closure_v1.1/paper/通爻_主权智能主体共同现实形成_正式论文_v1.1.md,42b3c6fa1da3a56ce07a20be6283d1efcfa4b15e9069b84d0634934067f86b6c,2,21.3 核心安全不变量,2837,2853,v1.1-executable-closure,paper-or-monograph
S001422,02_WORKSPACE_SNAPSHOT/Towow_R8_OPC_Constructive_Closure_v1.1/paper/通爻_主权智能主体共同现实形成_正式论文_v1.1.md,42b3c6fa1da3a56ce07a20be6283d1efcfa4b15e9069b84d0634934067f86b6c,2,21.4 参考实现与测试,2854,2859,v1.1-executable-closure,paper-or-monograph
S001423,02_WORKSPACE_SNAPSHOT/Towow_R8_OPC_Constructive_Closure_v1.1/paper/通爻_主权智能主体共同现实形成_正式论文_v1.1.md,42b3c6fa1da3a56ce07a20be6283d1efcfa4b15e9069b84d0634934067f86b6c,2,21.5 TLA+ 规格与有界状态探索,2860,2880,v1.1-executable-closure,paper-or-monograph
S001424,02_WORKSPACE_SNAPSHOT/Towow_R8_OPC_Constructive_Closure_v1.1/paper/通爻_主权智能主体共同现实形成_正式论文_v1.1.md,42b3c6fa1da3a56ce07a20be6283d1efcfa4b15e9069b84d0634934067f86b6c,2,21.6 从形式结果到系统 Design Delta,2881,2884,v1.1-executable-closure,paper-or-monograph
S001425,02_WORKSPACE_SNAPSHOT/Towow_R8_OPC_Constructive_Closure_v1.1/paper/通爻_主权智能主体共同现实形成_正式论文_v1.1.md,42b3c6fa1da3a56ce07a20be6283d1efcfa4b15e9069b84d0634934067f86b6c,2,21.7 尚未形式化的部分,2885,2888,v1.1-executable-closure,paper-or-monograph
S001426,02_WORKSPACE_SNAPSHOT/Towow_R8_OPC_Constructive_Closure_v1.1/paper/通爻_主权智能主体共同现实形成_正式论文_v1.1.md,42b3c6fa1da3a56ce07a20be6283d1efcfa4b15e9069b84d0634934067f86b6c,1,22　OPCBench：强基线、结构消融与编译复用,2889,2943,v1.1-executable-closure,paper-or-monograph
S001427,02_WORKSPACE_SNAPSHOT/Towow_R8_OPC_Constructive_Closure_v1.1/paper/通爻_主权智能主体共同现实形成_正式论文_v1.1.md,42b3c6fa1da3a56ce07a20be6283d1efcfa4b15e9069b84d0634934067f86b6c,2,22.1 为什么需要结构化强基线,2891,2894,v1.1-executable-closure,paper-or-monograph
S001428,02_WORKSPACE_SNAPSHOT/Towow_R8_OPC_Constructive_Closure_v1.1/paper/通爻_主权智能主体共同现实形成_正式论文_v1.1.md,42b3c6fa1da3a56ce07a20be6283d1efcfa4b15e9069b84d0634934067f86b6c,2,22.2 基准构造与公平性,2895,2900,v1.1-executable-closure,paper-or-monograph
S001429,02_WORKSPACE_SNAPSHOT/Towow_R8_OPC_Constructive_Closure_v1.1/paper/通爻_主权智能主体共同现实形成_正式论文_v1.1.md,42b3c6fa1da3a56ce07a20be6283d1efcfa4b15e9069b84d0634934067f86b6c,2,22.3 五机制基础结果,2901,2912,v1.1-executable-closure,paper-or-monograph
S001430,02_WORKSPACE_SNAPSHOT/Towow_R8_OPC_Constructive_Closure_v1.1/paper/通爻_主权智能主体共同现实形成_正式论文_v1.1.md,42b3c6fa1da3a56ce07a20be6283d1efcfa4b15e9069b84d0634934067f86b6c,2,22.4 共享扰动压力测试,2913,2916,v1.1-executable-closure,paper-or-monograph
S001431,02_WORKSPACE_SNAPSHOT/Towow_R8_OPC_Constructive_Closure_v1.1/paper/通爻_主权智能主体共同现实形成_正式论文_v1.1.md,42b3c6fa1da3a56ce07a20be6283d1efcfa4b15e9069b84d0634934067f86b6c,2,22.5 结构消融,2917,2931,v1.1-executable-closure,paper-or-monograph
S001432,02_WORKSPACE_SNAPSHOT/Towow_R8_OPC_Constructive_Closure_v1.1/paper/通爻_主权智能主体共同现实形成_正式论文_v1.1.md,42b3c6fa1da3a56ce07a20be6283d1efcfa4b15e9069b84d0634934067f86b6c,2,22.6 编译、漂移与局部重开,2932,2939,v1.1-executable-closure,paper-or-monograph
S001433,02_WORKSPACE_SNAPSHOT/Towow_R8_OPC_Constructive_Closure_v1.1/paper/通爻_主权智能主体共同现实形成_正式论文_v1.1.md,42b3c6fa1da3a56ce07a20be6283d1efcfa4b15e9069b84d0634934067f86b6c,2,22.7 OPCBench 的适用边界,2940,2943,v1.1-executable-closure,paper-or-monograph
S001434,02_WORKSPACE_SNAPSHOT/Towow_R8_OPC_Constructive_Closure_v1.1/paper/通爻_主权智能主体共同现实形成_正式论文_v1.1.md,42b3c6fa1da3a56ce07a20be6283d1efcfa4b15e9069b84d0634934067f86b6c,1,23　前瞻性 OPC 真人实验：数据标准、实验设计、现实效力与多 Agent 基础设施,2944,3050,v1.1-executable-closure,paper-or-monograph
S001435,02_WORKSPACE_SNAPSHOT/Towow_R8_OPC_Constructive_Closure_v1.1/paper/通爻_主权智能主体共同现实形成_正式论文_v1.1.md,42b3c6fa1da3a56ce07a20be6283d1efcfa4b15e9069b84d0634934067f86b6c,2,23.1 证据缺口：为什么必须做真人实验，但不能让真人替我们调试基本理论,2946,2951,v1.1-executable-closure,paper-or-monograph
S001436,02_WORKSPACE_SNAPSHOT/Towow_R8_OPC_Constructive_Closure_v1.1/paper/通爻_主权智能主体共同现实形成_正式论文_v1.1.md,42b3c6fa1da3a56ce07a20be6283d1efcfa4b15e9069b84d0634934067f86b6c,2,23.2 五阶段、逐步升级的研究程序,2952,2965,v1.1-executable-closure,paper-or-monograph
S001437,02_WORKSPACE_SNAPSHOT/Towow_R8_OPC_Constructive_Closure_v1.1/paper/通爻_主权智能主体共同现实形成_正式论文_v1.1.md,42b3c6fa1da3a56ce07a20be6283d1efcfa4b15e9069b84d0634934067f86b6c,2,23.3 参与者与事项纳入标准,2966,2973,v1.1-executable-closure,paper-or-monograph
S001438,02_WORKSPACE_SNAPSHOT/Towow_R8_OPC_Constructive_Closure_v1.1/paper/通爻_主权智能主体共同现实形成_正式论文_v1.1.md,42b3c6fa1da3a56ce07a20be6283d1efcfa4b15e9069b84d0634934067f86b6c,2,23.4 数据标准：D0–D8、Q0–Q5 与 P0–P4,2974,2985,v1.1-executable-closure,paper-or-monograph
S001439,02_WORKSPACE_SNAPSHOT/Towow_R8_OPC_Constructive_Closure_v1.1/paper/通爻_主权智能主体共同现实形成_正式论文_v1.1.md,42b3c6fa1da3a56ce07a20be6283d1efcfa4b15e9069b84d0634934067f86b6c,2,23.5 每个事项必须产生的研究制品,2986,2991,v1.1-executable-closure,paper-or-monograph
S001440,02_WORKSPACE_SNAPSHOT/Towow_R8_OPC_Constructive_Closure_v1.1/paper/通爻_主权智能主体共同现实形成_正式论文_v1.1.md,42b3c6fa1da3a56ce07a20be6283d1efcfa4b15e9069b84d0634934067f86b6c,2,23.6 五个强基线与公平性,2992,2997,v1.1-executable-closure,paper-or-monograph
S001441,02_WORKSPACE_SNAPSHOT/Towow_R8_OPC_Constructive_Closure_v1.1/paper/通爻_主权智能主体共同现实形成_正式论文_v1.1.md,42b3c6fa1da3a56ce07a20be6283d1efcfa4b15e9069b84d0634934067f86b6c,2,23.7 预注册假设与形成因果判据,2998,3003,v1.1-executable-closure,paper-or-monograph
S001442,02_WORKSPACE_SNAPSHOT/Towow_R8_OPC_Constructive_Closure_v1.1/paper/通爻_主权智能主体共同现实形成_正式论文_v1.1.md,42b3c6fa1da3a56ce07a20be6283d1efcfa4b15e9069b84d0634934067f86b6c,2,23.8 主要指标,3004,3020,v1.1-executable-closure,paper-or-monograph
S001443,02_WORKSPACE_SNAPSHOT/Towow_R8_OPC_Constructive_Closure_v1.1/paper/通爻_主权智能主体共同现实形成_正式论文_v1.1.md,42b3c6fa1da3a56ce07a20be6283d1efcfa4b15e9069b84d0634934067f86b6c,2,23.9 多 Agent 拓扑与基础设施,3021,3032,v1.1-executable-closure,paper-or-monograph
S001444,02_WORKSPACE_SNAPSHOT/Towow_R8_OPC_Constructive_Closure_v1.1/paper/通爻_主权智能主体共同现实形成_正式论文_v1.1.md,42b3c6fa1da3a56ce07a20be6283d1efcfa4b15e9069b84d0634934067f86b6c,2,23.10 首个建设性案例,3033,3038,v1.1-executable-closure,paper-or-monograph
S001445,02_WORKSPACE_SNAPSHOT/Towow_R8_OPC_Constructive_Closure_v1.1/paper/通爻_主权智能主体共同现实形成_正式论文_v1.1.md,42b3c6fa1da3a56ce07a20be6283d1efcfa4b15e9069b84d0634934067f86b6c,2,23.11 安全、停止和独立裁决,3039,3044,v1.1-executable-closure,paper-or-monograph
S001446,02_WORKSPACE_SNAPSHOT/Towow_R8_OPC_Constructive_Closure_v1.1/paper/通爻_主权智能主体共同现实形成_正式论文_v1.1.md,42b3c6fa1da3a56ce07a20be6283d1efcfa4b15e9069b84d0634934067f86b6c,2,23.12 实验价值、成立 Gate 与 Owner 资源,3045,3050,v1.1-executable-closure,paper-or-monograph
S001447,02_WORKSPACE_SNAPSHOT/Towow_R8_OPC_Constructive_Closure_v1.1/paper/通爻_主权智能主体共同现实形成_正式论文_v1.1.md,42b3c6fa1da3a56ce07a20be6283d1efcfa4b15e9069b84d0634934067f86b6c,1,24　跨实验综合：稳定结论、被限定主张与系统 Design Delta,3051,3176,v1.1-executable-closure,paper-or-monograph
S001448,02_WORKSPACE_SNAPSHOT/Towow_R8_OPC_Constructive_Closure_v1.1/paper/通爻_主权智能主体共同现实形成_正式论文_v1.1.md,42b3c6fa1da3a56ce07a20be6283d1efcfa4b15e9069b84d0634934067f86b6c,2,24.1 当前最稳定的形式与设计结论,3053,3080,v1.1-executable-closure,paper-or-monograph
S001449,02_WORKSPACE_SNAPSHOT/Towow_R8_OPC_Constructive_Closure_v1.1/paper/通爻_主权智能主体共同现实形成_正式论文_v1.1.md,42b3c6fa1da3a56ce07a20be6283d1efcfa4b15e9069b84d0634934067f86b6c,3,静态表示不普遍完备,3057,3060,v1.1-executable-closure,paper-or-monograph
S001450,02_WORKSPACE_SNAPSHOT/Towow_R8_OPC_Constructive_Closure_v1.1/paper/通爻_主权智能主体共同现实形成_正式论文_v1.1.md,42b3c6fa1da3a56ce07a20be6283d1efcfa4b15e9069b84d0634934067f86b6c,3,当前不可行不等于全局不可行,3061,3064,v1.1-executable-closure,paper-or-monograph
S001451,02_WORKSPACE_SNAPSHOT/Towow_R8_OPC_Constructive_Closure_v1.1/paper/通爻_主权智能主体共同现实形成_正式论文_v1.1.md,42b3c6fa1da3a56ce07a20be6283d1efcfa4b15e9069b84d0634934067f86b6c,3,可达性不推出能力、可靠性或接受,3065,3068,v1.1-executable-closure,paper-or-monograph
S001452,02_WORKSPACE_SNAPSHOT/Towow_R8_OPC_Constructive_Closure_v1.1/paper/通爻_主权智能主体共同现实形成_正式论文_v1.1.md,42b3c6fa1da3a56ce07a20be6283d1efcfa4b15e9069b84d0634934067f86b6c,3,概率与权威正交,3069,3072,v1.1-executable-closure,paper-or-monograph
S001453,02_WORKSPACE_SNAPSHOT/Towow_R8_OPC_Constructive_Closure_v1.1/paper/通爻_主权智能主体共同现实形成_正式论文_v1.1.md,42b3c6fa1da3a56ce07a20be6283d1efcfa4b15e9069b84d0634934067f86b6c,3,单体能力不推出联合能力，联合能力也不等于各方责任闭合,3073,3076,v1.1-executable-closure,paper-or-monograph
S001454,02_WORKSPACE_SNAPSHOT/Towow_R8_OPC_Constructive_Closure_v1.1/paper/通爻_主权智能主体共同现实形成_正式论文_v1.1.md,42b3c6fa1da3a56ce07a20be6283d1efcfa4b15e9069b84d0634934067f86b6c,3,稳定部分应编译，异常部分应重开,3077,3080,v1.1-executable-closure,paper-or-monograph
S001455,02_WORKSPACE_SNAPSHOT/Towow_R8_OPC_Constructive_Closure_v1.1/paper/通爻_主权智能主体共同现实形成_正式论文_v1.1.md,42b3c6fa1da3a56ce07a20be6283d1efcfa4b15e9069b84d0634934067f86b6c,2,24.2 获得限域机制支持的主张,3081,3096,v1.1-executable-closure,paper-or-monograph
S001456,02_WORKSPACE_SNAPSHOT/Towow_R8_OPC_Constructive_Closure_v1.1/paper/通爻_主权智能主体共同现实形成_正式论文_v1.1.md,42b3c6fa1da3a56ce07a20be6283d1efcfa4b15e9069b84d0634934067f86b6c,2,24.3 被后续证据限定或推翻的主张,3097,3122,v1.1-executable-closure,paper-or-monograph
S001457,02_WORKSPACE_SNAPSHOT/Towow_R8_OPC_Constructive_Closure_v1.1/paper/通爻_主权智能主体共同现实形成_正式论文_v1.1.md,42b3c6fa1da3a56ce07a20be6283d1efcfa4b15e9069b84d0634934067f86b6c,3,“多轮 A2A 自然创造新能力”,3099,3102,v1.1-executable-closure,paper-or-monograph
S001458,02_WORKSPACE_SNAPSHOT/Towow_R8_OPC_Constructive_Closure_v1.1/paper/通爻_主权智能主体共同现实形成_正式论文_v1.1.md,42b3c6fa1da3a56ce07a20be6283d1efcfa4b15e9069b84d0634934067f86b6c,3,“主权 A2A 优于中心化”,3103,3106,v1.1-executable-closure,paper-or-monograph
S001459,02_WORKSPACE_SNAPSHOT/Towow_R8_OPC_Constructive_Closure_v1.1/paper/通爻_主权智能主体共同现实形成_正式论文_v1.1.md,42b3c6fa1da3a56ce07a20be6283d1efcfa4b15e9069b84d0634934067f86b6c,3,“一次形成成功证明能力”,3107,3110,v1.1-executable-closure,paper-or-monograph
S001460,02_WORKSPACE_SNAPSHOT/Towow_R8_OPC_Constructive_Closure_v1.1/paper/通爻_主权智能主体共同现实形成_正式论文_v1.1.md,42b3c6fa1da3a56ce07a20be6283d1efcfa4b15e9069b84d0634934067f86b6c,3,“NAC 是通用语义基础”,3111,3114,v1.1-executable-closure,paper-or-monograph
S001461,02_WORKSPACE_SNAPSHOT/Towow_R8_OPC_Constructive_Closure_v1.1/paper/通爻_主权智能主体共同现实形成_正式论文_v1.1.md,42b3c6fa1da3a56ce07a20be6283d1efcfa4b15e9069b84d0634934067f86b6c,3,“软件仓库或进程可作为完整 Principal”,3115,3118,v1.1-executable-closure,paper-or-monograph
S001462,02_WORKSPACE_SNAPSHOT/Towow_R8_OPC_Constructive_Closure_v1.1/paper/通爻_主权智能主体共同现实形成_正式论文_v1.1.md,42b3c6fa1da3a56ce07a20be6283d1efcfa4b15e9069b84d0634934067f86b6c,3,“Relation Schema 七维已经完备”,3119,3122,v1.1-executable-closure,paper-or-monograph
S001463,02_WORKSPACE_SNAPSHOT/Towow_R8_OPC_Constructive_Closure_v1.1/paper/通爻_主权智能主体共同现实形成_正式论文_v1.1.md,42b3c6fa1da3a56ce07a20be6283d1efcfa4b15e9069b84d0634934067f86b6c,2,24.4 统一 Design Delta 矩阵,3123,3146,v1.1-executable-closure,paper-or-monograph
S001464,02_WORKSPACE_SNAPSHOT/Towow_R8_OPC_Constructive_Closure_v1.1/paper/通爻_主权智能主体共同现实形成_正式论文_v1.1.md,42b3c6fa1da3a56ce07a20be6283d1efcfa4b15e9069b84d0634934067f86b6c,2,24.5 当前统一理论的最简表达,3147,3168,v1.1-executable-closure,paper-or-monograph
S001465,02_WORKSPACE_SNAPSHOT/Towow_R8_OPC_Constructive_Closure_v1.1/paper/通爻_主权智能主体共同现实形成_正式论文_v1.1.md,42b3c6fa1da3a56ce07a20be6283d1efcfa4b15e9069b84d0634934067f86b6c,2,24.6 原创性应如何表述,3169,3176,v1.1-executable-closure,paper-or-monograph
S001466,02_WORKSPACE_SNAPSHOT/Towow_R8_OPC_Constructive_Closure_v1.1/paper/通爻_主权智能主体共同现实形成_正式论文_v1.1.md,42b3c6fa1da3a56ce07a20be6283d1efcfa4b15e9069b84d0634934067f86b6c,1,25　经济模型：系统创造的不是“更多成交”，而是更真实的行动效率,3177,3290,v1.1-executable-closure,paper-or-monograph
S001467,02_WORKSPACE_SNAPSHOT/Towow_R8_OPC_Constructive_Closure_v1.1/paper/通爻_主权智能主体共同现实形成_正式论文_v1.1.md,42b3c6fa1da3a56ce07a20be6283d1efcfa4b15e9069b84d0634934067f86b6c,2,25.1 协调成本结构,3179,3196,v1.1-executable-closure,paper-or-monograph
S001468,02_WORKSPACE_SNAPSHOT/Towow_R8_OPC_Constructive_Closure_v1.1/paper/通爻_主权智能主体共同现实形成_正式论文_v1.1.md,42b3c6fa1da3a56ce07a20be6283d1efcfa4b15e9069b84d0634934067f86b6c,2,25.2 错误成本,3197,3210,v1.1-executable-closure,paper-or-monograph
S001469,02_WORKSPACE_SNAPSHOT/Towow_R8_OPC_Constructive_Closure_v1.1/paper/通爻_主权智能主体共同现实形成_正式论文_v1.1.md,42b3c6fa1da3a56ce07a20be6283d1efcfa4b15e9069b84d0634934067f86b6c,2,25.3 价值函数,3211,3230,v1.1-executable-closure,paper-or-monograph
S001470,02_WORKSPACE_SNAPSHOT/Towow_R8_OPC_Constructive_Closure_v1.1/paper/通爻_主权智能主体共同现实形成_正式论文_v1.1.md,42b3c6fa1da3a56ce07a20be6283d1efcfa4b15e9069b84d0634934067f86b6c,2,25.4 形成价值,3231,3241,v1.1-executable-closure,paper-or-monograph
S001471,02_WORKSPACE_SNAPSHOT/Towow_R8_OPC_Constructive_Closure_v1.1/paper/通爻_主权智能主体共同现实形成_正式论文_v1.1.md,42b3c6fa1da3a56ce07a20be6283d1efcfa4b15e9069b84d0634934067f86b6c,2,25.5 长期复用与 Compiled World,3242,3251,v1.1-executable-closure,paper-or-monograph
S001472,02_WORKSPACE_SNAPSHOT/Towow_R8_OPC_Constructive_Closure_v1.1/paper/通爻_主权智能主体共同现实形成_正式论文_v1.1.md,42b3c6fa1da3a56ce07a20be6283d1efcfa4b15e9069b84d0634934067f86b6c,2,25.6 与平台和人类经纪的真实比较,3252,3277,v1.1-executable-closure,paper-or-monograph
S001473,02_WORKSPACE_SNAPSHOT/Towow_R8_OPC_Constructive_Closure_v1.1/paper/通爻_主权智能主体共同现实形成_正式论文_v1.1.md,42b3c6fa1da3a56ce07a20be6283d1efcfa4b15e9069b84d0634934067f86b6c,2,25.7 产品价值的可能落点,3278,3290,v1.1-executable-closure,paper-or-monograph
S001474,02_WORKSPACE_SNAPSHOT/Towow_R8_OPC_Constructive_Closure_v1.1/paper/通爻_主权智能主体共同现实形成_正式论文_v1.1.md,42b3c6fa1da3a56ce07a20be6283d1efcfa4b15e9069b84d0634934067f86b6c,1,26　策略行为、权力、外部性与合法性,3291,3386,v1.1-executable-closure,paper-or-monograph
S001475,02_WORKSPACE_SNAPSHOT/Towow_R8_OPC_Constructive_Closure_v1.1/paper/通爻_主权智能主体共同现实形成_正式论文_v1.1.md,42b3c6fa1da3a56ce07a20be6283d1efcfa4b15e9069b84d0634934067f86b6c,2,26.1 本地 Oracle 不一定诚实,3293,3306,v1.1-executable-closure,paper-or-monograph
S001476,02_WORKSPACE_SNAPSHOT/Towow_R8_OPC_Constructive_Closure_v1.1/paper/通爻_主权智能主体共同现实形成_正式论文_v1.1.md,42b3c6fa1da3a56ce07a20be6283d1efcfa4b15e9069b84d0634934067f86b6c,2,26.2 协调器本身的权力,3307,3320,v1.1-executable-closure,paper-or-monograph
S001477,02_WORKSPACE_SNAPSHOT/Towow_R8_OPC_Constructive_Closure_v1.1/paper/通爻_主权智能主体共同现实形成_正式论文_v1.1.md,42b3c6fa1da3a56ce07a20be6283d1efcfa4b15e9069b84d0634934067f86b6c,2,26.3 平台目标与 Principal 目标,3321,3330,v1.1-executable-closure,paper-or-monograph
S001478,02_WORKSPACE_SNAPSHOT/Towow_R8_OPC_Constructive_Closure_v1.1/paper/通爻_主权智能主体共同现实形成_正式论文_v1.1.md,42b3c6fa1da3a56ce07a20be6283d1efcfa4b15e9069b84d0634934067f86b6c,2,26.4 第三方外部性,3331,3343,v1.1-executable-closure,paper-or-monograph
S001479,02_WORKSPACE_SNAPSHOT/Towow_R8_OPC_Constructive_Closure_v1.1/paper/通爻_主权智能主体共同现实形成_正式论文_v1.1.md,42b3c6fa1da3a56ce07a20be6283d1efcfa4b15e9069b84d0634934067f86b6c,2,26.5 代表、理解与操纵,3344,3357,v1.1-executable-closure,paper-or-monograph
S001480,02_WORKSPACE_SNAPSHOT/Towow_R8_OPC_Constructive_Closure_v1.1/paper/通爻_主权智能主体共同现实形成_正式论文_v1.1.md,42b3c6fa1da3a56ce07a20be6283d1efcfa4b15e9069b84d0634934067f86b6c,2,26.6 人类不可替代位置,3358,3371,v1.1-executable-closure,paper-or-monograph
S001481,02_WORKSPACE_SNAPSHOT/Towow_R8_OPC_Constructive_Closure_v1.1/paper/通爻_主权智能主体共同现实形成_正式论文_v1.1.md,42b3c6fa1da3a56ce07a20be6283d1efcfa4b15e9069b84d0634934067f86b6c,2,26.7 安全威胁模型,3372,3386,v1.1-executable-closure,paper-or-monograph
S001482,02_WORKSPACE_SNAPSHOT/Towow_R8_OPC_Constructive_Closure_v1.1/paper/通爻_主权智能主体共同现实形成_正式论文_v1.1.md,42b3c6fa1da3a56ce07a20be6283d1efcfa4b15e9069b84d0634934067f86b6c,1,27　讨论、可证伪边界与下一阶段研究,3387,3485,v1.1-executable-closure,paper-or-monograph
S001483,02_WORKSPACE_SNAPSHOT/Towow_R8_OPC_Constructive_Closure_v1.1/paper/通爻_主权智能主体共同现实形成_正式论文_v1.1.md,42b3c6fa1da3a56ce07a20be6283d1efcfa4b15e9069b84d0634934067f86b6c,2,27.1 这项研究目前真正建立了什么,3389,3402,v1.1-executable-closure,paper-or-monograph
S001484,02_WORKSPACE_SNAPSHOT/Towow_R8_OPC_Constructive_Closure_v1.1/paper/通爻_主权智能主体共同现实形成_正式论文_v1.1.md,42b3c6fa1da3a56ce07a20be6283d1efcfa4b15e9069b84d0634934067f86b6c,2,27.2 最深的开放问题,3403,3415,v1.1-executable-closure,paper-or-monograph
S001485,02_WORKSPACE_SNAPSHOT/Towow_R8_OPC_Constructive_Closure_v1.1/paper/通爻_主权智能主体共同现实形成_正式论文_v1.1.md,42b3c6fa1da3a56ce07a20be6283d1efcfa4b15e9069b84d0634934067f86b6c,2,27.3 可证伪条件,3416,3427,v1.1-executable-closure,paper-or-monograph
S001486,02_WORKSPACE_SNAPSHOT/Towow_R8_OPC_Constructive_Closure_v1.1/paper/通爻_主权智能主体共同现实形成_正式论文_v1.1.md,42b3c6fa1da3a56ce07a20be6283d1efcfa4b15e9069b84d0634934067f86b6c,2,27.4 下一阶段：强基线历史语料,3428,3437,v1.1-executable-closure,paper-or-monograph
S001487,02_WORKSPACE_SNAPSHOT/Towow_R8_OPC_Constructive_Closure_v1.1/paper/通爻_主权智能主体共同现实形成_正式论文_v1.1.md,42b3c6fa1da3a56ce07a20be6283d1efcfa4b15e9069b84d0634934067f86b6c,2,27.5 下一阶段：可执行强基线,3438,3448,v1.1-executable-closure,paper-or-monograph
S001488,02_WORKSPACE_SNAPSHOT/Towow_R8_OPC_Constructive_Closure_v1.1/paper/通爻_主权智能主体共同现实形成_正式论文_v1.1.md,42b3c6fa1da3a56ce07a20be6283d1efcfa4b15e9069b84d0634934067f86b6c,2,27.6 下一阶段：最小真实 OPC 实验,3449,3468,v1.1-executable-closure,paper-or-monograph
S001489,02_WORKSPACE_SNAPSHOT/Towow_R8_OPC_Constructive_Closure_v1.1/paper/通爻_主权智能主体共同现实形成_正式论文_v1.1.md,42b3c6fa1da3a56ce07a20be6283d1efcfa4b15e9069b84d0634934067f86b6c,2,27.7 Fieldkit v0.8 的实现状态与下一缺口,3469,3474,v1.1-executable-closure,paper-or-monograph
S001490,02_WORKSPACE_SNAPSHOT/Towow_R8_OPC_Constructive_Closure_v1.1/paper/通爻_主权智能主体共同现实形成_正式论文_v1.1.md,42b3c6fa1da3a56ce07a20be6283d1efcfa4b15e9069b84d0634934067f86b6c,2,27.8 统一论文的持续演化规则,3475,3485,v1.1-executable-closure,paper-or-monograph
S001491,02_WORKSPACE_SNAPSHOT/Towow_R8_OPC_Constructive_Closure_v1.1/paper/通爻_主权智能主体共同现实形成_正式论文_v1.1.md,42b3c6fa1da3a56ce07a20be6283d1efcfa4b15e9069b84d0634934067f86b6c,1,28　结论,3486,3495,v1.1-executable-closure,paper-or-monograph
S001492,02_WORKSPACE_SNAPSHOT/Towow_R8_OPC_Constructive_Closure_v1.1/paper/通爻_主权智能主体共同现实形成_正式论文_v1.1.md,42b3c6fa1da3a56ce07a20be6283d1efcfa4b15e9069b84d0634934067f86b6c,1,附录 A　概念谱系与当前处置,3496,3539,v1.1-executable-closure,paper-or-monograph
S001493,02_WORKSPACE_SNAPSHOT/Towow_R8_OPC_Constructive_Closure_v1.1/paper/通爻_主权智能主体共同现实形成_正式论文_v1.1.md,42b3c6fa1da3a56ce07a20be6283d1efcfa4b15e9069b84d0634934067f86b6c,1,附录 B　最小对象 Schema,3540,3711,v1.1-executable-closure,paper-or-monograph
S001494,02_WORKSPACE_SNAPSHOT/Towow_R8_OPC_Constructive_Closure_v1.1/paper/通爻_主权智能主体共同现实形成_正式论文_v1.1.md,42b3c6fa1da3a56ce07a20be6283d1efcfa4b15e9069b84d0634934067f86b6c,2,B.1 Entity,3544,3557,v1.1-executable-closure,paper-or-monograph
S001495,02_WORKSPACE_SNAPSHOT/Towow_R8_OPC_Constructive_Closure_v1.1/paper/通爻_主权智能主体共同现实形成_正式论文_v1.1.md,42b3c6fa1da3a56ce07a20be6283d1efcfa4b15e9069b84d0634934067f86b6c,2,B.2 AuthorityLocus,3558,3581,v1.1-executable-closure,paper-or-monograph
S001496,02_WORKSPACE_SNAPSHOT/Towow_R8_OPC_Constructive_Closure_v1.1/paper/通爻_主权智能主体共同现实形成_正式论文_v1.1.md,42b3c6fa1da3a56ce07a20be6283d1efcfa4b15e9069b84d0634934067f86b6c,2,B.3 Mandate,3582,3608,v1.1-executable-closure,paper-or-monograph
S001497,02_WORKSPACE_SNAPSHOT/Towow_R8_OPC_Constructive_Closure_v1.1/paper/通爻_主权智能主体共同现实形成_正式论文_v1.1.md,42b3c6fa1da3a56ce07a20be6283d1efcfa4b15e9069b84d0634934067f86b6c,2,B.4 RelationVersion,3609,3633,v1.1-executable-closure,paper-or-monograph
S001498,02_WORKSPACE_SNAPSHOT/Towow_R8_OPC_Constructive_Closure_v1.1/paper/通爻_主权智能主体共同现实形成_正式论文_v1.1.md,42b3c6fa1da3a56ce07a20be6283d1efcfa4b15e9069b84d0634934067f86b6c,2,B.5 Assertion,3634,3652,v1.1-executable-closure,paper-or-monograph
S001499,02_WORKSPACE_SNAPSHOT/Towow_R8_OPC_Constructive_Closure_v1.1/paper/通爻_主权智能主体共同现实形成_正式论文_v1.1.md,42b3c6fa1da3a56ce07a20be6283d1efcfa4b15e9069b84d0634934067f86b6c,2,B.6 Commitment,3653,3672,v1.1-executable-closure,paper-or-monograph
S001500,02_WORKSPACE_SNAPSHOT/Towow_R8_OPC_Constructive_Closure_v1.1/paper/通爻_主权智能主体共同现实形成_正式论文_v1.1.md,42b3c6fa1da3a56ce07a20be6283d1efcfa4b15e9069b84d0634934067f86b6c,2,B.7 Operation,3673,3693,v1.1-executable-closure,paper-or-monograph
S001501,02_WORKSPACE_SNAPSHOT/Towow_R8_OPC_Constructive_Closure_v1.1/paper/通爻_主权智能主体共同现实形成_正式论文_v1.1.md,42b3c6fa1da3a56ce07a20be6283d1efcfa4b15e9069b84d0634934067f86b6c,2,B.8 EventEnvelope,3694,3711,v1.1-executable-closure,paper-or-monograph
S001502,02_WORKSPACE_SNAPSHOT/Towow_R8_OPC_Constructive_Closure_v1.1/paper/通爻_主权智能主体共同现实形成_正式论文_v1.1.md,42b3c6fa1da3a56ce07a20be6283d1efcfa4b15e9069b84d0634934067f86b6c,1,附录 C　状态机与不变量,3712,3825,v1.1-executable-closure,paper-or-monograph
S001503,02_WORKSPACE_SNAPSHOT/Towow_R8_OPC_Constructive_Closure_v1.1/paper/通爻_主权智能主体共同现实形成_正式论文_v1.1.md,42b3c6fa1da3a56ce07a20be6283d1efcfa4b15e9069b84d0634934067f86b6c,2,C.1 RelationVersion 状态机,3714,3737,v1.1-executable-closure,paper-or-monograph
S001504,02_WORKSPACE_SNAPSHOT/Towow_R8_OPC_Constructive_Closure_v1.1/paper/通爻_主权智能主体共同现实形成_正式论文_v1.1.md,42b3c6fa1da3a56ce07a20be6283d1efcfa4b15e9069b84d0634934067f86b6c,2,C.2 Mandate 状态机,3738,3746,v1.1-executable-closure,paper-or-monograph
S001505,02_WORKSPACE_SNAPSHOT/Towow_R8_OPC_Constructive_Closure_v1.1/paper/通爻_主权智能主体共同现实形成_正式论文_v1.1.md,42b3c6fa1da3a56ce07a20be6283d1efcfa4b15e9069b84d0634934067f86b6c,2,C.3 Commitment 状态机,3747,3759,v1.1-executable-closure,paper-or-monograph
S001506,02_WORKSPACE_SNAPSHOT/Towow_R8_OPC_Constructive_Closure_v1.1/paper/通爻_主权智能主体共同现实形成_正式论文_v1.1.md,42b3c6fa1da3a56ce07a20be6283d1efcfa4b15e9069b84d0634934067f86b6c,2,C.4 Operation/Effect 状态机,3760,3768,v1.1-executable-closure,paper-or-monograph
S001507,02_WORKSPACE_SNAPSHOT/Towow_R8_OPC_Constructive_Closure_v1.1/paper/通爻_主权智能主体共同现实形成_正式论文_v1.1.md,42b3c6fa1da3a56ce07a20be6283d1efcfa4b15e9069b84d0634934067f86b6c,2,C.5 关键不变量,3769,3786,v1.1-executable-closure,paper-or-monograph
S001508,02_WORKSPACE_SNAPSHOT/Towow_R8_OPC_Constructive_Closure_v1.1/paper/通爻_主权智能主体共同现实形成_正式论文_v1.1.md,42b3c6fa1da3a56ce07a20be6283d1efcfa4b15e9069b84d0634934067f86b6c,2,C.6 Materiality 伪代码,3787,3807,v1.1-executable-closure,paper-or-monograph
S001509,02_WORKSPACE_SNAPSHOT/Towow_R8_OPC_Constructive_Closure_v1.1/paper/通爻_主权智能主体共同现实形成_正式论文_v1.1.md,42b3c6fa1da3a56ce07a20be6283d1efcfa4b15e9069b84d0634934067f86b6c,2,C.7 scoped reopen 伪代码,3808,3825,v1.1-executable-closure,paper-or-monograph
S001510,02_WORKSPACE_SNAPSHOT/Towow_R8_OPC_Constructive_Closure_v1.1/paper/通爻_主权智能主体共同现实形成_正式论文_v1.1.md,42b3c6fa1da3a56ce07a20be6283d1efcfa4b15e9069b84d0634934067f86b6c,1,附录 D　实验与证据总账,3826,3854,v1.1-executable-closure,paper-or-monograph
S001511,02_WORKSPACE_SNAPSHOT/Towow_R8_OPC_Constructive_Closure_v1.1/paper/通爻_主权智能主体共同现实形成_正式论文_v1.1.md,42b3c6fa1da3a56ce07a20be6283d1efcfa4b15e9069b84d0634934067f86b6c,1,附录 E　核心主张—证据—竞争解释矩阵,3855,3879,v1.1-executable-closure,paper-or-monograph
S001512,02_WORKSPACE_SNAPSHOT/Towow_R8_OPC_Constructive_Closure_v1.1/paper/通爻_主权智能主体共同现实形成_正式论文_v1.1.md,42b3c6fa1da3a56ce07a20be6283d1efcfa4b15e9069b84d0634934067f86b6c,1,附录 F　术语表,3880,3971,v1.1-executable-closure,paper-or-monograph
S001513,02_WORKSPACE_SNAPSHOT/Towow_R8_OPC_Constructive_Closure_v1.1/paper/通爻_主权智能主体共同现实形成_正式论文_v1.1.md,42b3c6fa1da3a56ce07a20be6283d1efcfa4b15e9069b84d0634934067f86b6c,1,附录 G　v0.7 内容损失与本版回收摘要,3972,3985,v1.1-executable-closure,paper-or-monograph
S001514,02_WORKSPACE_SNAPSHOT/Towow_R8_OPC_Constructive_Closure_v1.1/paper/通爻_主权智能主体共同现实形成_正式论文_v1.1.md,42b3c6fa1da3a56ce07a20be6283d1efcfa4b15e9069b84d0634934067f86b6c,1,附录 H　OPC 公开语料数据标准,3986,3989,v1.1-executable-closure,paper-or-monograph
S001515,02_WORKSPACE_SNAPSHOT/Towow_R8_OPC_Constructive_Closure_v1.1/paper/通爻_主权智能主体共同现实形成_正式论文_v1.1.md,42b3c6fa1da3a56ce07a20be6283d1efcfa4b15e9069b84d0634934067f86b6c,1,附录 I　Towow Core 一致性清单,3990,4004,v1.1-executable-closure,paper-or-monograph
S001516,02_WORKSPACE_SNAPSHOT/Towow_R8_OPC_Constructive_Closure_v1.1/paper/通爻_主权智能主体共同现实形成_正式论文_v1.1.md,42b3c6fa1da3a56ce07a20be6283d1efcfa4b15e9069b84d0634934067f86b6c,1,附录 J　真人实验最小 Case 包,4005,4009,v1.1-executable-closure,paper-or-monograph
S001517,02_WORKSPACE_SNAPSHOT/Towow_R8_OPC_Constructive_Closure_v1.1/paper/通爻_主权智能主体共同现实形成_正式论文_v1.1.md,42b3c6fa1da3a56ce07a20be6283d1efcfa4b15e9069b84d0634934067f86b6c,1,参考文献,4010,4188,v1.1-executable-closure,paper-or-monograph
S001518,02_WORKSPACE_SNAPSHOT/Towow_Unified_Paper_v1.0_formal/CONTENT_LOSS_AUDIT.md,db9ed43a55e0be79a4375f5268f651578cbfe7af83e1785ec1a1bd8fa7daa5c8,1,v0.7 统一论文内容损失审计与 v1.0 回收账本,1,85,v1.0-formal-reconstruction,paper-or-monograph
S001519,02_WORKSPACE_SNAPSHOT/Towow_Unified_Paper_v1.0_formal/CONTENT_LOSS_AUDIT.md,db9ed43a55e0be79a4375f5268f651578cbfe7af83e1785ec1a1bd8fa7daa5c8,2,审计结论,3,14,v1.0-formal-reconstruction,paper-or-monograph
S001520,02_WORKSPACE_SNAPSHOT/Towow_Unified_Paper_v1.0_formal/CONTENT_LOSS_AUDIT.md,db9ed43a55e0be79a4375f5268f651578cbfe7af83e1785ec1a1bd8fa7daa5c8,2,逐项损失与回收,15,61,v1.0-formal-reconstruction,paper-or-monograph
S001521,02_WORKSPACE_SNAPSHOT/Towow_Unified_Paper_v1.0_formal/CONTENT_LOSS_AUDIT.md,db9ed43a55e0be79a4375f5268f651578cbfe7af83e1785ec1a1bd8fa7daa5c8,2,v1.0 的统一原则,62,71,v1.0-formal-reconstruction,paper-or-monograph
S001522,02_WORKSPACE_SNAPSHOT/Towow_Unified_Paper_v1.0_formal/CONTENT_LOSS_AUDIT.md,db9ed43a55e0be79a4375f5268f651578cbfe7af83e1785ec1a1bd8fa7daa5c8,2,形式论文最低门槛,72,85,v1.0-formal-reconstruction,paper-or-monograph
S001523,02_WORKSPACE_SNAPSHOT/Towow_Unified_Paper_v1.0_formal/FORMAL_PAPER_QA.md,227de5e15145c8cbcf2961b51a9156dd10e42fed2df86fcbf867f0b324f6fed2,1,《主权智能主体的共同现实形成》正式论文 v1.0 发布检查,1,72,v1.0-formal-reconstruction,qa-or-test
S001524,02_WORKSPACE_SNAPSHOT/Towow_Unified_Paper_v1.0_formal/FORMAL_PAPER_QA.md,227de5e15145c8cbcf2961b51a9156dd10e42fed2df86fcbf867f0b324f6fed2,2,一、交付对象,3,10,v1.0-formal-reconstruction,qa-or-test
S001525,02_WORKSPACE_SNAPSHOT/Towow_Unified_Paper_v1.0_formal/FORMAL_PAPER_QA.md,227de5e15145c8cbcf2961b51a9156dd10e42fed2df86fcbf867f0b324f6fed2,2,二、内容结构检查,11,29,v1.0-formal-reconstruction,qa-or-test
S001526,02_WORKSPACE_SNAPSHOT/Towow_Unified_Paper_v1.0_formal/FORMAL_PAPER_QA.md,227de5e15145c8cbcf2961b51a9156dd10e42fed2df86fcbf867f0b324f6fed2,2,三、源文件一致性,30,39,v1.0-formal-reconstruction,qa-or-test
S001527,02_WORKSPACE_SNAPSHOT/Towow_Unified_Paper_v1.0_formal/FORMAL_PAPER_QA.md,227de5e15145c8cbcf2961b51a9156dd10e42fed2df86fcbf867f0b324f6fed2,2,四、目录与分页检查,40,46,v1.0-formal-reconstruction,qa-or-test
S001528,02_WORKSPACE_SNAPSHOT/Towow_Unified_Paper_v1.0_formal/FORMAL_PAPER_QA.md,227de5e15145c8cbcf2961b51a9156dd10e42fed2df86fcbf867f0b324f6fed2,2,五、PDF 技术检查,47,53,v1.0-formal-reconstruction,qa-or-test
S001529,02_WORKSPACE_SNAPSHOT/Towow_Unified_Paper_v1.0_formal/FORMAL_PAPER_QA.md,227de5e15145c8cbcf2961b51a9156dd10e42fed2df86fcbf867f0b324f6fed2,2,六、视觉检查,54,65,v1.0-formal-reconstruction,qa-or-test
S001530,02_WORKSPACE_SNAPSHOT/Towow_Unified_Paper_v1.0_formal/FORMAL_PAPER_QA.md,227de5e15145c8cbcf2961b51a9156dd10e42fed2df86fcbf867f0b324f6fed2,2,七、研究质量边界,66,69,v1.0-formal-reconstruction,qa-or-test
S001531,02_WORKSPACE_SNAPSHOT/Towow_Unified_Paper_v1.0_formal/FORMAL_PAPER_QA.md,227de5e15145c8cbcf2961b51a9156dd10e42fed2df86fcbf867f0b324f6fed2,2,八、发布结论,70,72,v1.0-formal-reconstruction,qa-or-test
S001532,02_WORKSPACE_SNAPSHOT/Towow_Unified_Paper_v1.0_formal/REVISION_NOTE_v0.7_to_v1.0.md,6ae7ab5cd84b9dc4d37348e5cca266bc16e498bdb2a35052c2193461920d1c4c,1,从 v0.7 到正式论文 v1.0：重建说明,1,58,v1.0-formal-reconstruction,paper-or-monograph
S001533,02_WORKSPACE_SNAPSHOT/Towow_Unified_Paper_v1.0_formal/REVISION_NOTE_v0.7_to_v1.0.md,6ae7ab5cd84b9dc4d37348e5cca266bc16e498bdb2a35052c2193461920d1c4c,2,1. 为什么 v0.7 只有 27 页,3,8,v1.0-formal-reconstruction,paper-or-monograph
S001534,02_WORKSPACE_SNAPSHOT/Towow_Unified_Paper_v1.0_formal/REVISION_NOTE_v0.7_to_v1.0.md,6ae7ab5cd84b9dc4d37348e5cca266bc16e498bdb2a35052c2193461920d1c4c,2,2. 被压掉的六层内容,9,34,v1.0-formal-reconstruction,paper-or-monograph
S001535,02_WORKSPACE_SNAPSHOT/Towow_Unified_Paper_v1.0_formal/REVISION_NOTE_v0.7_to_v1.0.md,6ae7ab5cd84b9dc4d37348e5cca266bc16e498bdb2a35052c2193461920d1c4c,3,2.1 理论谱系与竞争解释,11,14,v1.0-formal-reconstruction,paper-or-monograph
S001536,02_WORKSPACE_SNAPSHOT/Towow_Unified_Paper_v1.0_formal/REVISION_NOTE_v0.7_to_v1.0.md,6ae7ab5cd84b9dc4d37348e5cca266bc16e498bdb2a35052c2193461920d1c4c,3,2.2 形式对象、状态机与不变量,15,18,v1.0-formal-reconstruction,paper-or-monograph
S001537,02_WORKSPACE_SNAPSHOT/Towow_Unified_Paper_v1.0_formal/REVISION_NOTE_v0.7_to_v1.0.md,6ae7ab5cd84b9dc4d37348e5cca266bc16e498bdb2a35052c2193461920d1c4c,3,2.3 实验方法、负结果与 Design Delta,19,22,v1.0-formal-reconstruction,paper-or-monograph
S001538,02_WORKSPACE_SNAPSHOT/Towow_Unified_Paper_v1.0_formal/REVISION_NOTE_v0.7_to_v1.0.md,6ae7ab5cd84b9dc4d37348e5cca266bc16e498bdb2a35052c2193461920d1c4c,3,2.4 从理论到可运行系统的中间层,23,26,v1.0-formal-reconstruction,paper-or-monograph
S001539,02_WORKSPACE_SNAPSHOT/Towow_Unified_Paper_v1.0_formal/REVISION_NOTE_v0.7_to_v1.0.md,6ae7ab5cd84b9dc4d37348e5cca266bc16e498bdb2a35052c2193461920d1c4c,3,2.5 经济、权力与第三方问题,27,30,v1.0-formal-reconstruction,paper-or-monograph
S001540,02_WORKSPACE_SNAPSHOT/Towow_Unified_Paper_v1.0_formal/REVISION_NOTE_v0.7_to_v1.0.md,6ae7ab5cd84b9dc4d37348e5cca266bc16e498bdb2a35052c2193461920d1c4c,3,2.6 可证伪性与证据强度,31,34,v1.0-formal-reconstruction,paper-or-monograph
S001541,02_WORKSPACE_SNAPSHOT/Towow_Unified_Paper_v1.0_formal/REVISION_NOTE_v0.7_to_v1.0.md,6ae7ab5cd84b9dc4d37348e5cca266bc16e498bdb2a35052c2193461920d1c4c,2,3. v1.0 如何重建,35,49,v1.0-formal-reconstruction,paper-or-monograph
S001542,02_WORKSPACE_SNAPSHOT/Towow_Unified_Paper_v1.0_formal/REVISION_NOTE_v0.7_to_v1.0.md,6ae7ab5cd84b9dc4d37348e5cca266bc16e498bdb2a35052c2193461920d1c4c,2,4. 不以页数冒充完整度,50,53,v1.0-formal-reconstruction,paper-or-monograph
S001543,02_WORKSPACE_SNAPSHOT/Towow_Unified_Paper_v1.0_formal/REVISION_NOTE_v0.7_to_v1.0.md,6ae7ab5cd84b9dc4d37348e5cca266bc16e498bdb2a35052c2193461920d1c4c,2,5. 仍然没有被证明的内容,54,58,v1.0-formal-reconstruction,paper-or-monograph
S001544,02_WORKSPACE_SNAPSHOT/Towow_Unified_Paper_v1.0_formal/通爻_主权智能主体共同现实形成_正式论文_v1.0.md,7f92cd950ddb796f193509529268f22b12ab1de3a6139ee71ffa13d0ecc1a65e,1,摘要,9,24,v1.0-formal-reconstruction,paper-or-monograph
S001545,02_WORKSPACE_SNAPSHOT/Towow_Unified_Paper_v1.0_formal/通爻_主权智能主体共同现实形成_正式论文_v1.0.md,7f92cd950ddb796f193509529268f22b12ab1de3a6139ee71ffa13d0ecc1a65e,1,Abstract,25,34,v1.0-formal-reconstruction,paper-or-monograph
S001546,02_WORKSPACE_SNAPSHOT/Towow_Unified_Paper_v1.0_formal/通爻_主权智能主体共同现实形成_正式论文_v1.0.md,7f92cd950ddb796f193509529268f22b12ab1de3a6139ee71ffa13d0ecc1a65e,1,论文状态、主张强度与阅读约定,35,51,v1.0-formal-reconstruction,paper-or-monograph
S001547,02_WORKSPACE_SNAPSHOT/Towow_Unified_Paper_v1.0_formal/通爻_主权智能主体共同现实形成_正式论文_v1.0.md,7f92cd950ddb796f193509529268f22b12ab1de3a6139ee71ffa13d0ecc1a65e,1,1　引言：理解力丰富之后，协调为什么仍然稀缺,52,121,v1.0-formal-reconstruction,paper-or-monograph
S001548,02_WORKSPACE_SNAPSHOT/Towow_Unified_Paper_v1.0_formal/通爻_主权智能主体共同现实形成_正式论文_v1.0.md,7f92cd950ddb796f193509529268f22b12ab1de3a6139ee71ffa13d0ecc1a65e,2,1.1 从“模型会不会”转向“现实中谁能让什么作数”,54,66,v1.0-formal-reconstruction,paper-or-monograph
S001549,02_WORKSPACE_SNAPSHOT/Towow_Unified_Paper_v1.0_formal/通爻_主权智能主体共同现实形成_正式论文_v1.0.md,7f92cd950ddb796f193509529268f22b12ab1de3a6139ee71ffa13d0ecc1a65e,2,1.2 研究对象：不可折叠主权条件下的共同可行动性构成,67,82,v1.0-formal-reconstruction,paper-or-monograph
S001550,02_WORKSPACE_SNAPSHOT/Towow_Unified_Paper_v1.0_formal/通爻_主权智能主体共同现实形成_正式论文_v1.0.md,7f92cd950ddb796f193509529268f22b12ab1de3a6139ee71ffa13d0ecc1a65e,2,1.3 为什么聚焦超级个体与一人公司,83,90,v1.0-formal-reconstruction,paper-or-monograph
S001551,02_WORKSPACE_SNAPSHOT/Towow_Unified_Paper_v1.0_formal/通爻_主权智能主体共同现实形成_正式论文_v1.0.md,7f92cd950ddb796f193509529268f22b12ab1de3a6139ee71ffa13d0ecc1a65e,2,1.4 本文的研究贡献,91,103,v1.0-formal-reconstruction,paper-or-monograph
S001552,02_WORKSPACE_SNAPSHOT/Towow_Unified_Paper_v1.0_formal/通爻_主权智能主体共同现实形成_正式论文_v1.0.md,7f92cd950ddb796f193509529268f22b12ab1de3a6139ee71ffa13d0ecc1a65e,2,1.5 非贡献与成立边界,104,117,v1.0-formal-reconstruction,paper-or-monograph
S001553,02_WORKSPACE_SNAPSHOT/Towow_Unified_Paper_v1.0_formal/通爻_主权智能主体共同现实形成_正式论文_v1.0.md,7f92cd950ddb796f193509529268f22b12ab1de3a6139ee71ffa13d0ecc1a65e,2,1.6 论文结构,118,121,v1.0-formal-reconstruction,paper-or-monograph
S001554,02_WORKSPACE_SNAPSHOT/Towow_Unified_Paper_v1.0_formal/通爻_主权智能主体共同现实形成_正式论文_v1.0.md,7f92cd950ddb796f193509529268f22b12ab1de3a6139ee71ffa13d0ecc1a65e,1,2　研究方法：以主张—证据—Design Delta 组织累积研究,122,207,v1.0-formal-reconstruction,paper-or-monograph
S001555,02_WORKSPACE_SNAPSHOT/Towow_Unified_Paper_v1.0_formal/通爻_主权智能主体共同现实形成_正式论文_v1.0.md,7f92cd950ddb796f193509529268f22b12ab1de3a6139ee71ffa13d0ecc1a65e,2,2.1 为什么不能按“第一轮、第二轮、第三轮”写论文,124,135,v1.0-formal-reconstruction,paper-or-monograph
S001556,02_WORKSPACE_SNAPSHOT/Towow_Unified_Paper_v1.0_formal/通爻_主权智能主体共同现实形成_正式论文_v1.0.md,7f92cd950ddb796f193509529268f22b12ab1de3a6139ee71ffa13d0ecc1a65e,2,2.2 证据等级,136,154,v1.0-formal-reconstruction,paper-or-monograph
S001557,02_WORKSPACE_SNAPSHOT/Towow_Unified_Paper_v1.0_formal/通爻_主权智能主体共同现实形成_正式论文_v1.0.md,7f92cd950ddb796f193509529268f22b12ab1de3a6139ee71ffa13d0ecc1a65e,2,2.3 资料与分析单元,155,167,v1.0-formal-reconstruction,paper-or-monograph
S001558,02_WORKSPACE_SNAPSHOT/Towow_Unified_Paper_v1.0_formal/通爻_主权智能主体共同现实形成_正式论文_v1.0.md,7f92cd950ddb796f193509529268f22b12ab1de3a6139ee71ffa13d0ecc1a65e,2,2.4 统一实验模板,168,182,v1.0-formal-reconstruction,paper-or-monograph
S001559,02_WORKSPACE_SNAPSHOT/Towow_Unified_Paper_v1.0_formal/通爻_主权智能主体共同现实形成_正式论文_v1.0.md,7f92cd950ddb796f193509529268f22b12ab1de3a6139ee71ffa13d0ecc1a65e,2,2.5 概念收敛方法,183,197,v1.0-formal-reconstruction,paper-or-monograph
S001560,02_WORKSPACE_SNAPSHOT/Towow_Unified_Paper_v1.0_formal/通爻_主权智能主体共同现实形成_正式论文_v1.0.md,7f92cd950ddb796f193509529268f22b12ab1de3a6139ee71ffa13d0ecc1a65e,2,2.6 研究诚实性与可复现性,198,207,v1.0-formal-reconstruction,paper-or-monograph
S001561,02_WORKSPACE_SNAPSHOT/Towow_Unified_Paper_v1.0_formal/通爻_主权智能主体共同现实形成_正式论文_v1.0.md,7f92cd950ddb796f193509529268f22b12ab1de3a6139ee71ffa13d0ecc1a65e,1,3　相关工作与研究边界,208,285,v1.0-formal-reconstruction,paper-or-monograph
S001562,02_WORKSPACE_SNAPSHOT/Towow_Unified_Paper_v1.0_formal/通爻_主权智能主体共同现实形成_正式论文_v1.0.md,7f92cd950ddb796f193509529268f22b12ab1de3a6139ee71ffa13d0ecc1a65e,2,3.1 多 Agent 协作与社会承诺,210,215,v1.0-formal-reconstruction,paper-or-monograph
S001563,02_WORKSPACE_SNAPSHOT/Towow_Unified_Paper_v1.0_formal/通爻_主权智能主体共同现实形成_正式论文_v1.0.md,7f92cd950ddb796f193509529268f22b12ab1de3a6139ee71ffa13d0ecc1a65e,2,3.2 Agent 互操作、工具协议与授权标准,216,228,v1.0-formal-reconstruction,paper-or-monograph
S001564,02_WORKSPACE_SNAPSHOT/Towow_Unified_Paper_v1.0_formal/通爻_主权智能主体共同现实形成_正式论文_v1.0.md,7f92cd950ddb796f193509529268f22b12ab1de3a6139ee71ffa13d0ecc1a65e,2,3.3 信息瓶颈、交互信息与隐私边界,229,234,v1.0-formal-reconstruction,paper-or-monograph
S001565,02_WORKSPACE_SNAPSHOT/Towow_Unified_Paper_v1.0_formal/通爻_主权智能主体共同现实形成_正式论文_v1.0.md,7f92cd950ddb796f193509529268f22b12ab1de3a6139ee71ffa13d0ecc1a65e,2,3.4 分解优化、CEGIS 与开放列生成,235,240,v1.0-formal-reconstruction,paper-or-monograph
S001566,02_WORKSPACE_SNAPSHOT/Towow_Unified_Paper_v1.0_formal/通爻_主权智能主体共同现实形成_正式论文_v1.0.md,7f92cd950ddb796f193509529268f22b12ab1de3a6139ee71ffa13d0ecc1a65e,2,3.5 匹配、合同与机制设计,241,246,v1.0-formal-reconstruction,paper-or-monograph
S001567,02_WORKSPACE_SNAPSHOT/Towow_Unified_Paper_v1.0_formal/通爻_主权智能主体共同现实形成_正式论文_v1.0.md,7f92cd950ddb796f193509529268f22b12ab1de3a6139ee71ffa13d0ecc1a65e,2,3.6 多中心治理、制度语法与边界对象,247,252,v1.0-formal-reconstruction,paper-or-monograph
S001568,02_WORKSPACE_SNAPSHOT/Towow_Unified_Paper_v1.0_formal/通爻_主权智能主体共同现实形成_正式论文_v1.0.md,7f92cd950ddb796f193509529268f22b12ab1de3a6139ee71ffa13d0ecc1a65e,2,3.7 分布式系统与现实效力,253,262,v1.0-formal-reconstruction,paper-or-monograph
S001569,02_WORKSPACE_SNAPSHOT/Towow_Unified_Paper_v1.0_formal/通爻_主权智能主体共同现实形成_正式论文_v1.0.md,7f92cd950ddb796f193509529268f22b12ab1de3a6139ee71ffa13d0ecc1a65e,2,3.8 不确定性、分布漂移与 performativity,263,266,v1.0-formal-reconstruction,paper-or-monograph
S001570,02_WORKSPACE_SNAPSHOT/Towow_Unified_Paper_v1.0_formal/通爻_主权智能主体共同现实形成_正式论文_v1.0.md,7f92cd950ddb796f193509529268f22b12ab1de3a6139ee71ffa13d0ecc1a65e,2,3.9 OPC、独立劳动与组织边界,267,270,v1.0-formal-reconstruction,paper-or-monograph
S001571,02_WORKSPACE_SNAPSHOT/Towow_Unified_Paper_v1.0_formal/通爻_主权智能主体共同现实形成_正式论文_v1.0.md,7f92cd950ddb796f193509529268f22b12ab1de3a6139ee71ffa13d0ecc1a65e,2,3.10 研究空缺,271,285,v1.0-formal-reconstruction,paper-or-monograph
S001572,02_WORKSPACE_SNAPSHOT/Towow_Unified_Paper_v1.0_formal/通爻_主权智能主体共同现实形成_正式论文_v1.0.md,7f92cd950ddb796f193509529268f22b12ab1de3a6139ee71ffa13d0ecc1a65e,1,4　主体、世界与权威：Agent Entity 不是模型实例,286,414,v1.0-formal-reconstruction,paper-or-monograph
S001573,02_WORKSPACE_SNAPSHOT/Towow_Unified_Paper_v1.0_formal/通爻_主权智能主体共同现实形成_正式论文_v1.0.md,7f92cd950ddb796f193509529268f22b12ab1de3a6139ee71ffa13d0ecc1a65e,2,4.1 Principal：能够使规范事实成立的责任主体,288,299,v1.0-formal-reconstruction,paper-or-monograph
S001574,02_WORKSPACE_SNAPSHOT/Towow_Unified_Paper_v1.0_formal/通爻_主权智能主体共同现实形成_正式论文_v1.0.md,7f92cd950ddb796f193509529268f22b12ab1de3a6139ee71ffa13d0ecc1a65e,2,4.2 Agent Entity：对外连续，内部复数,300,325,v1.0-formal-reconstruction,paper-or-monograph
S001575,02_WORKSPACE_SNAPSHOT/Towow_Unified_Paper_v1.0_formal/通爻_主权智能主体共同现实形成_正式论文_v1.0.md,7f92cd950ddb796f193509529268f22b12ab1de3a6139ee71ffa13d0ecc1a65e,2,4.3 Authority Root、Authority Locus 与角色冲突,326,341,v1.0-formal-reconstruction,paper-or-monograph
S001576,02_WORKSPACE_SNAPSHOT/Towow_Unified_Paper_v1.0_formal/通爻_主权智能主体共同现实形成_正式论文_v1.0.md,7f92cd950ddb796f193509529268f22b12ab1de3a6139ee71ffa13d0ecc1a65e,2,4.4 Mandate：能力的可用范围，而不是人格转移,342,354,v1.0-formal-reconstruction,paper-or-monograph
S001577,02_WORKSPACE_SNAPSHOT/Towow_Unified_Paper_v1.0_formal/通爻_主权智能主体共同现实形成_正式论文_v1.0.md,7f92cd950ddb796f193509529268f22b12ab1de3a6139ee71ffa13d0ecc1a65e,2,4.5 AgentExecution：一次运行不是一个主体,355,364,v1.0-formal-reconstruction,paper-or-monograph
S001578,02_WORKSPACE_SNAPSHOT/Towow_Unified_Paper_v1.0_formal/通爻_主权智能主体共同现实形成_正式论文_v1.0.md,7f92cd950ddb796f193509529268f22b12ab1de3a6139ee71ffa13d0ecc1a65e,2,4.6 Sovereign World：不可无损复制的本地行动环境,365,381,v1.0-formal-reconstruction,paper-or-monograph
S001579,02_WORKSPACE_SNAPSHOT/Towow_Unified_Paper_v1.0_formal/通爻_主权智能主体共同现实形成_正式论文_v1.0.md,7f92cd950ddb796f193509529268f22b12ab1de3a6139ee71ffa13d0ecc1a65e,2,4.7 主体关系图,382,404,v1.0-formal-reconstruction,paper-or-monograph
S001580,02_WORKSPACE_SNAPSHOT/Towow_Unified_Paper_v1.0_formal/通爻_主权智能主体共同现实形成_正式论文_v1.0.md,7f92cd950ddb796f193509529268f22b12ab1de3a6139ee71ffa13d0ecc1a65e,2,4.8 设计不变量,405,414,v1.0-formal-reconstruction,paper-or-monograph
S001581,02_WORKSPACE_SNAPSHOT/Towow_Unified_Paper_v1.0_formal/通爻_主权智能主体共同现实形成_正式论文_v1.0.md,7f92cd950ddb796f193509529268f22b12ab1de3a6139ee71ffa13d0ecc1a65e,1,5　静态表示的不完备性与任务相关边界,415,520,v1.0-formal-reconstruction,paper-or-monograph
S001582,02_WORKSPACE_SNAPSHOT/Towow_Unified_Paper_v1.0_formal/通爻_主权智能主体共同现实形成_正式论文_v1.0.md,7f92cd950ddb796f193509529268f22b12ab1de3a6139ee71ffa13d0ecc1a65e,2,5.1 从 HDC、FHRR 到 NAC：早期发现为何重要又为何不够,417,424,v1.0-formal-reconstruction,paper-or-monograph
S001583,02_WORKSPACE_SNAPSHOT/Towow_Unified_Paper_v1.0_formal/通爻_主权智能主体共同现实形成_正式论文_v1.0.md,7f92cd950ddb796f193509529268f22b12ab1de3a6139ee71ffa13d0ecc1a65e,2,5.2 静态投影非普遍充分,425,438,v1.0-formal-reconstruction,paper-or-monograph
S001584,02_WORKSPACE_SNAPSHOT/Towow_Unified_Paper_v1.0_formal/通爻_主权智能主体共同现实形成_正式论文_v1.0.md,7f92cd950ddb796f193509529268f22b12ab1de3a6139ee71ffa13d0ecc1a65e,2,5.3 任务相关边界充分性,439,446,v1.0-formal-reconstruction,paper-or-monograph
S001585,02_WORKSPACE_SNAPSHOT/Towow_Unified_Paper_v1.0_formal/通爻_主权智能主体共同现实形成_正式论文_v1.0.md,7f92cd950ddb796f193509529268f22b12ab1de3a6139ee71ffa13d0ecc1a65e,2,5.4 体—边对偶的严格含义,447,475,v1.0-formal-reconstruction,paper-or-monograph
S001586,02_WORKSPACE_SNAPSHOT/Towow_Unified_Paper_v1.0_formal/通爻_主权智能主体共同现实形成_正式论文_v1.0.md,7f92cd950ddb796f193509529268f22b12ab1de3a6139ee71ffa13d0ecc1a65e,2,5.5 边界响应类型,476,492,v1.0-formal-reconstruction,paper-or-monograph
S001587,02_WORKSPACE_SNAPSHOT/Towow_Unified_Paper_v1.0_formal/通爻_主权智能主体共同现实形成_正式论文_v1.0.md,7f92cd950ddb796f193509529268f22b12ab1de3a6139ee71ffa13d0ecc1a65e,2,5.6 披露不是越少越好,493,504,v1.0-formal-reconstruction,paper-or-monograph
S001588,02_WORKSPACE_SNAPSHOT/Towow_Unified_Paper_v1.0_formal/通爻_主权智能主体共同现实形成_正式论文_v1.0.md,7f92cd950ddb796f193509529268f22b12ab1de3a6139ee71ffa13d0ecc1a65e,2,5.7 边界重建攻击与治理,505,520,v1.0-formal-reconstruction,paper-or-monograph
S001589,02_WORKSPACE_SNAPSHOT/Towow_Unified_Paper_v1.0_formal/通爻_主权智能主体共同现实形成_正式论文_v1.0.md,7f92cd950ddb796f193509529268f22b12ab1de3a6139ee71ffa13d0ecc1a65e,1,6　三维统一模型：共同现实生成链、贯穿语义与保证等级,521,615,v1.0-formal-reconstruction,paper-or-monograph
S001590,02_WORKSPACE_SNAPSHOT/Towow_Unified_Paper_v1.0_formal/通爻_主权智能主体共同现实形成_正式论文_v1.0.md,7f92cd950ddb796f193509529268f22b12ab1de3a6139ee71ffa13d0ecc1a65e,2,6.1 为什么十二阶段流程不能替代理论模型,523,532,v1.0-formal-reconstruction,paper-or-monograph
S001591,02_WORKSPACE_SNAPSHOT/Towow_Unified_Paper_v1.0_formal/通爻_主权智能主体共同现实形成_正式论文_v1.0.md,7f92cd950ddb796f193509529268f22b12ab1de3a6139ee71ffa13d0ecc1a65e,2,6.2 第一维：L0–L7 共同现实生成链,533,566,v1.0-formal-reconstruction,paper-or-monograph
S001592,02_WORKSPACE_SNAPSHOT/Towow_Unified_Paper_v1.0_formal/通爻_主权智能主体共同现实形成_正式论文_v1.0.md,7f92cd950ddb796f193509529268f22b12ab1de3a6139ee71ffa13d0ecc1a65e,3,L0　主权世界,535,538,v1.0-formal-reconstruction,paper-or-monograph
S001593,02_WORKSPACE_SNAPSHOT/Towow_Unified_Paper_v1.0_formal/通爻_主权智能主体共同现实形成_正式论文_v1.0.md,7f92cd950ddb796f193509529268f22b12ab1de3a6139ee71ffa13d0ecc1a65e,3,L1　边界与发现,539,542,v1.0-formal-reconstruction,paper-or-monograph
S001594,02_WORKSPACE_SNAPSHOT/Towow_Unified_Paper_v1.0_formal/通爻_主权智能主体共同现实形成_正式论文_v1.0.md,7f92cd950ddb796f193509529268f22b12ab1de3a6139ee71ffa13d0ecc1a65e,3,L2　问题构成与共同介质,543,546,v1.0-formal-reconstruction,paper-or-monograph
S001595,02_WORKSPACE_SNAPSHOT/Towow_Unified_Paper_v1.0_formal/通爻_主权智能主体共同现实形成_正式论文_v1.0.md,7f92cd950ddb796f193509529268f22b12ab1de3a6139ee71ffa13d0ecc1a65e,3,L3　可能性形成,547,550,v1.0-formal-reconstruction,paper-or-monograph
S001596,02_WORKSPACE_SNAPSHOT/Towow_Unified_Paper_v1.0_formal/通爻_主权智能主体共同现实形成_正式论文_v1.0.md,7f92cd950ddb796f193509529268f22b12ab1de3a6139ee71ffa13d0ecc1a65e,3,L4　能力兑现与资格化,551,554,v1.0-formal-reconstruction,paper-or-monograph
S001597,02_WORKSPACE_SNAPSHOT/Towow_Unified_Paper_v1.0_formal/通爻_主权智能主体共同现实形成_正式论文_v1.0.md,7f92cd950ddb796f193509529268f22b12ab1de3a6139ee71ffa13d0ecc1a65e,3,L5　主体认领与制度化,555,558,v1.0-formal-reconstruction,paper-or-monograph
S001598,02_WORKSPACE_SNAPSHOT/Towow_Unified_Paper_v1.0_formal/通爻_主权智能主体共同现实形成_正式论文_v1.0.md,7f92cd950ddb796f193509529268f22b12ab1de3a6139ee71ffa13d0ecc1a65e,3,L6　执行与现实效力,559,562,v1.0-formal-reconstruction,paper-or-monograph
S001599,02_WORKSPACE_SNAPSHOT/Towow_Unified_Paper_v1.0_formal/通爻_主权智能主体共同现实形成_正式论文_v1.0.md,7f92cd950ddb796f193509529268f22b12ab1de3a6139ee71ffa13d0ecc1a65e,3,L7　演化与编译世界,563,566,v1.0-formal-reconstruction,paper-or-monograph
S001600,02_WORKSPACE_SNAPSHOT/Towow_Unified_Paper_v1.0_formal/通爻_主权智能主体共同现实形成_正式论文_v1.0.md,7f92cd950ddb796f193509529268f22b12ab1de3a6139ee71ffa13d0ecc1a65e,2,6.3 第二维：五种贯穿语义,567,580,v1.0-formal-reconstruction,paper-or-monograph
S001601,02_WORKSPACE_SNAPSHOT/Towow_Unified_Paper_v1.0_formal/通爻_主权智能主体共同现实形成_正式论文_v1.0.md,7f92cd950ddb796f193509529268f22b12ab1de3a6139ee71ffa13d0ecc1a65e,2,6.4 第三维：成熟度与保证等级,581,603,v1.0-formal-reconstruction,paper-or-monograph
S001602,02_WORKSPACE_SNAPSHOT/Towow_Unified_Paper_v1.0_formal/通爻_主权智能主体共同现实形成_正式论文_v1.0.md,7f92cd950ddb796f193509529268f22b12ab1de3a6139ee71ffa13d0ecc1a65e,2,6.5 三维模型的工程含义,604,615,v1.0-formal-reconstruction,paper-or-monograph
S001603,02_WORKSPACE_SNAPSHOT/Towow_Unified_Paper_v1.0_formal/通爻_主权智能主体共同现实形成_正式论文_v1.0.md,7f92cd950ddb796f193509529268f22b12ab1de3a6139ee71ffa13d0ecc1a65e,1,7　从搜索到行动构成：Coordination Schema、SJAC 与 JAA,616,757,v1.0-formal-reconstruction,paper-or-monograph
S001604,02_WORKSPACE_SNAPSHOT/Towow_Unified_Paper_v1.0_formal/通爻_主权智能主体共同现实形成_正式论文_v1.0.md,7f92cd950ddb796f193509529268f22b12ab1de3a6139ee71ffa13d0ecc1a65e,2,7.1 搜索范式的四个隐含假设,618,630,v1.0-formal-reconstruction,paper-or-monograph
S001605,02_WORKSPACE_SNAPSHOT/Towow_Unified_Paper_v1.0_formal/通爻_主权智能主体共同现实形成_正式论文_v1.0.md,7f92cd950ddb796f193509529268f22b12ab1de3a6139ee71ffa13d0ecc1a65e,2,7.2 高阶互补与超边,631,640,v1.0-formal-reconstruction,paper-or-monograph
S001606,02_WORKSPACE_SNAPSHOT/Towow_Unified_Paper_v1.0_formal/通爻_主权智能主体共同现实形成_正式论文_v1.0.md,7f92cd950ddb796f193509529268f22b12ab1de3a6139ee71ffa13d0ecc1a65e,2,7.3 Coordination Schema,641,660,v1.0-formal-reconstruction,paper-or-monograph
S001607,02_WORKSPACE_SNAPSHOT/Towow_Unified_Paper_v1.0_formal/通爻_主权智能主体共同现实形成_正式论文_v1.0.md,7f92cd950ddb796f193509529268f22b12ab1de3a6139ee71ffa13d0ecc1a65e,2,7.4 Institutional Frame 与 Relation-specific Version,661,674,v1.0-formal-reconstruction,paper-or-monograph
S001608,02_WORKSPACE_SNAPSHOT/Towow_Unified_Paper_v1.0_formal/通爻_主权智能主体共同现实形成_正式论文_v1.0.md,7f92cd950ddb796f193509529268f22b12ab1de3a6139ee71ffa13d0ecc1a65e,2,7.5 Material change,675,699,v1.0-formal-reconstruction,paper-or-monograph
S001609,02_WORKSPACE_SNAPSHOT/Towow_Unified_Paper_v1.0_formal/通爻_主权智能主体共同现实形成_正式论文_v1.0.md,7f92cd950ddb796f193509529268f22b12ab1de3a6139ee71ffa13d0ecc1a65e,2,7.6 SJAC：主权联合行动构成,700,716,v1.0-formal-reconstruction,paper-or-monograph
S001610,02_WORKSPACE_SNAPSHOT/Towow_Unified_Paper_v1.0_formal/通爻_主权智能主体共同现实形成_正式论文_v1.0.md,7f92cd950ddb796f193509529268f22b12ab1de3a6139ee71ffa13d0ecc1a65e,2,7.7 JAA：版本化共同协调介质,717,731,v1.0-formal-reconstruction,paper-or-monograph
S001611,02_WORKSPACE_SNAPSHOT/Towow_Unified_Paper_v1.0_formal/通爻_主权智能主体共同现实形成_正式论文_v1.0.md,7f92cd950ddb796f193509529268f22b12ab1de3a6139ee71ffa13d0ecc1a65e,2,7.8 三个嵌套循环,732,751,v1.0-formal-reconstruction,paper-or-monograph
S001612,02_WORKSPACE_SNAPSHOT/Towow_Unified_Paper_v1.0_formal/通爻_主权智能主体共同现实形成_正式论文_v1.0.md,7f92cd950ddb796f193509529268f22b12ab1de3a6139ee71ffa13d0ecc1a65e,3,语义构成循环,736,739,v1.0-formal-reconstruction,paper-or-monograph
S001613,02_WORKSPACE_SNAPSHOT/Towow_Unified_Paper_v1.0_formal/通爻_主权智能主体共同现实形成_正式论文_v1.0.md,7f92cd950ddb796f193509529268f22b12ab1de3a6139ee71ffa13d0ecc1a65e,3,可行域发现循环,740,743,v1.0-formal-reconstruction,paper-or-monograph
S001614,02_WORKSPACE_SNAPSHOT/Towow_Unified_Paper_v1.0_formal/通爻_主权智能主体共同现实形成_正式论文_v1.0.md,7f92cd950ddb796f193509529268f22b12ab1de3a6139ee71ffa13d0ecc1a65e,3,规范闭合循环,744,751,v1.0-formal-reconstruction,paper-or-monograph
S001615,02_WORKSPACE_SNAPSHOT/Towow_Unified_Paper_v1.0_formal/通爻_主权智能主体共同现实形成_正式论文_v1.0.md,7f92cd950ddb796f193509529268f22b12ab1de3a6139ee71ffa13d0ecc1a65e,2,7.9 过程完备而非检索完备,752,757,v1.0-formal-reconstruction,paper-or-monograph
S001616,02_WORKSPACE_SNAPSHOT/Towow_Unified_Paper_v1.0_formal/通爻_主权智能主体共同现实形成_正式论文_v1.0.md,7f92cd950ddb796f193509529268f22b12ab1de3a6139ee71ffa13d0ecc1a65e,1,8　可能性形成：把“做不了”转化为可构造缺口,758,916,v1.0-formal-reconstruction,paper-or-monograph
S001617,02_WORKSPACE_SNAPSHOT/Towow_Unified_Paper_v1.0_formal/通爻_主权智能主体共同现实形成_正式论文_v1.0.md,7f92cd950ddb796f193509529268f22b12ab1de3a6139ee71ffa13d0ecc1a65e,2,8.1 合格联合行动空间,760,781,v1.0-formal-reconstruction,paper-or-monograph
S001618,02_WORKSPACE_SNAPSHOT/Towow_Unified_Paper_v1.0_formal/通爻_主权智能主体共同现实形成_正式论文_v1.0.md,7f92cd950ddb796f193509529268f22b12ab1de3a6139ee71ffa13d0ecc1a65e,2,8.2 Unknown 的机制分类,782,798,v1.0-formal-reconstruction,paper-or-monograph
S001619,02_WORKSPACE_SNAPSHOT/Towow_Unified_Paper_v1.0_formal/通爻_主权智能主体共同现实形成_正式论文_v1.0.md,7f92cd950ddb796f193509529268f22b12ab1de3a6139ee71ffa13d0ecc1a65e,2,8.3 形成算子,799,825,v1.0-formal-reconstruction,paper-or-monograph
S001620,02_WORKSPACE_SNAPSHOT/Towow_Unified_Paper_v1.0_formal/通爻_主权智能主体共同现实形成_正式论文_v1.0.md,7f92cd950ddb796f193509529268f22b12ab1de3a6139ee71ffa13d0ecc1a65e,2,8.4 PFE：可能性形成引擎,826,851,v1.0-formal-reconstruction,paper-or-monograph
S001621,02_WORKSPACE_SNAPSHOT/Towow_Unified_Paper_v1.0_formal/通爻_主权智能主体共同现实形成_正式论文_v1.0.md,7f92cd950ddb796f193509529268f22b12ab1de3a6139ee71ffa13d0ecc1a65e,2,8.5 ECVI：净协调价值信息,852,864,v1.0-formal-reconstruction,paper-or-monograph
S001622,02_WORKSPACE_SNAPSHOT/Towow_Unified_Paper_v1.0_formal/通爻_主权智能主体共同现实形成_正式论文_v1.0.md,7f92cd950ddb796f193509529268f22b12ab1de3a6139ee71ffa13d0ecc1a65e,2,8.6 反例驱动形成循环,865,887,v1.0-formal-reconstruction,paper-or-monograph
S001623,02_WORKSPACE_SNAPSHOT/Towow_Unified_Paper_v1.0_formal/通爻_主权智能主体共同现实形成_正式论文_v1.0.md,7f92cd950ddb796f193509529268f22b12ab1de3a6139ee71ffa13d0ecc1a65e,2,8.7 Preference formation 与模型投射风险,888,901,v1.0-formal-reconstruction,paper-or-monograph
S001624,02_WORKSPACE_SNAPSHOT/Towow_Unified_Paper_v1.0_formal/通爻_主权智能主体共同现实形成_正式论文_v1.0.md,7f92cd950ddb796f193509529268f22b12ab1de3a6139ee71ffa13d0ecc1a65e,2,8.8 停止条件,902,916,v1.0-formal-reconstruction,paper-or-monograph
S001625,02_WORKSPACE_SNAPSHOT/Towow_Unified_Paper_v1.0_formal/通爻_主权智能主体共同现实形成_正式论文_v1.0.md,7f92cd950ddb796f193509529268f22b12ab1de3a6139ee71ffa13d0ecc1a65e,1,9　能力兑现与保障：一次成功不等于可承诺能力,917,999,v1.0-formal-reconstruction,paper-or-monograph
S001626,02_WORKSPACE_SNAPSHOT/Towow_Unified_Paper_v1.0_formal/通爻_主权智能主体共同现实形成_正式论文_v1.0.md,7f92cd950ddb796f193509529268f22b12ab1de3a6139ee71ffa13d0ecc1a65e,2,9.1 Capability 是条件性可达性,919,931,v1.0-formal-reconstruction,paper-or-monograph
S001627,02_WORKSPACE_SNAPSHOT/Towow_Unified_Paper_v1.0_formal/通爻_主权智能主体共同现实形成_正式论文_v1.0.md,7f92cd950ddb796f193509529268f22b12ab1de3a6139ee71ffa13d0ecc1a65e,2,9.2 可能性、一次成功与能力合同,932,944,v1.0-formal-reconstruction,paper-or-monograph
S001628,02_WORKSPACE_SNAPSHOT/Towow_Unified_Paper_v1.0_formal/通爻_主权智能主体共同现实形成_正式论文_v1.0.md,7f92cd950ddb796f193509529268f22b12ab1de3a6139ee71ffa13d0ecc1a65e,2,9.3 CRA：能力兑现与保障循环,945,958,v1.0-formal-reconstruction,paper-or-monograph
S001629,02_WORKSPACE_SNAPSHOT/Towow_Unified_Paper_v1.0_formal/通爻_主权智能主体共同现实形成_正式论文_v1.0.md,7f92cd950ddb796f193509529268f22b12ab1de3a6139ee71ffa13d0ecc1a65e,2,9.4 AssuranceCase,959,969,v1.0-formal-reconstruction,paper-or-monograph
S001630,02_WORKSPACE_SNAPSHOT/Towow_Unified_Paper_v1.0_formal/通爻_主权智能主体共同现实形成_正式论文_v1.0.md,7f92cd950ddb796f193509529268f22b12ab1de3a6139ee71ffa13d0ecc1a65e,2,9.5 概率、校准和选择性执行,970,989,v1.0-formal-reconstruction,paper-or-monograph
S001631,02_WORKSPACE_SNAPSHOT/Towow_Unified_Paper_v1.0_formal/通爻_主权智能主体共同现实形成_正式论文_v1.0.md,7f92cd950ddb796f193509529268f22b12ab1de3a6139ee71ffa13d0ecc1a65e,2,9.6 Capability Envelope 与系统旁路,990,995,v1.0-formal-reconstruction,paper-or-monograph
S001632,02_WORKSPACE_SNAPSHOT/Towow_Unified_Paper_v1.0_formal/通爻_主权智能主体共同现实形成_正式论文_v1.0.md,7f92cd950ddb796f193509529268f22b12ab1de3a6139ee71ffa13d0ecc1a65e,2,9.7 能力资格化的失败不是坏结果,996,999,v1.0-formal-reconstruction,paper-or-monograph
S001633,02_WORKSPACE_SNAPSHOT/Towow_Unified_Paper_v1.0_formal/通爻_主权智能主体共同现实形成_正式论文_v1.0.md,7f92cd950ddb796f193509529268f22b12ab1de3a6139ee71ffa13d0ecc1a65e,1,10　权威、认领、承诺与资源预留,1000,1118,v1.0-formal-reconstruction,paper-or-monograph
S001634,02_WORKSPACE_SNAPSHOT/Towow_Unified_Paper_v1.0_formal/通爻_主权智能主体共同现实形成_正式论文_v1.0.md,7f92cd950ddb796f193509529268f22b12ab1de3a6139ee71ffa13d0ecc1a65e,2,10.1 概率智能与制度权威正交,1002,1012,v1.0-formal-reconstruction,paper-or-monograph
S001635,02_WORKSPACE_SNAPSHOT/Towow_Unified_Paper_v1.0_formal/通爻_主权智能主体共同现实形成_正式论文_v1.0.md,7f92cd950ddb796f193509529268f22b12ab1de3a6139ee71ffa13d0ecc1a65e,2,10.2 Recognition 不是按钮文案,1013,1026,v1.0-formal-reconstruction,paper-or-monograph
S001636,02_WORKSPACE_SNAPSHOT/Towow_Unified_Paper_v1.0_formal/通爻_主权智能主体共同现实形成_正式论文_v1.0.md,7f92cd950ddb796f193509529268f22b12ab1de3a6139ee71ffa13d0ecc1a65e,2,10.3 Stance 与 Commitment,1027,1044,v1.0-formal-reconstruction,paper-or-monograph
S001637,02_WORKSPACE_SNAPSHOT/Towow_Unified_Paper_v1.0_formal/通爻_主权智能主体共同现实形成_正式论文_v1.0.md,7f92cd950ddb796f193509529268f22b12ab1de3a6139ee71ffa13d0ecc1a65e,2,10.4 Countercondition 与拒绝权,1045,1057,v1.0-formal-reconstruction,paper-or-monograph
S001638,02_WORKSPACE_SNAPSHOT/Towow_Unified_Paper_v1.0_formal/通爻_主权智能主体共同现实形成_正式论文_v1.0.md,7f92cd950ddb796f193509529268f22b12ab1de3a6139ee71ffa13d0ecc1a65e,2,10.5 Standing：能提出 material challenge，不等于能签字,1058,1073,v1.0-formal-reconstruction,paper-or-monograph
S001639,02_WORKSPACE_SNAPSHOT/Towow_Unified_Paper_v1.0_formal/通爻_主权智能主体共同现实形成_正式论文_v1.0.md,7f92cd950ddb796f193509529268f22b12ab1de3a6139ee71ffa13d0ecc1a65e,2,10.6 资源预留与并发承诺,1074,1085,v1.0-formal-reconstruction,paper-or-monograph
S001640,02_WORKSPACE_SNAPSHOT/Towow_Unified_Paper_v1.0_formal/通爻_主权智能主体共同现实形成_正式论文_v1.0.md,7f92cd950ddb796f193509529268f22b12ab1de3a6139ee71ffa13d0ecc1a65e,2,10.7 数据与派生权利,1086,1097,v1.0-formal-reconstruction,paper-or-monograph
S001641,02_WORKSPACE_SNAPSHOT/Towow_Unified_Paper_v1.0_formal/通爻_主权智能主体共同现实形成_正式论文_v1.0.md,7f92cd950ddb796f193509529268f22b12ab1de3a6139ee71ffa13d0ecc1a65e,2,10.8 规范生命周期,1098,1118,v1.0-formal-reconstruction,paper-or-monograph
S001642,02_WORKSPACE_SNAPSHOT/Towow_Unified_Paper_v1.0_formal/通爻_主权智能主体共同现实形成_正式论文_v1.0.md,7f92cd950ddb796f193509529268f22b12ab1de3a6139ee71ffa13d0ecc1a65e,1,11　从 Operation 到现实：Effect、Adoption、Acceptance 与 Settlement,1119,1229,v1.0-formal-reconstruction,paper-or-monograph
S001643,02_WORKSPACE_SNAPSHOT/Towow_Unified_Paper_v1.0_formal/通爻_主权智能主体共同现实形成_正式论文_v1.0.md,7f92cd950ddb796f193509529268f22b12ab1de3a6139ee71ffa13d0ecc1a65e,2,11.1 为什么执行成功不是现实完成,1121,1124,v1.0-formal-reconstruction,paper-or-monograph
S001644,02_WORKSPACE_SNAPSHOT/Towow_Unified_Paper_v1.0_formal/通爻_主权智能主体共同现实形成_正式论文_v1.0.md,7f92cd950ddb796f193509529268f22b12ab1de3a6139ee71ffa13d0ecc1a65e,2,11.2 Operation 与 ActionAttempt,1125,1137,v1.0-formal-reconstruction,paper-or-monograph
S001645,02_WORKSPACE_SNAPSHOT/Towow_Unified_Paper_v1.0_formal/通爻_主权智能主体共同现实形成_正式论文_v1.0.md,7f92cd950ddb796f193509529268f22b12ab1de3a6139ee71ffa13d0ecc1a65e,2,11.3 Effect,1138,1157,v1.0-formal-reconstruction,paper-or-monograph
S001646,02_WORKSPACE_SNAPSHOT/Towow_Unified_Paper_v1.0_formal/通爻_主权智能主体共同现实形成_正式论文_v1.0.md,7f92cd950ddb796f193509529268f22b12ab1de3a6139ee71ffa13d0ecc1a65e,2,11.4 Verification、Adoption 与 Acceptance,1158,1173,v1.0-formal-reconstruction,paper-or-monograph
S001647,02_WORKSPACE_SNAPSHOT/Towow_Unified_Paper_v1.0_formal/通爻_主权智能主体共同现实形成_正式论文_v1.0.md,7f92cd950ddb796f193509529268f22b12ab1de3a6139ee71ffa13d0ecc1a65e,2,11.5 Evidence Closure,1174,1186,v1.0-formal-reconstruction,paper-or-monograph
S001648,02_WORKSPACE_SNAPSHOT/Towow_Unified_Paper_v1.0_formal/通爻_主权智能主体共同现实形成_正式论文_v1.0.md,7f92cd950ddb796f193509529268f22b12ab1de3a6139ee71ffa13d0ecc1a65e,2,11.6 Claim-specific WitnessPolicy,1187,1201,v1.0-formal-reconstruction,paper-or-monograph
S001649,02_WORKSPACE_SNAPSHOT/Towow_Unified_Paper_v1.0_formal/通爻_主权智能主体共同现实形成_正式论文_v1.0.md,7f92cd950ddb796f193509529268f22b12ab1de3a6139ee71ffa13d0ecc1a65e,2,11.7 争议、补救与 Settlement,1202,1214,v1.0-formal-reconstruction,paper-or-monograph
S001650,02_WORKSPACE_SNAPSHOT/Towow_Unified_Paper_v1.0_formal/通爻_主权智能主体共同现实形成_正式论文_v1.0.md,7f92cd950ddb796f193509529268f22b12ab1de3a6139ee71ffa13d0ecc1a65e,2,11.8 跨域效力状态机,1215,1229,v1.0-formal-reconstruction,paper-or-monograph
S001651,02_WORKSPACE_SNAPSHOT/Towow_Unified_Paper_v1.0_formal/通爻_主权智能主体共同现实形成_正式论文_v1.0.md,7f92cd950ddb796f193509529268f22b12ab1de3a6139ee71ffa13d0ecc1a65e,1,12　形成期与编译运行期：局部稳定、局部重开,1230,1323,v1.0-formal-reconstruction,paper-or-monograph
S001652,02_WORKSPACE_SNAPSHOT/Towow_Unified_Paper_v1.0_formal/通爻_主权智能主体共同现实形成_正式论文_v1.0.md,7f92cd950ddb796f193509529268f22b12ab1de3a6139ee71ffa13d0ecc1a65e,2,12.1 两种控制制度,1232,1242,v1.0-formal-reconstruction,paper-or-monograph
S001653,02_WORKSPACE_SNAPSHOT/Towow_Unified_Paper_v1.0_formal/通爻_主权智能主体共同现实形成_正式论文_v1.0.md,7f92cd950ddb796f193509529268f22b12ab1de3a6139ee71ffa13d0ecc1a65e,2,12.2 五维稳定向量,1243,1260,v1.0-formal-reconstruction,paper-or-monograph
S001654,02_WORKSPACE_SNAPSHOT/Towow_Unified_Paper_v1.0_formal/通爻_主权智能主体共同现实形成_正式论文_v1.0.md,7f92cd950ddb796f193509529268f22b12ab1de3a6139ee71ffa13d0ecc1a65e,2,12.3 Compile readiness,1261,1276,v1.0-formal-reconstruction,paper-or-monograph
S001655,02_WORKSPACE_SNAPSHOT/Towow_Unified_Paper_v1.0_formal/通爻_主权智能主体共同现实形成_正式论文_v1.0.md,7f92cd950ddb796f193509529268f22b12ab1de3a6139ee71ffa13d0ecc1a65e,2,12.4 Compiled World,1277,1290,v1.0-formal-reconstruction,paper-or-monograph
S001656,02_WORKSPACE_SNAPSHOT/Towow_Unified_Paper_v1.0_formal/通爻_主权智能主体共同现实形成_正式论文_v1.0.md,7f92cd950ddb796f193509529268f22b12ab1de3a6139ee71ffa13d0ecc1a65e,2,12.5 Defeater 类型,1291,1301,v1.0-formal-reconstruction,paper-or-monograph
S001657,02_WORKSPACE_SNAPSHOT/Towow_Unified_Paper_v1.0_formal/通爻_主权智能主体共同现实形成_正式论文_v1.0.md,7f92cd950ddb796f193509529268f22b12ab1de3a6139ee71ffa13d0ecc1a65e,2,12.6 依赖闭包重开,1302,1311,v1.0-formal-reconstruction,paper-or-monograph
S001658,02_WORKSPACE_SNAPSHOT/Towow_Unified_Paper_v1.0_formal/通爻_主权智能主体共同现实形成_正式论文_v1.0.md,7f92cd950ddb796f193509529268f22b12ab1de3a6139ee71ffa13d0ecc1a65e,2,12.7 运行中的局部形成,1312,1323,v1.0-formal-reconstruction,paper-or-monograph
S001659,02_WORKSPACE_SNAPSHOT/Towow_Unified_Paper_v1.0_formal/通爻_主权智能主体共同现实形成_正式论文_v1.0.md,7f92cd950ddb796f193509529268f22b12ab1de3a6139ee71ffa13d0ecc1a65e,1,13　多机制协调：中心化、A2A 与人类判断的组合器,1324,1457,v1.0-formal-reconstruction,paper-or-monograph
S001660,02_WORKSPACE_SNAPSHOT/Towow_Unified_Paper_v1.0_formal/通爻_主权智能主体共同现实形成_正式论文_v1.0.md,7f92cd950ddb796f193509529268f22b12ab1de3a6139ee71ffa13d0ecc1a65e,2,13.1 反对中心化/去中心化二分,1326,1331,v1.0-formal-reconstruction,paper-or-monograph
S001661,02_WORKSPACE_SNAPSHOT/Towow_Unified_Paper_v1.0_formal/通爻_主权智能主体共同现实形成_正式论文_v1.0.md,7f92cd950ddb796f193509529268f22b12ab1de3a6139ee71ffa13d0ecc1a65e,2,13.2 八类机制,1332,1346,v1.0-formal-reconstruction,paper-or-monograph
S001662,02_WORKSPACE_SNAPSHOT/Towow_Unified_Paper_v1.0_formal/通爻_主权智能主体共同现实形成_正式论文_v1.0.md,7f92cd950ddb796f193509529268f22b12ab1de3a6139ee71ffa13d0ecc1a65e,2,13.3 CollapseSafe,1347,1371,v1.0-formal-reconstruction,paper-or-monograph
S001663,02_WORKSPACE_SNAPSHOT/Towow_Unified_Paper_v1.0_formal/通爻_主权智能主体共同现实形成_正式论文_v1.0.md,7f92cd950ddb796f193509529268f22b12ab1de3a6139ee71ffa13d0ecc1a65e,2,13.4 Router 输入,1372,1397,v1.0-formal-reconstruction,paper-or-monograph
S001664,02_WORKSPACE_SNAPSHOT/Towow_Unified_Paper_v1.0_formal/通爻_主权智能主体共同现实形成_正式论文_v1.0.md,7f92cd950ddb796f193509529268f22b12ab1de3a6139ee71ffa13d0ecc1a65e,2,13.5 组合示例,1398,1419,v1.0-formal-reconstruction,paper-or-monograph
S001665,02_WORKSPACE_SNAPSHOT/Towow_Unified_Paper_v1.0_formal/通爻_主权智能主体共同现实形成_正式论文_v1.0.md,7f92cd950ddb796f193509529268f22b12ab1de3a6139ee71ffa13d0ecc1a65e,2,13.6 自动涌现的边界,1420,1432,v1.0-formal-reconstruction,paper-or-monograph
S001666,02_WORKSPACE_SNAPSHOT/Towow_Unified_Paper_v1.0_formal/通爻_主权智能主体共同现实形成_正式论文_v1.0.md,7f92cd950ddb796f193509529268f22b12ab1de3a6139ee71ffa13d0ecc1a65e,2,13.7 真实优化目标：更快到达真实处置,1433,1457,v1.0-formal-reconstruction,paper-or-monograph
S001667,02_WORKSPACE_SNAPSHOT/Towow_Unified_Paper_v1.0_formal/通爻_主权智能主体共同现实形成_正式论文_v1.0.md,7f92cd950ddb796f193509529268f22b12ab1de3a6139ee71ffa13d0ecc1a65e,1,14　面向超级个体与 OPC 的主权代理操作系统,1458,1588,v1.0-formal-reconstruction,paper-or-monograph
S001668,02_WORKSPACE_SNAPSHOT/Towow_Unified_Paper_v1.0_formal/通爻_主权智能主体共同现实形成_正式论文_v1.0.md,7f92cd950ddb796f193509529268f22b12ab1de3a6139ee71ffa13d0ecc1a65e,2,14.1 OPC 不是缩小版企业,1460,1470,v1.0-formal-reconstruction,paper-or-monograph
S001669,02_WORKSPACE_SNAPSHOT/Towow_Unified_Paper_v1.0_formal/通爻_主权智能主体共同现实形成_正式论文_v1.0.md,7f92cd950ddb796f193509529268f22b12ab1de3a6139ee71ffa13d0ecc1a65e,2,14.2 OPC Operating Envelope,1471,1483,v1.0-formal-reconstruction,paper-or-monograph
S001670,02_WORKSPACE_SNAPSHOT/Towow_Unified_Paper_v1.0_formal/通爻_主权智能主体共同现实形成_正式论文_v1.0.md,7f92cd950ddb796f193509529268f22b12ab1de3a6139ee71ffa13d0ecc1a65e,2,14.3 十二阶段操作模型,1484,1537,v1.0-formal-reconstruction,paper-or-monograph
S001671,02_WORKSPACE_SNAPSHOT/Towow_Unified_Paper_v1.0_formal/通爻_主权智能主体共同现实形成_正式论文_v1.0.md,7f92cd950ddb796f193509529268f22b12ab1de3a6139ee71ffa13d0ecc1a65e,3,阶段 0　身份与权威根,1488,1491,v1.0-formal-reconstruction,paper-or-monograph
S001672,02_WORKSPACE_SNAPSHOT/Towow_Unified_Paper_v1.0_formal/通爻_主权智能主体共同现实形成_正式论文_v1.0.md,7f92cd950ddb796f193509529268f22b12ab1de3a6139ee71ffa13d0ecc1a65e,3,阶段 1　Mandate 与策略编译,1492,1495,v1.0-formal-reconstruction,paper-or-monograph
S001673,02_WORKSPACE_SNAPSHOT/Towow_Unified_Paper_v1.0_formal/通爻_主权智能主体共同现实形成_正式论文_v1.0.md,7f92cd950ddb796f193509529268f22b12ab1de3a6139ee71ffa13d0ecc1a65e,3,阶段 2　本地世界编译,1496,1499,v1.0-formal-reconstruction,paper-or-monograph
S001674,02_WORKSPACE_SNAPSHOT/Towow_Unified_Paper_v1.0_formal/通爻_主权智能主体共同现实形成_正式论文_v1.0.md,7f92cd950ddb796f193509529268f22b12ab1de3a6139ee71ffa13d0ecc1a65e,3,阶段 3　机会发现与问题构成,1500,1503,v1.0-formal-reconstruction,paper-or-monograph
S001675,02_WORKSPACE_SNAPSHOT/Towow_Unified_Paper_v1.0_formal/通爻_主权智能主体共同现实形成_正式论文_v1.0.md,7f92cd950ddb796f193509529268f22b12ab1de3a6139ee71ffa13d0ecc1a65e,3,阶段 4　协调机制选择,1504,1507,v1.0-formal-reconstruction,paper-or-monograph
S001676,02_WORKSPACE_SNAPSHOT/Towow_Unified_Paper_v1.0_formal/通爻_主权智能主体共同现实形成_正式论文_v1.0.md,7f92cd950ddb796f193509529268f22b12ab1de3a6139ee71ffa13d0ecc1a65e,3,阶段 5　关系形成与现实 probe,1508,1511,v1.0-formal-reconstruction,paper-or-monograph
S001677,02_WORKSPACE_SNAPSHOT/Towow_Unified_Paper_v1.0_formal/通爻_主权智能主体共同现实形成_正式论文_v1.0.md,7f92cd950ddb796f193509529268f22b12ab1de3a6139ee71ffa13d0ecc1a65e,3,阶段 6　能力、工具与资源组装,1512,1515,v1.0-formal-reconstruction,paper-or-monograph
S001678,02_WORKSPACE_SNAPSHOT/Towow_Unified_Paper_v1.0_formal/通爻_主权智能主体共同现实形成_正式论文_v1.0.md,7f92cd950ddb796f193509529268f22b12ab1de3a6139ee71ffa13d0ecc1a65e,3,阶段 7　认领、承诺与资源预留,1516,1519,v1.0-formal-reconstruction,paper-or-monograph
S001679,02_WORKSPACE_SNAPSHOT/Towow_Unified_Paper_v1.0_formal/通爻_主权智能主体共同现实形成_正式论文_v1.0.md,7f92cd950ddb796f193509529268f22b12ab1de3a6139ee71ffa13d0ecc1a65e,3,阶段 8　Operation 与目标世界 Effect,1520,1523,v1.0-formal-reconstruction,paper-or-monograph
S001680,02_WORKSPACE_SNAPSHOT/Towow_Unified_Paper_v1.0_formal/通爻_主权智能主体共同现实形成_正式论文_v1.0.md,7f92cd950ddb796f193509529268f22b12ab1de3a6139ee71ffa13d0ecc1a65e,3,阶段 9　Adoption、Acceptance 与 Settlement,1524,1527,v1.0-formal-reconstruction,paper-or-monograph
S001681,02_WORKSPACE_SNAPSHOT/Towow_Unified_Paper_v1.0_formal/通爻_主权智能主体共同现实形成_正式论文_v1.0.md,7f92cd950ddb796f193509529268f22b12ab1de3a6139ee71ffa13d0ecc1a65e,3,阶段 10　数据派生、记忆与学习,1528,1531,v1.0-formal-reconstruction,paper-or-monograph
S001682,02_WORKSPACE_SNAPSHOT/Towow_Unified_Paper_v1.0_formal/通爻_主权智能主体共同现实形成_正式论文_v1.0.md,7f92cd950ddb796f193509529268f22b12ab1de3a6139ee71ffa13d0ecc1a65e,3,阶段 11　Defeater、退出、恢复与局部重开,1532,1537,v1.0-formal-reconstruction,paper-or-monograph
S001683,02_WORKSPACE_SNAPSHOT/Towow_Unified_Paper_v1.0_formal/通爻_主权智能主体共同现实形成_正式论文_v1.0.md,7f92cd950ddb796f193509529268f22b12ab1de3a6139ee71ffa13d0ecc1a65e,2,14.4 角色冲突与“内部多主体”,1538,1549,v1.0-formal-reconstruction,paper-or-monograph
S001684,02_WORKSPACE_SNAPSHOT/Towow_Unified_Paper_v1.0_formal/通爻_主权智能主体共同现实形成_正式论文_v1.0.md,7f92cd950ddb796f193509529268f22b12ab1de3a6139ee71ffa13d0ecc1a65e,2,14.5 OPC 的典型关系类型,1550,1575,v1.0-formal-reconstruction,paper-or-monograph
S001685,02_WORKSPACE_SNAPSHOT/Towow_Unified_Paper_v1.0_formal/通爻_主权智能主体共同现实形成_正式论文_v1.0.md,7f92cd950ddb796f193509529268f22b12ab1de3a6139ee71ffa13d0ecc1a65e,3,标准化服务,1552,1555,v1.0-formal-reconstruction,paper-or-monograph
S001686,02_WORKSPACE_SNAPSHOT/Towow_Unified_Paper_v1.0_formal/通爻_主权智能主体共同现实形成_正式论文_v1.0.md,7f92cd950ddb796f193509529268f22b12ab1de3a6139ee71ffa13d0ecc1a65e,3,非标准定制服务,1556,1559,v1.0-formal-reconstruction,paper-or-monograph
S001687,02_WORKSPACE_SNAPSHOT/Towow_Unified_Paper_v1.0_formal/通爻_主权智能主体共同现实形成_正式论文_v1.0.md,7f92cd950ddb796f193509529268f22b12ab1de3a6139ee71ffa13d0ecc1a65e,3,临时能力联盟,1560,1563,v1.0-formal-reconstruction,paper-or-monograph
S001688,02_WORKSPACE_SNAPSHOT/Towow_Unified_Paper_v1.0_formal/通爻_主权智能主体共同现实形成_正式论文_v1.0.md,7f92cd950ddb796f193509529268f22b12ab1de3a6139ee71ffa13d0ecc1a65e,3,个人品牌合作,1564,1567,v1.0-formal-reconstruction,paper-or-monograph
S001689,02_WORKSPACE_SNAPSHOT/Towow_Unified_Paper_v1.0_formal/通爻_主权智能主体共同现实形成_正式论文_v1.0.md,7f92cd950ddb796f193509529268f22b12ab1de3a6139ee71ffa13d0ecc1a65e,3,数据与模型合作,1568,1571,v1.0-formal-reconstruction,paper-or-monograph
S001690,02_WORKSPACE_SNAPSHOT/Towow_Unified_Paper_v1.0_formal/通爻_主权智能主体共同现实形成_正式论文_v1.0.md,7f92cd950ddb796f193509529268f22b12ab1de3a6139ee71ffa13d0ecc1a65e,3,争议与恢复,1572,1575,v1.0-formal-reconstruction,paper-or-monograph
S001691,02_WORKSPACE_SNAPSHOT/Towow_Unified_Paper_v1.0_formal/通爻_主权智能主体共同现实形成_正式论文_v1.0.md,7f92cd950ddb796f193509529268f22b12ab1de3a6139ee71ffa13d0ecc1a65e,2,14.6 真实价值假说,1576,1588,v1.0-formal-reconstruction,paper-or-monograph
S001692,02_WORKSPACE_SNAPSHOT/Towow_Unified_Paper_v1.0_formal/通爻_主权智能主体共同现实形成_正式论文_v1.0.md,7f92cd950ddb796f193509529268f22b12ab1de3a6139ee71ffa13d0ecc1a65e,1,15　系统架构、协议内核与外部连接器,1589,1823,v1.0-formal-reconstruction,paper-or-monograph
S001693,02_WORKSPACE_SNAPSHOT/Towow_Unified_Paper_v1.0_formal/通爻_主权智能主体共同现实形成_正式论文_v1.0.md,7f92cd950ddb796f193509529268f22b12ab1de3a6139ee71ffa13d0ecc1a65e,2,15.1 四个平面与一个联邦事件图,1591,1603,v1.0-formal-reconstruction,paper-or-monograph
S001694,02_WORKSPACE_SNAPSHOT/Towow_Unified_Paper_v1.0_formal/通爻_主权智能主体共同现实形成_正式论文_v1.0.md,7f92cd950ddb796f193509529268f22b12ab1de3a6139ee71ffa13d0ecc1a65e,2,15.2 六个 canonical roots,1604,1633,v1.0-formal-reconstruction,paper-or-monograph
S001695,02_WORKSPACE_SNAPSHOT/Towow_Unified_Paper_v1.0_formal/通爻_主权智能主体共同现实形成_正式论文_v1.0.md,7f92cd950ddb796f193509529268f22b12ab1de3a6139ee71ffa13d0ecc1a65e,3,Entity,1608,1611,v1.0-formal-reconstruction,paper-or-monograph
S001696,02_WORKSPACE_SNAPSHOT/Towow_Unified_Paper_v1.0_formal/通爻_主权智能主体共同现实形成_正式论文_v1.0.md,7f92cd950ddb796f193509529268f22b12ab1de3a6139ee71ffa13d0ecc1a65e,3,Mandate,1612,1615,v1.0-formal-reconstruction,paper-or-monograph
S001697,02_WORKSPACE_SNAPSHOT/Towow_Unified_Paper_v1.0_formal/通爻_主权智能主体共同现实形成_正式论文_v1.0.md,7f92cd950ddb796f193509529268f22b12ab1de3a6139ee71ffa13d0ecc1a65e,3,RelationVersion,1616,1619,v1.0-formal-reconstruction,paper-or-monograph
S001698,02_WORKSPACE_SNAPSHOT/Towow_Unified_Paper_v1.0_formal/通爻_主权智能主体共同现实形成_正式论文_v1.0.md,7f92cd950ddb796f193509529268f22b12ab1de3a6139ee71ffa13d0ecc1a65e,3,Assertion,1620,1623,v1.0-formal-reconstruction,paper-or-monograph
S001699,02_WORKSPACE_SNAPSHOT/Towow_Unified_Paper_v1.0_formal/通爻_主权智能主体共同现实形成_正式论文_v1.0.md,7f92cd950ddb796f193509529268f22b12ab1de3a6139ee71ffa13d0ecc1a65e,3,Commitment,1624,1627,v1.0-formal-reconstruction,paper-or-monograph
S001700,02_WORKSPACE_SNAPSHOT/Towow_Unified_Paper_v1.0_formal/通爻_主权智能主体共同现实形成_正式论文_v1.0.md,7f92cd950ddb796f193509529268f22b12ab1de3a6139ee71ffa13d0ecc1a65e,3,Operation,1628,1633,v1.0-formal-reconstruction,paper-or-monograph
S001701,02_WORKSPACE_SNAPSHOT/Towow_Unified_Paper_v1.0_formal/通爻_主权智能主体共同现实形成_正式论文_v1.0.md,7f92cd950ddb796f193509529268f22b12ab1de3a6139ee71ffa13d0ecc1a65e,2,15.3 统一事件包络,1634,1656,v1.0-formal-reconstruction,paper-or-monograph
S001702,02_WORKSPACE_SNAPSHOT/Towow_Unified_Paper_v1.0_formal/通爻_主权智能主体共同现实形成_正式论文_v1.0.md,7f92cd950ddb796f193509529268f22b12ab1de3a6139ee71ffa13d0ecc1a65e,2,15.4 关键事件类型,1657,1675,v1.0-formal-reconstruction,paper-or-monograph
S001703,02_WORKSPACE_SNAPSHOT/Towow_Unified_Paper_v1.0_formal/通爻_主权智能主体共同现实形成_正式论文_v1.0.md,7f92cd950ddb796f193509529268f22b12ab1de3a6139ee71ffa13d0ecc1a65e,2,15.5 Boundary Oracle 接口,1676,1705,v1.0-formal-reconstruction,paper-or-monograph
S001704,02_WORKSPACE_SNAPSHOT/Towow_Unified_Paper_v1.0_formal/通爻_主权智能主体共同现实形成_正式论文_v1.0.md,7f92cd950ddb796f193509529268f22b12ab1de3a6139ee71ffa13d0ecc1a65e,2,15.6 Context Compiler,1706,1718,v1.0-formal-reconstruction,paper-or-monograph
S001705,02_WORKSPACE_SNAPSHOT/Towow_Unified_Paper_v1.0_formal/通爻_主权智能主体共同现实形成_正式论文_v1.0.md,7f92cd950ddb796f193509529268f22b12ab1de3a6139ee71ffa13d0ecc1a65e,2,15.7 Coordination Runtime,1719,1730,v1.0-formal-reconstruction,paper-or-monograph
S001706,02_WORKSPACE_SNAPSHOT/Towow_Unified_Paper_v1.0_formal/通爻_主权智能主体共同现实形成_正式论文_v1.0.md,7f92cd950ddb796f193509529268f22b12ab1de3a6139ee71ffa13d0ecc1a65e,2,15.8 Effect Gateway,1731,1744,v1.0-formal-reconstruction,paper-or-monograph
S001707,02_WORKSPACE_SNAPSHOT/Towow_Unified_Paper_v1.0_formal/通爻_主权智能主体共同现实形成_正式论文_v1.0.md,7f92cd950ddb796f193509529268f22b12ab1de3a6139ee71ffa13d0ecc1a65e,2,15.9 Event Ledger 与 Compiled World,1745,1754,v1.0-formal-reconstruction,paper-or-monograph
S001708,02_WORKSPACE_SNAPSHOT/Towow_Unified_Paper_v1.0_formal/通爻_主权智能主体共同现实形成_正式论文_v1.0.md,7f92cd950ddb796f193509529268f22b12ab1de3a6139ee71ffa13d0ecc1a65e,2,15.10 外部协议适配,1755,1772,v1.0-formal-reconstruction,paper-or-monograph
S001709,02_WORKSPACE_SNAPSHOT/Towow_Unified_Paper_v1.0_formal/通爻_主权智能主体共同现实形成_正式论文_v1.0.md,7f92cd950ddb796f193509529268f22b12ab1de3a6139ee71ffa13d0ecc1a65e,3,A2A Adapter,1757,1760,v1.0-formal-reconstruction,paper-or-monograph
S001710,02_WORKSPACE_SNAPSHOT/Towow_Unified_Paper_v1.0_formal/通爻_主权智能主体共同现实形成_正式论文_v1.0.md,7f92cd950ddb796f193509529268f22b12ab1de3a6139ee71ffa13d0ecc1a65e,3,MCP Adapter,1761,1764,v1.0-formal-reconstruction,paper-or-monograph
S001711,02_WORKSPACE_SNAPSHOT/Towow_Unified_Paper_v1.0_formal/通爻_主权智能主体共同现实形成_正式论文_v1.0.md,7f92cd950ddb796f193509529268f22b12ab1de3a6139ee71ffa13d0ecc1a65e,3,OAuth / Mandate / VC Adapter,1765,1768,v1.0-formal-reconstruction,paper-or-monograph
S001712,02_WORKSPACE_SNAPSHOT/Towow_Unified_Paper_v1.0_formal/通爻_主权智能主体共同现实形成_正式论文_v1.0.md,7f92cd950ddb796f193509529268f22b12ab1de3a6139ee71ffa13d0ecc1a65e,3,WoWok / TrustAdapter,1769,1772,v1.0-formal-reconstruction,paper-or-monograph
S001713,02_WORKSPACE_SNAPSHOT/Towow_Unified_Paper_v1.0_formal/通爻_主权智能主体共同现实形成_正式论文_v1.0.md,7f92cd950ddb796f193509529268f22b12ab1de3a6139ee71ffa13d0ecc1a65e,2,15.11 生产栈,1773,1789,v1.0-formal-reconstruction,paper-or-monograph
S001714,02_WORKSPACE_SNAPSHOT/Towow_Unified_Paper_v1.0_formal/通爻_主权智能主体共同现实形成_正式论文_v1.0.md,7f92cd950ddb796f193509529268f22b12ab1de3a6139ee71ffa13d0ecc1a65e,2,15.12 最小实现顺序,1790,1806,v1.0-formal-reconstruction,paper-or-monograph
S001715,02_WORKSPACE_SNAPSHOT/Towow_Unified_Paper_v1.0_formal/通爻_主权智能主体共同现实形成_正式论文_v1.0.md,7f92cd950ddb796f193509529268f22b12ab1de3a6139ee71ffa13d0ecc1a65e,2,15.13 安全边界,1807,1823,v1.0-formal-reconstruction,paper-or-monograph
S001716,02_WORKSPACE_SNAPSHOT/Towow_Unified_Paper_v1.0_formal/通爻_主权智能主体共同现实形成_正式论文_v1.0.md,7f92cd950ddb796f193509529268f22b12ab1de3a6139ee71ffa13d0ecc1a65e,1,16　形式模型、命题与反例,1824,2016,v1.0-formal-reconstruction,paper-or-monograph
S001717,02_WORKSPACE_SNAPSHOT/Towow_Unified_Paper_v1.0_formal/通爻_主权智能主体共同现实形成_正式论文_v1.0.md,7f92cd950ddb796f193509529268f22b12ab1de3a6139ee71ffa13d0ecc1a65e,2,16.1 基本模型,1828,1855,v1.0-formal-reconstruction,paper-or-monograph
S001718,02_WORKSPACE_SNAPSHOT/Towow_Unified_Paper_v1.0_formal/通爻_主权智能主体共同现实形成_正式论文_v1.0.md,7f92cd950ddb796f193509529268f22b12ab1de3a6139ee71ffa13d0ecc1a65e,2,16.2 命题 1：静态有限投影不存在开放任务族上的普遍充分性,1856,1872,v1.0-formal-reconstruction,paper-or-monograph
S001719,02_WORKSPACE_SNAPSHOT/Towow_Unified_Paper_v1.0_formal/通爻_主权智能主体共同现实形成_正式论文_v1.0.md,7f92cd950ddb796f193509529268f22b12ab1de3a6139ee71ffa13d0ecc1a65e,2,16.3 命题 2：凸受限世界中的交互式边界充分性,1873,1884,v1.0-formal-reconstruction,paper-or-monograph
S001720,02_WORKSPACE_SNAPSHOT/Towow_Unified_Paper_v1.0_formal/通爻_主权智能主体共同现实形成_正式论文_v1.0.md,7f92cd950ddb796f193509529268f22b12ab1de3a6139ee71ffa13d0ecc1a65e,2,16.4 命题 3：高阶互补下成对匹配不完备,1885,1892,v1.0-formal-reconstruction,paper-or-monograph
S001721,02_WORKSPACE_SNAPSHOT/Towow_Unified_Paper_v1.0_formal/通爻_主权智能主体共同现实形成_正式论文_v1.0.md,7f92cd950ddb796f193509529268f22b12ab1de3a6139ee71ffa13d0ecc1a65e,2,16.5 命题 4：能力增长不推出权威安全,1893,1907,v1.0-formal-reconstruction,paper-or-monograph
S001722,02_WORKSPACE_SNAPSHOT/Towow_Unified_Paper_v1.0_formal/通爻_主权智能主体共同现实形成_正式论文_v1.0.md,7f92cd950ddb796f193509529268f22b12ab1de3a6139ee71ffa13d0ecc1a65e,2,16.6 命题 5：可达性不推出现实可靠性或接受,1908,1917,v1.0-formal-reconstruction,paper-or-monograph
S001723,02_WORKSPACE_SNAPSHOT/Towow_Unified_Paper_v1.0_formal/通爻_主权智能主体共同现实形成_正式论文_v1.0.md,7f92cd950ddb796f193509529268f22b12ab1de3a6139ee71ffa13d0ecc1a65e,2,16.7 命题 6：版本化权威图对审计查询的表示优势,1918,1938,v1.0-formal-reconstruction,paper-or-monograph
S001724,02_WORKSPACE_SNAPSHOT/Towow_Unified_Paper_v1.0_formal/通爻_主权智能主体共同现实形成_正式论文_v1.0.md,7f92cd950ddb796f193509529268f22b12ab1de3a6139ee71ffa13d0ecc1a65e,2,16.8 命题 7：原子资源预留防止被建模的超卖,1939,1954,v1.0-formal-reconstruction,paper-or-monograph
S001725,02_WORKSPACE_SNAPSHOT/Towow_Unified_Paper_v1.0_formal/通爻_主权智能主体共同现实形成_正式论文_v1.0.md,7f92cd950ddb796f193509529268f22b12ab1de3a6139ee71ffa13d0ecc1a65e,2,16.9 命题 8：物质性判定是局部重开的充分条件之一,1955,1964,v1.0-formal-reconstruction,paper-or-monograph
S001726,02_WORKSPACE_SNAPSHOT/Towow_Unified_Paper_v1.0_formal/通爻_主权智能主体共同现实形成_正式论文_v1.0.md,7f92cd950ddb796f193509529268f22b12ab1de3a6139ee71ffa13d0ecc1a65e,2,16.10 命题 9：OPC 中的笼统委托不能同时保持多角色边界,1965,1974,v1.0-formal-reconstruction,paper-or-monograph
S001727,02_WORKSPACE_SNAPSHOT/Towow_Unified_Paper_v1.0_formal/通爻_主权智能主体共同现实形成_正式论文_v1.0.md,7f92cd950ddb796f193509529268f22b12ab1de3a6139ee71ffa13d0ecc1a65e,2,16.11 命题 10：CollapseSafe 的结构必要条件,1975,1984,v1.0-formal-reconstruction,paper-or-monograph
S001728,02_WORKSPACE_SNAPSHOT/Towow_Unified_Paper_v1.0_formal/通爻_主权智能主体共同现实形成_正式论文_v1.0.md,7f92cd950ddb796f193509529268f22b12ab1de3a6139ee71ffa13d0ecc1a65e,2,16.12 命题 11：形成与编译的成本交叉,1985,2002,v1.0-formal-reconstruction,paper-or-monograph
S001729,02_WORKSPACE_SNAPSHOT/Towow_Unified_Paper_v1.0_formal/通爻_主权智能主体共同现实形成_正式论文_v1.0.md,7f92cd950ddb796f193509529268f22b12ab1de3a6139ee71ffa13d0ecc1a65e,2,16.13 竞争解释与不可推出项,2003,2016,v1.0-formal-reconstruction,paper-or-monograph
S001730,02_WORKSPACE_SNAPSHOT/Towow_Unified_Paper_v1.0_formal/通爻_主权智能主体共同现实形成_正式论文_v1.0.md,7f92cd950ddb796f193509529268f22b12ab1de3a6139ee71ffa13d0ecc1a65e,1,17　证据体系与实验方法,2017,2192,v1.0-formal-reconstruction,paper-or-monograph
S001731,02_WORKSPACE_SNAPSHOT/Towow_Unified_Paper_v1.0_formal/通爻_主权智能主体共同现实形成_正式论文_v1.0.md,7f92cd950ddb796f193509529268f22b12ab1de3a6139ee71ffa13d0ecc1a65e,2,17.1 研究问题,2019,2031,v1.0-formal-reconstruction,paper-or-monograph
S001732,02_WORKSPACE_SNAPSHOT/Towow_Unified_Paper_v1.0_formal/通爻_主权智能主体共同现实形成_正式论文_v1.0.md,7f92cd950ddb796f193509529268f22b12ab1de3a6139ee71ffa13d0ecc1a65e,2,17.2 实验族,2032,2049,v1.0-formal-reconstruction,paper-or-monograph
S001733,02_WORKSPACE_SNAPSHOT/Towow_Unified_Paper_v1.0_formal/通爻_主权智能主体共同现实形成_正式论文_v1.0.md,7f92cd950ddb796f193509529268f22b12ab1de3a6139ee71ffa13d0ecc1a65e,2,17.3 R2 合成生成器,2050,2060,v1.0-formal-reconstruction,paper-or-monograph
S001734,02_WORKSPACE_SNAPSHOT/Towow_Unified_Paper_v1.0_formal/通爻_主权智能主体共同现实形成_正式论文_v1.0.md,7f92cd950ddb796f193509529268f22b12ab1de3a6139ee71ffa13d0ecc1a65e,2,17.4 R5/R5.2 真实工程方法,2061,2073,v1.0-formal-reconstruction,paper-or-monograph
S001735,02_WORKSPACE_SNAPSHOT/Towow_Unified_Paper_v1.0_formal/通爻_主权智能主体共同现实形成_正式论文_v1.0.md,7f92cd950ddb796f193509529268f22b12ab1de3a6139ee71ffa13d0ecc1a65e,2,17.5 R5.4 真实模型负对照,2074,2083,v1.0-formal-reconstruction,paper-or-monograph
S001736,02_WORKSPACE_SNAPSHOT/Towow_Unified_Paper_v1.0_formal/通爻_主权智能主体共同现实形成_正式论文_v1.0.md,7f92cd950ddb796f193509529268f22b12ab1de3a6139ee71ffa13d0ecc1a65e,2,17.6 R5C 跨技术权威域方法,2084,2095,v1.0-formal-reconstruction,paper-or-monograph
S001737,02_WORKSPACE_SNAPSHOT/Towow_Unified_Paper_v1.0_formal/通爻_主权智能主体共同现实形成_正式论文_v1.0.md,7f92cd950ddb796f193509529268f22b12ab1de3a6139ee71ffa13d0ecc1a65e,2,17.7 v0.4 构造实验,2096,2111,v1.0-formal-reconstruction,paper-or-monograph
S001738,02_WORKSPACE_SNAPSHOT/Towow_Unified_Paper_v1.0_formal/通爻_主权智能主体共同现实形成_正式论文_v1.0.md,7f92cd950ddb796f193509529268f22b12ab1de3a6139ee71ffa13d0ecc1a65e,3,本体收敛,2098,2107,v1.0-formal-reconstruction,paper-or-monograph
S001739,02_WORKSPACE_SNAPSHOT/Towow_Unified_Paper_v1.0_formal/通爻_主权智能主体共同现实形成_正式论文_v1.0.md,7f92cd950ddb796f193509529268f22b12ab1de3a6139ee71ffa13d0ecc1a65e,3,Schema materiality,2108,2111,v1.0-formal-reconstruction,paper-or-monograph
S001740,02_WORKSPACE_SNAPSHOT/Towow_Unified_Paper_v1.0_formal/通爻_主权智能主体共同现实形成_正式论文_v1.0.md,7f92cd950ddb796f193509529268f22b12ab1de3a6139ee71ffa13d0ecc1a65e,2,17.8 公开制度过程,2112,2129,v1.0-formal-reconstruction,paper-or-monograph
S001741,02_WORKSPACE_SNAPSHOT/Towow_Unified_Paper_v1.0_formal/通爻_主权智能主体共同现实形成_正式论文_v1.0.md,7f92cd950ddb796f193509529268f22b12ab1de3a6139ee71ffa13d0ecc1a65e,2,17.9 QDR 访谈重分析,2130,2144,v1.0-formal-reconstruction,paper-or-monograph
S001742,02_WORKSPACE_SNAPSHOT/Towow_Unified_Paper_v1.0_formal/通爻_主权智能主体共同现实形成_正式论文_v1.0.md,7f92cd950ddb796f193509529268f22b12ab1de3a6139ee71ffa13d0ecc1a65e,2,17.10 盲化历史 checkpoint,2145,2155,v1.0-formal-reconstruction,paper-or-monograph
S001743,02_WORKSPACE_SNAPSHOT/Towow_Unified_Paper_v1.0_formal/通爻_主权智能主体共同现实形成_正式论文_v1.0.md,7f92cd950ddb796f193509529268f22b12ab1de3a6139ee71ffa13d0ecc1a65e,2,17.11 三机制 Replay,2156,2165,v1.0-formal-reconstruction,paper-or-monograph
S001744,02_WORKSPACE_SNAPSHOT/Towow_Unified_Paper_v1.0_formal/通爻_主权智能主体共同现实形成_正式论文_v1.0.md,7f92cd950ddb796f193509529268f22b12ab1de3a6139ee71ffa13d0ecc1a65e,2,17.12 OPC 构造场景,2166,2176,v1.0-formal-reconstruction,paper-or-monograph
S001745,02_WORKSPACE_SNAPSHOT/Towow_Unified_Paper_v1.0_formal/通爻_主权智能主体共同现实形成_正式论文_v1.0.md,7f92cd950ddb796f193509529268f22b12ab1de3a6139ee71ffa13d0ecc1a65e,2,17.13 共同威胁,2177,2192,v1.0-formal-reconstruction,paper-or-monograph
S001746,02_WORKSPACE_SNAPSHOT/Towow_Unified_Paper_v1.0_formal/通爻_主权智能主体共同现实形成_正式论文_v1.0.md,7f92cd950ddb796f193509529268f22b12ab1de3a6139ee71ffa13d0ecc1a65e,1,18　结果 I：边界、概率、并发与现实效力,2193,2367,v1.0-formal-reconstruction,paper-or-monograph
S001747,02_WORKSPACE_SNAPSHOT/Towow_Unified_Paper_v1.0_formal/通爻_主权智能主体共同现实形成_正式论文_v1.0.md,7f92cd950ddb796f193509529268f22b12ab1de3a6139ee71ffa13d0ecc1a65e,2,18.1 Boundary Oracle：任务自适应边界优于静态投影,2195,2209,v1.0-formal-reconstruction,paper-or-monograph
S001748,02_WORKSPACE_SNAPSHOT/Towow_Unified_Paper_v1.0_formal/通爻_主权智能主体共同现实形成_正式论文_v1.0.md,7f92cd950ddb796f193509529268f22b12ab1de3a6139ee71ffa13d0ecc1a65e,2,18.2 Team Constitution：公开能力画像无法表达隐藏贡献模式,2210,2229,v1.0-formal-reconstruction,paper-or-monograph
S001749,02_WORKSPACE_SNAPSHOT/Towow_Unified_Paper_v1.0_formal/通爻_主权智能主体共同现实形成_正式论文_v1.0.md,7f92cd950ddb796f193509529268f22b12ab1de3a6139ee71ffa13d0ecc1a65e,2,18.3 Probabilistic Oracle：低熵和高置信可以稳定地错,2230,2243,v1.0-formal-reconstruction,paper-or-monograph
S001750,02_WORKSPACE_SNAPSHOT/Towow_Unified_Paper_v1.0_formal/通爻_主权智能主体共同现实形成_正式论文_v1.0.md,7f92cd950ddb796f193509529268f22b12ab1de3a6139ee71ffa13d0ecc1a65e,2,18.4 Trust Concurrency：最终一致的检查后写入会超卖,2244,2254,v1.0-formal-reconstruction,paper-or-monograph
S001751,02_WORKSPACE_SNAPSHOT/Towow_Unified_Paper_v1.0_formal/通爻_主权智能主体共同现实形成_正式论文_v1.0.md,7f92cd950ddb796f193509529268f22b12ab1de3a6139ee71ffa13d0ecc1a65e,2,18.5 R5 本地现实：日志、路径和工具存在性不足以证明 Effect 或能力,2255,2274,v1.0-formal-reconstruction,paper-or-monograph
S001752,02_WORKSPACE_SNAPSHOT/Towow_Unified_Paper_v1.0_formal/通爻_主权智能主体共同现实形成_正式论文_v1.0.md,7f92cd950ddb796f193509529268f22b12ab1de3a6139ee71ffa13d0ecc1a65e,2,18.6 R5.2 Effect Reality Reconstruction：终态标签在 17 场景中错 10 次,2275,2287,v1.0-formal-reconstruction,paper-or-monograph
S001753,02_WORKSPACE_SNAPSHOT/Towow_Unified_Paper_v1.0_formal/通爻_主权智能主体共同现实形成_正式论文_v1.0.md,7f92cd950ddb796f193509529268f22b12ab1de3a6139ee71ffa13d0ecc1a65e,2,18.7 R5.2 Capability Holdout：资格化门槛真实失败,2288,2303,v1.0-formal-reconstruction,paper-or-monograph
S001754,02_WORKSPACE_SNAPSHOT/Towow_Unified_Paper_v1.0_formal/通爻_主权智能主体共同现实形成_正式论文_v1.0.md,7f92cd950ddb796f193509529268f22b12ab1de3a6139ee71ffa13d0ecc1a65e,2,18.8 R5.4：多轮真实模型协商增加规范表达，但没有形成能力,2304,2325,v1.0-formal-reconstruction,paper-or-monograph
S001755,02_WORKSPACE_SNAPSHOT/Towow_Unified_Paper_v1.0_formal/通爻_主权智能主体共同现实形成_正式论文_v1.0.md,7f92cd950ddb796f193509529268f22b12ab1de3a6139ee71ffa13d0ecc1a65e,2,18.9 R5C：跨技术权威域形成了一条此前不可运行的路径,2326,2350,v1.0-formal-reconstruction,paper-or-monograph
S001756,02_WORKSPACE_SNAPSHOT/Towow_Unified_Paper_v1.0_formal/通爻_主权智能主体共同现实形成_正式论文_v1.0.md,7f92cd950ddb796f193509529268f22b12ab1de3a6139ee71ffa13d0ecc1a65e,2,18.10 跨实验结果：什么真正改变了问题性质,2351,2367,v1.0-formal-reconstruction,paper-or-monograph
S001757,02_WORKSPACE_SNAPSHOT/Towow_Unified_Paper_v1.0_formal/通爻_主权智能主体共同现实形成_正式论文_v1.0.md,7f92cd950ddb796f193509529268f22b12ab1de3a6139ee71ffa13d0ecc1a65e,1,19　结果 II：本体收敛、公开制度过程、QDR 与 OPC 机制,2368,2603,v1.0-formal-reconstruction,paper-or-monograph
S001758,02_WORKSPACE_SNAPSHOT/Towow_Unified_Paper_v1.0_formal/通爻_主权智能主体共同现实形成_正式论文_v1.0.md,7f92cd950ddb796f193509529268f22b12ab1de3a6139ee71ffa13d0ecc1a65e,2,19.1 v0.4 本体收敛：重要差异不等于都需要顶层对象,2370,2391,v1.0-formal-reconstruction,paper-or-monograph
S001759,02_WORKSPACE_SNAPSHOT/Towow_Unified_Paper_v1.0_formal/通爻_主权智能主体共同现实形成_正式论文_v1.0.md,7f92cd950ddb796f193509529268f22b12ab1de3a6139ee71ffa13d0ecc1a65e,2,19.2 Relation Schema materiality：任何变化都重开和永不重开都失败,2392,2410,v1.0-formal-reconstruction,paper-or-monograph
S001760,02_WORKSPACE_SNAPSHOT/Towow_Unified_Paper_v1.0_formal/通爻_主权智能主体共同现实形成_正式论文_v1.0.md,7f92cd950ddb796f193509529268f22b12ab1de3a6139ee71ffa13d0ecc1a65e,2,19.3 Fieldkit：从聊天纪要到可重算研究对象,2411,2424,v1.0-formal-reconstruction,paper-or-monograph
S001761,02_WORKSPACE_SNAPSHOT/Towow_Unified_Paper_v1.0_formal/通爻_主权智能主体共同现实形成_正式论文_v1.0.md,7f92cd950ddb796f193509529268f22b12ab1de3a6139ee71ffa13d0ecc1a65e,2,19.4 公开制度档案：真实关系变化多为转化和保护性收缩,2425,2432,v1.0-formal-reconstruction,paper-or-monograph
S001762,02_WORKSPACE_SNAPSHOT/Towow_Unified_Paper_v1.0_formal/通爻_主权智能主体共同现实形成_正式论文_v1.0.md,7f92cd950ddb796f193509529268f22b12ab1de3a6139ee71ffa13d0ecc1a65e,2,19.5 三案过程编码与公告消融,2433,2450,v1.0-formal-reconstruction,paper-or-monograph
S001763,02_WORKSPACE_SNAPSHOT/Towow_Unified_Paper_v1.0_formal/通爻_主权智能主体共同现实形成_正式论文_v1.0.md,7f92cd950ddb796f193509529268f22b12ab1de3a6139ee71ffa13d0ecc1a65e,2,19.6 七案扩展：Standing、Declared/Enacted 与多维稳定,2451,2496,v1.0-formal-reconstruction,paper-or-monograph
S001764,02_WORKSPACE_SNAPSHOT/Towow_Unified_Paper_v1.0_formal/通爻_主权智能主体共同现实形成_正式论文_v1.0.md,7f92cd950ddb796f193509529268f22b12ab1de3a6139ee71ffa13d0ecc1a65e,3,Sidewalk Toronto：Standing 不等于签署权,2466,2469,v1.0-formal-reconstruction,paper-or-monograph
S001765,02_WORKSPACE_SNAPSHOT/Towow_Unified_Paper_v1.0_formal/通爻_主权智能主体共同现实形成_正式论文_v1.0.md,7f92cd950ddb796f193509529268f22b12ab1de3a6139ee71ffa13d0ecc1a65e,3,UK Open Banking：技术采用成功不等于治理稳定,2470,2479,v1.0-formal-reconstruction,paper-or-monograph
S001766,02_WORKSPACE_SNAPSHOT/Towow_Unified_Paper_v1.0_formal/通爻_主权智能主体共同现实形成_正式论文_v1.0.md,7f92cd950ddb796f193509529268f22b12ab1de3a6139ee71ffa13d0ecc1a65e,3,Crossrail：局部包件完成不等于端到端 Effect,2480,2483,v1.0-formal-reconstruction,paper-or-monograph
S001767,02_WORKSPACE_SNAPSHOT/Towow_Unified_Paper_v1.0_formal/通爻_主权智能主体共同现实形成_正式论文_v1.0.md,7f92cd950ddb796f193509529268f22b12ab1de3a6139ee71ffa13d0ecc1a65e,3,SGMA：同一公共目标不产生唯一协调机制,2484,2496,v1.0-formal-reconstruction,paper-or-monograph
S001768,02_WORKSPACE_SNAPSHOT/Towow_Unified_Paper_v1.0_formal/通爻_主权智能主体共同现实形成_正式论文_v1.0.md,7f92cd950ddb796f193509529268f22b12ab1de3a6139ee71ffa13d0ecc1a65e,2,19.7 QDR：类似顾虑并不唯一决定协调配置,2497,2521,v1.0-formal-reconstruction,paper-or-monograph
S001769,02_WORKSPACE_SNAPSHOT/Towow_Unified_Paper_v1.0_formal/通爻_主权智能主体共同现实形成_正式论文_v1.0.md,7f92cd950ddb796f193509529268f22b12ab1de3a6139ee71ffa13d0ecc1a65e,2,19.8 盲化历史诊断：高召回，不是预言器,2522,2550,v1.0-formal-reconstruction,paper-or-monograph
S001770,02_WORKSPACE_SNAPSHOT/Towow_Unified_Paper_v1.0_formal/通爻_主权智能主体共同现实形成_正式论文_v1.0.md,7f92cd950ddb796f193509529268f22b12ab1de3a6139ee71ffa13d0ecc1a65e,2,19.9 三机制 Replay：100% 是编码保真，不是系统效果,2551,2562,v1.0-formal-reconstruction,paper-or-monograph
S001771,02_WORKSPACE_SNAPSHOT/Towow_Unified_Paper_v1.0_formal/通爻_主权智能主体共同现实形成_正式论文_v1.0.md,7f92cd950ddb796f193509529268f22b12ab1de3a6139ee71ffa13d0ecc1a65e,2,19.10 OPC 24 场景：最终满分不如初始失败重要,2563,2592,v1.0-formal-reconstruction,paper-or-monograph
S001772,02_WORKSPACE_SNAPSHOT/Towow_Unified_Paper_v1.0_formal/通爻_主权智能主体共同现实形成_正式论文_v1.0.md,7f92cd950ddb796f193509529268f22b12ab1de3a6139ee71ffa13d0ecc1a65e,2,19.11 结果的总体限制,2593,2603,v1.0-formal-reconstruction,paper-or-monograph
S001773,02_WORKSPACE_SNAPSHOT/Towow_Unified_Paper_v1.0_formal/通爻_主权智能主体共同现实形成_正式论文_v1.0.md,7f92cd950ddb796f193509529268f22b12ab1de3a6139ee71ffa13d0ecc1a65e,1,20　跨实验综合：稳定结论、被限定主张与系统 Design Delta,2604,2731,v1.0-formal-reconstruction,paper-or-monograph
S001774,02_WORKSPACE_SNAPSHOT/Towow_Unified_Paper_v1.0_formal/通爻_主权智能主体共同现实形成_正式论文_v1.0.md,7f92cd950ddb796f193509529268f22b12ab1de3a6139ee71ffa13d0ecc1a65e,2,20.1 当前最稳定的形式与设计结论,2606,2633,v1.0-formal-reconstruction,paper-or-monograph
S001775,02_WORKSPACE_SNAPSHOT/Towow_Unified_Paper_v1.0_formal/通爻_主权智能主体共同现实形成_正式论文_v1.0.md,7f92cd950ddb796f193509529268f22b12ab1de3a6139ee71ffa13d0ecc1a65e,3,静态表示不普遍完备,2610,2613,v1.0-formal-reconstruction,paper-or-monograph
S001776,02_WORKSPACE_SNAPSHOT/Towow_Unified_Paper_v1.0_formal/通爻_主权智能主体共同现实形成_正式论文_v1.0.md,7f92cd950ddb796f193509529268f22b12ab1de3a6139ee71ffa13d0ecc1a65e,3,当前不可行不等于全局不可行,2614,2617,v1.0-formal-reconstruction,paper-or-monograph
S001777,02_WORKSPACE_SNAPSHOT/Towow_Unified_Paper_v1.0_formal/通爻_主权智能主体共同现实形成_正式论文_v1.0.md,7f92cd950ddb796f193509529268f22b12ab1de3a6139ee71ffa13d0ecc1a65e,3,可达性不推出能力、可靠性或接受,2618,2621,v1.0-formal-reconstruction,paper-or-monograph
S001778,02_WORKSPACE_SNAPSHOT/Towow_Unified_Paper_v1.0_formal/通爻_主权智能主体共同现实形成_正式论文_v1.0.md,7f92cd950ddb796f193509529268f22b12ab1de3a6139ee71ffa13d0ecc1a65e,3,概率与权威正交,2622,2625,v1.0-formal-reconstruction,paper-or-monograph
S001779,02_WORKSPACE_SNAPSHOT/Towow_Unified_Paper_v1.0_formal/通爻_主权智能主体共同现实形成_正式论文_v1.0.md,7f92cd950ddb796f193509529268f22b12ab1de3a6139ee71ffa13d0ecc1a65e,3,单体能力不推出联合能力，联合能力也不等于各方责任闭合,2626,2629,v1.0-formal-reconstruction,paper-or-monograph
S001780,02_WORKSPACE_SNAPSHOT/Towow_Unified_Paper_v1.0_formal/通爻_主权智能主体共同现实形成_正式论文_v1.0.md,7f92cd950ddb796f193509529268f22b12ab1de3a6139ee71ffa13d0ecc1a65e,3,稳定部分应编译，异常部分应重开,2630,2633,v1.0-formal-reconstruction,paper-or-monograph
S001781,02_WORKSPACE_SNAPSHOT/Towow_Unified_Paper_v1.0_formal/通爻_主权智能主体共同现实形成_正式论文_v1.0.md,7f92cd950ddb796f193509529268f22b12ab1de3a6139ee71ffa13d0ecc1a65e,2,20.2 获得限域机制支持的主张,2634,2649,v1.0-formal-reconstruction,paper-or-monograph
S001782,02_WORKSPACE_SNAPSHOT/Towow_Unified_Paper_v1.0_formal/通爻_主权智能主体共同现实形成_正式论文_v1.0.md,7f92cd950ddb796f193509529268f22b12ab1de3a6139ee71ffa13d0ecc1a65e,2,20.3 被后续证据限定或推翻的主张,2650,2675,v1.0-formal-reconstruction,paper-or-monograph
S001783,02_WORKSPACE_SNAPSHOT/Towow_Unified_Paper_v1.0_formal/通爻_主权智能主体共同现实形成_正式论文_v1.0.md,7f92cd950ddb796f193509529268f22b12ab1de3a6139ee71ffa13d0ecc1a65e,3,“多轮 A2A 自然创造新能力”,2652,2655,v1.0-formal-reconstruction,paper-or-monograph
S001784,02_WORKSPACE_SNAPSHOT/Towow_Unified_Paper_v1.0_formal/通爻_主权智能主体共同现实形成_正式论文_v1.0.md,7f92cd950ddb796f193509529268f22b12ab1de3a6139ee71ffa13d0ecc1a65e,3,“主权 A2A 优于中心化”,2656,2659,v1.0-formal-reconstruction,paper-or-monograph
S001785,02_WORKSPACE_SNAPSHOT/Towow_Unified_Paper_v1.0_formal/通爻_主权智能主体共同现实形成_正式论文_v1.0.md,7f92cd950ddb796f193509529268f22b12ab1de3a6139ee71ffa13d0ecc1a65e,3,“一次形成成功证明能力”,2660,2663,v1.0-formal-reconstruction,paper-or-monograph
S001786,02_WORKSPACE_SNAPSHOT/Towow_Unified_Paper_v1.0_formal/通爻_主权智能主体共同现实形成_正式论文_v1.0.md,7f92cd950ddb796f193509529268f22b12ab1de3a6139ee71ffa13d0ecc1a65e,3,“NAC 是通用语义基础”,2664,2667,v1.0-formal-reconstruction,paper-or-monograph
S001787,02_WORKSPACE_SNAPSHOT/Towow_Unified_Paper_v1.0_formal/通爻_主权智能主体共同现实形成_正式论文_v1.0.md,7f92cd950ddb796f193509529268f22b12ab1de3a6139ee71ffa13d0ecc1a65e,3,“软件仓库或进程可作为完整 Principal”,2668,2671,v1.0-formal-reconstruction,paper-or-monograph
S001788,02_WORKSPACE_SNAPSHOT/Towow_Unified_Paper_v1.0_formal/通爻_主权智能主体共同现实形成_正式论文_v1.0.md,7f92cd950ddb796f193509529268f22b12ab1de3a6139ee71ffa13d0ecc1a65e,3,“Relation Schema 七维已经完备”,2672,2675,v1.0-formal-reconstruction,paper-or-monograph
S001789,02_WORKSPACE_SNAPSHOT/Towow_Unified_Paper_v1.0_formal/通爻_主权智能主体共同现实形成_正式论文_v1.0.md,7f92cd950ddb796f193509529268f22b12ab1de3a6139ee71ffa13d0ecc1a65e,2,20.4 统一 Design Delta 矩阵,2676,2699,v1.0-formal-reconstruction,paper-or-monograph
S001790,02_WORKSPACE_SNAPSHOT/Towow_Unified_Paper_v1.0_formal/通爻_主权智能主体共同现实形成_正式论文_v1.0.md,7f92cd950ddb796f193509529268f22b12ab1de3a6139ee71ffa13d0ecc1a65e,2,20.5 当前统一理论的最简表达,2700,2723,v1.0-formal-reconstruction,paper-or-monograph
S001791,02_WORKSPACE_SNAPSHOT/Towow_Unified_Paper_v1.0_formal/通爻_主权智能主体共同现实形成_正式论文_v1.0.md,7f92cd950ddb796f193509529268f22b12ab1de3a6139ee71ffa13d0ecc1a65e,2,20.6 原创性应如何表述,2724,2731,v1.0-formal-reconstruction,paper-or-monograph
S001792,02_WORKSPACE_SNAPSHOT/Towow_Unified_Paper_v1.0_formal/通爻_主权智能主体共同现实形成_正式论文_v1.0.md,7f92cd950ddb796f193509529268f22b12ab1de3a6139ee71ffa13d0ecc1a65e,1,21　经济模型：系统创造的不是“更多成交”，而是更真实的行动效率,2732,2838,v1.0-formal-reconstruction,paper-or-monograph
S001793,02_WORKSPACE_SNAPSHOT/Towow_Unified_Paper_v1.0_formal/通爻_主权智能主体共同现实形成_正式论文_v1.0.md,7f92cd950ddb796f193509529268f22b12ab1de3a6139ee71ffa13d0ecc1a65e,2,21.1 协调成本结构,2734,2744,v1.0-formal-reconstruction,paper-or-monograph
S001794,02_WORKSPACE_SNAPSHOT/Towow_Unified_Paper_v1.0_formal/通爻_主权智能主体共同现实形成_正式论文_v1.0.md,7f92cd950ddb796f193509529268f22b12ab1de3a6139ee71ffa13d0ecc1a65e,2,21.2 错误成本,2745,2758,v1.0-formal-reconstruction,paper-or-monograph
S001795,02_WORKSPACE_SNAPSHOT/Towow_Unified_Paper_v1.0_formal/通爻_主权智能主体共同现实形成_正式论文_v1.0.md,7f92cd950ddb796f193509529268f22b12ab1de3a6139ee71ffa13d0ecc1a65e,2,21.3 价值函数,2759,2778,v1.0-formal-reconstruction,paper-or-monograph
S001796,02_WORKSPACE_SNAPSHOT/Towow_Unified_Paper_v1.0_formal/通爻_主权智能主体共同现实形成_正式论文_v1.0.md,7f92cd950ddb796f193509529268f22b12ab1de3a6139ee71ffa13d0ecc1a65e,2,21.4 形成价值,2779,2789,v1.0-formal-reconstruction,paper-or-monograph
S001797,02_WORKSPACE_SNAPSHOT/Towow_Unified_Paper_v1.0_formal/通爻_主权智能主体共同现实形成_正式论文_v1.0.md,7f92cd950ddb796f193509529268f22b12ab1de3a6139ee71ffa13d0ecc1a65e,2,21.5 长期复用与 Compiled World,2790,2799,v1.0-formal-reconstruction,paper-or-monograph
S001798,02_WORKSPACE_SNAPSHOT/Towow_Unified_Paper_v1.0_formal/通爻_主权智能主体共同现实形成_正式论文_v1.0.md,7f92cd950ddb796f193509529268f22b12ab1de3a6139ee71ffa13d0ecc1a65e,2,21.6 与平台和人类经纪的真实比较,2800,2825,v1.0-formal-reconstruction,paper-or-monograph
S001799,02_WORKSPACE_SNAPSHOT/Towow_Unified_Paper_v1.0_formal/通爻_主权智能主体共同现实形成_正式论文_v1.0.md,7f92cd950ddb796f193509529268f22b12ab1de3a6139ee71ffa13d0ecc1a65e,2,21.7 产品价值的可能落点,2826,2838,v1.0-formal-reconstruction,paper-or-monograph
S001800,02_WORKSPACE_SNAPSHOT/Towow_Unified_Paper_v1.0_formal/通爻_主权智能主体共同现实形成_正式论文_v1.0.md,7f92cd950ddb796f193509529268f22b12ab1de3a6139ee71ffa13d0ecc1a65e,1,22　策略行为、权力、外部性与合法性,2839,2934,v1.0-formal-reconstruction,paper-or-monograph
S001801,02_WORKSPACE_SNAPSHOT/Towow_Unified_Paper_v1.0_formal/通爻_主权智能主体共同现实形成_正式论文_v1.0.md,7f92cd950ddb796f193509529268f22b12ab1de3a6139ee71ffa13d0ecc1a65e,2,22.1 本地 Oracle 不一定诚实,2841,2854,v1.0-formal-reconstruction,paper-or-monograph
S001802,02_WORKSPACE_SNAPSHOT/Towow_Unified_Paper_v1.0_formal/通爻_主权智能主体共同现实形成_正式论文_v1.0.md,7f92cd950ddb796f193509529268f22b12ab1de3a6139ee71ffa13d0ecc1a65e,2,22.2 协调器本身的权力,2855,2868,v1.0-formal-reconstruction,paper-or-monograph
S001803,02_WORKSPACE_SNAPSHOT/Towow_Unified_Paper_v1.0_formal/通爻_主权智能主体共同现实形成_正式论文_v1.0.md,7f92cd950ddb796f193509529268f22b12ab1de3a6139ee71ffa13d0ecc1a65e,2,22.3 平台目标与 Principal 目标,2869,2878,v1.0-formal-reconstruction,paper-or-monograph
S001804,02_WORKSPACE_SNAPSHOT/Towow_Unified_Paper_v1.0_formal/通爻_主权智能主体共同现实形成_正式论文_v1.0.md,7f92cd950ddb796f193509529268f22b12ab1de3a6139ee71ffa13d0ecc1a65e,2,22.4 第三方外部性,2879,2891,v1.0-formal-reconstruction,paper-or-monograph
S001805,02_WORKSPACE_SNAPSHOT/Towow_Unified_Paper_v1.0_formal/通爻_主权智能主体共同现实形成_正式论文_v1.0.md,7f92cd950ddb796f193509529268f22b12ab1de3a6139ee71ffa13d0ecc1a65e,2,22.5 代表、理解与操纵,2892,2905,v1.0-formal-reconstruction,paper-or-monograph
S001806,02_WORKSPACE_SNAPSHOT/Towow_Unified_Paper_v1.0_formal/通爻_主权智能主体共同现实形成_正式论文_v1.0.md,7f92cd950ddb796f193509529268f22b12ab1de3a6139ee71ffa13d0ecc1a65e,2,22.6 人类不可替代位置,2906,2919,v1.0-formal-reconstruction,paper-or-monograph
S001807,02_WORKSPACE_SNAPSHOT/Towow_Unified_Paper_v1.0_formal/通爻_主权智能主体共同现实形成_正式论文_v1.0.md,7f92cd950ddb796f193509529268f22b12ab1de3a6139ee71ffa13d0ecc1a65e,2,22.7 安全威胁模型,2920,2934,v1.0-formal-reconstruction,paper-or-monograph
S001808,02_WORKSPACE_SNAPSHOT/Towow_Unified_Paper_v1.0_formal/通爻_主权智能主体共同现实形成_正式论文_v1.0.md,7f92cd950ddb796f193509529268f22b12ab1de3a6139ee71ffa13d0ecc1a65e,1,23　讨论、可证伪边界与下一阶段研究,2935,3042,v1.0-formal-reconstruction,paper-or-monograph
S001809,02_WORKSPACE_SNAPSHOT/Towow_Unified_Paper_v1.0_formal/通爻_主权智能主体共同现实形成_正式论文_v1.0.md,7f92cd950ddb796f193509529268f22b12ab1de3a6139ee71ffa13d0ecc1a65e,2,23.1 这项研究目前真正建立了什么,2937,2950,v1.0-formal-reconstruction,paper-or-monograph
S001810,02_WORKSPACE_SNAPSHOT/Towow_Unified_Paper_v1.0_formal/通爻_主权智能主体共同现实形成_正式论文_v1.0.md,7f92cd950ddb796f193509529268f22b12ab1de3a6139ee71ffa13d0ecc1a65e,2,23.2 最深的开放问题,2951,2963,v1.0-formal-reconstruction,paper-or-monograph
S001811,02_WORKSPACE_SNAPSHOT/Towow_Unified_Paper_v1.0_formal/通爻_主权智能主体共同现实形成_正式论文_v1.0.md,7f92cd950ddb796f193509529268f22b12ab1de3a6139ee71ffa13d0ecc1a65e,2,23.3 可证伪条件,2964,2975,v1.0-formal-reconstruction,paper-or-monograph
S001812,02_WORKSPACE_SNAPSHOT/Towow_Unified_Paper_v1.0_formal/通爻_主权智能主体共同现实形成_正式论文_v1.0.md,7f92cd950ddb796f193509529268f22b12ab1de3a6139ee71ffa13d0ecc1a65e,2,23.4 下一阶段：强基线历史语料,2976,2985,v1.0-formal-reconstruction,paper-or-monograph
S001813,02_WORKSPACE_SNAPSHOT/Towow_Unified_Paper_v1.0_formal/通爻_主权智能主体共同现实形成_正式论文_v1.0.md,7f92cd950ddb796f193509529268f22b12ab1de3a6139ee71ffa13d0ecc1a65e,2,23.5 下一阶段：可执行强基线,2986,2996,v1.0-formal-reconstruction,paper-or-monograph
S001814,02_WORKSPACE_SNAPSHOT/Towow_Unified_Paper_v1.0_formal/通爻_主权智能主体共同现实形成_正式论文_v1.0.md,7f92cd950ddb796f193509529268f22b12ab1de3a6139ee71ffa13d0ecc1a65e,2,23.6 下一阶段：最小真实 OPC 实验,2997,3016,v1.0-formal-reconstruction,paper-or-monograph
S001815,02_WORKSPACE_SNAPSHOT/Towow_Unified_Paper_v1.0_formal/通爻_主权智能主体共同现实形成_正式论文_v1.0.md,7f92cd950ddb796f193509529268f22b12ab1de3a6139ee71ffa13d0ecc1a65e,2,23.7 下一阶段：Fieldkit v0.8,3017,3031,v1.0-formal-reconstruction,paper-or-monograph
S001816,02_WORKSPACE_SNAPSHOT/Towow_Unified_Paper_v1.0_formal/通爻_主权智能主体共同现实形成_正式论文_v1.0.md,7f92cd950ddb796f193509529268f22b12ab1de3a6139ee71ffa13d0ecc1a65e,2,23.8 统一论文的持续演化规则,3032,3042,v1.0-formal-reconstruction,paper-or-monograph
S001817,02_WORKSPACE_SNAPSHOT/Towow_Unified_Paper_v1.0_formal/通爻_主权智能主体共同现实形成_正式论文_v1.0.md,7f92cd950ddb796f193509529268f22b12ab1de3a6139ee71ffa13d0ecc1a65e,1,24　结论,3043,3052,v1.0-formal-reconstruction,paper-or-monograph
S001818,02_WORKSPACE_SNAPSHOT/Towow_Unified_Paper_v1.0_formal/通爻_主权智能主体共同现实形成_正式论文_v1.0.md,7f92cd950ddb796f193509529268f22b12ab1de3a6139ee71ffa13d0ecc1a65e,1,附录 A　概念谱系与当前处置,3053,3096,v1.0-formal-reconstruction,paper-or-monograph
S001819,02_WORKSPACE_SNAPSHOT/Towow_Unified_Paper_v1.0_formal/通爻_主权智能主体共同现实形成_正式论文_v1.0.md,7f92cd950ddb796f193509529268f22b12ab1de3a6139ee71ffa13d0ecc1a65e,1,附录 B　最小对象 Schema,3097,3268,v1.0-formal-reconstruction,paper-or-monograph
S001820,02_WORKSPACE_SNAPSHOT/Towow_Unified_Paper_v1.0_formal/通爻_主权智能主体共同现实形成_正式论文_v1.0.md,7f92cd950ddb796f193509529268f22b12ab1de3a6139ee71ffa13d0ecc1a65e,2,B.1 Entity,3101,3114,v1.0-formal-reconstruction,paper-or-monograph
S001821,02_WORKSPACE_SNAPSHOT/Towow_Unified_Paper_v1.0_formal/通爻_主权智能主体共同现实形成_正式论文_v1.0.md,7f92cd950ddb796f193509529268f22b12ab1de3a6139ee71ffa13d0ecc1a65e,2,B.2 AuthorityLocus,3115,3138,v1.0-formal-reconstruction,paper-or-monograph
S001822,02_WORKSPACE_SNAPSHOT/Towow_Unified_Paper_v1.0_formal/通爻_主权智能主体共同现实形成_正式论文_v1.0.md,7f92cd950ddb796f193509529268f22b12ab1de3a6139ee71ffa13d0ecc1a65e,2,B.3 Mandate,3139,3165,v1.0-formal-reconstruction,paper-or-monograph
S001823,02_WORKSPACE_SNAPSHOT/Towow_Unified_Paper_v1.0_formal/通爻_主权智能主体共同现实形成_正式论文_v1.0.md,7f92cd950ddb796f193509529268f22b12ab1de3a6139ee71ffa13d0ecc1a65e,2,B.4 RelationVersion,3166,3190,v1.0-formal-reconstruction,paper-or-monograph
S001824,02_WORKSPACE_SNAPSHOT/Towow_Unified_Paper_v1.0_formal/通爻_主权智能主体共同现实形成_正式论文_v1.0.md,7f92cd950ddb796f193509529268f22b12ab1de3a6139ee71ffa13d0ecc1a65e,2,B.5 Assertion,3191,3209,v1.0-formal-reconstruction,paper-or-monograph
S001825,02_WORKSPACE_SNAPSHOT/Towow_Unified_Paper_v1.0_formal/通爻_主权智能主体共同现实形成_正式论文_v1.0.md,7f92cd950ddb796f193509529268f22b12ab1de3a6139ee71ffa13d0ecc1a65e,2,B.6 Commitment,3210,3229,v1.0-formal-reconstruction,paper-or-monograph
S001826,02_WORKSPACE_SNAPSHOT/Towow_Unified_Paper_v1.0_formal/通爻_主权智能主体共同现实形成_正式论文_v1.0.md,7f92cd950ddb796f193509529268f22b12ab1de3a6139ee71ffa13d0ecc1a65e,2,B.7 Operation,3230,3250,v1.0-formal-reconstruction,paper-or-monograph
S001827,02_WORKSPACE_SNAPSHOT/Towow_Unified_Paper_v1.0_formal/通爻_主权智能主体共同现实形成_正式论文_v1.0.md,7f92cd950ddb796f193509529268f22b12ab1de3a6139ee71ffa13d0ecc1a65e,2,B.8 EventEnvelope,3251,3268,v1.0-formal-reconstruction,paper-or-monograph
S001828,02_WORKSPACE_SNAPSHOT/Towow_Unified_Paper_v1.0_formal/通爻_主权智能主体共同现实形成_正式论文_v1.0.md,7f92cd950ddb796f193509529268f22b12ab1de3a6139ee71ffa13d0ecc1a65e,1,附录 C　状态机与不变量,3269,3382,v1.0-formal-reconstruction,paper-or-monograph
S001829,02_WORKSPACE_SNAPSHOT/Towow_Unified_Paper_v1.0_formal/通爻_主权智能主体共同现实形成_正式论文_v1.0.md,7f92cd950ddb796f193509529268f22b12ab1de3a6139ee71ffa13d0ecc1a65e,2,C.1 RelationVersion 状态机,3271,3294,v1.0-formal-reconstruction,paper-or-monograph
S001830,02_WORKSPACE_SNAPSHOT/Towow_Unified_Paper_v1.0_formal/通爻_主权智能主体共同现实形成_正式论文_v1.0.md,7f92cd950ddb796f193509529268f22b12ab1de3a6139ee71ffa13d0ecc1a65e,2,C.2 Mandate 状态机,3295,3303,v1.0-formal-reconstruction,paper-or-monograph
S001831,02_WORKSPACE_SNAPSHOT/Towow_Unified_Paper_v1.0_formal/通爻_主权智能主体共同现实形成_正式论文_v1.0.md,7f92cd950ddb796f193509529268f22b12ab1de3a6139ee71ffa13d0ecc1a65e,2,C.3 Commitment 状态机,3304,3316,v1.0-formal-reconstruction,paper-or-monograph
S001832,02_WORKSPACE_SNAPSHOT/Towow_Unified_Paper_v1.0_formal/通爻_主权智能主体共同现实形成_正式论文_v1.0.md,7f92cd950ddb796f193509529268f22b12ab1de3a6139ee71ffa13d0ecc1a65e,2,C.4 Operation/Effect 状态机,3317,3325,v1.0-formal-reconstruction,paper-or-monograph
S001833,02_WORKSPACE_SNAPSHOT/Towow_Unified_Paper_v1.0_formal/通爻_主权智能主体共同现实形成_正式论文_v1.0.md,7f92cd950ddb796f193509529268f22b12ab1de3a6139ee71ffa13d0ecc1a65e,2,C.5 关键不变量,3326,3343,v1.0-formal-reconstruction,paper-or-monograph
S001834,02_WORKSPACE_SNAPSHOT/Towow_Unified_Paper_v1.0_formal/通爻_主权智能主体共同现实形成_正式论文_v1.0.md,7f92cd950ddb796f193509529268f22b12ab1de3a6139ee71ffa13d0ecc1a65e,2,C.6 Materiality 伪代码,3344,3364,v1.0-formal-reconstruction,paper-or-monograph
S001835,02_WORKSPACE_SNAPSHOT/Towow_Unified_Paper_v1.0_formal/通爻_主权智能主体共同现实形成_正式论文_v1.0.md,7f92cd950ddb796f193509529268f22b12ab1de3a6139ee71ffa13d0ecc1a65e,2,C.7 scoped reopen 伪代码,3365,3382,v1.0-formal-reconstruction,paper-or-monograph
S001836,02_WORKSPACE_SNAPSHOT/Towow_Unified_Paper_v1.0_formal/通爻_主权智能主体共同现实形成_正式论文_v1.0.md,7f92cd950ddb796f193509529268f22b12ab1de3a6139ee71ffa13d0ecc1a65e,1,附录 D　实验与证据总账,3383,3411,v1.0-formal-reconstruction,paper-or-monograph
S001837,02_WORKSPACE_SNAPSHOT/Towow_Unified_Paper_v1.0_formal/通爻_主权智能主体共同现实形成_正式论文_v1.0.md,7f92cd950ddb796f193509529268f22b12ab1de3a6139ee71ffa13d0ecc1a65e,1,附录 E　核心主张—证据—竞争解释矩阵,3412,3436,v1.0-formal-reconstruction,paper-or-monograph
S001838,02_WORKSPACE_SNAPSHOT/Towow_Unified_Paper_v1.0_formal/通爻_主权智能主体共同现实形成_正式论文_v1.0.md,7f92cd950ddb796f193509529268f22b12ab1de3a6139ee71ffa13d0ecc1a65e,1,附录 F　术语表,3437,3528,v1.0-formal-reconstruction,paper-or-monograph
S001839,02_WORKSPACE_SNAPSHOT/Towow_Unified_Paper_v1.0_formal/通爻_主权智能主体共同现实形成_正式论文_v1.0.md,7f92cd950ddb796f193509529268f22b12ab1de3a6139ee71ffa13d0ecc1a65e,1,附录 G　v0.7 内容损失与本版回收摘要,3529,3541,v1.0-formal-reconstruction,paper-or-monograph
S001840,02_WORKSPACE_SNAPSHOT/Towow_Unified_Paper_v1.0_formal/通爻_主权智能主体共同现实形成_正式论文_v1.0.md,7f92cd950ddb796f193509529268f22b12ab1de3a6139ee71ffa13d0ecc1a65e,1,参考文献,3542,3666,v1.0-formal-reconstruction,paper-or-monograph
S001841,02_WORKSPACE_SNAPSHOT/Towow_v1.2_Decision_Program/00_RESEARCH_RESET_v1.2.md,1557f1b998822e5ec5af4ffa3980eec0eeb47b739c7c7751ce8134bb2fad6753,1,通爻 v1.2 研究程序重置：以设计判别信息为中心,1,122,v1.2-decision-reset,research-program
S001842,02_WORKSPACE_SNAPSHOT/Towow_v1.2_Decision_Program/00_RESEARCH_RESET_v1.2.md,1557f1b998822e5ec5af4ffa3980eec0eeb47b739c7c7751ce8134bb2fad6753,2,1. 本轮接受的核心诊断,7,16,v1.2-decision-reset,research-program
S001843,02_WORKSPACE_SNAPSHOT/Towow_v1.2_Decision_Program/00_RESEARCH_RESET_v1.2.md,1557f1b998822e5ec5af4ffa3980eec0eeb47b739c7c7751ce8134bb2fad6753,2,2. 文档身份调整,17,26,v1.2-decision-reset,research-program
S001844,02_WORKSPACE_SNAPSHOT/Towow_v1.2_Decision_Program/00_RESEARCH_RESET_v1.2.md,1557f1b998822e5ec5af4ffa3980eec0eeb47b739c7c7751ce8134bb2fad6753,2,3. 已经形成的最重要设计结论,27,34,v1.2-decision-reset,research-program
S001845,02_WORKSPACE_SNAPSHOT/Towow_v1.2_Decision_Program/00_RESEARCH_RESET_v1.2.md,1557f1b998822e5ec5af4ffa3980eec0eeb47b739c7c7751ce8134bb2fad6753,2,4. 立即停止或降级的工作,35,48,v1.2-decision-reset,research-program
S001846,02_WORKSPACE_SNAPSHOT/Towow_v1.2_Decision_Program/00_RESEARCH_RESET_v1.2.md,1557f1b998822e5ec5af4ffa3980eec0eeb47b739c7c7751ce8134bb2fad6753,2,5. 当前六个真正待决问题,49,86,v1.2-decision-reset,research-program
S001847,02_WORKSPACE_SNAPSHOT/Towow_v1.2_Decision_Program/00_RESEARCH_RESET_v1.2.md,1557f1b998822e5ec5af4ffa3980eec0eeb47b739c7c7751ce8134bb2fad6753,3,Q1 强中心 Agent 是否已经足够,51,59,v1.2-decision-reset,research-program
S001848,02_WORKSPACE_SNAPSHOT/Towow_v1.2_Decision_Program/00_RESEARCH_RESET_v1.2.md,1557f1b998822e5ec5af4ffa3980eec0eeb47b739c7c7751ce8134bb2fad6753,3,Q2 真实 OPC 能否维护显式 Mandate,60,65,v1.2-decision-reset,research-program
S001849,02_WORKSPACE_SNAPSHOT/Towow_v1.2_Decision_Program/00_RESEARCH_RESET_v1.2.md,1557f1b998822e5ec5af4ffa3980eec0eeb47b739c7c7751ce8134bb2fad6753,3,Q3 一条真实 causal formation 是否存在,66,71,v1.2-decision-reset,research-program
S001850,02_WORKSPACE_SNAPSHOT/Towow_v1.2_Decision_Program/00_RESEARCH_RESET_v1.2.md,1557f1b998822e5ec5af4ffa3980eec0eeb47b739c7c7751ce8134bb2fad6753,3,Q4 Router 判据能否由真实输入可靠获得,72,76,v1.2-decision-reset,research-program
S001851,02_WORKSPACE_SNAPSHOT/Towow_v1.2_Decision_Program/00_RESEARCH_RESET_v1.2.md,1557f1b998822e5ec5af4ffa3980eec0eeb47b739c7c7751ce8134bb2fad6753,3,Q5 编译复用是否产生现实净值,77,81,v1.2-decision-reset,research-program
S001852,02_WORKSPACE_SNAPSHOT/Towow_v1.2_Decision_Program/00_RESEARCH_RESET_v1.2.md,1557f1b998822e5ec5af4ffa3980eec0eeb47b739c7c7751ce8134bb2fad6753,3,Q6 适用市场的对抗边界,82,86,v1.2-decision-reset,research-program
S001853,02_WORKSPACE_SNAPSHOT/Towow_v1.2_Decision_Program/00_RESEARCH_RESET_v1.2.md,1557f1b998822e5ec5af4ffa3980eec0eeb47b739c7c7751ce8134bb2fad6753,2,6. v1.2 唯一优先级,87,97,v1.2-decision-reset,research-program
S001854,02_WORKSPACE_SNAPSHOT/Towow_v1.2_Decision_Program/00_RESEARCH_RESET_v1.2.md,1557f1b998822e5ec5af4ffa3980eec0eeb47b739c7c7751ce8134bb2fad6753,2,7. 研究账本新字段,98,111,v1.2-decision-reset,research-program
S001855,02_WORKSPACE_SNAPSHOT/Towow_v1.2_Decision_Program/00_RESEARCH_RESET_v1.2.md,1557f1b998822e5ec5af4ffa3980eec0eeb47b739c7c7751ce8134bb2fad6753,2,8. 当前产品顺序的暂定假说,112,122,v1.2-decision-reset,research-program
S001856,02_WORKSPACE_SNAPSHOT/Towow_v1.2_Decision_Program/Q1_Central_Baseline/README.md,a2264aa0381f89239ae8d73400e1ea300c813782c6a1cdc63fe12445b93438b3,1,Q1：强中心 Agent 公平基线重跑包,1,69,v1.2-decision-reset,research-program
S001857,02_WORKSPACE_SNAPSHOT/Towow_v1.2_Decision_Program/Q1_Central_Baseline/README.md,a2264aa0381f89239ae8d73400e1ea300c813782c6a1cdc63fe12445b93438b3,2,目的,3,10,v1.2-decision-reset,research-program
S001858,02_WORKSPACE_SNAPSHOT/Towow_v1.2_Decision_Program/Q1_Central_Baseline/README.md,a2264aa0381f89239ae8d73400e1ea300c813782c6a1cdc63fe12445b93438b3,2,为什么原实验不构成答案,11,16,v1.2-decision-reset,research-program
S001859,02_WORKSPACE_SNAPSHOT/Towow_v1.2_Decision_Program/Q1_Central_Baseline/README.md,a2264aa0381f89239ae8d73400e1ea300c813782c6a1cdc63fe12445b93438b3,2,新协议：transport-safe strong central,17,26,v1.2-decision-reset,research-program
S001860,02_WORKSPACE_SNAPSHOT/Towow_v1.2_Decision_Program/Q1_Central_Baseline/README.md,a2264aa0381f89239ae8d73400e1ea300c813782c6a1cdc63fe12445b93438b3,2,两个测试床,27,50,v1.2-decision-reset,research-program
S001861,02_WORKSPACE_SNAPSHOT/Towow_v1.2_Decision_Program/Q1_Central_Baseline/README.md,a2264aa0381f89239ae8d73400e1ea300c813782c6a1cdc63fe12445b93438b3,3,Testbed A：R5.4 source-identity,29,38,v1.2-decision-reset,research-program
S001862,02_WORKSPACE_SNAPSHOT/Towow_v1.2_Decision_Program/Q1_Central_Baseline/README.md,a2264aa0381f89239ae8d73400e1ea300c813782c6a1cdc63fe12445b93438b3,3,Testbed B：R5C formation,39,50,v1.2-decision-reset,research-program
S001863,02_WORKSPACE_SNAPSHOT/Towow_v1.2_Decision_Program/Q1_Central_Baseline/README.md,a2264aa0381f89239ae8d73400e1ea300c813782c6a1cdc63fe12445b93438b3,2,关键比较,51,59,v1.2-decision-reset,research-program
S001864,02_WORKSPACE_SNAPSHOT/Towow_v1.2_Decision_Program/Q1_Central_Baseline/README.md,a2264aa0381f89239ae8d73400e1ea300c813782c6a1cdc63fe12445b93438b3,2,决策规则,60,66,v1.2-decision-reset,research-program
S001865,02_WORKSPACE_SNAPSHOT/Towow_v1.2_Decision_Program/Q1_Central_Baseline/README.md,a2264aa0381f89239ae8d73400e1ea300c813782c6a1cdc63fe12445b93438b3,2,当前执行阻碍,67,69,v1.2-decision-reset,research-program
S001866,02_WORKSPACE_SNAPSHOT/Towow_v1.2_Decision_Program/Q2_Explainback_Probe/PROTOCOL.md,01158bf31777c099a0d2bdbfdaf51e7b57c02b36f5e8217650e7e9958d920afd,1,Q2：三人 Mandate Explain-back 最小探针,1,70,v1.2-decision-reset,specification-or-protocol
S001867,02_WORKSPACE_SNAPSHOT/Towow_v1.2_Decision_Program/Q2_Explainback_Probe/PROTOCOL.md,01158bf31777c099a0d2bdbfdaf51e7b57c02b36f5e8217650e7e9958d920afd,2,决策目标,3,6,v1.2-decision-reset,specification-or-protocol
S001868,02_WORKSPACE_SNAPSHOT/Towow_v1.2_Decision_Program/Q2_Explainback_Probe/PROTOCOL.md,01158bf31777c099a0d2bdbfdaf51e7b57c02b36f5e8217650e7e9958d920afd,2,样本,7,14,v1.2-decision-reset,specification-or-protocol
S001869,02_WORKSPACE_SNAPSHOT/Towow_v1.2_Decision_Program/Q2_Explainback_Probe/PROTOCOL.md,01158bf31777c099a0d2bdbfdaf51e7b57c02b36f5e8217650e7e9958d920afd,2,两种界面条件,15,21,v1.2-decision-reset,specification-or-protocol
S001870,02_WORKSPACE_SNAPSHOT/Towow_v1.2_Decision_Program/Q2_Explainback_Probe/PROTOCOL.md,01158bf31777c099a0d2bdbfdaf51e7b57c02b36f5e8217650e7e9958d920afd,2,流程（每人 45–60 分钟）,22,33,v1.2-decision-reset,specification-or-protocol
S001871,02_WORKSPACE_SNAPSHOT/Towow_v1.2_Decision_Program/Q2_Explainback_Probe/PROTOCOL.md,01158bf31777c099a0d2bdbfdaf51e7b57c02b36f5e8217650e7e9958d920afd,2,Explain-back 五题,34,45,v1.2-decision-reset,specification-or-protocol
S001872,02_WORKSPACE_SNAPSHOT/Towow_v1.2_Decision_Program/Q2_Explainback_Probe/PROTOCOL.md,01158bf31777c099a0d2bdbfdaf51e7b57c02b36f5e8217650e7e9958d920afd,2,观测指标,46,56,v1.2-decision-reset,specification-or-protocol
S001873,02_WORKSPACE_SNAPSHOT/Towow_v1.2_Decision_Program/Q2_Explainback_Probe/PROTOCOL.md,01158bf31777c099a0d2bdbfdaf51e7b57c02b36f5e8217650e7e9958d920afd,2,设计判决,57,63,v1.2-decision-reset,specification-or-protocol
S001874,02_WORKSPACE_SNAPSHOT/Towow_v1.2_Decision_Program/Q2_Explainback_Probe/PROTOCOL.md,01158bf31777c099a0d2bdbfdaf51e7b57c02b36f5e8217650e7e9958d920afd,2,最小资源,64,70,v1.2-decision-reset,specification-or-protocol
S001875,02_WORKSPACE_SNAPSHOT/Towow_v1.2_Decision_Program/Q3_Single_Case_Formation/PROTOCOL.md,9de30c392d63afa6afca6f035c6ce21838d6d96dcafbd47c7ead862bfc90d25c,1,Q3：单案 Q4 Causal Formation 最小实验,1,87,v1.2-decision-reset,specification-or-protocol
S001876,02_WORKSPACE_SNAPSHOT/Towow_v1.2_Decision_Program/Q3_Single_Case_Formation/PROTOCOL.md,9de30c392d63afa6afca6f035c6ce21838d6d96dcafbd47c7ead862bfc90d25c,2,唯一目标,3,8,v1.2-decision-reset,specification-or-protocol
S001877,02_WORKSPACE_SNAPSHOT/Towow_v1.2_Decision_Program/Q3_Single_Case_Formation/PROTOCOL.md,9de30c392d63afa6afca6f035c6ce21838d6d96dcafbd47c7ead862bfc90d25c,2,案例标准,9,20,v1.2-decision-reset,specification-or-protocol
S001878,02_WORKSPACE_SNAPSHOT/Towow_v1.2_Decision_Program/Q3_Single_Case_Formation/PROTOCOL.md,9de30c392d63afa6afca6f035c6ce21838d6d96dcafbd47c7ead862bfc90d25c,2,Q4 数据要求,21,33,v1.2-decision-reset,specification-or-protocol
S001879,02_WORKSPACE_SNAPSHOT/Towow_v1.2_Decision_Program/Q3_Single_Case_Formation/PROTOCOL.md,9de30c392d63afa6afca6f035c6ce21838d6d96dcafbd47c7ead862bfc90d25c,2,七条 causal formation 判据,34,45,v1.2-decision-reset,specification-or-protocol
S001880,02_WORKSPACE_SNAPSHOT/Towow_v1.2_Decision_Program/Q3_Single_Case_Formation/PROTOCOL.md,9de30c392d63afa6afca6f035c6ce21838d6d96dcafbd47c7ead862bfc90d25c,2,允许的 formation operator,46,58,v1.2-decision-reset,specification-or-protocol
S001881,02_WORKSPACE_SNAPSHOT/Towow_v1.2_Decision_Program/Q3_Single_Case_Formation/PROTOCOL.md,9de30c392d63afa6afca6f035c6ce21838d6d96dcafbd47c7ead862bfc90d25c,2,强基线,59,67,v1.2-decision-reset,specification-or-protocol
S001882,02_WORKSPACE_SNAPSHOT/Towow_v1.2_Decision_Program/Q3_Single_Case_Formation/PROTOCOL.md,9de30c392d63afa6afca6f035c6ce21838d6d96dcafbd47c7ead862bfc90d25c,2,主要结果,68,76,v1.2-decision-reset,specification-or-protocol
S001883,02_WORKSPACE_SNAPSHOT/Towow_v1.2_Decision_Program/Q3_Single_Case_Formation/PROTOCOL.md,9de30c392d63afa6afca6f035c6ce21838d6d96dcafbd47c7ead862bfc90d25c,2,资源估算,77,84,v1.2-decision-reset,specification-or-protocol
S001884,02_WORKSPACE_SNAPSHOT/Towow_v1.2_Decision_Program/Q3_Single_Case_Formation/PROTOCOL.md,9de30c392d63afa6afca6f035c6ce21838d6d96dcafbd47c7ead862bfc90d25c,2,停止规则,85,87,v1.2-decision-reset,specification-or-protocol
S001885,02_WORKSPACE_SNAPSHOT/Towow_v1.2_Decision_Program/Q4_Router_Blind_Eval/PROTOCOL.md,38b7d60daafb2874dd0ad72c46437cac6ce21cd8f475b3a08c255f7118b48099,1,Q4：Router 冷启动盲化评估,1,57,v1.2-decision-reset,specification-or-protocol
S001886,02_WORKSPACE_SNAPSHOT/Towow_v1.2_Decision_Program/Q4_Router_Blind_Eval/PROTOCOL.md,38b7d60daafb2874dd0ad72c46437cac6ce21cd8f475b3a08c255f7118b48099,2,决策目标,3,6,v1.2-decision-reset,specification-or-protocol
S001887,02_WORKSPACE_SNAPSHOT/Towow_v1.2_Decision_Program/Q4_Router_Blind_Eval/PROTOCOL.md,38b7d60daafb2874dd0ad72c46437cac6ce21cd8f475b3a08c255f7118b48099,2,输入,7,15,v1.2-decision-reset,specification-or-protocol
S001888,02_WORKSPACE_SNAPSHOT/Towow_v1.2_Decision_Program/Q4_Router_Blind_Eval/PROTOCOL.md,38b7d60daafb2874dd0ad72c46437cac6ce21cd8f475b3a08c255f7118b48099,2,待填字段,16,29,v1.2-decision-reset,specification-or-protocol
S001889,02_WORKSPACE_SNAPSHOT/Towow_v1.2_Decision_Program/Q4_Router_Blind_Eval/PROTOCOL.md,38b7d60daafb2874dd0ad72c46437cac6ce21cd8f475b3a08c255f7118b48099,2,比较条件,30,38,v1.2-decision-reset,specification-or-protocol
S001890,02_WORKSPACE_SNAPSHOT/Towow_v1.2_Decision_Program/Q4_Router_Blind_Eval/PROTOCOL.md,38b7d60daafb2874dd0ad72c46437cac6ce21cd8f475b3a08c255f7118b48099,2,指标,39,47,v1.2-decision-reset,specification-or-protocol
S001891,02_WORKSPACE_SNAPSHOT/Towow_v1.2_Decision_Program/Q4_Router_Blind_Eval/PROTOCOL.md,38b7d60daafb2874dd0ad72c46437cac6ce21cd8f475b3a08c255f7118b48099,2,产品判决,48,54,v1.2-decision-reset,specification-or-protocol
S001892,02_WORKSPACE_SNAPSHOT/Towow_v1.2_Decision_Program/Q4_Router_Blind_Eval/PROTOCOL.md,38b7d60daafb2874dd0ad72c46437cac6ce21cd8f475b3a08c255f7118b48099,2,当前状态,55,57,v1.2-decision-reset,specification-or-protocol
S001893,02_WORKSPACE_SNAPSHOT/Towow_v1.2_Decision_Program/README.md,0c702f27aa0f182fcd2abfe1edfd023bdb51bd4554cc2fcdfa051f21997c5a0a,1,Towow v1.2 Decision Program,1,20,v1.2-decision-reset,research-program
S001894,02_WORKSPACE_SNAPSHOT/Towow_v1.2_Decision_Program/README.md,0c702f27aa0f182fcd2abfe1edfd023bdb51bd4554cc2fcdfa051f21997c5a0a,2,入口,5,14,v1.2-decision-reset,research-program
S001895,02_WORKSPACE_SNAPSHOT/Towow_v1.2_Decision_Program/README.md,0c702f27aa0f182fcd2abfe1edfd023bdb51bd4554cc2fcdfa051f21997c5a0a,2,已完成与未完成,15,20,v1.2-decision-reset,research-program
S001896,02_WORKSPACE_SNAPSHOT/通爻_A2A_独立初步研究判断_v0.1.md,3d0d161a0df4cef8a6ebc0ee211f881ddb25ebbf554ea7b161cf705f47596490,1,通爻 A2A：独立初步研究判断 v0.1,1,364,v0.1-initial-judgment,text-source
S001897,02_WORKSPACE_SNAPSHOT/通爻_A2A_独立初步研究判断_v0.1.md,3d0d161a0df4cef8a6ebc0ee211f881ddb25ebbf554ea7b161cf705f47596490,2,0. 本轮实际审查范围,6,28,v0.1-initial-judgment,text-source
S001898,02_WORKSPACE_SNAPSHOT/通爻_A2A_独立初步研究判断_v0.1.md,3d0d161a0df4cef8a6ebc0ee211f881ddb25ebbf554ea7b161cf705f47596490,2,1. 我认为这项研究真正研究的是什么,29,52,v0.1-initial-judgment,text-source
S001899,02_WORKSPACE_SNAPSHOT/通爻_A2A_独立初步研究判断_v0.1.md,3d0d161a0df4cef8a6ebc0ee211f881ddb25ebbf554ea7b161cf705f47596490,2,2. 现有成果中最重要的发现,53,107,v0.1-initial-judgment,text-source
S001900,02_WORKSPACE_SNAPSHOT/通爻_A2A_独立初步研究判断_v0.1.md,3d0d161a0df4cef8a6ebc0ee211f881ddb25ebbf554ea7b161cf705f47596490,3,2.1 最深的理论发现：行动空间是内生的,55,66,v0.1-initial-judgment,text-source
S001901,02_WORKSPACE_SNAPSHOT/通爻_A2A_独立初步研究判断_v0.1.md,3d0d161a0df4cef8a6ebc0ee211f881ddb25ebbf554ea7b161cf705f47596490,3,2.2 最重要的系统发现：概率智能与制度权威正交,67,74,v0.1-initial-judgment,text-source
S001902,02_WORKSPACE_SNAPSHOT/通爻_A2A_独立初步研究判断_v0.1.md,3d0d161a0df4cef8a6ebc0ee211f881ddb25ebbf554ea7b161cf705f47596490,3,2.3 最重要的实验发现：语言生成不等于能力形成,75,93,v0.1-initial-judgment,text-source
S001903,02_WORKSPACE_SNAPSHOT/通爻_A2A_独立初步研究判断_v0.1.md,3d0d161a0df4cef8a6ebc0ee211f881ddb25ebbf554ea7b161cf705f47596490,3,2.4 形成与运行可能属于不同控制制度,94,99,v0.1-initial-judgment,text-source
S001904,02_WORKSPACE_SNAPSHOT/通爻_A2A_独立初步研究判断_v0.1.md,3d0d161a0df4cef8a6ebc0ee211f881ddb25ebbf554ea7b161cf705f47596490,3,2.5 现实语义必须按主张拆开,100,107,v0.1-initial-judgment,text-source
S001905,02_WORKSPACE_SNAPSHOT/通爻_A2A_独立初步研究判断_v0.1.md,3d0d161a0df4cef8a6ebc0ee211f881ddb25ebbf554ea7b161cf705f47596490,2,3. 哪些东西可能是原创的，哪些不是,108,124,v0.1-initial-judgment,text-source
S001906,02_WORKSPACE_SNAPSHOT/通爻_A2A_独立初步研究判断_v0.1.md,3d0d161a0df4cef8a6ebc0ee211f881ddb25ebbf554ea7b161cf705f47596490,2,4. 当前最深的未解决问题,125,183,v0.1-initial-judgment,text-source
S001907,02_WORKSPACE_SNAPSHOT/通爻_A2A_独立初步研究判断_v0.1.md,3d0d161a0df4cef8a6ebc0ee211f881ddb25ebbf554ea7b161cf705f47596490,3,4.1 因果新颖性,133,142,v0.1-initial-judgment,text-source
S001908,02_WORKSPACE_SNAPSHOT/通爻_A2A_独立初步研究判断_v0.1.md,3d0d161a0df4cef8a6ebc0ee211f881ddb25ebbf554ea7b161cf705f47596490,3,4.2 结构不可折叠性,143,156,v0.1-initial-judgment,text-source
S001909,02_WORKSPACE_SNAPSHOT/通爻_A2A_独立初步研究判断_v0.1.md,3d0d161a0df4cef8a6ebc0ee211f881ddb25ebbf554ea7b161cf705f47596490,3,4.3 真实认领与合法性,157,162,v0.1-initial-judgment,text-source
S001910,02_WORKSPACE_SNAPSHOT/通爻_A2A_独立初步研究判断_v0.1.md,3d0d161a0df4cef8a6ebc0ee211f881ddb25ebbf554ea7b161cf705f47596490,3,4.4 净价值,163,175,v0.1-initial-judgment,text-source
S001911,02_WORKSPACE_SNAPSHOT/通爻_A2A_独立初步研究判断_v0.1.md,3d0d161a0df4cef8a6ebc0ee211f881ddb25ebbf554ea7b161cf705f47596490,3,4.5 权力、战略行为与第三方,176,183,v0.1-initial-judgment,text-source
S001912,02_WORKSPACE_SNAPSHOT/通爻_A2A_独立初步研究判断_v0.1.md,3d0d161a0df4cef8a6ebc0ee211f881ddb25ebbf554ea7b161cf705f47596490,2,5. 对当前三维统一模型的判断,184,219,v0.1-initial-judgment,text-source
S001913,02_WORKSPACE_SNAPSHOT/通爻_A2A_独立初步研究判断_v0.1.md,3d0d161a0df4cef8a6ebc0ee211f881ddb25ebbf554ea7b161cf705f47596490,3,5.1 它准确的地方,186,199,v0.1-initial-judgment,text-source
S001914,02_WORKSPACE_SNAPSHOT/通爻_A2A_独立初步研究判断_v0.1.md,3d0d161a0df4cef8a6ebc0ee211f881ddb25ebbf554ea7b161cf705f47596490,3,5.2 它可能误导的地方,200,219,v0.1-initial-judgment,text-source
S001915,02_WORKSPACE_SNAPSHOT/通爻_A2A_独立初步研究判断_v0.1.md,3d0d161a0df4cef8a6ebc0ee211f881ddb25ebbf554ea7b161cf705f47596490,2,6. 一个更简洁的候选统一结构,220,245,v0.1-initial-judgment,text-source
S001916,02_WORKSPACE_SNAPSHOT/通爻_A2A_独立初步研究判断_v0.1.md,3d0d161a0df4cef8a6ebc0ee211f881ddb25ebbf554ea7b161cf705f47596490,3,6.1 可能性构成环,224,229,v0.1-initial-judgment,text-source
S001917,02_WORKSPACE_SNAPSHOT/通爻_A2A_独立初步研究判断_v0.1.md,3d0d161a0df4cef8a6ebc0ee211f881ddb25ebbf554ea7b161cf705f47596490,3,6.2 权威认领环,230,235,v0.1-initial-judgment,text-source
S001918,02_WORKSPACE_SNAPSHOT/通爻_A2A_独立初步研究判断_v0.1.md,3d0d161a0df4cef8a6ebc0ee211f881ddb25ebbf554ea7b161cf705f47596490,3,6.3 现实效力环,236,245,v0.1-initial-judgment,text-source
S001919,02_WORKSPACE_SNAPSHOT/通爻_A2A_独立初步研究判断_v0.1.md,3d0d161a0df4cef8a6ebc0ee211f881ddb25ebbf554ea7b161cf705f47596490,2,7. 对“主体”的重新定义,246,261,v0.1-initial-judgment,text-source
S001920,02_WORKSPACE_SNAPSHOT/通爻_A2A_独立初步研究判断_v0.1.md,3d0d161a0df4cef8a6ebc0ee211f881ddb25ebbf554ea7b161cf705f47596490,2,8. 下一步研究路径,262,332,v0.1-initial-judgment,text-source
S001921,02_WORKSPACE_SNAPSHOT/通爻_A2A_独立初步研究判断_v0.1.md,3d0d161a0df4cef8a6ebc0ee211f881ddb25ebbf554ea7b161cf705f47596490,3,8.1 理论重建,264,278,v0.1-initial-judgment,text-source
S001922,02_WORKSPACE_SNAPSHOT/通爻_A2A_独立初步研究判断_v0.1.md,3d0d161a0df4cef8a6ebc0ee211f881ddb25ebbf554ea7b161cf705f47596490,3,8.2 实验重分类,279,292,v0.1-initial-judgment,text-source
S001923,02_WORKSPACE_SNAPSHOT/通爻_A2A_独立初步研究判断_v0.1.md,3d0d161a0df4cef8a6ebc0ee211f881ddb25ebbf554ea7b161cf705f47596490,3,8.3 最小研究仪器,293,306,v0.1-initial-judgment,text-source
S001924,02_WORKSPACE_SNAPSHOT/通爻_A2A_独立初步研究判断_v0.1.md,3d0d161a0df4cef8a6ebc0ee211f881ddb25ebbf554ea7b161cf705f47596490,3,8.4 首个真实 Principal 实验,307,319,v0.1-initial-judgment,text-source
S001925,02_WORKSPACE_SNAPSHOT/通爻_A2A_独立初步研究判断_v0.1.md,3d0d161a0df4cef8a6ebc0ee211f881ddb25ebbf554ea7b161cf705f47596490,3,8.5 核心评价量,320,332,v0.1-initial-judgment,text-source
S001926,02_WORKSPACE_SNAPSHOT/通爻_A2A_独立初步研究判断_v0.1.md,3d0d161a0df4cef8a6ebc0ee211f881ddb25ebbf554ea7b161cf705f47596490,2,9. 当前结论,333,348,v0.1-initial-judgment,text-source
S001927,02_WORKSPACE_SNAPSHOT/通爻_A2A_独立初步研究判断_v0.1.md,3d0d161a0df4cef8a6ebc0ee211f881ddb25ebbf554ea7b161cf705f47596490,2,10. 本轮核心内部证据入口,349,364,v0.1-initial-judgment,text-source
S001928,02_WORKSPACE_SNAPSHOT/通爻_主权代理操作系统_统一论文_v0.7.md,8780f12ed446fa05d9a80706f9e7a6371cde983e278f13e6d963cb8d64209745,1,摘要,9,20,v0.7-opc-focus,paper-or-monograph
S001929,02_WORKSPACE_SNAPSHOT/通爻_主权代理操作系统_统一论文_v0.7.md,8780f12ed446fa05d9a80706f9e7a6371cde983e278f13e6d963cb8d64209745,1,Abstract,21,26,v0.7-opc-focus,paper-or-monograph
S001930,02_WORKSPACE_SNAPSHOT/通爻_主权代理操作系统_统一论文_v0.7.md,8780f12ed446fa05d9a80706f9e7a6371cde983e278f13e6d963cb8d64209745,1,1. 问题、范围与研究使命,27,54,v0.7-opc-focus,paper-or-monograph
S001931,02_WORKSPACE_SNAPSHOT/通爻_主权代理操作系统_统一论文_v0.7.md,8780f12ed446fa05d9a80706f9e7a6371cde983e278f13e6d963cb8d64209745,2,1.1 为什么狭义 A2A 不足以定义问题,29,36,v0.7-opc-focus,paper-or-monograph
S001932,02_WORKSPACE_SNAPSHOT/通爻_主权代理操作系统_统一论文_v0.7.md,8780f12ed446fa05d9a80706f9e7a6371cde983e278f13e6d963cb8d64209745,2,1.2 为什么聚焦超级个体与 OPC,37,44,v0.7-opc-focus,paper-or-monograph
S001933,02_WORKSPACE_SNAPSHOT/通爻_主权代理操作系统_统一论文_v0.7.md,8780f12ed446fa05d9a80706f9e7a6371cde983e278f13e6d963cb8d64209745,2,1.3 研究问题,45,54,v0.7-opc-focus,paper-or-monograph
S001934,02_WORKSPACE_SNAPSHOT/通爻_主权代理操作系统_统一论文_v0.7.md,8780f12ed446fa05d9a80706f9e7a6371cde983e278f13e6d963cb8d64209745,1,2. 贡献与非贡献,55,78,v0.7-opc-focus,paper-or-monograph
S001935,02_WORKSPACE_SNAPSHOT/通爻_主权代理操作系统_统一论文_v0.7.md,8780f12ed446fa05d9a80706f9e7a6371cde983e278f13e6d963cb8d64209745,2,2.1 主要贡献,57,72,v0.7-opc-focus,paper-or-monograph
S001936,02_WORKSPACE_SNAPSHOT/通爻_主权代理操作系统_统一论文_v0.7.md,8780f12ed446fa05d9a80706f9e7a6371cde983e278f13e6d963cb8d64209745,2,2.2 不主张的原创性,73,78,v0.7-opc-focus,paper-or-monograph
S001937,02_WORKSPACE_SNAPSHOT/通爻_主权代理操作系统_统一论文_v0.7.md,8780f12ed446fa05d9a80706f9e7a6371cde983e278f13e6d963cb8d64209745,1,3. 理论单位：Agent Entity、Principal 与 OPC,79,126,v0.7-opc-focus,paper-or-monograph
S001938,02_WORKSPACE_SNAPSHOT/通爻_主权代理操作系统_统一论文_v0.7.md,8780f12ed446fa05d9a80706f9e7a6371cde983e278f13e6d963cb8d64209745,2,3.1 Agent Entity,81,93,v0.7-opc-focus,paper-or-monograph
S001939,02_WORKSPACE_SNAPSHOT/通爻_主权代理操作系统_统一论文_v0.7.md,8780f12ed446fa05d9a80706f9e7a6371cde983e278f13e6d963cb8d64209745,2,3.2 Principal 与 Authority Locus,94,99,v0.7-opc-focus,paper-or-monograph
S001940,02_WORKSPACE_SNAPSHOT/通爻_主权代理操作系统_统一论文_v0.7.md,8780f12ed446fa05d9a80706f9e7a6371cde983e278f13e6d963cb8d64209745,2,3.3 四个正交轴,100,112,v0.7-opc-focus,paper-or-monograph
S001941,02_WORKSPACE_SNAPSHOT/通爻_主权代理操作系统_统一论文_v0.7.md,8780f12ed446fa05d9a80706f9e7a6371cde983e278f13e6d963cb8d64209745,2,3.4 OPC Operating Envelope,113,126,v0.7-opc-focus,paper-or-monograph
S001942,02_WORKSPACE_SNAPSHOT/通爻_主权代理操作系统_统一论文_v0.7.md,8780f12ed446fa05d9a80706f9e7a6371cde983e278f13e6d963cb8d64209745,1,4. 核心对象：合格联合行动空间,127,169,v0.7-opc-focus,paper-or-monograph
S001943,02_WORKSPACE_SNAPSHOT/通爻_主权代理操作系统_统一论文_v0.7.md,8780f12ed446fa05d9a80706f9e7a6371cde983e278f13e6d963cb8d64209745,2,4.1 定义,129,145,v0.7-opc-focus,paper-or-monograph
S001944,02_WORKSPACE_SNAPSHOT/通爻_主权代理操作系统_统一论文_v0.7.md,8780f12ed446fa05d9a80706f9e7a6371cde983e278f13e6d963cb8d64209745,2,4.2 四类空间修订,146,155,v0.7-opc-focus,paper-or-monograph
S001945,02_WORKSPACE_SNAPSHOT/通爻_主权代理操作系统_统一论文_v0.7.md,8780f12ed446fa05d9a80706f9e7a6371cde983e278f13e6d963cb8d64209745,2,4.3 真实处置目标,156,169,v0.7-opc-focus,paper-or-monograph
S001946,02_WORKSPACE_SNAPSHOT/通爻_主权代理操作系统_统一论文_v0.7.md,8780f12ed446fa05d9a80706f9e7a6371cde983e278f13e6d963cb8d64209745,1,5. Relation Schema、制度框架与版本,170,205,v0.7-opc-focus,paper-or-monograph
S001947,02_WORKSPACE_SNAPSHOT/通爻_主权代理操作系统_统一论文_v0.7.md,8780f12ed446fa05d9a80706f9e7a6371cde983e278f13e6d963cb8d64209745,2,5.1 有限关系语法,172,181,v0.7-opc-focus,paper-or-monograph
S001948,02_WORKSPACE_SNAPSHOT/通爻_主权代理操作系统_统一论文_v0.7.md,8780f12ed446fa05d9a80706f9e7a6371cde983e278f13e6d963cb8d64209745,2,5.2 双分辨率,182,185,v0.7-opc-focus,paper-or-monograph
S001949,02_WORKSPACE_SNAPSHOT/通爻_主权代理操作系统_统一论文_v0.7.md,8780f12ed446fa05d9a80706f9e7a6371cde983e278f13e6d963cb8d64209745,2,5.3 参数变化与 material change,186,189,v0.7-opc-focus,paper-or-monograph
S001950,02_WORKSPACE_SNAPSHOT/通爻_主权代理操作系统_统一论文_v0.7.md,8780f12ed446fa05d9a80706f9e7a6371cde983e278f13e6d963cb8d64209745,2,5.4 稳定与编译,190,205,v0.7-opc-focus,paper-or-monograph
S001951,02_WORKSPACE_SNAPSHOT/通爻_主权代理操作系统_统一论文_v0.7.md,8780f12ed446fa05d9a80706f9e7a6371cde983e278f13e6d963cb8d64209745,1,6. 全流程操作模型,206,257,v0.7-opc-focus,paper-or-monograph
S001952,02_WORKSPACE_SNAPSHOT/通爻_主权代理操作系统_统一论文_v0.7.md,8780f12ed446fa05d9a80706f9e7a6371cde983e278f13e6d963cb8d64209745,2,6.1 阶段 0：身份与权威根,210,213,v0.7-opc-focus,paper-or-monograph
S001953,02_WORKSPACE_SNAPSHOT/通爻_主权代理操作系统_统一论文_v0.7.md,8780f12ed446fa05d9a80706f9e7a6371cde983e278f13e6d963cb8d64209745,2,6.2 阶段 1：Mandate 与策略,214,217,v0.7-opc-focus,paper-or-monograph
S001954,02_WORKSPACE_SNAPSHOT/通爻_主权代理操作系统_统一论文_v0.7.md,8780f12ed446fa05d9a80706f9e7a6371cde983e278f13e6d963cb8d64209745,2,6.3 阶段 2：本地世界编译,218,221,v0.7-opc-focus,paper-or-monograph
S001955,02_WORKSPACE_SNAPSHOT/通爻_主权代理操作系统_统一论文_v0.7.md,8780f12ed446fa05d9a80706f9e7a6371cde983e278f13e6d963cb8d64209745,2,6.4 阶段 3：机会发现与问题构成,222,225,v0.7-opc-focus,paper-or-monograph
S001956,02_WORKSPACE_SNAPSHOT/通爻_主权代理操作系统_统一论文_v0.7.md,8780f12ed446fa05d9a80706f9e7a6371cde983e278f13e6d963cb8d64209745,2,6.5 阶段 4：机制选择,226,229,v0.7-opc-focus,paper-or-monograph
S001957,02_WORKSPACE_SNAPSHOT/通爻_主权代理操作系统_统一论文_v0.7.md,8780f12ed446fa05d9a80706f9e7a6371cde983e278f13e6d963cb8d64209745,2,6.6 阶段 5：关系形成与 probe,230,233,v0.7-opc-focus,paper-or-monograph
S001958,02_WORKSPACE_SNAPSHOT/通爻_主权代理操作系统_统一论文_v0.7.md,8780f12ed446fa05d9a80706f9e7a6371cde983e278f13e6d963cb8d64209745,2,6.7 阶段 6：能力与资源组装,234,237,v0.7-opc-focus,paper-or-monograph
S001959,02_WORKSPACE_SNAPSHOT/通爻_主权代理操作系统_统一论文_v0.7.md,8780f12ed446fa05d9a80706f9e7a6371cde983e278f13e6d963cb8d64209745,2,6.8 阶段 7：认领与承诺,238,241,v0.7-opc-focus,paper-or-monograph
S001960,02_WORKSPACE_SNAPSHOT/通爻_主权代理操作系统_统一论文_v0.7.md,8780f12ed446fa05d9a80706f9e7a6371cde983e278f13e6d963cb8d64209745,2,6.9 阶段 8：Operation 与 Effect,242,245,v0.7-opc-focus,paper-or-monograph
S001961,02_WORKSPACE_SNAPSHOT/通爻_主权代理操作系统_统一论文_v0.7.md,8780f12ed446fa05d9a80706f9e7a6371cde983e278f13e6d963cb8d64209745,2,6.10 阶段 9：Adoption、Acceptance 与 Settlement,246,249,v0.7-opc-focus,paper-or-monograph
S001962,02_WORKSPACE_SNAPSHOT/通爻_主权代理操作系统_统一论文_v0.7.md,8780f12ed446fa05d9a80706f9e7a6371cde983e278f13e6d963cb8d64209745,2,6.11 阶段 10：数据派生与学习,250,253,v0.7-opc-focus,paper-or-monograph
S001963,02_WORKSPACE_SNAPSHOT/通爻_主权代理操作系统_统一论文_v0.7.md,8780f12ed446fa05d9a80706f9e7a6371cde983e278f13e6d963cb8d64209745,2,6.12 阶段 11：Defeater、退出与重开,254,257,v0.7-opc-focus,paper-or-monograph
S001964,02_WORKSPACE_SNAPSHOT/通爻_主权代理操作系统_统一论文_v0.7.md,8780f12ed446fa05d9a80706f9e7a6371cde983e278f13e6d963cb8d64209745,1,7. 协调机制组合器,258,290,v0.7-opc-focus,paper-or-monograph
S001965,02_WORKSPACE_SNAPSHOT/通爻_主权代理操作系统_统一论文_v0.7.md,8780f12ed446fa05d9a80706f9e7a6371cde983e278f13e6d963cb8d64209745,2,7.1 八类机制,260,272,v0.7-opc-focus,paper-or-monograph
S001966,02_WORKSPACE_SNAPSHOT/通爻_主权代理操作系统_统一论文_v0.7.md,8780f12ed446fa05d9a80706f9e7a6371cde983e278f13e6d963cb8d64209745,2,7.2 机制序列而非单选,273,278,v0.7-opc-focus,paper-or-monograph
S001967,02_WORKSPACE_SNAPSHOT/通爻_主权代理操作系统_统一论文_v0.7.md,8780f12ed446fa05d9a80706f9e7a6371cde983e278f13e6d963cb8d64209745,2,7.3 路由目标与约束,279,290,v0.7-opc-focus,paper-or-monograph
S001968,02_WORKSPACE_SNAPSHOT/通爻_主权代理操作系统_统一论文_v0.7.md,8780f12ed446fa05d9a80706f9e7a6371cde983e278f13e6d963cb8d64209745,1,8. 系统架构与最小内核,291,325,v0.7-opc-focus,paper-or-monograph
S001969,02_WORKSPACE_SNAPSHOT/通爻_主权代理操作系统_统一论文_v0.7.md,8780f12ed446fa05d9a80706f9e7a6371cde983e278f13e6d963cb8d64209745,2,8.1 四个平面,295,304,v0.7-opc-focus,paper-or-monograph
S001970,02_WORKSPACE_SNAPSHOT/通爻_主权代理操作系统_统一论文_v0.7.md,8780f12ed446fa05d9a80706f9e7a6371cde983e278f13e6d963cb8d64209745,2,8.2 十二组件,305,308,v0.7-opc-focus,paper-or-monograph
S001971,02_WORKSPACE_SNAPSHOT/通爻_主权代理操作系统_统一论文_v0.7.md,8780f12ed446fa05d9a80706f9e7a6371cde983e278f13e6d963cb8d64209745,2,8.3 六类 canonical roots,309,321,v0.7-opc-focus,paper-or-monograph
S001972,02_WORKSPACE_SNAPSHOT/通爻_主权代理操作系统_统一论文_v0.7.md,8780f12ed446fa05d9a80706f9e7a6371cde983e278f13e6d963cb8d64209745,2,8.4 与 A2A、MCP 和授权标准的关系,322,325,v0.7-opc-focus,paper-or-monograph
S001973,02_WORKSPACE_SNAPSHOT/通爻_主权代理操作系统_统一论文_v0.7.md,8780f12ed446fa05d9a80706f9e7a6371cde983e278f13e6d963cb8d64209745,1,9. 研究设计与证据,326,357,v0.7-opc-focus,paper-or-monograph
S001974,02_WORKSPACE_SNAPSHOT/通爻_主权代理操作系统_统一论文_v0.7.md,8780f12ed446fa05d9a80706f9e7a6371cde983e278f13e6d963cb8d64209745,2,9.1 证据层次,328,339,v0.7-opc-focus,paper-or-monograph
S001975,02_WORKSPACE_SNAPSHOT/通爻_主权代理操作系统_统一论文_v0.7.md,8780f12ed446fa05d9a80706f9e7a6371cde983e278f13e6d963cb8d64209745,2,9.2 QDR 数据,340,345,v0.7-opc-focus,paper-or-monograph
S001976,02_WORKSPACE_SNAPSHOT/通爻_主权代理操作系统_统一论文_v0.7.md,8780f12ed446fa05d9a80706f9e7a6371cde983e278f13e6d963cb8d64209745,2,9.3 公开历史截点与 Replay,346,349,v0.7-opc-focus,paper-or-monograph
S001977,02_WORKSPACE_SNAPSHOT/通爻_主权代理操作系统_统一论文_v0.7.md,8780f12ed446fa05d9a80706f9e7a6371cde983e278f13e6d963cb8d64209745,2,9.4 OPC 构造 fixtures,350,353,v0.7-opc-focus,paper-or-monograph
S001978,02_WORKSPACE_SNAPSHOT/通爻_主权代理操作系统_统一论文_v0.7.md,8780f12ed446fa05d9a80706f9e7a6371cde983e278f13e6d963cb8d64209745,2,9.5 Fieldkit,354,357,v0.7-opc-focus,paper-or-monograph
S001979,02_WORKSPACE_SNAPSHOT/通爻_主权代理操作系统_统一论文_v0.7.md,8780f12ed446fa05d9a80706f9e7a6371cde983e278f13e6d963cb8d64209745,1,10. 结果,358,395,v0.7-opc-focus,paper-or-monograph
S001980,02_WORKSPACE_SNAPSHOT/通爻_主权代理操作系统_统一论文_v0.7.md,8780f12ed446fa05d9a80706f9e7a6371cde983e278f13e6d963cb8d64209745,2,10.1 QDR：机制具有配置性,360,365,v0.7-opc-focus,paper-or-monograph
S001981,02_WORKSPACE_SNAPSHOT/通爻_主权代理操作系统_统一论文_v0.7.md,8780f12ed446fa05d9a80706f9e7a6371cde983e278f13e6d963cb8d64209745,2,10.2 QDR：自动筛查的边界,366,369,v0.7-opc-focus,paper-or-monograph
S001982,02_WORKSPACE_SNAPSHOT/通爻_主权代理操作系统_统一论文_v0.7.md,8780f12ed446fa05d9a80706f9e7a6371cde983e278f13e6d963cb8d64209745,2,10.3 盲化截点：高召回而非确定预测,370,377,v0.7-opc-focus,paper-or-monograph
S001983,02_WORKSPACE_SNAPSHOT/通爻_主权代理操作系统_统一论文_v0.7.md,8780f12ed446fa05d9a80706f9e7a6371cde983e278f13e6d963cb8d64209745,2,10.4 Replay：版本图保留信息，但不是价值证明,378,381,v0.7-opc-focus,paper-or-monograph
S001984,02_WORKSPACE_SNAPSHOT/通爻_主权代理操作系统_统一论文_v0.7.md,8780f12ed446fa05d9a80706f9e7a6371cde983e278f13e6d963cb8d64209745,2,10.5 OPC fixtures：五次失败推动系统变得可用,382,395,v0.7-opc-focus,paper-or-monograph
S001985,02_WORKSPACE_SNAPSHOT/通爻_主权代理操作系统_统一论文_v0.7.md,8780f12ed446fa05d9a80706f9e7a6371cde983e278f13e6d963cb8d64209745,1,11. 从结果到系统设计,396,420,v0.7-opc-focus,paper-or-monograph
S001986,02_WORKSPACE_SNAPSHOT/通爻_主权代理操作系统_统一论文_v0.7.md,8780f12ed446fa05d9a80706f9e7a6371cde983e278f13e6d963cb8d64209745,2,11.1 Agent 是微型制度的操作膜,398,401,v0.7-opc-focus,paper-or-monograph
S001987,02_WORKSPACE_SNAPSHOT/通爻_主权代理操作系统_统一论文_v0.7.md,8780f12ed446fa05d9a80706f9e7a6371cde983e278f13e6d963cb8d64209745,2,11.2 机会价值怎样被建设性获取,402,416,v0.7-opc-focus,paper-or-monograph
S001988,02_WORKSPACE_SNAPSHOT/通爻_主权代理操作系统_统一论文_v0.7.md,8780f12ed446fa05d9a80706f9e7a6371cde983e278f13e6d963cb8d64209745,2,11.3 自动涌现的准确含义,417,420,v0.7-opc-focus,paper-or-monograph
S001989,02_WORKSPACE_SNAPSHOT/通爻_主权代理操作系统_统一论文_v0.7.md,8780f12ed446fa05d9a80706f9e7a6371cde983e278f13e6d963cb8d64209745,1,12. 形式命题与可反驳条件,421,446,v0.7-opc-focus,paper-or-monograph
S001990,02_WORKSPACE_SNAPSHOT/通爻_主权代理操作系统_统一论文_v0.7.md,8780f12ed446fa05d9a80706f9e7a6371cde983e278f13e6d963cb8d64209745,2,命题 1：能力—权威正交,423,426,v0.7-opc-focus,paper-or-monograph
S001991,02_WORKSPACE_SNAPSHOT/通爻_主权代理操作系统_统一论文_v0.7.md,8780f12ed446fa05d9a80706f9e7a6371cde983e278f13e6d963cb8d64209745,2,命题 2：配置性路由优于固定机制的适用范围,427,430,v0.7-opc-focus,paper-or-monograph
S001992,02_WORKSPACE_SNAPSHOT/通爻_主权代理操作系统_统一论文_v0.7.md,8780f12ed446fa05d9a80706f9e7a6371cde983e278f13e6d963cb8d64209745,2,命题 3：事件版本图的表示价值,431,434,v0.7-opc-focus,paper-or-monograph
S001993,02_WORKSPACE_SNAPSHOT/通爻_主权代理操作系统_统一论文_v0.7.md,8780f12ed446fa05d9a80706f9e7a6371cde983e278f13e6d963cb8d64209745,2,命题 4：局部编译降低重复成本,435,438,v0.7-opc-focus,paper-or-monograph
S001994,02_WORKSPACE_SNAPSHOT/通爻_主权代理操作系统_统一论文_v0.7.md,8780f12ed446fa05d9a80706f9e7a6371cde983e278f13e6d963cb8d64209745,2,命题 5：OPC 角色复数要求 scoped Mandate,439,442,v0.7-opc-focus,paper-or-monograph
S001995,02_WORKSPACE_SNAPSHOT/通爻_主权代理操作系统_统一论文_v0.7.md,8780f12ed446fa05d9a80706f9e7a6371cde983e278f13e6d963cb8d64209745,2,命题 6：真实价值必须超过优秀中介,443,446,v0.7-opc-focus,paper-or-monograph
S001996,02_WORKSPACE_SNAPSHOT/通爻_主权代理操作系统_统一论文_v0.7.md,8780f12ed446fa05d9a80706f9e7a6371cde983e278f13e6d963cb8d64209745,1,13. 局限与证据纪律,447,462,v0.7-opc-focus,paper-or-monograph
S001997,02_WORKSPACE_SNAPSHOT/通爻_主权代理操作系统_统一论文_v0.7.md,8780f12ed446fa05d9a80706f9e7a6371cde983e278f13e6d963cb8d64209745,1,14. 下一阶段建设性研究,463,484,v0.7-opc-focus,paper-or-monograph
S001998,02_WORKSPACE_SNAPSHOT/通爻_主权代理操作系统_统一论文_v0.7.md,8780f12ed446fa05d9a80706f9e7a6371cde983e278f13e6d963cb8d64209745,2,14.1 不等待现实资源即可继续的工作,465,468,v0.7-opc-focus,paper-or-monograph
S001999,02_WORKSPACE_SNAPSHOT/通爻_主权代理操作系统_统一论文_v0.7.md,8780f12ed446fa05d9a80706f9e7a6371cde983e278f13e6d963cb8d64209745,2,14.2 首个真实原则性实验,469,472,v0.7-opc-focus,paper-or-monograph
S002000,02_WORKSPACE_SNAPSHOT/通爻_主权代理操作系统_统一论文_v0.7.md,8780f12ed446fa05d9a80706f9e7a6371cde983e278f13e6d963cb8d64209745,2,14.3 评价指标,473,484,v0.7-opc-focus,paper-or-monograph
S002001,02_WORKSPACE_SNAPSHOT/通爻_主权代理操作系统_统一论文_v0.7.md,8780f12ed446fa05d9a80706f9e7a6371cde983e278f13e6d963cb8d64209745,1,15. 结论,485,492,v0.7-opc-focus,paper-or-monograph
S002002,02_WORKSPACE_SNAPSHOT/通爻_主权代理操作系统_统一论文_v0.7.md,8780f12ed446fa05d9a80706f9e7a6371cde983e278f13e6d963cb8d64209745,1,参考文献,493,544,v0.7-opc-focus,paper-or-monograph
S002003,02_WORKSPACE_SNAPSHOT/通爻_主权代理操作系统_统一论文_v0.7.md,8780f12ed446fa05d9a80706f9e7a6371cde983e278f13e6d963cb8d64209745,1,附录 A：最小对象与事件,545,561,v0.7-opc-focus,paper-or-monograph
S002004,02_WORKSPACE_SNAPSHOT/通爻_主权代理操作系统_统一论文_v0.7.md,8780f12ed446fa05d9a80706f9e7a6371cde983e278f13e6d963cb8d64209745,2,A.1 Canonical roots,547,557,v0.7-opc-focus,paper-or-monograph
S002005,02_WORKSPACE_SNAPSHOT/通爻_主权代理操作系统_统一论文_v0.7.md,8780f12ed446fa05d9a80706f9e7a6371cde983e278f13e6d963cb8d64209745,2,A.2 关键事件,558,561,v0.7-opc-focus,paper-or-monograph
S002006,02_WORKSPACE_SNAPSHOT/通爻_主权代理操作系统_统一论文_v0.7.md,8780f12ed446fa05d9a80706f9e7a6371cde983e278f13e6d963cb8d64209745,1,附录 B：协调机制选择伪代码,562,588,v0.7-opc-focus,paper-or-monograph
S002007,02_WORKSPACE_SNAPSHOT/通爻_主权代理操作系统_统一论文_v0.7.md,8780f12ed446fa05d9a80706f9e7a6371cde983e278f13e6d963cb8d64209745,1,附录 C：证据可承担主张表,589,599,v0.7-opc-focus,paper-or-monograph
